frame,t_s,full_ms,cpu_ms,heap_pages,heap_capacity_mb,heap_used_mb,heap_cap_pages,px,py,pz,yaw,pitch
0,0.0440,255952496.0000,43.1588,131072,276.82,0.00,1955198,-191.000,-118.000,-42.500,0.7850,1.4200
1,0.0539,52.2085,1.1366,131072,276.82,0.00,1955198,-191.000,-118.000,-42.500,0.7850,1.4200
2,0.0560,2.1500,1.0745,131072,276.82,0.00,1955198,-191.000,-118.000,-42.500,0.7850,1.4200
3,0.0710,1.2437,1.2788,131072,276.82,0.00,1955198,-191.000,-118.000,-42.500,0.7850,1.4200
4,0.0880,15.0191,1.4416,131072,276.82,0.00,1955198,-191.000,-118.000,-42.500,0.7850,1.4200
5,0.1049,17.0157,1.7134,131072,276.82,0.00,1955198,-191.000,-118.000,-42.500,0.7850,1.4200
6,0.1206,16.9139,1.5258,131072,276.82,0.00,1955198,-191.000,-118.000,-42.500,0.7850,1.4200
7,0.1353,15.6968,1.0845,131072,276.82,0.00,1955198,-191.000,-118.000,-42.500,0.7850,1.4200
8,0.1582,14.6233,1.5495,131072,276.82,0.03,1955198,-191.000,-118.000,-42.500,0.7850,1.4200
9,0.1774,22.9858,2.9296,393216,830.47,0.03,1955198,-191.000,-118.000,-42.500,0.7850,1.4200
10,0.1925,19.1588,1.1909,393216,830.47,2.90,1955198,-191.000,-118.000,-42.500,0.7850,1.4200
11,0.2206,15.0957,1.1902,393216,830.47,3.60,1955198,-191.000,-118.000,-42.500,0.7850,1.4200
12,0.2378,30.2160,1.4589,393216,830.47,3.60,1955198,-191.000,-118.000,-42.500,0.7850,1.4200
13,0.2542,15.0695,1.1224,393216,830.47,4.13,1955198,-191.000,-118.000,-42.500,0.7850,1.4200
14,0.2737,16.4791,1.2813,393216,830.47,4.13,1955198,-191.000,-118.000,-42.500,0.7850,1.4200
15,0.2906,19.4240,1.0284,393216,830.47,4.13,1955198,-191.000,-118.000,-42.500,0.7850,1.4200
16,0.3094,16.8930,1.1931,393216,830.47,4.80,1955198,-191.000,-118.000,-42.500,0.7850,1.4200
17,0.3263,18.8640,1.0694,393216,830.47,4.80,1955198,-191.000,-118.000,-42.500,0.7850,1.4200
18,0.3465,16.8161,1.2893,393216,830.47,5.47,1955198,-191.000,-118.000,-42.500,0.7850,1.4200
19,0.3632,20.2051,1.0870,393216,830.47,5.47,1955198,-191.000,-118.000,-42.500,0.7850,1.4200
20,0.3806,16.7457,1.1318,393216,830.47,6.66,1955198,-191.000,-118.000,-42.500,0.7850,1.4200
21,0.3992,17.3950,1.2978,393216,830.47,6.66,1955198,-191.000,-118.000,-42.500,0.7850,1.4200
22,0.4184,18.6314,1.2512,393216,830.47,6.66,1955198,-191.000,-118.000,-42.500,0.7850,1.4200
23,0.4358,19.2032,1.0587,393216,830.47,7.12,1955198,-191.000,-118.000,-42.500,0.7850,1.4200
24,0.4531,17.3277,1.0755,393216,830.47,7.70,1955198,-191.000,-118.000,-42.500,0.7850,1.4200
25,0.4714,17.2992,1.2895,393216,830.47,7.70,1955198,-191.000,-118.000,-42.500,0.7850,1.4200
26,0.4891,18.2917,1.1261,393216,830.47,7.70,1955198,-191.000,-118.000,-42.500,0.7850,1.4200
27,0.5112,17.7339,1.6714,393216,830.47,7.70,1955198,-191.000,-118.000,-42.500,0.7850,1.4200
28,0.5310,22.0566,1.4206,393216,830.47,7.70,1955198,-191.000,-118.000,-42.500,0.7850,1.4200
29,0.5493,19.8297,1.2456,393216,830.47,9.37,1955198,-191.000,-118.000,-42.500,0.7850,1.4200
30,0.5699,18.2996,1.1101,393216,830.47,9.81,1955198,-191.000,-118.000,-42.500,0.7850,1.4200
31,0.5882,20.5829,1.1597,393216,830.47,9.81,1955198,-191.000,-118.000,-42.500,0.7850,1.4200
32,0.6071,18.3199,1.3307,393216,830.47,10.16,1955198,-191.000,-118.000,-42.500,0.7850,1.4200
33,0.6253,18.9489,1.1291,393216,830.47,10.16,1955198,-191.000,-118.000,-42.500,0.7850,1.4200
34,0.6458,18.1171,1.2137,393216,830.47,10.16,1955198,-191.000,-118.000,-42.500,0.7850,1.4200
35,0.6543,20.5260,0.7247,393216,830.47,10.41,1955198,-191.000,-118.000,-42.500,0.7850,1.4200
36,0.6620,8.5148,0.7212,393216,830.47,10.41,1955198,-191.000,-118.000,-42.500,0.7850,1.4200
37,0.6703,7.7031,0.7339,393216,830.47,10.41,1955198,-191.000,-118.000,-42.500,0.7850,1.4200
38,0.6781,8.2778,0.7061,393216,830.47,10.41,1955198,-191.000,-118.000,-42.500,0.7850,1.4200
39,0.6863,7.8318,0.7031,393216,830.47,10.41,1955198,-191.000,-118.000,-42.500,0.7850,1.4200
40,0.6939,8.1647,0.6951,393216,830.47,10.41,1955198,-191.000,-118.000,-42.500,0.7850,1.4200
41,0.7024,7.6267,0.8741,393216,830.47,10.41,1955198,-191.000,-118.000,-42.500,0.7850,1.4200
42,0.7100,8.4955,0.7843,393216,830.47,10.41,1955198,-191.000,-118.000,-42.500,0.7850,1.4200
43,0.7181,7.5626,0.8133,393216,830.47,10.41,1955198,-191.000,-118.000,-42.500,0.7850,1.4200
44,0.7258,8.3026,0.8696,393216,830.47,10.41,1955198,-191.000,-118.000,-42.500,0.7850,1.4200
45,0.7341,7.5903,0.8582,393216,830.47,10.41,1955198,-191.000,-118.000,-42.500,0.7850,1.4200
46,0.7419,8.2552,0.9520,393216,830.47,10.41,1955198,-191.000,-118.000,-42.500,0.7850,1.4200
47,0.7503,7.8097,0.9452,393216,830.47,10.41,1955198,-191.000,-118.000,-42.500,0.7850,1.4200
48,0.7578,8.3829,0.7494,393216,830.47,10.41,1955198,-191.000,-118.000,-42.500,0.7850,1.4200
49,0.7664,7.5303,0.9435,393216,830.47,10.41,1955198,-191.000,-118.000,-42.500,0.7850,1.4200
50,0.7739,8.5555,0.8014,393216,830.47,10.41,1955198,-191.000,-118.000,-42.500,0.7850,1.4200
51,0.7825,7.5735,0.9667,393216,830.47,10.41,1955198,-191.000,-118.000,-42.500,0.7850,1.4200
52,0.7902,8.5632,0.8677,393216,830.47,10.41,1955198,-191.000,-118.000,-42.500,0.7850,1.4200
53,0.7987,7.6701,0.9060,393216,830.47,10.41,1955198,-191.000,-118.000,-42.500,0.7850,1.4200
54,0.8063,8.4962,0.8496,393216,830.47,10.41,1955198,-191.000,-118.000,-42.500,0.7850,1.4200
55,0.8146,7.6236,0.8474,393216,830.47,10.41,1955198,-191.000,-118.000,-42.500,0.7850,1.4200
56,0.8223,8.3064,0.8155,393216,830.47,10.41,1955198,-191.000,-118.000,-42.500,0.7850,1.4200
57,0.8306,7.6967,0.8053,393216,830.47,10.41,1955198,-191.000,-118.000,-42.500,0.7850,1.4200
58,0.8384,8.2849,0.8290,393216,830.47,10.41,1955198,-191.000,-118.000,-42.500,0.7850,1.4200
59,0.8470,7.7727,0.9724,393216,830.47,10.41,1955198,-191.000,-118.000,-42.500,0.7850,1.4200
60,0.8546,8.6425,0.8710,393216,830.47,10.41,1955198,-191.000,-118.000,-42.500,0.7850,1.4200
61,0.8627,7.5612,0.8438,393216,830.47,10.41,1955198,-191.000,-118.000,-42.500,0.7850,1.4200
62,0.8705,8.1697,0.8948,393216,830.47,10.41,1955198,-191.000,-118.000,-42.500,0.7850,1.4200
63,0.8785,7.7451,0.8244,393216,830.47,10.41,1955198,-191.000,-118.000,-42.500,0.7850,1.4200
64,0.8864,8.0116,0.8744,393216,830.47,10.41,1955198,-191.000,-118.000,-42.500,0.7850,1.4200
65,0.8944,7.8623,0.7487,393216,830.47,10.41,1955198,-191.000,-118.000,-42.500,0.7850,1.4200
66,0.9020,8.0041,0.7985,393216,830.47,10.41,1955198,-191.000,-118.000,-42.500,0.7850,1.4200
67,0.9104,7.6728,0.8591,393216,830.47,10.41,1955198,-191.000,-118.000,-42.500,0.7850,1.4200
68,0.9181,8.3256,0.8909,393216,830.47,10.41,1955198,-191.000,-118.000,-42.500,0.7850,1.4200
69,0.9262,7.7428,0.8527,393216,830.47,10.41,1955198,-191.000,-118.000,-42.500,0.7850,1.4200
70,0.9340,8.1083,0.8999,393216,830.47,10.41,1955198,-191.000,-118.000,-42.500,0.7850,1.4200
71,0.9422,7.8193,0.8690,393216,830.47,10.41,1955198,-191.000,-118.000,-42.500,0.7850,1.4200
72,0.9498,8.1858,0.7419,393216,830.47,10.41,1955198,-191.000,-118.000,-42.500,0.7850,1.4200
73,0.9584,7.6055,1.1557,393216,830.47,10.41,1955198,-191.000,-118.000,-42.500,0.7850,1.4200
74,0.9658,8.5662,0.8048,393216,830.47,10.41,1955198,-191.000,-118.000,-42.500,0.7850,1.4200
75,0.9742,7.3683,1.0039,393216,830.47,10.41,1955198,-191.000,-118.000,-42.500,0.7850,1.4200
76,0.9816,8.4931,0.6995,393216,830.47,10.41,1955198,-191.000,-118.000,-42.500,0.7850,1.4200
77,0.9897,7.3932,0.6731,393216,830.47,10.41,1955198,-191.000,-118.000,-42.500,0.7850,1.4200
78,0.9976,8.0947,0.7686,393216,830.47,10.41,1955198,-191.000,-118.000,-42.500,0.7850,1.4200
79,1.0058,7.8768,0.7119,393216,830.47,10.41,1955198,-191.000,-118.000,-42.500,0.7850,1.4200
80,1.0136,8.1696,0.7686,393216,830.47,10.41,1955198,-191.000,-118.000,-42.500,0.7850,1.4200
81,1.0217,7.7987,0.8038,393216,830.47,10.41,1955198,-191.000,-118.000,-42.500,0.7850,1.4200
82,1.0293,8.1479,0.8301,393216,830.47,10.41,1955198,-191.000,-118.000,-42.500,0.7850,1.4200
83,1.0374,7.5358,0.7837,393216,830.47,10.41,1955198,-191.000,-118.000,-42.500,0.7850,1.4200
84,1.0450,8.1156,0.7350,393216,830.47,10.41,1955198,-191.000,-118.000,-42.500,0.7850,1.4200
85,1.0530,7.6333,0.7554,393216,830.47,10.41,1955198,-191.000,-118.000,-42.500,0.7850,1.4200
86,1.0607,7.9843,0.7524,393216,830.47,10.41,1955198,-191.000,-118.000,-42.500,0.7850,1.4200
87,1.0689,7.7586,0.7668,393216,830.47,10.41,1955198,-191.000,-118.000,-42.500,0.7850,1.4200
88,1.0766,8.2435,0.7466,393216,830.47,10.41,1955198,-191.000,-118.000,-42.500,0.7850,1.4200
89,1.0848,7.6329,0.7681,393216,830.47,10.41,1955198,-191.000,-118.000,-42.500,0.7850,1.4200
90,1.0924,8.1397,0.7511,393216,830.47,10.41,1955198,-191.000,-118.000,-42.500,0.7850,1.4200
91,1.1008,7.6693,0.7951,393216,830.47,10.41,1955198,-191.000,-118.000,-42.500,0.7850,1.4200
92,1.1085,8.3891,0.8030,393216,830.47,10.41,1955198,-191.000,-118.000,-42.500,0.7850,1.4200
93,1.1168,7.6737,0.9292,393216,830.47,10.41,1955198,-191.000,-118.000,-42.500,0.7850,1.4200
94,1.1244,8.2718,0.9090,393216,830.47,10.41,1955198,-191.000,-118.000,-42.500,0.7850,1.4200
95,1.1328,7.6327,1.0422,393216,830.47,10.41,1955198,-191.000,-118.000,-42.500,0.7850,1.4200
96,1.1401,8.3829,0.7745,393216,830.47,10.41,1955198,-191.000,-118.000,-42.500,0.7850,1.4200
97,1.1482,7.3201,0.7801,393216,830.47,10.41,1955198,-191.000,-118.000,-42.500,0.7850,1.4200
98,1.1559,8.0858,0.8415,393216,830.47,10.41,1955198,-191.000,-118.000,-42.500,0.7850,1.4200
99,1.1640,7.6605,0.8081,393216,830.47,10.41,1955198,-191.000,-118.000,-42.500,0.7850,1.4200
100,1.1717,8.1215,0.8176,393216,830.47,10.41,1955198,-191.000,-118.000,-42.500,0.7850,1.4200
101,1.1798,7.7233,0.8120,393216,830.47,10.41,1955198,-191.000,-118.000,-42.500,0.7850,1.4200
102,1.1875,8.1303,0.8020,393216,830.47,10.41,1955198,-191.000,-118.000,-42.500,0.7850,1.4200
103,1.1955,7.6499,0.8243,393216,830.47,10.41,1955198,-191.000,-118.000,-42.500,0.7850,1.4200
104,1.2032,8.0456,0.7337,393216,830.47,10.41,1955198,-191.000,-118.000,-42.500,0.7850,1.4200
105,1.2114,7.6192,0.7908,393216,830.47,10.41,1955198,-191.000,-118.000,-42.500,0.7850,1.4200
106,1.2191,8.2319,0.7876,393216,830.47,10.41,1955198,-191.000,-118.000,-42.500,0.7850,1.4200
107,1.2274,7.7071,0.8135,393216,830.47,10.41,1955198,-191.000,-118.000,-42.500,0.7850,1.4200
108,1.2351,8.2593,0.7867,393216,830.47,10.41,1955198,-191.000,-118.000,-42.500,0.7850,1.4200
109,1.2431,7.7842,0.7718,393216,830.47,10.41,1955198,-191.000,-118.000,-42.500,0.7850,1.4200
110,1.2507,7.9736,0.7960,393216,830.47,10.41,1955198,-191.000,-118.000,-42.500,0.7850,1.4200
111,1.2588,7.6302,0.7603,393216,830.47,10.41,1955198,-191.000,-118.000,-42.500,0.7850,1.4200
112,1.2664,8.0300,0.7172,393216,830.47,10.41,1955198,-191.000,-118.000,-42.500,0.7850,1.4200
113,1.2747,7.5824,0.9529,393216,830.47,10.41,1955198,-191.000,-118.000,-42.500,0.7850,1.4200
114,1.2820,8.3818,0.8135,393216,830.47,10.41,1955198,-191.000,-118.000,-42.500,0.7850,1.4200
115,1.2901,7.3008,0.7748,393216,830.47,10.41,1955198,-191.000,-118.000,-42.500,0.7850,1.4200
116,1.2978,8.0822,0.7744,393216,830.47,10.41,1955198,-191.000,-118.000,-42.500,0.7850,1.4200
117,1.3058,7.6813,0.7682,393216,830.47,10.41,1955198,-191.000,-118.000,-42.500,0.7850,1.4200
118,1.3135,7.9905,0.7955,393216,830.47,10.41,1955198,-191.000,-118.000,-42.500,0.7850,1.4200
119,1.3215,7.7281,0.7825,393216,830.47,10.41,1955198,-191.000,-118.000,-42.500,0.7850,1.4200
120,1.3293,8.0084,0.8163,393216,830.47,10.41,1955198,-191.000,-118.000,-42.500,0.7850,1.4200
121,1.3373,7.7849,0.7939,393216,830.47,10.41,1955198,-191.000,-118.000,-42.500,0.7850,1.4200
122,1.3450,8.0197,0.7915,393216,830.47,10.41,1955198,-191.000,-118.000,-42.500,0.7850,1.4200
123,1.3529,7.7064,0.7559,393216,830.47,10.41,1955198,-191.000,-118.000,-42.500,0.7850,1.4200
124,1.3605,7.8910,0.6939,393216,830.47,10.41,1955198,-191.000,-118.000,-42.500,0.7850,1.4200
125,1.3688,7.5840,0.8044,393216,830.47,10.41,1955198,-191.000,-118.000,-42.500,0.7850,1.4200
126,1.3764,8.2428,0.7628,393216,830.47,10.41,1955198,-191.000,-118.000,-42.500,0.7850,1.4200
127,1.3844,7.6116,0.7375,393216,830.47,10.41,1955198,-191.000,-118.000,-42.500,0.7850,1.4200
128,1.3921,8.0502,0.7264,393216,830.47,10.41,1955198,-191.000,-118.000,-42.500,0.7850,1.4200
129,1.4004,7.6825,0.7754,393216,830.47,10.41,1955198,-191.000,-118.000,-42.500,0.7850,1.4200
130,1.4080,8.2470,0.7706,393216,830.47,10.41,1955198,-191.000,-118.000,-42.500,0.7850,1.4200
131,1.4164,7.6748,1.0055,393216,830.47,10.41,1955198,-191.000,-118.000,-42.500,0.7850,1.4200
132,1.4242,8.3900,1.0536,393216,830.47,10.41,1955198,-191.000,-118.000,-42.500,0.7850,1.4200
133,1.4324,7.8110,1.1047,393216,830.47,10.41,1955198,-191.000,-118.000,-42.500,0.7850,1.4200
134,1.4407,8.2646,1.5829,393216,830.47,10.41,1955198,-191.000,-118.000,-42.500,0.7850,1.4200
135,1.4488,8.1842,1.2962,393216,830.47,10.41,1955198,-191.000,-118.000,-42.500,0.7850,1.4200
136,1.4562,8.1339,0.8859,393216,830.47,10.41,1955198,-191.000,-118.000,-42.500,0.7850,1.4200
137,1.4645,7.4087,0.8858,393216,830.47,10.41,1955198,-191.000,-118.000,-42.500,0.7850,1.4200
138,1.4722,8.2615,0.8516,393216,830.47,10.41,1955198,-191.000,-118.000,-42.500,0.7850,1.4200
139,1.4805,7.7242,0.9265,393216,830.47,10.41,1955198,-191.000,-118.000,-42.500,0.7850,1.4200
140,1.4882,8.3199,0.8456,393216,830.47,10.41,1955198,-191.000,-118.000,-42.500,0.7850,1.4200
141,1.4964,7.6504,0.9377,393216,830.47,10.41,1955198,-191.000,-118.000,-42.500,0.7850,1.4200
142,1.5041,8.2276,0.9281,393216,830.47,10.41,1955198,-191.000,-118.000,-42.500,0.7850,1.4200
143,1.5122,7.7517,0.9430,393216,830.47,10.41,1955198,-191.000,-118.000,-42.500,0.7850,1.4200
144,1.5199,8.0431,0.8559,393216,830.47,10.41,1955198,-191.000,-118.000,-42.500,0.7850,1.4200
145,1.5279,7.6639,0.7697,393216,830.47,10.41,1955198,-191.000,-118.000,-42.500,0.7850,1.4200
146,1.5356,8.0874,0.8761,393216,830.47,10.41,1955198,-191.000,-118.000,-42.500,0.7850,1.4200
147,1.5437,7.7070,0.8425,393216,830.47,10.41,1955198,-191.000,-118.000,-42.500,0.7850,1.4200
148,1.5515,8.0385,0.8413,393216,830.47,10.41,1955198,-191.000,-118.000,-42.500,0.7850,1.4200
149,1.5598,7.8464,0.8122,393216,830.47,10.41,1955198,-191.000,-118.000,-42.500,0.7850,1.4200
150,1.5676,8.2422,0.7637,393216,830.47,10.41,1955198,-191.000,-118.000,-42.500,0.7850,1.4200
151,1.5760,7.8529,0.8086,393216,830.47,10.41,1955198,-191.000,-118.000,-42.500,0.7850,1.4200
152,1.5839,8.3581,0.8052,393216,830.47,10.41,1955198,-191.000,-118.000,-42.500,0.7850,1.4200
153,1.5923,7.9576,0.8090,393216,830.47,10.41,1955198,-191.000,-118.000,-42.500,0.7850,1.4200
154,1.6002,8.3093,0.8187,393216,830.47,10.41,1955198,-191.000,-118.000,-42.500,0.7850,1.4200
155,1.6087,7.9494,0.8753,393216,830.47,10.41,1955198,-191.000,-118.000,-42.500,0.7850,1.4200
156,1.6168,8.5333,0.9554,393216,830.47,10.41,1955198,-191.000,-118.000,-42.500,0.7850,1.4200
157,1.6252,8.0863,0.9240,393216,830.47,10.41,1955198,-191.000,-118.000,-42.500,0.7850,1.4200
158,1.6334,8.4124,0.8438,393216,830.47,10.41,1955198,-191.000,-118.000,-42.500,0.7850,1.4200
159,1.6419,8.1485,1.1138,393216,830.47,10.41,1955198,-191.000,-118.000,-42.500,0.7850,1.4200
160,1.6501,8.5743,1.0216,393216,830.47,10.41,1955198,-191.000,-118.000,-42.500,0.7850,1.4200
161,1.6580,8.1424,0.8121,393216,830.47,10.41,1955198,-191.000,-118.000,-42.500,0.7850,1.4200
162,1.6664,7.8639,0.9772,393216,830.47,10.41,1955198,-191.000,-118.000,-42.500,0.7850,1.4200
163,1.6744,8.4093,0.9693,393216,830.47,10.41,1955198,-191.000,-118.000,-42.500,0.7850,1.4200
164,1.6832,7.9946,1.1189,393216,830.47,10.41,1955198,-191.000,-118.000,-42.500,0.7850,1.4200
165,1.6911,8.8573,0.8560,393216,830.47,10.41,1955198,-191.000,-118.000,-42.500,0.7850,1.4200
166,1.6998,7.8376,0.9038,393216,830.47,10.41,1955198,-191.000,-118.000,-42.500,0.7850,1.4200
167,1.7083,8.7181,1.1156,393216,830.47,10.41,1955198,-191.000,-118.000,-42.500,0.7850,1.4200
168,1.7167,8.5278,0.8638,393216,830.47,10.41,1955198,-191.000,-118.000,-42.500,0.7850,1.4200
169,1.7249,8.4205,0.8675,393216,830.47,10.41,1955198,-191.000,-118.000,-42.500,0.7850,1.4200
170,1.7343,8.2044,0.8471,393216,830.47,10.41,1955198,-191.000,-118.000,-42.500,0.7850,1.4200
171,1.7433,9.3411,0.8307,393216,830.47,10.41,1955198,-191.000,-118.000,-42.500,0.7850,1.4200
172,1.7525,9.0047,0.8249,393216,830.47,10.41,1955198,-191.000,-118.000,-42.500,0.7850,1.4200
173,1.7618,9.1717,0.8815,393216,830.47,10.41,1955198,-191.000,-118.000,-42.500,0.7850,1.4200
174,1.7707,9.3475,0.8647,393216,830.47,10.41,1955198,-191.000,-118.000,-42.500,0.7850,1.4200
175,1.7800,8.8550,0.8373,393216,830.47,10.41,1955198,-191.000,-118.000,-42.500,0.7850,1.4200
176,1.7903,9.3897,0.8871,393216,830.47,10.41,1955198,-191.000,-118.000,-42.500,0.7850,1.4200
177,1.8005,10.4774,0.8251,393216,830.47,10.41,1955198,-191.000,-118.000,-42.500,0.7850,1.4200
178,1.8121,10.0199,0.9437,393216,830.47,10.41,1955198,-191.000,-118.000,-42.500,0.7850,1.4200
179,1.8237,11.5586,0.9861,393216,830.47,10.41,1955198,-191.000,-118.000,-42.500,0.7850,1.4200
180,1.8348,11.6213,0.8153,393216,830.47,10.41,1955198,-191.000,-118.000,-42.500,0.7850,1.4200
181,1.8444,11.0712,0.8884,393216,830.47,10.41,1955198,-191.000,-118.000,-42.500,0.7850,1.4200
182,1.8543,9.6291,0.8663,393216,830.47,10.41,1955198,-191.000,-118.000,-42.500,0.7850,1.4200
183,1.8637,9.8592,0.8994,393216,830.47,10.41,1955198,-191.000,-118.000,-42.500,0.7850,1.4200
184,1.8755,9.4463,0.8824,393216,830.47,10.41,1955198,-191.000,-118.000,-42.500,0.7850,1.4200
185,1.8874,11.8304,0.8904,393216,830.47,10.41,1955198,-191.000,-118.000,-42.500,0.7850,1.4200
186,1.8996,11.8584,1.0514,393216,830.47,10.41,1955198,-191.000,-118.000,-42.500,0.7850,1.4200
187,1.9112,12.2222,0.9361,393216,830.47,10.41,1955198,-191.000,-118.000,-42.500,0.7850,1.4200
188,1.9230,11.5302,0.9109,393216,830.47,10.41,1955198,-191.000,-118.000,-42.500,0.7850,1.4200
189,1.9317,11.8551,0.9262,393216,830.47,10.41,1955198,-191.000,-118.000,-42.500,0.7850,1.4200
190,1.9401,8.7146,0.9779,393216,830.47,10.41,1955198,-191.000,-118.000,-42.500,0.7850,1.4200
191,1.9485,8.4005,0.9103,393216,830.47,10.41,1955198,-191.000,-118.000,-42.500,0.7850,1.4200
192,1.9566,8.3635,1.0914,393216,830.47,10.41,1955198,-191.000,-118.000,-42.500,0.7850,1.4200
193,1.9646,8.1306,0.8968,393216,830.47,10.41,1955198,-191.000,-118.000,-42.500,0.7850,1.4200
194,1.9723,8.0150,0.9662,393216,830.47,10.41,1955198,-191.000,-118.000,-42.500,0.7850,1.4200
195,1.9804,7.7004,0.9106,393216,830.47,10.41,1955198,-191.000,-118.000,-42.500,0.7850,1.4200
196,1.9882,8.0619,0.8664,393216,830.47,10.41,1955198,-191.000,-118.000,-42.500,0.7850,1.4200
197,1.9963,7.7731,0.9070,393216,830.47,10.41,1955198,-191.000,-118.000,-42.500,0.7850,1.4200
198,2.0041,8.1574,0.9344,393216,830.47,10.41,1955198,-191.000,-118.000,-42.500,0.7850,1.4200
199,2.0123,7.8036,0.9334,393216,830.47,10.41,1955198,-191.000,-118.000,-42.500,0.7850,1.4200
200,2.0200,8.1540,0.9250,393216,830.47,10.41,1955198,-191.000,-118.000,-42.500,0.7850,1.4200
201,2.0285,7.7346,1.3258,393216,830.47,10.41,1955198,-191.000,-118.000,-42.500,0.7850,1.4200
202,2.0358,8.4518,0.8907,393216,830.47,10.41,1955198,-191.000,-118.000,-42.500,0.7850,1.4200
203,2.0440,7.3568,0.9621,393216,830.47,10.41,1955198,-191.000,-118.000,-42.500,0.7850,1.4200
204,2.0517,8.1617,0.8927,393216,830.47,10.41,1955198,-191.000,-118.000,-42.500,0.7850,1.4200
205,2.0598,7.6581,0.8947,393216,830.47,10.41,1955198,-191.000,-118.000,-42.500,0.7850,1.4200
206,2.0674,8.1258,0.8667,393216,830.47,10.41,1955198,-191.000,-118.000,-42.500,0.7850,1.4200
207,2.0754,7.6626,0.8404,393216,830.47,10.41,1955198,-191.000,-118.000,-42.500,0.7850,1.4200
208,2.0832,7.9716,0.8836,393216,830.47,10.41,1955198,-191.000,-118.000,-42.500,0.7850,1.4200
209,2.0913,7.7385,0.8871,393216,830.47,10.41,1955198,-191.000,-118.000,-42.500,0.7850,1.4200
210,2.0987,8.0946,0.9307,393216,830.47,10.41,1955198,-191.000,-118.000,-42.500,0.7850,1.4200
211,2.1067,7.4691,0.8510,393216,830.47,10.41,1955198,-191.000,-118.000,-42.500,0.7850,1.4200
212,2.1144,7.9475,0.8426,393216,830.47,10.41,1955198,-191.000,-118.000,-42.500,0.7850,1.4200
213,2.1225,7.6914,0.7992,393216,830.47,10.41,1955198,-191.000,-118.000,-42.500,0.7850,1.4200
214,2.1301,8.1520,0.7834,393216,830.47,10.41,1955198,-191.000,-118.000,-42.500,0.7850,1.4200
215,2.1384,7.5958,0.8296,393216,830.47,10.41,1955198,-191.000,-118.000,-42.500,0.7850,1.4200
216,2.1460,8.2764,0.8482,393216,830.47,10.41,1955198,-191.000,-118.000,-42.500,0.7850,1.4200
217,2.1541,7.6455,0.8174,393216,830.47,10.41,1955198,-191.000,-118.000,-42.500,0.7850,1.4200
218,2.1618,8.0531,0.8498,393216,830.47,10.41,1955198,-191.000,-118.000,-42.500,0.7850,1.4200
219,2.1702,7.7629,0.9593,393216,830.47,10.41,1955198,-191.000,-118.000,-42.500,0.7850,1.4200
220,2.1778,8.3518,0.9264,393216,830.47,10.41,1955198,-191.000,-118.000,-42.500,0.7850,1.4200
221,2.1859,7.5834,0.8713,393216,830.47,10.41,1955198,-191.000,-118.000,-42.500,0.7850,1.4200
222,2.1936,8.1112,1.0024,393216,830.47,10.41,1955198,-191.000,-118.000,-42.500,0.7850,1.4200
223,2.2015,7.7414,0.8622,393216,830.47,10.41,1955198,-191.000,-118.000,-42.500,0.7850,1.4200
224,2.2093,7.8349,0.9144,393216,830.47,10.41,1955198,-191.000,-118.000,-42.500,0.7850,1.4200
225,2.2173,7.8113,0.8706,393216,830.47,10.41,1955198,-191.000,-118.000,-42.500,0.7850,1.4200
226,2.2248,8.0371,0.8925,393216,830.47,10.41,1955198,-191.000,-118.000,-42.500,0.7850,1.4200
227,2.2330,7.4812,0.9139,393216,830.47,10.41,1955198,-191.000,-118.000,-42.500,0.7850,1.4200
228,2.2406,8.1642,0.8602,393216,830.47,10.41,1955198,-191.000,-118.000,-42.500,0.7850,1.4200
229,2.2486,7.6683,0.8379,393216,830.47,10.41,1955198,-191.000,-118.000,-42.500,0.7850,1.4200
230,2.2564,8.0086,0.8287,393216,830.47,10.41,1955198,-191.000,-118.000,-42.500,0.7850,1.4200
231,2.2649,7.7195,0.8785,393216,830.47,10.41,1955198,-191.000,-118.000,-42.500,0.7850,1.4200
232,2.2725,8.5087,0.8119,393216,830.47,10.41,1955198,-191.000,-118.000,-42.500,0.7850,1.4200
233,2.2810,7.6779,0.8155,393216,830.47,10.41,1955198,-191.000,-118.000,-42.500,0.7850,1.4200
234,2.2887,8.4256,0.7659,393216,830.47,10.41,1955198,-191.000,-118.000,-42.500,0.7850,1.4200
235,2.2970,7.7396,0.7925,393216,830.47,10.41,1955198,-191.000,-118.000,-42.500,0.7850,1.4200
236,2.3048,8.2686,0.7936,393216,830.47,10.41,1955198,-191.000,-118.000,-42.500,0.7850,1.4200
237,2.3131,7.8197,0.8126,393216,830.47,10.41,1955198,-191.000,-118.000,-42.500,0.7850,1.4200
238,2.3208,8.2884,0.7896,393216,830.47,10.41,1955198,-191.000,-118.000,-42.500,0.7850,1.4200
239,2.3290,7.6641,0.9069,393216,830.47,10.41,1955198,-191.000,-118.000,-42.500,0.7850,1.4200
240,2.3367,8.2600,0.8258,393216,830.47,10.41,1955198,-191.000,-118.000,-42.500,0.7850,1.4200
241,2.3451,7.6446,0.9566,393216,830.47,10.41,1955198,-191.000,-118.000,-42.500,0.7850,1.4200
242,2.3525,8.4235,0.8615,393216,830.47,10.41,1955198,-191.000,-118.000,-42.500,0.7850,1.4200
243,2.3606,7.3871,0.9050,393216,830.47,10.41,1955198,-191.000,-118.000,-42.500,0.7850,1.4200
244,2.3683,8.1095,0.8006,393216,830.47,10.41,1955198,-191.000,-118.000,-42.500,0.7850,1.4200
245,2.3766,7.6882,0.9283,393216,830.47,10.41,1955198,-191.000,-118.000,-42.500,0.7850,1.4200
246,2.3844,8.3403,0.8088,393216,830.47,10.41,1955198,-191.000,-118.000,-42.500,0.7850,1.4200
247,2.3924,7.7580,0.8987,393216,830.47,10.41,1955198,-191.000,-118.000,-42.500,0.7850,1.4200
248,2.3999,8.0202,0.7832,393216,830.47,10.41,1955198,-191.000,-118.000,-42.500,0.7850,1.4200
249,2.4081,7.5382,0.9484,393216,830.47,10.41,1955198,-191.000,-118.000,-42.500,0.7850,1.4200
250,2.4157,8.1920,0.8486,393216,830.47,10.41,1955198,-191.000,-118.000,-42.500,0.7850,1.4200
251,2.4238,7.6335,0.8694,393216,830.47,10.41,1955198,-191.000,-118.000,-42.500,0.7850,1.4200
252,2.4313,8.0675,0.8069,393216,830.47,10.41,1955198,-191.000,-118.000,-42.500,0.7850,1.4200
253,2.4393,7.5400,0.8740,393216,830.47,10.41,1955198,-191.000,-118.000,-42.500,0.7850,1.4200
254,2.4469,8.0056,0.8787,393216,830.47,10.41,1955198,-191.000,-118.000,-42.500,0.7850,1.4200
255,2.4549,7.5519,0.8058,393216,830.47,10.41,1955198,-191.000,-118.000,-42.500,0.7850,1.4200
256,2.4625,7.9842,0.7886,393216,830.47,10.41,1955198,-191.000,-118.000,-42.500,0.7850,1.4200
257,2.4707,7.6262,0.9067,393216,830.47,10.41,1955198,-191.000,-118.000,-42.500,0.7850,1.4200
258,2.4782,8.1825,1.0300,393216,830.47,10.41,1955198,-191.000,-118.000,-42.500,0.7850,1.4200
259,2.4864,7.4564,1.2204,393216,830.47,10.41,1955198,-191.000,-118.000,-42.500,0.7850,1.4200
260,2.4936,8.2624,0.8000,393216,830.47,10.41,1955198,-191.000,-118.000,-42.500,0.7850,1.4200
261,2.5017,7.1898,0.7670,393216,830.47,10.41,1955198,-191.000,-118.000,-42.500,0.7850,1.4200
262,2.5094,8.0705,0.7913,393216,830.47,10.41,1955198,-191.000,-118.000,-42.500,0.7850,1.4200
263,2.5173,7.6650,0.8444,393216,830.47,10.41,1955198,-191.000,-118.000,-42.500,0.7850,1.4200
264,2.5249,7.9124,0.7940,393216,830.47,10.41,1955198,-191.000,-118.000,-42.500,0.7850,1.4200
265,2.5329,7.6238,0.8358,393216,830.47,10.41,1955198,-191.000,-118.000,-42.500,0.7850,1.4200
266,2.5406,7.9848,0.8198,393216,830.47,10.41,1955198,-191.000,-118.000,-42.500,0.7850,1.4200
267,2.5486,7.6880,0.8626,393216,830.47,10.41,1955198,-191.000,-118.000,-42.500,0.7850,1.4200
268,2.5562,8.0038,0.8808,393216,830.47,10.41,1955198,-191.000,-118.000,-42.500,0.7850,1.4200
269,2.5641,7.6410,0.8345,393216,830.47,10.41,1955198,-191.000,-118.000,-42.500,0.7850,1.4200
270,2.5718,7.9437,0.7918,393216,830.47,10.41,1955198,-191.000,-118.000,-42.500,0.7850,1.4200
271,2.5797,7.6231,0.8266,393216,830.47,10.41,1955198,-191.000,-118.000,-42.500,0.7850,1.4200
272,2.5874,7.9234,0.8194,393216,830.47,10.41,1955198,-191.000,-118.000,-42.500,0.7850,1.4200
273,2.5956,7.7456,0.9967,393216,830.47,10.41,1955198,-191.000,-118.000,-42.500,0.7850,1.4200
274,2.6029,8.1158,0.9082,393216,830.47,10.41,1955198,-191.000,-118.000,-42.500,0.7850,1.4200
275,2.6111,7.3041,1.0715,393216,830.47,10.41,1955198,-191.000,-118.000,-42.500,0.7850,1.4200
276,2.6185,8.2256,0.8191,393216,830.47,10.41,1955198,-191.000,-118.000,-42.500,0.7850,1.4200
277,2.6265,7.4045,0.8253,393216,830.47,10.41,1955198,-191.000,-118.000,-42.500,0.7850,1.4200
278,2.6344,8.0304,0.9343,393216,830.47,10.41,1955198,-191.000,-118.000,-42.500,0.7850,1.4200
279,2.6422,7.9120,0.8628,393216,830.47,10.41,1955198,-191.000,-118.000,-42.500,0.7850,1.4200
280,2.6497,7.7304,0.7472,393216,830.47,10.41,1955198,-191.000,-118.000,-42.500,0.7850,1.4200
281,2.6580,7.5139,0.8894,393216,830.47,10.41,1955198,-191.000,-118.000,-42.500,0.7850,1.4200
282,2.6656,8.3341,0.7678,393216,830.47,10.41,1955198,-191.000,-118.000,-42.500,0.7850,1.4200
283,2.6737,7.6199,0.8459,393216,830.47,10.41,1955198,-191.000,-118.000,-42.500,0.7850,1.4200
284,2.6813,8.0825,0.7362,393216,830.47,10.41,1955198,-191.000,-118.000,-42.500,0.7850,1.4200
285,2.6895,7.5558,0.8027,393216,830.47,10.41,1955198,-191.000,-118.000,-42.500,0.7850,1.4200
286,2.6971,8.2087,0.8129,393216,830.47,10.41,1955198,-191.000,-118.000,-42.500,0.7850,1.4200
287,2.7051,7.5847,0.8176,393216,830.47,10.41,1955198,-191.000,-118.000,-42.500,0.7850,1.4200
288,2.7127,7.9966,0.7609,393216,830.47,10.41,1955198,-191.000,-118.000,-42.500,0.7850,1.4200
289,2.7208,7.6481,0.8087,393216,830.47,10.41,1955198,-191.000,-118.000,-42.500,0.7850,1.4200
290,2.7285,8.1028,0.9792,393216,830.47,10.41,1955198,-191.000,-118.000,-42.500,0.7850,1.4200
291,2.7366,7.6749,1.0760,393216,830.47,10.41,1955198,-191.000,-118.000,-42.500,0.7850,1.4200
292,2.7440,8.1554,0.8048,393216,830.47,10.41,1955198,-191.000,-118.000,-42.500,0.7850,1.4200
293,2.7523,7.4199,0.9482,393216,830.47,10.41,1955198,-191.000,-118.000,-42.500,0.7850,1.4200
294,2.7598,8.2969,0.8196,393216,830.47,10.41,1955198,-191.000,-118.000,-42.500,0.7850,1.4200
295,2.7679,7.4253,0.8616,393216,830.47,10.41,1955198,-191.000,-118.000,-42.500,0.7850,1.4200
296,2.7756,8.1078,0.7917,393216,830.47,10.41,1955198,-191.000,-118.000,-42.500,0.7850,1.4200
297,2.7837,7.6978,0.9291,393216,830.47,10.41,1955198,-191.000,-118.000,-42.500,0.7850,1.4200
298,2.7915,8.1578,0.8469,393216,830.47,10.41,1955198,-191.000,-118.000,-42.500,0.7850,1.4200
299,2.7996,7.7069,0.8416,393216,830.47,10.41,1955198,-191.000,-118.000,-42.500,0.7850,1.4200
300,2.8073,8.1015,0.8138,393216,830.47,10.41,1955198,-191.000,-118.000,-42.500,0.7850,1.4200
301,2.8153,7.7062,0.8092,393216,830.47,10.41,1955198,-191.000,-118.000,-42.500,0.7850,1.4200
302,2.8232,8.0515,0.8457,393216,830.47,10.41,1955198,-191.000,-118.000,-42.500,0.7850,1.4200
303,2.8312,7.8635,0.8762,393216,830.47,10.41,1955198,-191.000,-118.000,-42.500,0.7850,1.4200
304,2.8388,8.0139,0.7833,393216,830.47,10.41,1955198,-191.000,-118.000,-42.500,0.7850,1.4200
305,2.8469,7.6169,0.8041,393216,830.47,10.41,1955198,-191.000,-118.000,-42.500,0.7850,1.4200
306,2.8542,8.0685,0.7527,393216,830.47,10.41,1955198,-191.000,-118.000,-42.500,0.7850,1.4200
307,2.8623,7.3214,0.8128,393216,830.47,10.41,1955198,-191.000,-118.000,-42.500,0.7850,1.4200
308,2.8701,8.1518,0.8708,393216,830.47,10.41,1955198,-191.000,-118.000,-42.500,0.7850,1.4200
309,2.8784,7.8424,0.9322,393216,830.47,10.41,1955198,-191.000,-118.000,-42.500,0.7850,1.4200
310,2.8862,8.1771,0.8993,393216,830.47,10.41,1955198,-191.000,-118.000,-42.500,0.7850,1.4200
311,2.8945,7.8061,1.0954,393216,830.47,10.41,1955198,-191.000,-118.000,-42.500,0.7850,1.4200
312,2.9021,8.3349,0.8877,393216,830.47,10.41,1955198,-191.000,-118.000,-42.500,0.7850,1.4200
313,2.9100,7.5741,0.8947,393216,830.47,10.41,1955198,-191.000,-118.000,-42.500,0.7850,1.4200
314,2.9177,7.9182,0.8336,393216,830.47,10.41,1955198,-191.000,-118.000,-42.500,0.7850,1.4200
315,2.9259,7.7073,0.8444,393216,830.47,10.41,1955198,-191.000,-118.000,-42.500,0.7850,1.4200
316,2.9337,8.1877,0.9749,393216,830.47,10.41,1955198,-191.000,-118.000,-42.500,0.7850,1.4200
317,2.9418,7.8667,0.8590,393216,830.47,10.41,1955198,-191.000,-118.000,-42.500,0.7850,1.4200
318,2.9502,8.0598,1.0922,393216,830.47,10.41,1955198,-191.000,-118.000,-42.500,0.7850,1.4200
319,2.9576,8.3359,0.8523,393216,830.47,10.41,1955198,-191.000,-118.000,-42.500,0.7850,1.4200
320,2.9659,7.4668,0.9798,393216,830.47,10.41,1955198,-191.000,-118.000,-42.500,0.7850,1.4200
321,2.9737,8.2923,0.8371,393216,830.47,10.41,1955198,-191.000,-118.000,-42.500,0.7850,1.4200
322,2.9817,7.8266,0.8516,393216,830.47,10.41,1955198,-191.000,-118.000,-42.500,0.7850,1.4200
323,2.9897,7.9811,0.8538,393216,830.47,10.41,1955198,-191.000,-118.000,-42.500,0.7850,1.4200
324,2.9980,8.0189,0.8913,393216,830.47,10.41,1955198,-191.000,-118.000,-42.500,0.7850,1.4200
325,3.0057,8.2838,0.7761,393216,830.47,10.41,1955198,-191.000,-118.000,-42.500,0.7850,1.4200
326,3.0139,7.6842,0.8651,393216,830.47,10.41,1955198,-191.000,-118.000,-42.500,0.7850,1.4200
327,3.0216,8.1932,0.8011,393216,830.47,10.41,1955198,-191.000,-118.000,-42.500,0.7850,1.4200
328,3.0297,7.6595,0.8453,393216,830.47,10.41,1955198,-191.000,-118.000,-42.500,0.7850,1.4200
329,3.0375,8.1763,0.7749,393216,830.47,10.41,1955198,-191.000,-118.000,-42.500,0.7850,1.4200
330,3.0457,7.7121,0.8524,393216,830.47,10.41,1955198,-191.000,-118.000,-42.500,0.7850,1.4200
331,3.0533,8.2109,0.8492,393216,830.47,10.41,1955198,-191.000,-118.000,-42.500,0.7850,1.4200
332,3.0614,7.6584,0.8519,393216,830.47,10.41,1955198,-191.000,-118.000,-42.500,0.7850,1.4200
333,3.0692,8.0694,0.9366,393216,830.47,10.41,1955198,-191.000,-118.000,-42.500,0.7850,1.4200
334,3.0777,7.8409,1.2667,393216,830.47,10.41,1955198,-191.000,-118.000,-42.500,0.7850,1.4200
335,3.0850,8.5171,0.8015,393216,830.47,10.41,1955198,-191.000,-118.000,-42.500,0.7850,1.4200
336,3.0934,7.2619,1.0324,393216,830.47,10.41,1955198,-191.000,-118.000,-42.500,0.7850,1.4200
337,3.1009,8.3923,0.8379,393216,830.47,10.41,1955198,-191.000,-118.000,-42.500,0.7850,1.4200
338,3.1089,7.5386,0.9579,393216,830.47,10.41,1955198,-191.000,-118.000,-42.500,0.7850,1.4200
339,3.1166,7.9905,0.8610,393216,830.47,10.41,1955198,-191.000,-118.000,-42.500,0.7850,1.4200
340,3.1247,7.6216,0.9417,393216,830.47,10.41,1955198,-191.000,-118.000,-42.500,0.7850,1.4200
341,3.1324,8.1807,0.8587,393216,830.47,10.41,1955198,-191.000,-118.000,-42.500,0.7850,1.4200
342,3.1405,7.6896,0.9429,393216,830.47,10.41,1955198,-191.000,-118.000,-42.500,0.7850,1.4200
343,3.1481,8.1157,0.8084,393216,830.47,10.41,1955198,-191.000,-118.000,-42.500,0.7850,1.4200
344,3.1566,7.6063,0.9590,393216,830.47,10.41,1955198,-191.000,-118.000,-42.500,0.7850,1.4200
345,3.1642,8.4300,0.8135,393216,830.47,10.41,1955198,-191.000,-118.000,-42.500,0.7850,1.4200
346,3.1724,7.6254,0.9411,393216,830.47,10.41,1955198,-191.000,-118.000,-42.500,0.7850,1.4200
347,3.1802,8.2146,0.8651,393216,830.47,10.41,1955198,-191.000,-118.000,-42.500,0.7850,1.4200
348,3.1883,7.7354,0.9366,393216,830.47,10.41,1955198,-191.000,-118.000,-42.500,0.7850,1.4200
349,3.1959,8.1133,0.8625,393216,830.47,10.41,1955198,-191.000,-118.000,-42.500,0.7850,1.4200
350,3.2040,7.6355,0.9554,393216,830.47,10.41,1955198,-191.000,-118.000,-42.500,0.7850,1.4200
351,3.2115,8.1065,0.8151,393216,830.47,10.41,1955198,-191.000,-118.000,-42.500,0.7850,1.4200
352,3.2200,7.5119,1.1541,393216,830.47,10.41,1955198,-191.000,-118.000,-42.500,0.7850,1.4200
353,3.2276,8.5038,1.0258,393216,830.47,10.41,1955198,-191.000,-118.000,-42.500,0.7850,1.4200
354,3.2353,7.6399,0.8927,393216,830.47,10.41,1955198,-191.000,-118.000,-42.500,0.7850,1.4200
355,3.2429,7.6448,0.8731,393216,830.47,10.41,1955198,-191.000,-118.000,-42.500,0.7850,1.4200
356,3.2512,7.6007,1.0212,393216,830.47,10.41,1955198,-191.000,-118.000,-42.500,0.7850,1.4200
357,3.2587,8.2596,0.8369,393216,830.47,10.41,1955198,-191.000,-118.000,-42.500,0.7850,1.4200
358,3.2669,7.5451,0.9509,393216,830.47,10.41,1955198,-191.000,-118.000,-42.500,0.7850,1.4200
359,3.2745,8.1394,0.8492,393216,830.47,10.41,1955198,-191.000,-118.000,-42.500,0.7850,1.4200
360,3.2828,7.6696,0.9807,393216,830.47,10.41,1955198,-191.000,-118.000,-42.500,0.7850,1.4200
361,3.2904,8.2393,0.8590,393216,830.47,10.41,1955198,-191.000,-118.000,-42.500,0.7850,1.4200
362,3.2987,7.6432,0.9477,393216,830.47,10.41,1955198,-191.000,-118.000,-42.500,0.7850,1.4200
363,3.3064,8.2479,0.7893,393216,830.47,10.41,1955198,-191.000,-118.000,-42.500,0.7850,1.4200
364,3.3148,7.7393,0.8686,393216,830.47,10.41,1955198,-191.000,-118.000,-42.500,0.7850,1.4200
365,3.3225,8.3880,0.7870,393216,830.47,10.41,1955198,-191.000,-118.000,-42.500,0.7850,1.4200
366,3.3307,7.6779,0.8517,393216,830.47,10.41,1955198,-191.000,-118.000,-42.500,0.7850,1.4200
367,3.3384,8.2150,0.7888,393216,830.47,10.41,1955198,-191.000,-118.000,-42.500,0.7850,1.4200
368,3.3465,7.6976,0.8618,393216,830.47,10.41,1955198,-191.000,-118.000,-42.500,0.7850,1.4200
369,3.3542,8.1335,0.7768,393216,830.47,10.41,1955198,-191.000,-118.000,-42.500,0.7850,1.4200
370,3.3622,7.6878,0.9956,393216,830.47,10.41,1955198,-191.000,-118.000,-42.500,0.7850,1.4200
371,3.3700,7.9826,1.0839,393216,830.47,10.41,1955198,-191.000,-118.000,-42.500,0.7850,1.4200
372,3.3781,7.8178,1.1015,393216,830.47,10.41,1955198,-191.000,-118.000,-42.500,0.7850,1.4200
373,3.3858,8.1060,1.0867,393216,830.47,10.41,1955198,-191.000,-118.000,-42.500,0.7850,1.4200
374,3.3941,7.7079,1.2173,393216,830.47,10.41,1955198,-191.000,-118.000,-42.500,0.7850,1.4200
375,3.4015,8.2799,0.8393,393216,830.47,10.41,1955198,-191.000,-118.000,-42.500,0.7850,1.4200
376,3.4098,7.4222,0.9548,393216,830.47,10.41,1955198,-191.000,-118.000,-42.500,0.7850,1.4200
377,3.4175,8.3218,0.7955,393216,830.47,10.41,1955198,-191.000,-118.000,-42.500,0.7850,1.4200
378,3.4259,7.6963,0.9173,393216,830.47,10.41,1955198,-191.000,-118.000,-42.500,0.7850,1.4200
379,3.4336,8.3277,0.9348,393216,830.47,10.41,1955198,-191.000,-118.000,-42.500,0.7850,1.4200
380,3.4418,7.7601,0.9536,393216,830.47,10.41,1955198,-191.000,-118.000,-42.500,0.7850,1.4200
381,3.4495,8.1581,0.8701,393216,830.47,10.41,1955198,-191.000,-118.000,-42.500,0.7850,1.4200
382,3.4578,7.7333,0.9514,393216,830.47,10.41,1955198,-191.000,-118.000,-42.500,0.7850,1.4200
383,3.4655,8.2759,0.8637,393216,830.47,10.41,1955198,-191.000,-118.000,-42.500,0.7850,1.4200
384,3.4736,7.6767,0.9209,393216,830.47,10.41,1955198,-191.000,-118.000,-42.500,0.7850,1.4200
385,3.4812,8.1006,0.8442,393216,830.47,10.41,1955198,-191.000,-118.000,-42.500,0.7850,1.4200
386,3.4891,7.6497,0.9173,393216,830.47,10.41,1955198,-191.000,-118.000,-42.500,0.7850,1.4200
387,3.4969,7.8576,0.8746,393216,830.47,10.41,1955198,-191.000,-118.000,-42.500,0.7850,1.4200
388,3.5049,7.8196,0.8930,393216,830.47,10.41,1955198,-191.000,-118.000,-42.500,0.7850,1.4200
389,3.5126,8.0411,0.8677,393216,830.47,10.41,1955198,-191.000,-118.000,-42.500,0.7850,1.4200
390,3.5207,7.7215,0.8582,393216,830.47,10.41,1955198,-191.000,-118.000,-42.500,0.7850,1.4200
391,3.5285,8.0549,0.8563,393216,830.47,10.41,1955198,-191.000,-118.000,-42.500,0.7850,1.4200
392,3.5367,7.7528,0.9839,393216,830.47,10.41,1955198,-191.000,-118.000,-42.500,0.7850,1.4200
393,3.5443,8.2951,0.8610,393216,830.47,10.41,1955198,-191.000,-118.000,-42.500,0.7850,1.4200
394,3.5527,7.5782,1.0022,393216,830.47,10.41,1955198,-191.000,-118.000,-42.500,0.7850,1.4200
395,3.5604,8.3582,0.7753,393216,830.47,10.41,1955198,-191.000,-118.000,-42.500,0.7850,1.4200
396,3.5689,7.6762,1.0332,393216,830.47,10.41,1955198,-191.000,-118.000,-42.500,0.7850,1.4200
397,3.5765,8.6036,0.8880,393216,830.47,10.41,1955198,-191.000,-118.000,-42.500,0.7850,1.4200
398,3.5846,7.4906,0.8398,393216,830.47,10.41,1955198,-191.000,-118.000,-42.500,0.7850,1.4200
399,3.5924,8.1766,0.8776,393216,830.47,10.41,1955198,-191.000,-118.000,-42.500,0.7850,1.4200
400,3.6004,7.7289,0.8174,393216,830.47,10.41,1955198,-191.000,-118.000,-42.500,0.7850,1.4200
401,3.6084,8.0693,0.9617,393216,830.47,10.41,1955198,-191.000,-118.000,-42.500,0.7850,1.4200
402,3.6162,7.9541,0.8719,393216,830.47,10.41,1955198,-191.000,-118.000,-42.500,0.7850,1.4200
403,3.6239,7.7824,0.8888,393216,830.47,10.41,1955198,-191.000,-118.000,-42.500,0.7850,1.4200
404,3.6321,7.7781,0.8633,393216,830.47,10.41,1955198,-191.000,-118.000,-42.500,0.7850,1.4200
405,3.6398,8.1133,0.8640,393216,830.47,10.41,1955198,-191.000,-118.000,-42.500,0.7850,1.4200
406,3.6480,7.7621,0.8768,393216,830.47,10.41,1955198,-191.000,-118.000,-42.500,0.7850,1.4200
407,3.6558,8.1669,0.8912,393216,830.47,10.41,1955198,-191.000,-118.000,-42.500,0.7850,1.4200
408,3.6638,7.7869,0.9257,393216,830.47,10.41,1955198,-191.000,-118.000,-42.500,0.7850,1.4200
409,3.6715,8.0487,0.8482,393216,830.47,10.41,1955198,-191.000,-118.000,-42.500,0.7850,1.4200
410,3.6796,7.6694,0.8408,393216,830.47,10.41,1955198,-191.000,-118.000,-42.500,0.7850,1.4200
411,3.6873,8.0802,0.8359,393216,830.47,10.41,1955198,-191.000,-118.000,-42.500,0.7850,1.4200
412,3.6956,7.7624,0.9584,393216,830.47,10.41,1955198,-191.000,-118.000,-42.500,0.7850,1.4200
413,3.7035,8.2775,0.9257,393216,830.47,10.41,1955198,-191.000,-118.000,-42.500,0.7850,1.4200
414,3.7116,7.8632,0.9513,393216,830.47,10.41,1955198,-191.000,-118.000,-42.500,0.7850,1.4200
415,3.7193,8.1229,0.9817,393216,830.47,10.41,1955198,-191.000,-118.000,-42.500,0.7850,1.4200
416,3.7275,7.7084,0.9696,393216,830.47,10.41,1955198,-191.000,-118.000,-42.500,0.7850,1.4200
417,3.7350,8.1698,0.8408,393216,830.47,10.41,1955198,-191.000,-118.000,-42.500,0.7850,1.4200
418,3.7431,7.5026,0.9019,393216,830.47,10.41,1955198,-191.000,-118.000,-42.500,0.7850,1.4200
419,3.7506,8.1012,0.8503,393216,830.47,10.41,1955198,-191.000,-118.000,-42.500,0.7850,1.4200
420,3.7587,7.5004,0.8684,393216,830.47,10.41,1955198,-191.000,-118.000,-42.500,0.7850,1.4200
421,3.7665,8.1551,0.8927,393216,830.47,10.41,1955198,-191.000,-118.000,-42.500,0.7850,1.4200
422,3.7747,7.8085,0.8810,393216,830.47,10.41,1955198,-191.000,-118.000,-42.500,0.7850,1.4200
423,3.7823,8.1827,0.8285,393216,830.47,10.41,1955198,-191.000,-118.000,-42.500,0.7850,1.4200
424,3.7905,7.5934,0.8981,393216,830.47,10.41,1955198,-191.000,-118.000,-42.500,0.7850,1.4200
425,3.7984,8.2017,1.0232,393216,830.47,10.41,1955198,-191.000,-118.000,-42.500,0.7850,1.4200
426,3.8064,7.8621,0.8434,393216,830.47,10.41,1955198,-191.000,-118.000,-42.500,0.7850,1.4200
427,3.8141,7.9653,0.9207,393216,830.47,10.41,1955198,-191.000,-118.000,-42.500,0.7850,1.4200
428,3.8220,7.7950,0.8482,393216,830.47,10.41,1955198,-191.000,-118.000,-42.500,0.7850,1.4200
429,3.8299,7.8526,0.9461,393216,830.47,10.41,1955198,-191.000,-118.000,-42.500,0.7850,1.4200
430,3.8378,7.8827,0.8936,393216,830.47,10.41,1955198,-191.000,-118.000,-42.500,0.7850,1.4200
431,3.8455,7.9559,0.8727,393216,830.47,10.41,1955198,-191.000,-118.000,-42.500,0.7850,1.4200
432,3.8537,7.6601,0.9079,393216,830.47,10.41,1955198,-191.000,-118.000,-42.500,0.7850,1.4200
433,3.8613,8.1676,0.8885,393216,830.47,10.41,1955198,-191.000,-118.000,-42.500,0.7850,1.4200
434,3.8692,7.6697,0.9078,393216,830.47,10.41,1955198,-191.000,-118.000,-42.500,0.7850,1.4200
435,3.8772,7.8574,1.1041,393216,830.47,10.41,1955198,-191.000,-118.000,-42.500,0.7850,1.4200
436,3.8851,7.9730,0.8471,393216,830.47,10.41,1955198,-191.000,-118.000,-42.500,0.7850,1.4200
437,3.8927,7.9254,0.8549,393216,830.47,10.41,1955198,-191.000,-118.000,-42.500,0.7850,1.4200
438,3.9008,7.5663,0.8969,393216,830.47,10.41,1955198,-191.000,-118.000,-42.500,0.7850,1.4200
439,3.9085,8.1306,0.9156,393216,830.47,10.41,1955198,-191.000,-118.000,-42.500,0.7850,1.4200
440,3.9165,7.7475,0.8843,393216,830.47,10.41,1955198,-191.000,-118.000,-42.500,0.7850,1.4200
441,3.9242,8.0495,0.8828,393216,830.47,10.41,1955198,-191.000,-118.000,-42.500,0.7850,1.4200
442,3.9323,7.6608,0.8387,393216,830.47,10.41,1955198,-191.000,-118.000,-42.500,0.7850,1.4200
443,3.9402,8.0684,0.8925,393216,830.47,10.41,1955198,-191.000,-118.000,-42.500,0.7850,1.4200
444,3.9484,7.9032,0.9137,393216,830.47,10.41,1955198,-191.000,-118.000,-42.500,0.7850,1.4200
445,3.9563,8.2046,0.9304,393216,830.47,10.41,1955198,-191.000,-118.000,-42.500,0.7850,1.4200
446,3.9646,7.8793,0.9390,393216,830.47,10.41,1955198,-191.000,-118.000,-42.500,0.7850,1.4200
447,3.9722,8.2545,0.8832,393216,830.47,10.41,1955198,-191.000,-118.000,-42.500,0.7850,1.4200
448,3.9802,7.6487,0.8635,393216,830.47,10.41,1955198,-191.000,-118.000,-42.500,0.7850,1.4200
449,3.9881,8.0062,0.8618,393216,830.47,10.41,1955198,-191.000,-118.000,-42.500,0.7850,1.4200
450,3.9961,7.9029,0.9451,393216,830.47,10.41,1955198,-191.000,-118.000,-42.500,0.7850,1.4200
451,4.0040,7.9852,1.0241,393216,830.47,10.41,1955198,-191.000,-118.000,-42.500,0.7850,1.4200
452,4.0121,7.8741,0.9043,393216,830.47,10.41,1955198,-191.000,-118.000,-42.500,0.7850,1.4200
453,4.0200,8.0804,0.9884,393216,830.47,10.41,1955198,-191.000,-118.000,-42.500,0.7850,1.4200
454,4.0282,7.9365,1.0469,393216,830.47,10.41,1955198,-191.000,-118.000,-42.500,0.7850,1.4200
455,4.0359,8.2585,0.9556,393216,830.47,10.41,1955198,-191.000,-118.000,-42.500,0.7850,1.4200
456,4.0441,7.6386,1.0523,393216,830.47,10.41,1955198,-191.000,-118.000,-42.500,0.7850,1.4200
457,4.0518,8.2564,0.9503,393216,830.47,10.41,1955198,-191.000,-118.000,-42.500,0.7850,1.4200
458,4.0598,7.6493,0.8813,393216,830.47,10.41,1955198,-191.000,-118.000,-42.500,0.7850,1.4200
459,4.0676,8.1324,0.8830,393216,830.47,10.41,1955198,-191.000,-118.000,-42.500,0.7850,1.4200
460,4.0755,7.6356,0.8543,393216,830.47,10.41,1955198,-191.000,-118.000,-42.500,0.7850,1.4200
461,4.0834,7.9603,0.9231,393216,830.47,10.41,1955198,-191.000,-118.000,-42.500,0.7850,1.4200
462,4.0915,7.8780,0.8730,393216,830.47,10.41,1955198,-191.000,-118.000,-42.500,0.7850,1.4200
463,4.0993,8.0836,0.9512,393216,830.47,10.41,1955198,-191.000,-118.000,-42.500,0.7850,1.4200
464,4.1074,7.8032,0.9855,393216,830.47,10.41,1955198,-191.000,-118.000,-42.500,0.7850,1.4200
465,4.1152,8.1762,1.0445,393216,830.47,10.41,1955198,-191.000,-118.000,-42.500,0.7850,1.4200
466,4.1229,7.7659,0.9560,393216,830.47,10.41,1955198,-191.000,-118.000,-42.500,0.7850,1.4200
467,4.1307,7.7220,0.9510,393216,830.47,10.41,1955198,-191.000,-118.000,-42.500,0.7850,1.4200
468,4.1387,7.7862,0.9560,393216,830.47,10.41,1955198,-191.000,-118.000,-42.500,0.7850,1.4200
469,4.1465,7.9996,0.9489,393216,830.47,10.41,1955198,-191.000,-118.000,-42.500,0.7850,1.4200
470,4.1544,7.7472,0.9307,393216,830.47,10.41,1955198,-191.000,-118.000,-42.500,0.7850,1.4200
471,4.1621,7.9439,0.8892,393216,830.47,10.41,1955198,-191.000,-118.000,-42.500,0.7850,1.4200
472,4.1703,7.7230,0.9732,393216,830.47,10.41,1955198,-191.000,-118.000,-42.500,0.7850,1.4200
473,4.1780,8.1264,1.0468,393216,830.47,10.41,1955198,-191.000,-118.000,-42.500,0.7850,1.4200
474,4.1861,7.7281,1.1528,393216,830.47,10.41,1955198,-191.000,-118.000,-42.500,0.7850,1.4200
475,4.1937,8.1424,0.9520,393216,830.47,10.41,1955198,-191.000,-118.000,-42.500,0.7850,1.4200
476,4.2018,7.5247,1.0296,393216,830.47,10.41,1955198,-191.000,-118.000,-42.500,0.7850,1.4200
477,4.2094,8.1384,0.9510,393216,830.47,10.41,1955198,-191.000,-118.000,-42.500,0.7850,1.4200
478,4.2175,7.5901,0.9226,393216,830.47,10.41,1955198,-191.000,-118.000,-42.500,0.7850,1.4200
479,4.2251,8.0621,0.9041,393216,830.47,10.41,1955198,-191.000,-118.000,-42.500,0.7850,1.4200
480,4.2331,7.6363,0.9239,393216,830.47,10.41,1955198,-191.000,-118.000,-42.500,0.7850,1.4200
481,4.2408,8.0165,0.8994,393216,830.47,10.41,1955198,-191.000,-118.000,-42.500,0.7850,1.4200
482,4.2487,7.7048,0.9533,393216,830.47,10.41,1955198,-191.000,-118.000,-42.500,0.7850,1.4200
483,4.2562,7.8641,0.8704,393216,830.47,10.41,1955198,-191.000,-118.000,-42.500,0.7850,1.4200
484,4.2644,7.5386,0.9435,393216,830.47,10.41,1955198,-191.000,-118.000,-42.500,0.7850,1.4200
485,4.2721,8.2074,0.9123,393216,830.47,10.41,1955198,-191.000,-118.000,-42.500,0.7850,1.4200
486,4.2801,7.7072,0.9137,393216,830.47,10.41,1955198,-191.000,-118.000,-42.500,0.7850,1.4200
487,4.2878,7.9796,0.8571,393216,830.47,10.41,1955198,-191.000,-118.000,-42.500,0.7850,1.4200
488,4.2958,7.6539,0.8904,393216,830.47,10.41,1955198,-191.000,-118.000,-42.500,0.7850,1.4200
489,4.3034,8.0319,0.8505,393216,830.47,10.41,1955198,-191.000,-118.000,-42.500,0.7850,1.4200
490,4.3118,7.6453,0.9254,393216,830.47,10.41,1955198,-191.000,-118.000,-42.500,0.7850,1.4200
491,4.3195,8.3138,0.8560,393216,830.47,10.41,1955198,-191.000,-118.000,-42.500,0.7850,1.4200
492,4.3280,7.7520,0.9705,393216,830.47,10.41,1955198,-191.000,-118.000,-42.500,0.7850,1.4200
493,4.3355,8.4578,0.7915,393216,830.47,10.41,1955198,-191.000,-118.000,-42.500,0.7850,1.4200
494,4.3439,7.5120,1.0312,393216,830.47,10.41,1955198,-191.000,-118.000,-42.500,0.7850,1.4200
495,4.3516,8.4296,0.9249,393216,830.47,10.41,1955198,-191.000,-118.000,-42.500,0.7850,1.4200
496,4.3595,7.6505,0.8658,393216,830.47,10.41,1955198,-191.000,-118.000,-42.500,0.7850,1.4200
497,4.3672,7.9791,0.8055,393216,830.47,10.41,1955198,-191.000,-118.000,-42.500,0.7850,1.4200
498,4.3752,7.6572,0.9133,393216,830.47,10.41,1955198,-191.000,-118.000,-42.500,0.7850,1.4200
499,4.3828,7.9733,0.8714,393216,830.47,10.41,1955198,-191.000,-118.000,-42.500,0.7850,1.4200
500,4.3909,7.6457,0.8439,393216,830.47,10.41,1955198,-191.000,-118.000,-42.500,0.7850,1.4200
501,4.3987,8.0368,0.9307,393216,830.47,10.41,1955198,-191.000,-118.000,-42.500,0.7850,1.4200
502,4.4068,7.8388,0.9902,393216,830.47,10.41,1955198,-191.000,-118.000,-42.500,0.7850,1.4200
503,4.4146,8.1499,0.8916,393216,830.47,10.41,1955198,-191.000,-118.000,-42.500,0.7850,1.4200
504,4.4228,7.7364,0.8729,393216,830.47,10.41,1955198,-191.000,-118.000,-42.500,0.7850,1.4200
505,4.4306,8.1952,0.8624,393216,830.47,10.41,1955198,-191.000,-118.000,-42.500,0.7850,1.4200
506,4.4387,7.8243,0.9079,393216,830.47,10.41,1955198,-191.000,-118.000,-42.500,0.7850,1.4200
507,4.4464,8.0577,0.8730,393216,830.47,10.41,1955198,-191.000,-118.000,-42.500,0.7850,1.4200
508,4.4545,7.7215,0.8792,393216,830.47,10.41,1955198,-191.000,-118.000,-42.500,0.7850,1.4200
509,4.4623,8.0794,0.8896,393216,830.47,10.41,1955198,-191.000,-118.000,-42.500,0.7850,1.4200
510,4.4704,7.8121,0.8552,393216,830.47,10.41,1955198,-191.000,-118.000,-42.500,0.7850,1.4200
511,4.4781,8.0857,0.8710,393216,830.47,10.41,1955198,-191.000,-118.000,-42.500,0.7850,1.4200
512,4.4862,7.7405,0.9091,393216,830.47,10.41,1955198,-191.000,-118.000,-42.500,0.7850,1.4200
513,4.4940,8.1254,0.9518,393216,830.47,10.41,1955198,-191.000,-118.000,-42.500,0.7850,1.4200
514,4.5022,7.7723,1.1382,393216,830.47,10.41,1955198,-191.000,-118.000,-42.500,0.7850,1.4200
515,4.5095,8.2096,0.8491,393216,830.47,10.41,1955198,-191.000,-118.000,-42.500,0.7850,1.4200
516,4.5176,7.3364,0.8045,393216,830.47,10.41,1955198,-191.000,-118.000,-42.500,0.7850,1.4200
517,4.5253,8.0807,0.8431,393216,830.47,10.41,1955198,-191.000,-118.000,-42.500,0.7850,1.4200
518,4.5335,7.6895,0.8678,393216,830.47,10.41,1955198,-191.000,-118.000,-42.500,0.7850,1.4200
519,4.5414,8.2068,0.8669,393216,830.47,10.41,1955198,-191.000,-118.000,-42.500,0.7850,1.4200
520,4.5495,7.9163,0.8154,393216,830.47,10.41,1955198,-191.000,-118.000,-42.500,0.7850,1.4200
521,4.5573,8.0585,0.8711,393216,830.47,10.41,1955198,-191.000,-118.000,-42.500,0.7850,1.4200
522,4.5655,7.8468,0.8191,393216,830.47,10.41,1955198,-191.000,-118.000,-42.500,0.7850,1.4200
523,4.5732,8.1427,0.8820,393216,830.47,10.41,1955198,-191.000,-118.000,-42.500,0.7850,1.4200
524,4.5813,7.7513,0.9026,393216,830.47,10.41,1955198,-191.000,-118.000,-42.500,0.7850,1.4200
525,4.5891,8.1225,1.0080,393216,830.47,10.41,1955198,-191.000,-118.000,-42.500,0.7850,1.4200
526,4.5971,7.7747,0.9214,393216,830.47,10.41,1955198,-191.000,-118.000,-42.500,0.7850,1.4200
527,4.6046,7.9826,0.8096,393216,830.47,10.41,1955198,-191.000,-118.000,-42.500,0.7850,1.4200
528,4.6128,7.5032,0.8525,393216,830.47,10.41,1955198,-191.000,-118.000,-42.500,0.7850,1.4200
529,4.6206,8.2566,0.8676,393216,830.47,10.41,1955198,-191.000,-118.000,-42.500,0.7850,1.4200
530,4.6285,7.7126,0.9084,393216,830.47,10.41,1955198,-191.000,-118.000,-42.500,0.7850,1.4200
531,4.6363,7.8975,0.9584,393216,830.47,10.41,1955198,-191.000,-118.000,-42.500,0.7850,1.4200
532,4.6445,7.8642,0.9663,393216,830.47,10.41,1955198,-191.000,-118.000,-42.500,0.7850,1.4200
533,4.6524,8.2031,0.9916,393216,830.47,10.41,1955198,-191.000,-118.000,-42.500,0.7850,1.4200
534,4.6606,7.8516,1.0307,393216,830.47,10.41,1955198,-191.000,-118.000,-42.500,0.7850,1.4200
535,4.6680,8.1693,0.7723,393216,830.47,10.41,1955198,-191.000,-118.000,-42.500,0.7850,1.4200
536,4.6763,7.4674,0.8887,393216,830.47,10.41,1955198,-191.000,-118.000,-42.500,0.7850,1.4200
537,4.6839,8.2697,0.8442,393216,830.47,10.41,1955198,-191.000,-118.000,-42.500,0.7850,1.4200
538,4.6921,7.5968,0.9130,393216,830.47,10.41,1955198,-191.000,-118.000,-42.500,0.7850,1.4200
539,4.6998,8.1853,0.9113,393216,830.47,10.41,1955198,-191.000,-118.000,-42.500,0.7850,1.4200
540,4.7078,7.7296,0.8280,393216,830.47,10.41,1955198,-191.000,-118.000,-42.500,0.7850,1.4200
541,4.7158,7.9758,0.8758,393216,830.47,10.41,1955198,-191.000,-118.000,-42.500,0.7850,1.4200
542,4.7240,7.9926,0.9465,393216,830.47,10.41,1955198,-191.000,-118.000,-42.500,0.7850,1.4200
543,4.7316,8.1958,0.8630,393216,830.47,10.41,1955198,-191.000,-118.000,-42.500,0.7850,1.4200
544,4.7396,7.6045,0.8433,393216,830.47,10.41,1955198,-191.000,-118.000,-42.500,0.7850,1.4200
545,4.7473,8.0010,0.8827,393216,830.47,10.41,1955198,-191.000,-118.000,-42.500,0.7850,1.4200
546,4.7551,7.6646,0.9149,393216,830.47,10.41,1955198,-191.000,-118.000,-42.500,0.7850,1.4200
547,4.7628,7.8275,0.8346,393216,830.47,10.41,1955198,-191.000,-118.000,-42.500,0.7850,1.4200
548,4.7710,7.6923,0.8329,393216,830.47,10.41,1955198,-191.000,-118.000,-42.500,0.7850,1.4200
549,4.7788,8.1978,0.8871,393216,830.47,10.41,1955198,-191.000,-118.000,-42.500,0.7850,1.4200
550,4.7868,7.7944,0.9211,393216,830.47,10.41,1955198,-191.000,-118.000,-42.500,0.7850,1.4200
551,4.7944,8.0370,0.8645,393216,830.47,10.41,1955198,-191.000,-118.000,-42.500,0.7850,1.4200
552,4.8025,7.5748,0.9732,393216,830.47,10.41,1955198,-191.000,-118.000,-42.500,0.7850,1.4200
553,4.8101,8.1529,0.8674,393216,830.47,10.41,1955198,-191.000,-118.000,-42.500,0.7850,1.4200
554,4.8183,7.5728,1.0140,393216,830.47,10.41,1955198,-191.000,-118.000,-42.500,0.7850,1.4200
555,4.8258,8.2453,0.8695,393216,830.47,10.41,1955198,-191.000,-118.000,-42.500,0.7850,1.4200
556,4.8338,7.4750,0.8639,393216,830.47,10.41,1955198,-191.000,-118.000,-42.500,0.7850,1.4200
557,4.8415,7.9877,0.8649,393216,830.47,10.41,1955198,-191.000,-118.000,-42.500,0.7850,1.4200
558,4.8497,7.6952,0.9278,393216,830.47,10.41,1955198,-191.000,-118.000,-42.500,0.7850,1.4200
559,4.8574,8.1657,0.9120,393216,830.47,10.41,1955198,-191.000,-118.000,-42.500,0.7850,1.4200
560,4.8653,7.7058,0.8691,393216,830.47,10.41,1955198,-191.000,-118.000,-42.500,0.7850,1.4200
561,4.8730,7.9590,0.8302,393216,830.47,10.41,1955198,-191.000,-118.000,-42.500,0.7850,1.4200
562,4.8808,7.6282,0.8382,393216,830.47,10.41,1955198,-191.000,-118.000,-42.500,0.7850,1.4200
563,4.8885,7.8546,0.8514,393216,830.47,10.41,1955198,-191.000,-118.000,-42.500,0.7850,1.4200
564,4.8965,7.6969,0.8282,393216,830.47,10.41,1955198,-191.000,-118.000,-42.500,0.7850,1.4200
565,4.9042,7.9559,0.7835,393216,830.47,10.41,1955198,-191.000,-118.000,-42.500,0.7850,1.4200
566,4.9123,7.7044,0.8109,393216,830.47,10.41,1955198,-191.000,-118.000,-42.500,0.7850,1.4200
567,4.9200,8.1374,0.8198,393216,830.47,10.41,1955198,-191.000,-118.000,-42.500,0.7850,1.4200
568,4.9280,7.6590,0.8180,393216,830.47,10.41,1955198,-191.000,-118.000,-42.500,0.7850,1.4200
569,4.9358,8.0756,0.8948,393216,830.47,10.41,1955198,-191.000,-118.000,-42.500,0.7850,1.4200
570,4.9439,7.7929,0.8485,393216,830.47,10.41,1955198,-191.000,-118.000,-42.500,0.7850,1.4200
571,4.9521,8.0876,1.1624,393216,830.47,10.41,1955198,-191.000,-118.000,-42.500,0.7850,1.4200
572,4.9599,8.1511,0.9484,393216,830.47,10.41,1955198,-191.000,-118.000,-42.500,0.7850,1.4200
573,4.9675,7.8528,0.8590,393216,830.47,10.41,1955198,-191.000,-118.000,-42.500,0.7850,1.4200
574,4.9757,7.5551,0.8436,393216,830.47,10.41,1955198,-191.000,-118.000,-42.500,0.7850,1.4200
575,4.9835,8.1794,0.9203,393216,830.47,10.41,1955198,-191.000,-118.000,-42.500,0.7850,1.4200
576,4.9917,7.8211,0.8224,393216,830.47,10.41,1955198,-191.000,-118.000,-42.500,0.7850,1.4200
577,4.9994,8.2008,0.8956,393216,830.47,10.41,1955198,-191.000,-118.000,-42.500,0.7850,1.4200
578,5.0072,7.6908,0.8295,393216,830.47,10.41,1955198,-191.000,-118.000,-42.500,0.7850,1.4200
579,5.0151,7.8367,0.8947,393216,830.47,10.41,1955198,-191.000,-118.000,-42.500,0.7850,1.4200
580,5.0231,7.8845,0.9038,393216,830.47,10.41,1955198,-191.000,-118.000,-42.500,0.7850,1.4200
581,5.0309,8.0468,0.8772,393216,830.47,10.41,1955198,-191.000,-118.000,-42.500,0.7850,1.4200
582,5.0390,7.7331,0.8846,393216,830.47,10.41,1955198,-191.000,-118.000,-42.500,0.7850,1.4200
583,5.0465,8.1033,0.8540,393216,830.47,10.41,1955198,-191.000,-118.000,-42.500,0.7850,1.4200
584,5.0546,7.5175,0.9202,393216,830.47,10.41,1955198,-191.000,-118.000,-42.500,0.7850,1.4200
585,5.0621,8.0911,0.8108,393216,830.47,10.41,1955198,-191.000,-118.000,-42.500,0.7850,1.4200
586,5.0703,7.5542,0.8595,393216,830.47,10.41,1955198,-191.000,-118.000,-42.500,0.7850,1.4200
587,5.0780,8.1316,0.8982,393216,830.47,10.41,1955198,-191.000,-118.000,-42.500,0.7850,1.4200
588,5.0859,7.6747,0.8521,393216,830.47,10.41,1955198,-191.000,-118.000,-42.500,0.7850,1.4200
589,5.0936,7.9672,0.8585,393216,830.47,10.41,1955198,-191.000,-118.000,-42.500,0.7850,1.4200
590,5.1017,7.6683,0.8852,393216,830.47,10.41,1955198,-191.000,-118.000,-42.500,0.7850,1.4200
591,5.1093,8.1283,0.8497,393216,830.47,10.41,1955198,-191.000,-118.000,-42.500,0.7850,1.4200
592,5.1174,7.5982,0.7751,393216,830.47,10.41,1955198,-191.000,-118.000,-42.500,0.7850,1.4200
593,5.1251,8.0962,0.8836,393216,830.47,10.41,1955198,-191.000,-118.000,-42.500,0.7850,1.4200
594,5.1329,7.7134,0.8024,393216,830.47,10.41,1955198,-191.000,-118.000,-42.500,0.7850,1.4200
595,5.1406,7.7959,0.8669,393216,830.47,10.41,1955198,-191.000,-118.000,-42.500,0.7850,1.4200
596,5.1488,7.6654,0.8520,393216,830.47,10.41,1955198,-191.000,-118.000,-42.500,0.7850,1.4200
597,5.1565,8.1639,0.8169,393216,830.47,10.41,1955198,-191.000,-118.000,-42.500,0.7850,1.4200
598,5.1645,7.6979,0.7872,393216,830.47,10.41,1955198,-191.000,-118.000,-42.500,0.7850,1.4200
599,5.1723,8.0653,0.8592,393216,830.47,10.41,1955198,-191.000,-118.000,-42.500,0.7850,1.4200
600,5.1804,7.7953,0.8114,393216,830.47,10.41,1955198,-191.000,-118.000,-42.500,0.7850,1.4200
601,5.1882,8.0779,0.8574,393216,830.47,10.41,1955198,-191.000,-118.000,-42.500,0.7850,1.4200
602,5.1962,7.8530,0.8349,393216,830.47,10.41,1955198,-191.000,-118.000,-42.500,0.7850,1.4200
603,5.2040,7.9623,0.8039,393216,830.47,10.41,1955198,-191.000,-118.000,-42.500,0.7850,1.4200
604,5.2122,7.7984,0.9371,393216,830.47,10.41,1955198,-191.000,-118.000,-42.500,0.7850,1.4200
605,5.2200,8.2385,0.8475,393216,830.47,10.41,1955198,-191.000,-118.000,-42.500,0.7850,1.4200
606,5.2282,7.7713,0.8517,393216,830.47,10.41,1955198,-191.000,-118.000,-42.500,0.7850,1.4200
607,5.2359,8.1749,0.9079,393216,830.47,10.41,1955198,-191.000,-118.000,-42.500,0.7850,1.4200
608,5.2440,7.7227,0.9136,393216,830.47,10.41,1955198,-191.000,-118.000,-42.500,0.7850,1.4200
609,5.2523,8.1217,1.3858,393216,830.47,10.41,1955198,-191.000,-118.000,-42.500,0.7850,1.4200
610,5.2598,8.2304,1.0123,393216,830.47,10.41,1955198,-191.000,-118.000,-42.500,0.7850,1.4200
611,5.2673,7.5064,0.8681,393216,830.47,10.41,1955198,-191.000,-118.000,-42.500,0.7850,1.4200
612,5.2754,7.5707,0.8261,393216,830.47,10.41,1955198,-191.000,-118.000,-42.500,0.7850,1.4200
613,5.2832,8.1270,0.8537,393216,830.47,10.41,1955198,-191.000,-118.000,-42.500,0.7850,1.4200
614,5.2914,7.7401,0.7944,393216,830.47,10.41,1955198,-191.000,-118.000,-42.500,0.7850,1.4200
615,5.2991,8.1594,0.8428,393216,830.47,10.41,1955198,-191.000,-118.000,-42.500,0.7850,1.4200
616,5.3075,7.7524,0.8931,393216,830.47,10.41,1955198,-191.000,-118.000,-42.500,0.7850,1.4200
617,5.3153,8.4688,0.9297,393216,830.47,10.41,1955198,-191.000,-118.000,-42.500,0.7850,1.4200
618,5.3235,7.7492,0.8184,393216,830.47,10.41,1955198,-191.000,-118.000,-42.500,0.7850,1.4200
619,5.3313,8.1155,0.8789,393216,830.47,10.41,1955198,-191.000,-118.000,-42.500,0.7850,1.4200
620,5.3397,7.8125,0.8259,393216,830.47,10.41,1955198,-191.000,-118.000,-42.500,0.7850,1.4200
621,5.3477,8.4189,0.8669,393216,830.47,10.41,1955198,-191.000,-118.000,-42.500,0.7850,1.4200
622,5.3560,7.9950,0.8437,393216,830.47,10.41,1955198,-191.000,-118.000,-42.500,0.7850,1.4200
623,5.3638,8.3466,0.8430,393216,830.47,10.41,1955198,-191.000,-118.000,-42.500,0.7850,1.4200
624,5.3719,7.7521,0.8050,393216,830.47,10.41,1955198,-191.000,-118.000,-42.500,0.7850,1.4200
625,5.3798,8.1616,0.8330,393216,830.47,10.41,1955198,-191.000,-118.000,-42.500,0.7850,1.4200
626,5.3878,7.8297,0.8610,393216,830.47,10.41,1955198,-191.000,-118.000,-42.500,0.7850,1.4200
627,5.3955,8.0452,0.8295,393216,830.47,10.41,1955198,-191.000,-118.000,-42.500,0.7850,1.4200
628,5.4039,7.6973,0.8224,393216,830.47,10.41,1955198,-191.000,-118.000,-42.500,0.7850,1.4200
629,5.4116,8.3723,0.7607,393216,830.47,10.41,1955198,-191.000,-118.000,-42.500,0.7850,1.4200
630,5.4200,7.7429,0.8499,393216,830.47,10.41,1955198,-191.000,-118.000,-42.500,0.7850,1.4200
631,5.4277,8.3746,0.8834,393216,830.47,10.41,1955198,-191.000,-118.000,-42.500,0.7850,1.4200
632,5.4360,7.7098,0.9696,393216,830.47,10.41,1955198,-191.000,-118.000,-42.500,0.7850,1.4200
633,5.4437,8.3108,0.8469,393216,830.47,10.41,1955198,-191.000,-118.000,-42.500,0.7850,1.4200
634,5.4520,7.6956,0.9887,393216,830.47,10.41,1955198,-191.000,-118.000,-42.500,0.7850,1.4200
635,5.4598,8.2758,1.0325,393216,830.47,10.41,1955198,-191.000,-118.000,-42.500,0.7850,1.4200
636,5.4679,7.7997,0.9730,393216,830.47,10.41,1955198,-191.000,-118.000,-42.500,0.7850,1.4200
637,5.4755,8.1222,0.7616,393216,830.47,10.41,1955198,-191.000,-118.000,-42.500,0.7850,1.4200
638,5.4836,7.5705,0.8481,393216,830.47,10.41,1955198,-191.000,-118.000,-42.500,0.7850,1.4200
639,5.4913,8.1614,0.8375,393216,830.47,10.41,1955198,-191.000,-118.000,-42.500,0.7850,1.4200
640,5.4994,7.6374,0.7938,393216,830.47,10.41,1955198,-191.000,-118.000,-42.500,0.7850,1.4200
641,5.5071,8.0766,0.8230,393216,830.47,10.41,1955198,-191.000,-118.000,-42.500,0.7850,1.4200
642,5.5150,7.7736,0.7910,393216,830.47,10.41,1955198,-191.000,-118.000,-42.500,0.7850,1.4200
643,5.5228,7.8768,0.8574,393216,830.47,10.41,1955198,-191.000,-118.000,-42.500,0.7850,1.4200
644,5.5308,7.7802,0.8763,393216,830.47,10.41,1955198,-191.000,-118.000,-42.500,0.7850,1.4200
645,5.5385,8.0353,0.8113,393216,830.47,10.41,1955198,-191.000,-118.000,-42.500,0.7850,1.4200
646,5.5466,7.6581,0.7900,393216,830.47,10.41,1955198,-191.000,-118.000,-42.500,0.7850,1.4200
647,5.5543,8.1283,0.8126,393216,830.47,10.41,1955198,-191.000,-118.000,-42.500,0.7850,1.4200
648,5.5625,7.7021,0.8056,393216,830.47,10.41,1955198,-191.000,-118.000,-42.500,0.7850,1.4200
649,5.5701,8.1830,0.7689,393216,830.47,10.41,1955198,-191.000,-118.000,-42.500,0.7850,1.4200
650,5.5784,7.6065,0.8010,393216,830.47,10.41,1955198,-191.000,-118.000,-42.500,0.7850,1.4200
651,5.5861,8.2628,0.7737,393216,830.47,10.41,1955198,-191.000,-118.000,-42.500,0.7850,1.4200
652,5.5944,7.7024,0.8739,393216,830.47,10.41,1955198,-191.000,-118.000,-42.500,0.7850,1.4200
653,5.6021,8.3104,0.9474,393216,830.47,10.41,1955198,-191.000,-118.000,-42.500,0.7850,1.4200
654,5.6104,7.7349,1.0386,393216,830.47,10.41,1955198,-191.000,-118.000,-42.500,0.7850,1.4200
655,5.6179,8.2699,0.8924,393216,830.47,10.41,1955198,-191.000,-118.000,-42.500,0.7850,1.4200
656,5.6263,7.4859,1.0440,393216,830.47,10.41,1955198,-191.000,-118.000,-42.500,0.7850,1.4200
657,5.6336,8.3868,0.7764,393216,830.47,10.41,1955198,-191.000,-118.000,-42.500,0.7850,1.4200
658,5.6416,7.3828,0.8053,393216,830.47,10.41,1955198,-191.000,-118.000,-42.500,0.7850,1.4200
659,5.6493,7.9163,0.8557,393216,830.47,10.41,1955198,-191.000,-118.000,-42.500,0.7850,1.4200
660,5.6576,7.7528,0.8610,393216,830.47,10.41,1955198,-191.000,-118.000,-42.500,0.7850,1.4200
661,5.6655,8.3040,0.9204,393216,830.47,10.41,1955198,-191.000,-118.000,-42.500,0.7850,1.4200
662,5.6736,7.8602,0.9310,393216,830.47,10.41,1955198,-191.000,-118.000,-42.500,0.7850,1.4200
663,5.6812,8.1125,0.8753,393216,830.47,10.41,1955198,-191.000,-118.000,-42.500,0.7850,1.4200
664,5.6892,7.6266,0.8453,393216,830.47,10.41,1955198,-191.000,-118.000,-42.500,0.7850,1.4200
665,5.6969,7.9813,0.8695,393216,830.47,10.41,1955198,-191.000,-118.000,-42.500,0.7850,1.4200
666,5.7050,7.7363,0.8641,393216,830.47,10.41,1955198,-191.000,-118.000,-42.500,0.7850,1.4200
667,5.7126,8.0916,0.7984,393216,830.47,10.41,1955198,-191.000,-118.000,-42.500,0.7850,1.4200
668,5.7208,7.6097,0.8418,393216,830.47,10.41,1955198,-191.000,-118.000,-42.500,0.7850,1.4200
669,5.7287,8.1953,0.7904,393216,830.47,10.41,1955198,-191.000,-118.000,-42.500,0.7850,1.4200
670,5.7370,7.8591,0.8276,393216,830.47,10.41,1955198,-191.000,-118.000,-42.500,0.7850,1.4200
671,5.7446,8.2706,0.7615,393216,830.47,10.41,1955198,-191.000,-118.000,-42.500,0.7850,1.4200
672,5.7530,7.6726,0.8675,393216,830.47,10.41,1955198,-191.000,-118.000,-42.500,0.7850,1.4200
673,5.7607,8.3532,0.7974,393216,830.47,10.41,1955198,-191.000,-118.000,-42.500,0.7850,1.4200
674,5.7688,7.6758,0.8736,393216,830.47,10.41,1955198,-191.000,-118.000,-42.500,0.7850,1.4200
675,5.7764,8.0993,0.8312,393216,830.47,10.41,1955198,-191.000,-118.000,-42.500,0.7850,1.4200
676,5.7848,7.6905,0.9646,393216,830.47,10.41,1955198,-191.000,-118.000,-42.500,0.7850,1.4200
677,5.7923,8.3452,0.7795,393216,830.47,10.41,1955198,-191.000,-118.000,-42.500,0.7850,1.4200
678,5.8006,7.4962,0.8657,393216,830.47,10.41,1955198,-191.000,-118.000,-42.500,0.7850,1.4200
679,5.8083,8.3564,0.8218,393216,830.47,10.41,1955198,-191.000,-118.000,-42.500,0.7850,1.4200
680,5.8164,7.6081,0.8478,393216,830.47,10.41,1955198,-191.000,-118.000,-42.500,0.7850,1.4200
681,5.8242,8.1272,0.8730,393216,830.47,10.41,1955198,-191.000,-118.000,-42.500,0.7850,1.4200
682,5.8324,7.7743,0.9586,393216,830.47,10.41,1955198,-191.000,-118.000,-42.500,0.7850,1.4200
683,5.8399,8.2164,0.7848,393216,830.47,10.41,1955198,-191.000,-118.000,-42.500,0.7850,1.4200
684,5.8479,7.5092,0.9046,393216,830.47,10.41,1955198,-191.000,-118.000,-42.500,0.7850,1.4200
685,5.8556,8.0737,0.8959,393216,830.47,10.41,1955198,-191.000,-118.000,-42.500,0.7850,1.4200
686,5.8637,7.6719,0.8521,393216,830.47,10.41,1955198,-191.000,-118.000,-42.500,0.7850,1.4200
687,5.8713,8.1100,0.8450,393216,830.47,10.41,1955198,-191.000,-118.000,-42.500,0.7850,1.4200
688,5.8795,7.5796,0.8098,393216,830.47,10.41,1955198,-191.000,-118.000,-42.500,0.7850,1.4200
689,5.8871,8.1388,0.8340,393216,830.47,10.41,1955198,-191.000,-118.000,-42.500,0.7850,1.4200
690,5.8950,7.6450,0.8446,393216,830.47,10.41,1955198,-191.000,-118.000,-42.500,0.7850,1.4200
691,5.9027,7.9301,0.8207,393216,830.47,10.41,1955198,-191.000,-118.000,-42.500,0.7850,1.4200
692,5.9109,7.6292,0.8954,393216,830.47,10.41,1955198,-191.000,-118.000,-42.500,0.7850,1.4200
693,5.9185,8.2170,0.8418,393216,830.47,10.41,1955198,-191.000,-118.000,-42.500,0.7850,1.4200
694,5.9270,7.6304,1.0766,393216,830.47,10.41,1955198,-191.000,-118.000,-42.500,0.7850,1.4200
695,5.9344,8.4578,0.8641,393216,830.47,10.41,1955198,-191.000,-118.000,-42.500,0.7850,1.4200
696,5.9426,7.4790,0.9324,393216,830.47,10.41,1955198,-191.000,-118.000,-42.500,0.7850,1.4200
697,5.9501,8.2050,0.7714,393216,830.47,10.41,1955198,-191.000,-118.000,-42.500,0.7850,1.4200
698,5.9584,7.4423,0.8925,393216,830.47,10.41,1955198,-191.000,-118.000,-42.500,0.7850,1.4200
699,5.9661,8.2850,0.8887,393216,830.47,10.41,1955198,-191.000,-118.000,-42.500,0.7850,1.4200
700,5.9742,7.7963,0.9293,393216,830.47,10.41,1955198,-191.000,-118.000,-42.500,0.7850,1.4200
701,5.9819,7.9894,0.8318,393216,830.47,10.41,1955198,-191.000,-118.000,-42.500,0.7850,1.4200
702,5.9899,7.7213,0.8508,393216,830.47,10.41,1955198,-191.000,-118.000,-42.500,0.7850,1.4200
703,5.9976,8.0120,0.7686,393216,830.47,10.41,1955198,-191.000,-118.000,-42.500,0.7850,1.4200
704,6.0059,7.6955,0.8713,393216,830.47,10.41,1955198,-191.000,-118.000,-42.500,0.7850,1.4200
705,6.0136,8.4316,0.8051,393216,830.47,10.41,1955198,-191.000,-118.000,-42.500,0.7850,1.4200
706,6.0216,7.6207,0.8462,393216,830.47,10.41,1955198,-191.000,-118.000,-42.500,0.7850,1.4200
707,6.0294,7.9760,0.7784,393216,830.47,10.41,1955198,-191.000,-118.000,-42.500,0.7850,1.4200
708,6.0377,7.8169,0.8749,393216,830.47,10.41,1955198,-191.000,-118.000,-42.500,0.7850,1.4200
709,6.0454,8.2680,0.8020,393216,830.47,10.41,1955198,-191.000,-118.000,-42.500,0.7850,1.4200
710,6.0536,7.6492,0.8516,393216,830.47,10.41,1955198,-191.000,-118.000,-42.500,0.7850,1.4200
711,6.0612,8.2179,0.8202,393216,830.47,10.41,1955198,-191.000,-118.000,-42.500,0.7850,1.4200
712,6.0693,7.6394,0.8340,393216,830.47,10.41,1955198,-191.000,-118.000,-42.500,0.7850,1.4200
713,6.0772,8.1427,0.9273,393216,830.47,10.41,1955198,-191.000,-118.000,-42.500,0.7850,1.4200
714,6.0853,7.8335,0.8823,393216,830.47,10.41,1955198,-191.000,-118.000,-42.500,0.7850,1.4200
715,6.0930,8.1210,1.0217,393216,830.47,10.41,1955198,-191.000,-118.000,-42.500,0.7850,1.4200
716,6.1011,7.7143,1.0452,393216,830.47,10.41,1955198,-191.000,-118.000,-42.500,0.7850,1.4200
717,6.1085,8.0497,0.8176,393216,830.47,10.41,1955198,-191.000,-118.000,-42.500,0.7850,1.4200
718,6.1166,7.3824,0.8330,393216,830.47,10.41,1955198,-191.000,-118.000,-42.500,0.7850,1.4200
719,6.1243,8.0986,0.8460,393216,830.47,10.41,1955198,-191.000,-118.000,-42.500,0.7850,1.4200
720,6.1322,7.7177,0.8789,393216,830.47,10.41,1955198,-191.000,-118.000,-42.500,0.7850,1.4200
721,6.1398,7.9183,0.8417,393216,830.47,10.41,1955198,-191.000,-118.000,-42.500,0.7850,1.4200
722,6.1477,7.6399,0.8691,393216,830.47,10.41,1955198,-191.000,-118.000,-42.500,0.7850,1.4200
723,6.1552,7.8578,0.7977,393216,830.47,10.41,1955198,-191.000,-118.000,-42.500,0.7850,1.4200
724,6.1632,7.5219,0.8447,393216,830.47,10.41,1955198,-191.000,-118.000,-42.500,0.7850,1.4200
725,6.1709,8.0381,0.7595,393216,830.47,10.41,1955198,-191.000,-118.000,-42.500,0.7850,1.4200
726,6.1790,7.6716,0.8070,393216,830.47,10.41,1955198,-191.000,-118.000,-42.500,0.7850,1.4200
727,6.1867,8.1315,0.7805,393216,830.47,10.41,1955198,-191.000,-118.000,-42.500,0.7850,1.4200
728,6.1949,7.6760,0.8315,393216,830.47,10.41,1955198,-191.000,-118.000,-42.500,0.7850,1.4200
729,6.2027,8.2069,0.7565,393216,830.47,10.41,1955198,-191.000,-118.000,-42.500,0.7850,1.4200
730,6.2110,7.7736,0.8234,393216,830.47,10.41,1955198,-191.000,-118.000,-42.500,0.7850,1.4200
731,6.2191,8.2767,1.0756,393216,830.47,10.41,1955198,-191.000,-118.000,-42.500,0.7850,1.4200
732,6.2271,8.2076,1.1539,393216,830.47,10.41,1955198,-191.000,-118.000,-42.500,0.7850,1.4200
733,6.2346,7.9431,0.8924,393216,830.47,10.41,1955198,-191.000,-118.000,-42.500,0.7850,1.4200
734,6.2426,7.5089,0.9484,393216,830.47,10.41,1955198,-191.000,-118.000,-42.500,0.7850,1.4200
735,6.2502,7.9148,0.9196,393216,830.47,10.41,1955198,-191.000,-118.000,-42.500,0.7850,1.4200
736,6.2582,7.6307,0.8429,393216,830.47,10.41,1955198,-191.000,-118.000,-42.500,0.7850,1.4200
737,6.2664,8.0224,0.9179,393216,830.47,10.41,1955198,-191.000,-118.000,-42.500,0.7850,1.4200
738,6.2738,8.1864,0.8533,393216,830.47,10.41,1955198,-191.000,-118.000,-42.500,0.7850,1.4200
739,6.2820,7.4407,0.9452,393216,830.47,10.41,1955198,-191.000,-118.000,-42.500,0.7850,1.4200
740,6.2897,8.2041,0.8846,393216,830.47,10.41,1955198,-191.000,-118.000,-42.500,0.7850,1.4200
741,6.2980,7.6605,0.9507,393216,830.47,10.41,1955198,-191.000,-118.000,-42.500,0.7850,1.4200
742,6.3057,8.2686,0.8247,393216,830.47,10.41,1955198,-191.000,-118.000,-42.500,0.7850,1.4200
743,6.3140,7.7373,0.9468,393216,830.47,10.41,1955198,-191.000,-118.000,-42.500,0.7850,1.4200
744,6.3218,8.2648,0.8699,393216,830.47,10.41,1955198,-191.000,-118.000,-42.500,0.7850,1.4200
745,6.3301,7.8652,0.9669,393216,830.47,10.41,1955198,-191.000,-118.000,-42.500,0.7850,1.4200
746,6.3377,8.2631,0.8647,393216,830.47,10.41,1955198,-191.000,-118.000,-42.500,0.7850,1.4200
747,6.3460,7.6142,0.9363,393216,830.47,10.41,1955198,-191.000,-118.000,-42.500,0.7850,1.4200
748,6.3536,8.2442,0.8233,393216,830.47,10.41,1955198,-191.000,-118.000,-42.500,0.7850,1.4200
749,6.3617,7.6644,0.8787,393216,830.47,10.41,1955198,-191.000,-118.000,-42.500,0.7850,1.4200
750,6.3695,8.1302,0.8874,393216,830.47,10.41,1955198,-191.000,-118.000,-42.500,0.7850,1.4200
751,6.3775,7.7150,0.9892,393216,830.47,10.41,1955198,-191.000,-118.000,-42.500,0.7850,1.4200
752,6.3851,8.0488,0.8898,393216,830.47,10.41,1955198,-191.000,-118.000,-42.500,0.7850,1.4200
753,6.3933,7.5618,1.0630,393216,830.47,10.41,1955198,-191.000,-118.000,-42.500,0.7850,1.4200
754,6.4006,8.2241,0.8927,393216,830.47,10.41,1955198,-191.000,-118.000,-42.500,0.7850,1.4200
755,6.4087,7.2648,0.8974,393216,830.47,10.41,1955198,-191.000,-118.000,-42.500,0.7850,1.4200
756,6.4162,8.1231,0.8710,393216,830.47,10.41,1955198,-191.000,-118.000,-42.500,0.7850,1.4200
757,6.4244,7.5283,0.8867,393216,830.47,10.41,1955198,-191.000,-118.000,-42.500,0.7850,1.4200
758,6.4322,8.2175,0.8572,393216,830.47,10.41,1955198,-191.000,-118.000,-42.500,0.7850,1.4200
759,6.4403,7.7619,0.9432,393216,830.47,10.41,1955198,-191.000,-118.000,-42.500,0.7850,1.4200
760,6.4478,8.0869,0.7704,393216,830.47,10.41,1955198,-191.000,-118.000,-42.500,0.7850,1.4200
761,6.4561,7.6331,0.9946,393216,830.47,10.41,1955198,-191.000,-118.000,-42.500,0.7850,1.4200
762,6.4636,8.2060,0.8291,393216,830.47,10.41,1955198,-191.000,-118.000,-42.500,0.7850,1.4200
763,6.4717,7.5199,0.8738,393216,830.47,10.41,1955198,-191.000,-118.000,-42.500,0.7850,1.4200
764,6.4795,8.1048,0.8553,393216,830.47,10.41,1955198,-191.000,-118.000,-42.500,0.7850,1.4200
765,6.4875,7.7066,0.8844,393216,830.47,10.41,1955198,-191.000,-118.000,-42.500,0.7850,1.4200
766,6.4952,8.0158,0.7946,393216,830.47,10.41,1955198,-191.000,-118.000,-42.500,0.7850,1.4200
767,6.5032,7.7197,0.8872,393216,830.47,10.41,1955198,-191.000,-118.000,-42.500,0.7850,1.4200
768,6.5110,8.0475,0.7564,393216,830.47,10.41,1955198,-191.000,-118.000,-42.500,0.7850,1.4200
769,6.5193,7.7201,0.8495,393216,830.47,10.41,1955198,-191.000,-118.000,-42.500,0.7850,1.4200
770,6.5268,8.3374,0.8946,393216,830.47,10.41,1955198,-191.000,-118.000,-42.500,0.7850,1.4200
771,6.5349,7.4602,0.9168,393216,830.47,10.41,1955198,-191.000,-118.000,-42.500,0.7850,1.4200
772,6.5425,8.1929,0.8760,393216,830.47,10.41,1955198,-191.000,-118.000,-42.500,0.7850,1.4200
773,6.5506,7.5933,0.8536,393216,830.47,10.41,1955198,-191.000,-118.000,-42.500,0.7850,1.4200
774,6.5582,8.1069,0.8260,393216,830.47,10.41,1955198,-191.000,-118.000,-42.500,0.7850,1.4200
775,6.5664,7.5123,0.9254,393216,830.47,10.41,1955198,-191.000,-118.000,-42.500,0.7850,1.4200
776,6.5740,8.2158,0.7767,393216,830.47,10.41,1955198,-191.000,-118.000,-42.500,0.7850,1.4200
777,6.5824,7.6669,0.8620,393216,830.47,10.41,1955198,-191.000,-118.000,-42.500,0.7850,1.4200
778,6.5902,8.3316,0.8453,393216,830.47,10.41,1955198,-191.000,-118.000,-42.500,0.7850,1.4200
779,6.5983,7.8387,0.8207,393216,830.47,10.41,1955198,-191.000,-118.000,-42.500,0.7850,1.4200
780,6.6061,8.0685,0.9153,393216,830.47,10.41,1955198,-191.000,-118.000,-42.500,0.7850,1.4200
781,6.6143,7.7817,0.8658,393216,830.47,10.41,1955198,-191.000,-118.000,-42.500,0.7850,1.4200
782,6.6220,8.2301,0.8880,393216,830.47,10.41,1955198,-191.000,-118.000,-42.500,0.7850,1.4200
783,6.6300,7.7188,0.8017,393216,830.47,10.41,1955198,-191.000,-118.000,-42.500,0.7850,1.4200
784,6.6380,7.9944,0.9624,393216,830.47,10.41,1955198,-191.000,-118.000,-42.500,0.7850,1.4200
785,6.6461,8.0099,0.8375,393216,830.47,10.41,1955198,-191.000,-118.000,-42.500,0.7850,1.4200
786,6.6537,8.0927,0.8061,393216,830.47,10.41,1955198,-191.000,-118.000,-42.500,0.7850,1.4200
787,6.6618,7.5508,0.8554,393216,830.47,10.41,1955198,-191.000,-118.000,-42.500,0.7850,1.4200
788,6.6696,8.1778,0.8508,393216,830.47,10.41,1955198,-191.000,-118.000,-42.500,0.7850,1.4200
789,6.6778,7.7867,0.8920,393216,830.47,10.41,1955198,-191.000,-118.000,-42.500,0.7850,1.4200
790,6.6857,8.2127,0.9761,393216,830.47,10.41,1955198,-191.000,-118.000,-42.500,0.7850,1.4200
791,6.6938,7.8941,0.9587,393216,830.47,10.41,1955198,-191.000,-118.000,-42.500,0.7850,1.4200
792,6.7015,8.0883,0.8794,393216,830.47,10.41,1955198,-191.000,-118.000,-42.500,0.7850,1.4200
793,6.7097,7.7136,0.9645,393216,830.47,10.41,1955198,-191.000,-118.000,-42.500,0.7850,1.4200
794,6.7173,8.1599,0.8329,393216,830.47,10.41,1955198,-191.000,-118.000,-42.500,0.7850,1.4200
795,6.7256,7.6786,0.8975,393216,830.47,10.41,1955198,-191.000,-118.000,-42.500,0.7850,1.4200
796,6.7335,8.2477,0.8804,393216,830.47,10.41,1955198,-191.000,-118.000,-42.500,0.7850,1.4200
797,6.7419,7.9288,0.8595,393216,830.47,10.41,1955198,-191.000,-118.000,-42.500,0.7850,1.4200
798,6.7497,8.3982,0.8693,393216,830.47,10.41,1955198,-191.000,-118.000,-42.500,0.7850,1.4200
799,6.7580,7.7233,0.8023,393216,830.47,10.41,1955198,-191.000,-118.000,-42.500,0.7850,1.4200
800,6.7657,8.2811,0.8977,393216,830.47,10.41,1955198,-191.000,-118.000,-42.500,0.7850,1.4200
801,6.7739,7.7743,0.8331,393216,830.47,10.41,1955198,-191.000,-118.000,-42.500,0.7850,1.4200
802,6.7815,8.1785,0.9181,393216,830.47,10.41,1955198,-191.000,-118.000,-42.500,0.7850,1.4200
803,6.7897,7.5516,0.8381,393216,830.47,10.41,1955198,-191.000,-118.000,-42.500,0.7850,1.4200
804,6.7974,8.2055,0.8410,393216,830.47,10.41,1955198,-191.000,-118.000,-42.500,0.7850,1.4200
805,6.8056,7.7685,0.8529,393216,830.47,10.41,1955198,-191.000,-118.000,-42.500,0.7850,1.4200
806,6.8135,8.2140,0.9161,393216,830.47,10.41,1955198,-191.000,-118.000,-42.500,0.7850,1.4200
807,6.8216,7.8554,0.8377,393216,830.47,10.41,1955198,-191.000,-118.000,-42.500,0.7850,1.4200
808,6.8294,8.0942,0.8111,393216,830.47,10.41,1955198,-191.000,-118.000,-42.500,0.7850,1.4200
809,6.8376,7.7747,0.8660,393216,830.47,10.41,1955198,-191.000,-118.000,-42.500,0.7850,1.4200
810,6.8455,8.2741,0.8859,393216,830.47,10.41,1955198,-191.000,-118.000,-42.500,0.7850,1.4200
811,6.8538,7.8466,0.8422,393216,830.47,10.41,1955198,-191.000,-118.000,-42.500,0.7850,1.4200
812,6.8616,8.2633,0.8509,393216,830.47,10.41,1955198,-191.000,-118.000,-42.500,0.7850,1.4200
813,6.8700,7.8875,0.8651,393216,830.47,10.41,1955198,-191.000,-118.000,-42.500,0.7850,1.4200
814,6.8779,8.4065,0.9083,393216,830.47,10.41,1955198,-191.000,-118.000,-42.500,0.7850,1.4200
815,6.8861,7.8432,0.8825,393216,830.47,10.41,1955198,-191.000,-118.000,-42.500,0.7850,1.4200
816,6.8939,8.2566,0.9015,393216,830.47,10.41,1955198,-191.000,-118.000,-42.500,0.7850,1.4200
817,6.9021,7.8034,0.8965,393216,830.47,10.41,1955198,-191.000,-118.000,-42.500,0.7850,1.4200
818,6.9097,8.1616,0.9117,393216,830.47,10.41,1955198,-191.000,-118.000,-42.500,0.7850,1.4200
819,6.9183,7.5797,1.1806,393216,830.47,10.41,1955198,-191.000,-118.000,-42.500,0.7850,1.4200
820,6.9257,8.5930,0.8191,393216,830.47,10.41,1955198,-191.000,-118.000,-42.500,0.7850,1.4200
821,6.9341,7.3801,0.9683,393216,830.47,10.41,1955198,-191.000,-118.000,-42.500,0.7850,1.4200
822,6.9417,8.4289,0.8117,393216,830.47,10.41,1955198,-191.000,-118.000,-42.500,0.7850,1.4200
823,6.9500,7.6253,0.8968,393216,830.47,10.41,1955198,-191.000,-118.000,-42.500,0.7850,1.4200
824,6.9577,8.3094,0.8364,393216,830.47,10.41,1955198,-191.000,-118.000,-42.500,0.7850,1.4200
825,6.9660,7.6841,0.8960,393216,830.47,10.41,1955198,-191.000,-118.000,-42.500,0.7850,1.4200
826,6.9736,8.2676,0.8268,393216,830.47,10.41,1955198,-191.000,-118.000,-42.500,0.7850,1.4200
827,6.9821,7.6525,0.9220,393216,830.47,10.41,1955198,-191.000,-118.000,-42.500,0.7850,1.4200
828,6.9898,8.4269,0.8837,393216,830.47,10.41,1955198,-191.000,-118.000,-42.500,0.7850,1.4200
829,6.9979,7.6899,0.9059,393216,830.47,10.41,1955198,-191.000,-118.000,-42.500,0.7850,1.4200
830,7.0057,8.1828,0.8142,393216,830.47,10.41,1955198,-191.000,-118.000,-42.500,0.7850,1.4200
831,7.0140,7.7729,0.8965,393216,830.47,10.41,1955198,-191.000,-118.000,-42.500,0.7850,1.4200
832,7.0217,8.3206,0.8481,393216,830.47,10.41,1955198,-191.000,-118.000,-42.500,0.7850,1.4200
833,7.0302,7.7222,0.9062,393216,830.47,10.41,1955198,-191.000,-118.000,-42.500,0.7850,1.4200
834,7.0376,8.4447,0.8702,393216,830.47,10.41,1955198,-191.000,-118.000,-42.500,0.7850,1.4200
835,7.0460,7.4437,0.9298,393216,830.47,10.41,1955198,-191.000,-118.000,-42.500,0.7850,1.4200
836,7.0537,8.3491,0.9737,393216,830.47,10.41,1955198,-191.000,-118.000,-42.500,0.7850,1.4200
837,7.0618,7.7814,0.8643,393216,830.47,10.41,1955198,-191.000,-118.000,-42.500,0.7850,1.4200
838,7.0697,8.0452,1.0126,393216,830.47,10.41,1955198,-191.000,-118.000,-42.500,0.7850,1.4200
839,7.0777,7.8604,0.9216,393216,830.47,10.41,1955198,-191.000,-118.000,-42.500,0.7850,1.4200
840,7.0854,8.0508,0.9088,393216,830.47,10.41,1955198,-191.000,-118.000,-42.500,0.7850,1.4200
841,7.0936,7.7160,0.9400,393216,830.47,10.41,1955198,-191.000,-118.000,-42.500,0.7850,1.4200
842,7.1013,8.1635,0.9179,393216,830.47,10.41,1955198,-191.000,-118.000,-42.500,0.7850,1.4200
843,7.1096,7.6937,1.0497,393216,830.47,10.41,1955198,-191.000,-118.000,-42.500,0.7850,1.4200
844,7.1173,8.3296,0.9874,393216,830.47,10.41,1955198,-191.000,-118.000,-42.500,0.7850,1.4200
845,7.1257,7.7271,0.9311,393216,830.47,10.41,1955198,-191.000,-118.000,-42.500,0.7850,1.4200
846,7.1332,8.3586,0.8613,393216,830.47,10.41,1955198,-191.000,-118.000,-42.500,0.7850,1.4200
847,7.1412,7.4719,0.8686,393216,830.47,10.41,1955198,-191.000,-118.000,-42.500,0.7850,1.4200
848,7.1490,8.0340,0.9023,393216,830.47,10.41,1955198,-191.000,-118.000,-42.500,0.7850,1.4200
849,7.1569,7.7747,0.8857,393216,830.47,10.41,1955198,-191.000,-118.000,-42.500,0.7850,1.4200
850,7.1644,7.9603,0.8994,393216,830.47,10.41,1955198,-191.000,-118.000,-42.500,0.7850,1.4200
851,7.1725,7.4288,0.8401,393216,830.47,10.41,1955198,-191.000,-118.000,-42.500,0.7850,1.4200
852,7.1803,8.1527,0.8938,393216,830.47,10.41,1955198,-191.000,-118.000,-42.500,0.7850,1.4200
853,7.1885,7.7895,0.9213,393216,830.47,10.41,1955198,-191.000,-118.000,-42.500,0.7850,1.4200
854,7.1962,8.1450,0.8370,393216,830.47,10.41,1955198,-191.000,-118.000,-42.500,0.7850,1.4200
855,7.2043,7.7079,0.8141,393216,830.47,10.41,1955198,-191.000,-118.000,-42.500,0.7850,1.4200
856,7.2121,8.1126,0.8428,393216,830.47,10.41,1955198,-191.000,-118.000,-42.500,0.7850,1.4200
857,7.2202,7.7913,0.8188,393216,830.47,10.41,1955198,-191.000,-118.000,-42.500,0.7850,1.4200
858,7.2278,8.1321,0.8050,393216,830.47,10.41,1955198,-191.000,-118.000,-42.500,0.7850,1.4200
859,7.2361,7.5952,0.8266,393216,830.47,10.41,1955198,-191.000,-118.000,-42.500,0.7850,1.4200
860,7.2438,8.2474,0.8488,393216,830.47,10.41,1955198,-191.000,-118.000,-42.500,0.7850,1.4200
861,7.2518,7.7272,0.9043,393216,830.47,10.41,1955198,-191.000,-118.000,-42.500,0.7850,1.4200
862,7.2597,8.0239,1.0437,393216,830.47,10.41,1955198,-191.000,-118.000,-42.500,0.7850,1.4200
863,7.2678,7.8749,1.1712,393216,830.47,10.41,1955198,-191.000,-118.000,-42.500,0.7850,1.4200
864,7.2751,8.1180,0.8516,393216,830.47,10.41,1955198,-191.000,-118.000,-42.500,0.7850,1.4200
865,7.2830,7.2951,0.8712,393216,830.47,10.41,1955198,-191.000,-118.000,-42.500,0.7850,1.4200
866,7.2905,7.9419,0.8797,393216,830.47,10.41,1955198,-191.000,-118.000,-42.500,0.7850,1.4200
867,7.2985,7.4213,0.9483,393216,830.47,10.41,1955198,-191.000,-118.000,-42.500,0.7850,1.4200
868,7.3063,8.0605,0.9085,393216,830.47,10.41,1955198,-191.000,-118.000,-42.500,0.7850,1.4200
869,7.3142,7.7418,0.8829,393216,830.47,10.41,1955198,-191.000,-118.000,-42.500,0.7850,1.4200
870,7.3222,7.9916,0.8635,393216,830.47,10.41,1955198,-191.000,-118.000,-42.500,0.7850,1.4200
871,7.3302,7.9304,0.9001,393216,830.47,10.41,1955198,-191.000,-118.000,-42.500,0.7850,1.4200
872,7.3380,8.0351,0.8768,393216,830.47,10.41,1955198,-191.000,-118.000,-42.500,0.7850,1.4200
873,7.3460,7.7906,0.8523,393216,830.47,10.41,1955198,-191.000,-118.000,-42.500,0.7850,1.4200
874,7.3537,7.9888,0.8044,393216,830.47,10.41,1955198,-191.000,-118.000,-42.500,0.7850,1.4200
875,7.3618,7.7279,0.9072,393216,830.47,10.41,1955198,-191.000,-118.000,-42.500,0.7850,1.4200
876,7.3697,8.0913,0.8558,393216,830.47,10.41,1955198,-191.000,-118.000,-42.500,0.7850,1.4200
877,7.3776,7.8535,0.8357,393216,830.47,10.41,1955198,-191.000,-118.000,-42.500,0.7850,1.4200
878,7.3853,7.9367,0.8467,393216,830.47,10.41,1955198,-191.000,-118.000,-42.500,0.7850,1.4200
879,7.3933,7.7070,0.9393,393216,830.47,10.41,1955198,-191.000,-118.000,-42.500,0.7850,1.4200
880,7.4010,8.0313,0.9659,393216,830.47,10.41,1955198,-191.000,-118.000,-42.500,0.7850,1.4200
881,7.4091,7.7251,1.0443,393216,830.47,10.41,1955198,-191.000,-118.000,-42.500,0.7850,1.4200
882,7.4162,8.0361,0.7388,393216,830.47,10.41,1955198,-191.000,-118.000,-42.500,0.7850,1.4200
883,7.4243,7.1179,0.8481,393216,830.47,10.41,1955198,-191.000,-118.000,-42.500,0.7850,1.4200
884,7.4320,8.0368,0.8819,393216,830.47,10.41,1955198,-191.000,-118.000,-42.500,0.7850,1.4200
885,7.4399,7.6947,0.8726,393216,830.47,10.41,1955198,-191.000,-118.000,-42.500,0.7850,1.4200
886,7.4475,7.9335,0.8346,393216,830.47,10.41,1955198,-191.000,-118.000,-42.500,0.7850,1.4200
887,7.4555,7.6191,0.8643,393216,830.47,10.41,1955198,-191.000,-118.000,-42.500,0.7850,1.4200
888,7.4633,8.0323,0.9661,393216,830.47,10.41,1955198,-191.000,-118.000,-42.500,0.7850,1.4200
889,7.4711,7.8323,0.8686,393216,830.47,10.41,1955198,-191.000,-118.000,-42.500,0.7850,1.4200
890,7.4787,7.7773,0.7942,393216,830.47,10.41,1955198,-191.000,-118.000,-42.500,0.7850,1.4200
891,7.4867,7.5990,0.8355,393216,830.47,10.41,1955198,-191.000,-118.000,-42.500,0.7850,1.4200
892,7.4943,7.9251,0.8367,393216,830.47,10.41,1955198,-191.000,-118.000,-42.500,0.7850,1.4200
893,7.5023,7.6368,0.8857,393216,830.47,10.41,1955198,-191.000,-118.000,-42.500,0.7850,1.4200
894,7.5099,8.0322,0.8021,393216,830.47,10.41,1955198,-191.000,-118.000,-42.500,0.7850,1.4200
895,7.5183,7.5340,1.3069,393216,830.47,10.41,1955198,-191.000,-118.000,-42.500,0.7850,1.4200
896,7.5256,8.4542,0.8558,393216,830.47,10.41,1955198,-191.000,-118.000,-42.500,0.7850,1.4200
897,7.5338,7.3302,0.9038,393216,830.47,10.41,1955198,-191.000,-118.000,-42.500,0.7850,1.4200
898,7.5413,8.1630,0.8338,393216,830.47,10.41,1955198,-191.000,-118.000,-42.500,0.7850,1.4200
899,7.5492,7.4420,0.7928,393216,830.47,10.41,1955198,-191.000,-118.000,-42.500,0.7850,1.4200
900,7.5570,7.9110,0.8181,393216,830.47,10.41,1955198,-191.000,-118.000,-42.500,0.7850,1.4200
901,7.5652,7.8310,0.8435,393216,830.47,10.41,1955198,-191.000,-118.000,-42.500,0.7850,1.4200
902,7.5730,8.1818,0.8595,393216,830.47,10.41,1955198,-191.000,-118.000,-42.500,0.7850,1.4200
903,7.5811,7.8218,0.8815,393216,830.47,10.41,1955198,-191.000,-118.000,-42.500,0.7850,1.4200
904,7.5888,8.0991,0.8188,393216,830.47,10.41,1955198,-191.000,-118.000,-42.500,0.7850,1.4200
905,7.5969,7.6995,0.8621,393216,830.47,10.41,1955198,-191.000,-118.000,-42.500,0.7850,1.4200
906,7.6047,8.1145,0.8654,393216,830.47,10.41,1955198,-191.000,-118.000,-42.500,0.7850,1.4200
907,7.6128,7.8046,0.8496,393216,830.47,10.41,1955198,-191.000,-118.000,-42.500,0.7850,1.4200
908,7.6205,8.0467,0.8994,393216,830.47,10.41,1955198,-191.000,-118.000,-42.500,0.7850,1.4200
909,7.6285,7.7411,0.8200,393216,830.47,10.41,1955198,-191.000,-118.000,-42.500,0.7850,1.4200
910,7.6362,8.0222,0.8486,393216,830.47,10.41,1955198,-191.000,-118.000,-42.500,0.7850,1.4200
911,7.6443,7.7114,0.8287,393216,830.47,10.41,1955198,-191.000,-118.000,-42.500,0.7850,1.4200
912,7.6524,8.0077,0.8377,393216,830.47,10.41,1955198,-191.000,-118.000,-42.500,0.7850,1.4200
913,7.6603,8.1672,0.9003,393216,830.47,10.41,1955198,-191.000,-118.000,-42.500,0.7850,1.4200
914,7.6683,7.8444,0.9391,393216,830.47,10.41,1955198,-191.000,-118.000,-42.500,0.7850,1.4200
915,7.6759,7.9903,0.9032,393216,830.47,10.41,1955198,-191.000,-118.000,-42.500,0.7850,1.4200
916,7.6842,7.6127,1.0100,393216,830.47,10.41,1955198,-191.000,-118.000,-42.500,0.7850,1.4200
917,7.6921,8.2865,1.0423,393216,830.47,10.41,1955198,-191.000,-118.000,-42.500,0.7850,1.4200
918,7.7002,7.9771,0.9326,393216,830.47,10.41,1955198,-191.000,-118.000,-42.500,0.7850,1.4200
919,7.7080,8.0784,0.8704,393216,830.47,10.41,1955198,-191.000,-118.000,-42.500,0.7850,1.4200
920,7.7163,7.7476,1.0431,393216,830.47,10.41,1955198,-191.000,-118.000,-42.500,0.7850,1.4200
921,7.7239,8.3135,0.8963,393216,830.47,10.41,1955198,-191.000,-118.000,-42.500,0.7850,1.4200
922,7.7320,7.6528,0.8465,393216,830.47,10.41,1955198,-191.000,-118.000,-42.500,0.7850,1.4200
923,7.7399,8.0662,0.9474,393216,830.47,10.41,1955198,-191.000,-118.000,-42.500,0.7850,1.4200
924,7.7479,7.9240,0.9387,393216,830.47,10.41,1955198,-191.000,-118.000,-42.500,0.7850,1.4200
925,7.7558,8.0399,0.9098,393216,830.47,10.41,1955198,-191.000,-118.000,-42.500,0.7850,1.4200
926,7.7641,7.8786,0.8726,393216,830.47,10.41,1955198,-191.000,-118.000,-42.500,0.7850,1.4200
927,7.7719,8.2561,0.8503,393216,830.47,10.41,1955198,-191.000,-118.000,-42.500,0.7850,1.4200
928,7.7802,7.8573,0.9240,393216,830.47,10.41,1955198,-191.000,-118.000,-42.500,0.7850,1.4200
929,7.7878,8.2232,0.8259,393216,830.47,10.41,1955198,-191.000,-118.000,-42.500,0.7850,1.4200
930,7.7958,7.6586,0.8954,393216,830.47,10.41,1955198,-191.000,-118.000,-42.500,0.7850,1.4200
931,7.8035,7.9214,0.8287,393216,830.47,10.41,1955198,-191.000,-118.000,-42.500,0.7850,1.4200
932,7.8117,7.7433,0.8076,393216,830.47,10.41,1955198,-191.000,-118.000,-42.500,0.7850,1.4200
933,7.8195,8.1946,0.8509,393216,830.47,10.41,1955198,-191.000,-118.000,-42.500,0.7850,1.4200
934,7.8276,7.8095,0.8821,393216,830.47,10.41,1955198,-191.000,-118.000,-42.500,0.7850,1.4200
935,7.8352,8.0809,0.7665,393216,830.47,10.41,1955198,-191.000,-118.000,-42.500,0.7850,1.4200
936,7.8434,7.6388,0.8537,393216,830.47,10.41,1955198,-191.000,-118.000,-42.500,0.7850,1.4200
937,7.8514,8.2020,1.0799,393216,830.47,10.41,1955198,-191.000,-118.000,-42.500,0.7850,1.4200
938,7.8595,8.0034,1.0841,393216,830.47,10.41,1955198,-191.000,-118.000,-42.500,0.7850,1.4200
939,7.8672,8.0892,1.0242,393216,830.47,10.41,1955198,-191.000,-118.000,-42.500,0.7850,1.4200
940,7.8758,7.7165,1.2587,393216,830.47,10.41,1955198,-191.000,-118.000,-42.500,0.7850,1.4200
941,7.8833,8.5713,0.9492,393216,830.47,10.41,1955198,-191.000,-118.000,-42.500,0.7850,1.4200
942,7.8913,7.5113,0.8553,393216,830.47,10.41,1955198,-191.000,-118.000,-42.500,0.7850,1.4200
943,7.8992,8.0285,0.8642,393216,830.47,10.41,1955198,-191.000,-118.000,-42.500,0.7850,1.4200
944,7.9073,7.8423,0.8551,393216,830.47,10.41,1955198,-191.000,-118.000,-42.500,0.7850,1.4200
945,7.9151,8.1083,0.9118,393216,830.47,10.41,1955198,-191.000,-118.000,-42.500,0.7850,1.4200
946,7.9229,7.8459,0.8479,393216,830.47,10.41,1955198,-191.000,-118.000,-42.500,0.7850,1.4200
947,7.9308,7.7945,0.8440,393216,830.47,10.41,1955198,-191.000,-118.000,-42.500,0.7850,1.4200
948,7.9389,7.8359,0.8738,393216,830.47,10.41,1955198,-191.000,-118.000,-42.500,0.7850,1.4200
949,7.9467,8.1477,0.8978,393216,830.47,10.41,1955198,-191.000,-118.000,-42.500,0.7850,1.4200
950,7.9548,7.7689,0.8640,393216,830.47,10.41,1955198,-191.000,-118.000,-42.500,0.7850,1.4200
951,7.9625,8.1042,0.8458,393216,830.47,10.41,1955198,-191.000,-118.000,-42.500,0.7850,1.4200
952,7.9706,7.7604,0.8631,393216,830.47,10.41,1955198,-191.000,-118.000,-42.500,0.7850,1.4200
953,7.9783,8.0886,0.8378,393216,830.47,10.41,1955198,-191.000,-118.000,-42.500,0.7850,1.4200
954,7.9867,7.6708,0.8995,393216,830.47,10.41,1955198,-191.000,-118.000,-42.500,0.7850,1.4200
955,7.9944,8.3553,0.8369,393216,830.47,10.41,1955198,-191.000,-118.000,-42.500,0.7850,1.4200
956,8.0028,7.7427,0.8490,393216,830.47,10.41,1955198,-191.000,-118.000,-42.500,0.7850,1.4200
957,8.0106,8.4225,0.8576,393216,830.47,10.41,1955198,-191.000,-118.000,-42.500,0.7850,1.4200
958,8.0190,7.8207,0.8537,393216,830.47,10.41,1955198,-191.000,-118.000,-42.500,0.7850,1.4200
959,8.0267,8.3158,0.8454,393216,830.47,10.41,1955198,-191.000,-118.000,-42.500,0.7850,1.4200
960,8.0350,7.7146,0.8331,393216,830.47,10.41,1955198,-191.000,-118.000,-42.500,0.7850,1.4200
961,8.0429,8.3142,0.8459,393216,830.47,10.41,1955198,-191.000,-118.000,-42.500,0.7850,1.4200
962,8.0512,7.9322,1.1580,393216,830.47,10.41,1955198,-191.000,-118.000,-42.500,0.7850,1.4200
963,8.0588,8.2688,0.9239,393216,830.47,10.41,1955198,-191.000,-118.000,-42.500,0.7850,1.4200
964,8.0671,7.5877,1.0448,393216,830.47,10.41,1955198,-191.000,-118.000,-42.500,0.7850,1.4200
965,8.0747,8.3090,0.8532,393216,830.47,10.41,1955198,-191.000,-118.000,-42.500,0.7850,1.4200
966,8.0828,7.6016,0.8674,393216,830.47,10.41,1955198,-191.000,-118.000,-42.500,0.7850,1.4200
967,8.0904,8.0840,0.8684,393216,830.47,10.41,1955198,-191.000,-118.000,-42.500,0.7850,1.4200
968,8.0984,7.6329,0.8322,393216,830.47,10.41,1955198,-191.000,-118.000,-42.500,0.7850,1.4200
969,8.1062,8.0594,0.8686,393216,830.47,10.41,1955198,-191.000,-118.000,-42.500,0.7850,1.4200
970,8.1142,7.7693,0.8240,393216,830.47,10.41,1955198,-191.000,-118.000,-42.500,0.7850,1.4200
971,8.1221,8.0047,0.9344,393216,830.47,10.41,1955198,-191.000,-118.000,-42.500,0.7850,1.4200
972,8.1299,7.8511,0.8720,393216,830.47,10.41,1955198,-191.000,-118.000,-42.500,0.7850,1.4200
973,8.1375,7.8086,0.8100,393216,830.47,10.41,1955198,-191.000,-118.000,-42.500,0.7850,1.4200
974,8.1457,7.6416,0.8554,393216,830.47,10.41,1955198,-191.000,-118.000,-42.500,0.7850,1.4200
975,8.1533,8.1510,0.8280,393216,830.47,10.41,1955198,-191.000,-118.000,-42.500,0.7850,1.4200
976,8.1614,7.5916,0.8180,393216,830.47,10.41,1955198,-191.000,-118.000,-42.500,0.7850,1.4200
977,8.1691,8.0879,0.8796,393216,830.47,10.41,1955198,-191.000,-118.000,-42.500,0.7850,1.4200
978,8.1768,7.7349,0.8435,393216,830.47,10.41,1955198,-191.000,-118.000,-42.500,0.7850,1.4200
979,8.1844,7.6722,0.8066,393216,830.47,10.41,1955198,-191.000,-118.000,-42.500,0.7850,1.4200
980,8.1928,7.5982,1.0083,393216,830.47,10.41,1955198,-191.000,-118.000,-42.500,0.7850,1.4200
981,8.2004,8.4647,0.7510,393216,830.47,10.41,1955198,-191.000,-118.000,-42.500,0.7850,1.4200
982,8.2089,7.5074,1.0044,393216,830.47,10.41,1955198,-191.000,-118.000,-42.500,0.7850,1.4200
983,8.2166,8.5661,0.8372,393216,830.47,10.41,1955198,-191.000,-118.000,-42.500,0.7850,1.4200
984,8.2250,7.6856,0.9138,393216,830.47,10.41,1955198,-191.000,-118.000,-42.500,0.7850,1.4200
985,8.2325,8.4006,0.8121,393216,830.47,10.41,1955198,-191.000,-118.000,-42.500,0.7850,1.4200
986,8.2408,7.5166,0.8327,393216,830.47,10.41,1955198,-191.000,-118.000,-42.500,0.7850,1.4200
987,8.2487,8.3171,0.8299,393216,830.47,10.41,1955198,-191.000,-118.000,-42.500,0.7850,1.4200
988,8.2570,7.8924,0.8670,393216,830.47,10.41,1955198,-191.000,-118.000,-42.500,0.7850,1.4200
989,8.2649,8.2864,0.8462,393216,830.47,10.41,1955198,-191.000,-118.000,-42.500,0.7850,1.4200
990,8.2731,7.8713,0.8680,393216,830.47,10.41,1955198,-191.000,-118.000,-42.500,0.7850,1.4200
991,8.2809,8.2155,0.8449,393216,830.47,10.41,1955198,-191.000,-118.000,-42.500,0.7850,1.4200
992,8.2891,7.7517,0.8271,393216,830.47,10.41,1955198,-191.000,-118.000,-42.500,0.7850,1.4200
993,8.2970,8.2879,0.8916,393216,830.47,10.41,1955198,-191.000,-118.000,-42.500,0.7850,1.4200
994,8.3049,7.8427,0.9049,393216,830.47,10.41,1955198,-191.000,-118.000,-42.500,0.7850,1.4200
995,8.3126,7.9469,0.9125,393216,830.47,10.41,1955198,-191.000,-118.000,-42.500,0.7850,1.4200
996,8.3206,7.6936,0.8343,393216,830.47,10.41,1955198,-191.000,-118.000,-42.500,0.7850,1.4200
997,8.3284,7.9881,0.8976,393216,830.47,10.41,1955198,-191.000,-118.000,-42.500,0.7850,1.4200
998,8.3366,7.7566,0.8208,393216,830.47,10.41,1955198,-191.000,-118.000,-42.500,0.7850,1.4200
999,8.3443,8.1950,0.8602,393216,830.47,10.41,1955198,-191.000,-118.000,-42.500,0.7850,1.4200
1000,8.3527,7.7034,0.8491,393216,830.47,10.41,1955198,-191.000,-118.000,-42.500,0.7850,1.4200
1001,8.3603,8.4137,0.8213,393216,830.47,10.41,1955198,-191.000,-118.000,-42.500,0.7850,1.4200
1002,8.3684,7.5977,0.8164,393216,830.47,10.41,1955198,-191.000,-118.000,-42.500,0.7850,1.4200
1003,8.3761,8.1293,0.8178,393216,830.47,10.41,1955198,-191.000,-118.000,-42.500,0.7850,1.4200
1004,8.3845,7.6698,1.0292,393216,830.47,10.41,1955198,-191.000,-118.000,-42.500,0.7850,1.4200
1005,8.3921,8.4159,0.9716,393216,830.47,10.41,1955198,-191.000,-118.000,-42.500,0.7850,1.4200
1006,8.4005,7.6277,1.1583,393216,830.47,10.41,1955198,-191.000,-118.000,-42.500,0.7850,1.4200
1007,8.4078,8.4142,0.7363,393216,830.47,10.41,1955198,-191.000,-118.000,-42.500,0.7850,1.4200
1008,8.4164,7.3022,0.8713,393216,830.47,10.41,1955198,-191.000,-118.000,-42.500,0.7850,1.4200
1009,8.4241,8.5754,0.8206,393216,830.47,10.41,1955198,-191.000,-118.000,-42.500,0.7850,1.4200
1010,8.4321,7.6529,0.8844,393216,830.47,10.41,1955198,-191.000,-118.000,-42.500,0.7850,1.4200
1011,8.4397,8.0119,0.8595,393216,830.47,10.41,1955198,-191.000,-118.000,-42.500,0.7850,1.4200
1012,8.4479,7.5772,0.8576,393216,830.47,10.41,1955198,-191.000,-118.000,-42.500,0.7850,1.4200
1013,8.4555,8.2286,0.9119,393216,830.47,10.41,1955198,-191.000,-118.000,-42.500,0.7850,1.4200
1014,8.4639,7.6591,1.0059,393216,830.47,10.41,1955198,-191.000,-118.000,-42.500,0.7850,1.4200
1015,8.4713,8.3123,0.9000,393216,830.47,10.41,1955198,-191.000,-118.000,-42.500,0.7850,1.4200
1016,8.4794,7.4830,0.8827,393216,830.47,10.41,1955198,-191.000,-118.000,-42.500,0.7850,1.4200
1017,8.4872,8.0973,0.9580,393216,830.47,10.41,1955198,-191.000,-118.000,-42.500,0.7850,1.4200
1018,8.4953,7.7727,0.9340,393216,830.47,10.41,1955198,-191.000,-118.000,-42.500,0.7850,1.4200
1019,8.5028,8.0619,0.8534,393216,830.47,10.41,1955198,-191.000,-118.000,-42.500,0.7850,1.4200
1020,8.5109,7.5167,0.8432,393216,830.47,10.41,1955198,-191.000,-118.000,-42.500,0.7850,1.4200
1021,8.5186,8.0824,0.9056,393216,830.47,10.41,1955198,-191.000,-118.000,-42.500,0.7850,1.4200
1022,8.5267,7.7096,0.9353,393216,830.47,10.41,1955198,-191.000,-118.000,-42.500,0.7850,1.4200
1023,8.5344,8.1219,0.9572,393216,830.47,10.41,1955198,-191.000,-118.000,-42.500,0.7850,1.4200
1024,8.5424,7.6846,0.9137,393216,830.47,10.41,1955198,-191.000,-118.000,-42.500,0.7850,1.4200
1025,8.5502,8.0553,1.0731,393216,830.47,10.41,1955198,-191.000,-118.000,-42.500,0.7850,1.4200
1026,8.5581,7.7913,0.9945,393216,830.47,10.41,1955198,-191.000,-118.000,-42.500,0.7850,1.4200
1027,8.5656,7.8190,0.9489,393216,830.47,10.41,1955198,-191.000,-118.000,-42.500,0.7850,1.4200
1028,8.5736,7.5778,0.8356,393216,830.47,10.41,1955198,-191.000,-118.000,-42.500,0.7850,1.4200
1029,8.5814,7.9690,0.8442,393216,830.47,10.41,1955198,-191.000,-118.000,-42.500,0.7850,1.4200
1030,8.5895,7.7565,0.8191,393216,830.47,10.41,1955198,-191.000,-118.000,-42.500,0.7850,1.4200
1031,8.5972,8.0989,0.8882,393216,830.47,10.41,1955198,-191.000,-118.000,-42.500,0.7850,1.4200
1032,8.6053,7.7882,0.8776,393216,830.47,10.41,1955198,-191.000,-118.000,-42.500,0.7850,1.4200
1033,8.6131,8.0262,0.8986,393216,830.47,10.41,1955198,-191.000,-118.000,-42.500,0.7850,1.4200
1034,8.6211,7.8601,0.8506,393216,830.47,10.41,1955198,-191.000,-118.000,-42.500,0.7850,1.4200
1035,8.6290,8.0188,0.9310,393216,830.47,10.41,1955198,-191.000,-118.000,-42.500,0.7850,1.4200
1036,8.6369,7.8422,0.8490,393216,830.47,10.41,1955198,-191.000,-118.000,-42.500,0.7850,1.4200
1037,8.6447,7.9346,0.8142,393216,830.47,10.41,1955198,-191.000,-118.000,-42.500,0.7850,1.4200
1038,8.6529,7.7281,0.8350,393216,830.47,10.41,1955198,-191.000,-118.000,-42.500,0.7850,1.4200
1039,8.6606,8.2153,0.9103,393216,830.47,10.41,1955198,-191.000,-118.000,-42.500,0.7850,1.4200
1040,8.6686,7.7410,0.8245,393216,830.47,10.41,1955198,-191.000,-118.000,-42.500,0.7850,1.4200
1041,8.6764,8.0430,0.8355,393216,830.47,10.41,1955198,-191.000,-118.000,-42.500,0.7850,1.4200
1042,8.6845,7.7776,0.9489,393216,830.47,10.41,1955198,-191.000,-118.000,-42.500,0.7850,1.4200
1043,8.6921,8.1167,0.8203,393216,830.47,10.41,1955198,-191.000,-118.000,-42.500,0.7850,1.4200
1044,8.7006,7.5785,1.0005,393216,830.47,10.41,1955198,-191.000,-118.000,-42.500,0.7850,1.4200
1045,8.7082,8.4719,0.8469,393216,830.47,10.41,1955198,-191.000,-118.000,-42.500,0.7850,1.4200
1046,8.7167,7.6096,0.9409,393216,830.47,10.41,1955198,-191.000,-118.000,-42.500,0.7850,1.4200
1047,8.7242,8.5053,0.9704,393216,830.47,10.41,1955198,-191.000,-118.000,-42.500,0.7850,1.4200
1048,8.7324,7.5160,0.8307,393216,830.47,10.41,1955198,-191.000,-118.000,-42.500,0.7850,1.4200
1049,8.7402,8.1292,0.8971,393216,830.47,10.41,1955198,-191.000,-118.000,-42.500,0.7850,1.4200
1050,8.7486,7.8214,0.9770,393216,830.47,10.41,1955198,-191.000,-118.000,-42.500,0.7850,1.4200
1051,8.7561,8.4193,0.8323,393216,830.47,10.41,1955198,-191.000,-118.000,-42.500,0.7850,1.4200
1052,8.7643,7.4701,0.8742,393216,830.47,10.41,1955198,-191.000,-118.000,-42.500,0.7850,1.4200
1053,8.7722,8.1828,0.8719,393216,830.47,10.41,1955198,-191.000,-118.000,-42.500,0.7850,1.4200
1054,8.7805,7.9206,0.9076,393216,830.47,10.41,1955198,-191.000,-118.000,-42.500,0.7850,1.4200
1055,8.7882,8.3108,0.8777,393216,830.47,10.41,1955198,-191.000,-118.000,-42.500,0.7850,1.4200
1056,8.7963,7.6873,0.8341,393216,830.47,10.41,1955198,-191.000,-118.000,-42.500,0.7850,1.4200
1057,8.8042,8.1270,0.9384,393216,830.47,10.41,1955198,-191.000,-118.000,-42.500,0.7850,1.4200
1058,8.8118,7.8651,0.8197,393216,830.47,10.41,1955198,-191.000,-118.000,-42.500,0.7850,1.4200
1059,8.8195,7.5913,0.8539,393216,830.47,10.41,1955198,-191.000,-118.000,-42.500,0.7850,1.4200
1060,8.8276,7.7003,0.8216,393216,830.47,10.41,1955198,-191.000,-118.000,-42.500,0.7850,1.4200
1061,8.8354,8.1011,0.9361,393216,830.47,10.41,1955198,-191.000,-118.000,-42.500,0.7850,1.4200
1062,8.8435,7.8161,0.9297,393216,830.47,10.41,1955198,-191.000,-118.000,-42.500,0.7850,1.4200
1063,8.8511,8.1121,0.8988,393216,830.47,10.41,1955198,-191.000,-118.000,-42.500,0.7850,1.4200
1064,8.8593,7.6110,0.9783,393216,830.47,10.41,1955198,-191.000,-118.000,-42.500,0.7850,1.4200
1065,8.8667,8.1722,0.7959,393216,830.47,10.41,1955198,-191.000,-118.000,-42.500,0.7850,1.4200
1066,8.8751,7.3990,1.0500,393216,830.47,10.41,1955198,-191.000,-118.000,-42.500,0.7850,1.4200
1067,8.8825,8.4658,0.8101,393216,830.47,10.41,1955198,-191.000,-118.000,-42.500,0.7850,1.4200
1068,8.8906,7.4101,0.7989,393216,830.47,10.41,1955198,-191.000,-118.000,-42.500,0.7850,1.4200
1069,8.8986,8.0594,1.0012,393216,830.47,10.41,1955198,-191.000,-118.000,-42.500,0.7850,1.4200
1070,8.9066,7.9778,0.8454,393216,830.47,10.41,1955198,-191.000,-118.000,-42.500,0.7850,1.4200
1071,8.9143,8.0230,0.9072,393216,830.47,10.41,1955198,-191.000,-118.000,-42.500,0.7850,1.4200
1072,8.9224,7.7216,0.8482,393216,830.47,10.41,1955198,-191.000,-118.000,-42.500,0.7850,1.4200
1073,8.9300,8.0617,0.7818,393216,830.47,10.41,1955198,-191.000,-118.000,-42.500,0.7850,1.4200
1074,8.9377,7.5926,0.8076,393216,830.47,10.41,1955198,-191.000,-118.000,-42.500,0.7850,1.4200
1075,8.9455,7.7589,0.8213,393216,830.47,10.41,1955198,-191.000,-118.000,-42.500,0.7850,1.4200
1076,8.9535,7.7442,0.8640,393216,830.47,10.41,1955198,-191.000,-118.000,-42.500,0.7850,1.4200
1077,8.9612,8.0291,0.8153,393216,830.47,10.41,1955198,-191.000,-118.000,-42.500,0.7850,1.4200
1078,8.9696,7.6924,0.9704,393216,830.47,10.41,1955198,-191.000,-118.000,-42.500,0.7850,1.4200
1079,8.9770,8.3625,0.8230,393216,830.47,10.41,1955198,-191.000,-118.000,-42.500,0.7850,1.4200
1080,8.9852,7.4387,0.9099,393216,830.47,10.41,1955198,-191.000,-118.000,-42.500,0.7850,1.4200
1081,8.9927,8.1714,0.8559,393216,830.47,10.41,1955198,-191.000,-118.000,-42.500,0.7850,1.4200
1082,9.0008,7.5323,0.8549,393216,830.47,10.41,1955198,-191.000,-118.000,-42.500,0.7850,1.4200
1083,9.0087,8.0603,0.9420,393216,830.47,10.41,1955198,-191.000,-118.000,-42.500,0.7850,1.4200
1084,9.0165,7.9534,0.8139,393216,830.47,10.41,1955198,-191.000,-118.000,-42.500,0.7850,1.4200
1085,9.0243,7.8021,0.8727,393216,830.47,10.41,1955198,-191.000,-118.000,-42.500,0.7850,1.4200
1086,9.0323,7.7397,0.8883,393216,830.47,10.41,1955198,-191.000,-118.000,-42.500,0.7850,1.4200
1087,9.0399,8.0607,0.8866,393216,830.47,10.41,1955198,-191.000,-118.000,-42.500,0.7850,1.4200
1088,9.0479,7.5975,0.8406,393216,830.47,10.41,1955198,-191.000,-118.000,-42.500,0.7850,1.4200
1089,9.0559,8.0167,0.9963,393216,830.47,10.41,1955198,-191.000,-118.000,-42.500,0.7850,1.4200
1090,9.0636,7.9984,0.9134,393216,830.47,10.41,1955198,-191.000,-118.000,-42.500,0.7850,1.4200
1091,9.0715,7.6682,0.9628,393216,830.47,10.41,1955198,-191.000,-118.000,-42.500,0.7850,1.4200
1092,9.0795,7.8984,0.9109,393216,830.47,10.41,1955198,-191.000,-118.000,-42.500,0.7850,1.4200
1093,9.0871,7.9688,0.9357,393216,830.47,10.41,1955198,-191.000,-118.000,-42.500,0.7850,1.4200
1094,9.0951,7.6561,0.9004,393216,830.47,10.41,1955198,-191.000,-118.000,-42.500,0.7850,1.4200
1095,9.1027,7.9473,0.9050,393216,830.47,10.41,1955198,-191.000,-118.000,-42.500,0.7850,1.4200
1096,9.1107,7.6531,0.8474,393216,830.47,10.41,1955198,-191.000,-118.000,-42.500,0.7850,1.4200
1097,9.1186,8.0012,0.9987,393216,830.47,10.41,1955198,-191.000,-118.000,-42.500,0.7850,1.4200
1098,9.1266,7.8517,0.8975,393216,830.47,10.41,1955198,-191.000,-118.000,-42.500,0.7850,1.4200
1099,9.1343,8.0419,0.9930,393216,830.47,10.41,1955198,-191.000,-118.000,-42.500,0.7850,1.4200
1100,9.1426,7.7635,1.1286,393216,830.47,10.41,1955198,-191.000,-118.000,-42.500,0.7850,1.4200
1101,9.1502,8.1960,1.0763,393216,830.47,10.41,1955198,-191.000,-118.000,-42.500,0.7850,1.4200
1102,9.1579,7.6371,0.8191,393216,830.47,10.41,1955198,-191.000,-118.000,-42.500,0.7850,1.4200
1103,9.1656,7.7117,0.8542,393216,830.47,10.41,1955198,-191.000,-118.000,-42.500,0.7850,1.4200
1104,9.1738,7.7136,0.9113,393216,830.47,10.41,1955198,-191.000,-118.000,-42.500,0.7850,1.4200
1105,9.1814,8.1481,0.8828,393216,830.47,10.41,1955198,-191.000,-118.000,-42.500,0.7850,1.4200
1106,9.1892,7.6402,0.8508,393216,830.47,10.41,1955198,-191.000,-118.000,-42.500,0.7850,1.4200
1107,9.1970,7.7530,0.8829,393216,830.47,10.41,1955198,-191.000,-118.000,-42.500,0.7850,1.4200
1108,9.2050,7.8359,0.8604,393216,830.47,10.41,1955198,-191.000,-118.000,-42.500,0.7850,1.4200
1109,9.2127,7.9796,0.8753,393216,830.47,10.41,1955198,-191.000,-118.000,-42.500,0.7850,1.4200
1110,9.2208,7.6945,0.8159,393216,830.47,10.41,1955198,-191.000,-118.000,-42.500,0.7850,1.4200
1111,9.2286,8.0543,0.8755,393216,830.47,10.41,1955198,-191.000,-118.000,-42.500,0.7850,1.4200
1112,9.2366,7.7994,0.8488,393216,830.47,10.41,1955198,-191.000,-118.000,-42.500,0.7850,1.4200
1113,9.2443,8.0543,0.8319,393216,830.47,10.41,1955198,-191.000,-118.000,-42.500,0.7850,1.4200
1114,9.2523,7.6546,0.8180,393216,830.47,10.41,1955198,-191.000,-118.000,-42.500,0.7850,1.4200
1115,9.2601,8.0761,0.7715,393216,830.47,10.41,1955198,-191.000,-118.000,-42.500,0.7850,1.4200
1116,9.2682,7.7439,0.8041,393216,830.47,10.41,1955198,-191.000,-118.000,-42.500,0.7850,1.4200
1117,9.2761,8.0813,0.9805,393216,830.47,10.41,1955198,-191.000,-118.000,-42.500,0.7850,1.4200
1118,9.2843,7.9023,1.0868,393216,830.47,10.41,1955198,-191.000,-118.000,-42.500,0.7850,1.4200
1119,9.2919,8.1918,0.8995,393216,830.47,10.41,1955198,-191.000,-118.000,-42.500,0.7850,1.4200
1120,9.3000,7.6351,0.8733,393216,830.47,10.41,1955198,-191.000,-118.000,-42.500,0.7850,1.4200
1121,9.3076,8.1292,0.7709,393216,830.47,10.41,1955198,-191.000,-118.000,-42.500,0.7850,1.4200
1122,9.3155,7.5852,0.7586,393216,830.47,10.41,1955198,-191.000,-118.000,-42.500,0.7850,1.4200
1123,9.3234,7.8992,0.8115,393216,830.47,10.41,1955198,-191.000,-118.000,-42.500,0.7850,1.4200
1124,9.3316,7.9059,0.7849,393216,830.47,10.41,1955198,-191.000,-118.000,-42.500,0.7850,1.4200
1125,9.3396,8.2168,0.9327,393216,830.47,10.41,1955198,-191.000,-118.000,-42.500,0.7850,1.4200
1126,9.3477,7.9551,0.8213,393216,830.47,10.41,1955198,-191.000,-118.000,-42.500,0.7850,1.4200
1127,9.3555,8.1207,0.8687,393216,830.47,10.41,1955198,-191.000,-118.000,-42.500,0.7850,1.4200
1128,9.3637,7.8069,0.8685,393216,830.47,10.41,1955198,-191.000,-118.000,-42.500,0.7850,1.4200
1129,9.3715,8.2134,0.8773,393216,830.47,10.41,1955198,-191.000,-118.000,-42.500,0.7850,1.4200
1130,9.3797,7.8062,0.8250,393216,830.47,10.41,1955198,-191.000,-118.000,-42.500,0.7850,1.4200
1131,9.3876,8.2163,0.8730,393216,830.47,10.41,1955198,-191.000,-118.000,-42.500,0.7850,1.4200
1132,9.3958,7.8334,0.8395,393216,830.47,10.41,1955198,-191.000,-118.000,-42.500,0.7850,1.4200
1133,9.4036,8.2014,0.8249,393216,830.47,10.41,1955198,-191.000,-118.000,-42.500,0.7850,1.4200
1134,9.4118,7.7722,0.8151,393216,830.47,10.41,1955198,-191.000,-118.000,-42.500,0.7850,1.4200
1135,9.4195,8.2577,0.8140,393216,830.47,10.41,1955198,-191.000,-118.000,-42.500,0.7850,1.4200
1136,9.4275,7.6449,0.7888,393216,830.47,10.41,1955198,-191.000,-118.000,-42.500,0.7850,1.4200
1137,9.4351,8.0014,0.7778,393216,830.47,10.41,1955198,-191.000,-118.000,-42.500,0.7850,1.4200
1138,9.4431,7.6019,0.8719,393216,830.47,10.41,1955198,-191.000,-118.000,-42.500,0.7850,1.4200
1139,9.4508,8.0886,0.8713,393216,830.47,10.41,1955198,-191.000,-118.000,-42.500,0.7850,1.4200
1140,9.4591,7.6138,0.9997,393216,830.47,10.41,1955198,-191.000,-118.000,-42.500,0.7850,1.4200
1141,9.4665,8.3540,0.8330,393216,830.47,10.41,1955198,-191.000,-118.000,-42.500,0.7850,1.4200
1142,9.4749,7.4188,0.9712,393216,830.47,10.41,1955198,-191.000,-118.000,-42.500,0.7850,1.4200
1143,9.4823,8.3675,0.7393,393216,830.47,10.41,1955198,-191.000,-118.000,-42.500,0.7850,1.4200
1144,9.4907,7.4405,0.9064,393216,830.47,10.41,1955198,-191.000,-118.000,-42.500,0.7850,1.4200
1145,9.4982,8.3374,0.8668,393216,830.47,10.41,1955198,-191.000,-118.000,-42.500,0.7850,1.4200
1146,9.5064,7.5144,0.8401,393216,830.47,10.41,1955198,-191.000,-118.000,-42.500,0.7850,1.4200
1147,9.5141,8.1854,0.8624,393216,830.47,10.41,1955198,-191.000,-118.000,-42.500,0.7850,1.4200
1148,9.5221,7.6820,0.8194,393216,830.47,10.41,1955198,-191.000,-118.000,-42.500,0.7850,1.4200
1149,9.5298,8.0225,0.8406,393216,830.47,10.41,1955198,-191.000,-118.000,-42.500,0.7850,1.4200
1150,9.5380,7.7492,0.8295,393216,830.47,10.41,1955198,-191.000,-118.000,-42.500,0.7850,1.4200
1151,9.5456,8.1526,0.8441,393216,830.47,10.41,1955198,-191.000,-118.000,-42.500,0.7850,1.4200
1152,9.5537,7.6570,0.8246,393216,830.47,10.41,1955198,-191.000,-118.000,-42.500,0.7850,1.4200
1153,9.5614,8.0190,0.7931,393216,830.47,10.41,1955198,-191.000,-118.000,-42.500,0.7850,1.4200
1154,9.5693,7.7007,0.7919,393216,830.47,10.41,1955198,-191.000,-118.000,-42.500,0.7850,1.4200
1155,9.5770,7.9082,0.7887,393216,830.47,10.41,1955198,-191.000,-118.000,-42.500,0.7850,1.4200
1156,9.5853,7.6916,0.9314,393216,830.47,10.41,1955198,-191.000,-118.000,-42.500,0.7850,1.4200
1157,9.5928,8.3673,0.8792,393216,830.47,10.41,1955198,-191.000,-118.000,-42.500,0.7850,1.4200
1158,9.6011,7.4905,0.9023,393216,830.47,10.41,1955198,-191.000,-118.000,-42.500,0.7850,1.4200
1159,9.6086,8.2295,0.8565,393216,830.47,10.41,1955198,-191.000,-118.000,-42.500,0.7850,1.4200
1160,9.6169,7.6038,0.9436,393216,830.47,10.41,1955198,-191.000,-118.000,-42.500,0.7850,1.4200
1161,9.6245,8.2798,0.8309,393216,830.47,10.41,1955198,-191.000,-118.000,-42.500,0.7850,1.4200
1162,9.6331,7.6266,1.0932,393216,830.47,10.41,1955198,-191.000,-118.000,-42.500,0.7850,1.4200
1163,9.6407,8.5405,0.9315,393216,830.47,10.41,1955198,-191.000,-118.000,-42.500,0.7850,1.4200
1164,9.6488,7.6440,0.8330,393216,830.47,10.41,1955198,-191.000,-118.000,-42.500,0.7850,1.4200
1165,9.6566,8.0937,0.8954,393216,830.47,10.41,1955198,-191.000,-118.000,-42.500,0.7850,1.4200
1166,9.6648,7.8387,0.8076,393216,830.47,10.41,1955198,-191.000,-118.000,-42.500,0.7850,1.4200
1167,9.6727,8.1351,0.8530,393216,830.47,10.41,1955198,-191.000,-118.000,-42.500,0.7850,1.4200
1168,9.6810,7.8493,0.9301,393216,830.47,10.41,1955198,-191.000,-118.000,-42.500,0.7850,1.4200
1169,9.6886,8.3632,0.8281,393216,830.47,10.41,1955198,-191.000,-118.000,-42.500,0.7850,1.4200
1170,9.6968,7.6044,0.9151,393216,830.47,10.41,1955198,-191.000,-118.000,-42.500,0.7850,1.4200
1171,9.7046,8.1519,0.8785,393216,830.47,10.41,1955198,-191.000,-118.000,-42.500,0.7850,1.4200
1172,9.7131,7.8013,1.2063,393216,830.47,10.41,1955198,-191.000,-118.000,-42.500,0.7850,1.4200
1173,9.7204,8.4945,0.8022,393216,830.47,10.41,1955198,-191.000,-118.000,-42.500,0.7850,1.4200
1174,9.7288,7.3729,0.8580,393216,830.47,10.41,1955198,-191.000,-118.000,-42.500,0.7850,1.4200
1175,9.7366,8.3317,0.8483,393216,830.47,10.41,1955198,-191.000,-118.000,-42.500,0.7850,1.4200
1176,9.7449,7.8431,0.8968,393216,830.47,10.41,1955198,-191.000,-118.000,-42.500,0.7850,1.4200
1177,9.7526,8.2438,0.8441,393216,830.47,10.41,1955198,-191.000,-118.000,-42.500,0.7850,1.4200
1178,9.7608,7.7687,0.8113,393216,830.47,10.41,1955198,-191.000,-118.000,-42.500,0.7850,1.4200
1179,9.7687,8.1456,0.8327,393216,830.47,10.41,1955198,-191.000,-118.000,-42.500,0.7850,1.4200
1180,9.7769,7.9468,0.9023,393216,830.47,10.41,1955198,-191.000,-118.000,-42.500,0.7850,1.4200
1181,9.7848,8.1898,0.8542,393216,830.47,10.41,1955198,-191.000,-118.000,-42.500,0.7850,1.4200
1182,9.7930,7.9092,0.8810,393216,830.47,10.41,1955198,-191.000,-118.000,-42.500,0.7850,1.4200
1183,9.8006,8.1388,0.8480,393216,830.47,10.41,1955198,-191.000,-118.000,-42.500,0.7850,1.4200
1184,9.8091,7.6801,1.1034,393216,830.47,10.41,1955198,-191.000,-118.000,-42.500,0.7850,1.4200
1185,9.8168,8.4749,1.1274,393216,830.47,10.41,1955198,-191.000,-118.000,-42.500,0.7850,1.4200
1186,9.8247,7.7148,0.9935,393216,830.47,10.41,1955198,-191.000,-118.000,-42.500,0.7850,1.4200
1187,9.8323,7.8353,0.8927,393216,830.47,10.41,1955198,-191.000,-118.000,-42.500,0.7850,1.4200
1188,9.8404,7.6847,0.9044,393216,830.47,10.41,1955198,-191.000,-118.000,-42.500,0.7850,1.4200
1189,9.8482,8.0770,0.8948,393216,830.47,10.41,1955198,-191.000,-118.000,-42.500,0.7850,1.4200
1190,9.8563,7.8255,0.9195,393216,830.47,10.41,1955198,-191.000,-118.000,-42.500,0.7850,1.4200
1191,9.8640,8.0531,0.8741,393216,830.47,10.41,1955198,-191.000,-118.000,-42.500,0.7850,1.4200
1192,9.8720,7.6782,0.8527,393216,830.47,10.41,1955198,-191.000,-118.000,-42.500,0.7850,1.4200
1193,9.8798,7.9959,0.9125,393216,830.47,10.41,1955198,-191.000,-118.000,-42.500,0.7850,1.4200
1194,9.8877,7.7890,0.8908,393216,830.47,10.41,1955198,-191.000,-118.000,-42.500,0.7850,1.4200
1195,9.8953,7.8939,0.8639,393216,830.47,10.41,1955198,-191.000,-118.000,-42.500,0.7850,1.4200
1196,9.9034,7.6974,0.9066,393216,830.47,10.41,1955198,-191.000,-118.000,-42.500,0.7850,1.4200
1197,9.9111,8.0609,0.9328,393216,830.47,10.41,1955198,-191.000,-118.000,-42.500,0.7850,1.4200
1198,9.9192,7.6972,0.8766,393216,830.47,10.41,1955198,-191.000,-118.000,-42.500,0.7850,1.4200
1199,9.9267,8.0778,0.8041,393216,830.47,10.41,1955198,-191.000,-118.000,-42.500,0.7850,1.4200
1200,9.9348,7.5484,0.8362,393216,830.47,10.41,1955198,-191.000,-118.000,-42.500,0.7850,1.4200
1201,9.9425,8.0255,0.8838,393216,830.47,10.41,1955198,-191.000,-118.000,-42.500,0.7850,1.4200
1202,9.9505,7.8001,0.9963,393216,830.47,10.41,1955198,-191.000,-118.000,-42.500,0.7850,1.4200
1203,9.9582,7.9060,0.9161,393216,830.47,10.41,1955198,-191.000,-118.000,-42.500,0.7850,1.4200
1204,9.9665,7.7256,1.1034,393216,830.47,10.41,1955198,-191.000,-118.000,-42.500,0.7850,1.4200
1205,9.9739,8.2900,0.9097,393216,830.47,10.41,1955198,-191.000,-118.000,-42.500,0.7850,1.4200
1206,9.9820,7.4533,0.8053,393216,830.47,10.41,1955198,-191.000,-118.000,-42.500,0.7850,1.4200
1207,9.9897,8.0721,0.8372,393216,830.47,10.41,1955198,-191.000,-118.000,-42.500,0.7850,1.4200
1208,9.9979,7.7643,0.9241,393216,830.47,10.41,1955198,-191.000,-118.000,-42.500,0.7850,1.4200
1209,10.0055,8.1091,0.8779,393216,830.47,10.41,1955198,-191.000,-118.000,-42.500,0.7850,1.4200
1210,10.0136,7.6174,0.8614,393216,830.47,10.41,1955198,-191.000,-118.000,-42.500,0.7850,1.4200
1211,10.0214,8.1357,0.8865,393216,830.47,10.41,1955198,-191.000,-118.000,-42.500,0.7850,1.4200
1212,10.0293,7.7205,0.8927,393216,830.47,10.41,1955198,-191.000,-118.000,-42.500,0.7850,1.4200
1213,10.0369,7.9441,0.8935,393216,830.47,10.41,1955198,-191.000,-118.000,-42.500,0.7850,1.4200
1214,10.0450,7.6374,0.8359,393216,830.47,10.41,1955198,-191.000,-118.000,-42.500,0.7850,1.4200
1215,10.0527,8.0636,0.8613,393216,830.47,10.41,1955198,-191.000,-118.000,-42.500,0.7850,1.4200
1216,10.0607,7.6758,0.8234,393216,830.47,10.41,1955198,-191.000,-118.000,-42.500,0.7850,1.4200
1217,10.0685,7.9720,0.8118,393216,830.47,10.41,1955198,-191.000,-118.000,-42.500,0.7850,1.4200
1218,10.0765,7.8315,0.8174,393216,830.47,10.41,1955198,-191.000,-118.000,-42.500,0.7850,1.4200
1219,10.0844,7.9611,0.9454,393216,830.47,10.41,1955198,-191.000,-118.000,-42.500,0.7850,1.4200
1220,10.0925,7.9841,0.9078,393216,830.47,10.41,1955198,-191.000,-118.000,-42.500,0.7850,1.4200
1221,10.1002,8.0698,0.8350,393216,830.47,10.41,1955198,-191.000,-118.000,-42.500,0.7850,1.4200
1222,10.1087,7.6654,1.1853,393216,830.47,10.41,1955198,-191.000,-118.000,-42.500,0.7850,1.4200
1223,10.1161,8.4966,0.8224,393216,830.47,10.41,1955198,-191.000,-118.000,-42.500,0.7850,1.4200
1224,10.1243,7.4389,0.9791,393216,830.47,10.41,1955198,-191.000,-118.000,-42.500,0.7850,1.4200
1225,10.1320,8.2528,0.8752,393216,830.47,10.41,1955198,-191.000,-118.000,-42.500,0.7850,1.4200
1226,10.1402,7.6740,0.9012,393216,830.47,10.41,1955198,-191.000,-118.000,-42.500,0.7850,1.4200
1227,10.1478,8.1186,0.8546,393216,830.47,10.41,1955198,-191.000,-118.000,-42.500,0.7850,1.4200
1228,10.1560,7.6216,0.9012,393216,830.47,10.41,1955198,-191.000,-118.000,-42.500,0.7850,1.4200
1229,10.1637,8.2449,0.9016,393216,830.47,10.41,1955198,-191.000,-118.000,-42.500,0.7850,1.4200
1230,10.1719,7.7297,0.9371,393216,830.47,10.41,1955198,-191.000,-118.000,-42.500,0.7850,1.4200
1231,10.1796,8.2209,0.8664,393216,830.47,10.41,1955198,-191.000,-118.000,-42.500,0.7850,1.4200
1232,10.1877,7.6610,0.9236,393216,830.47,10.41,1955198,-191.000,-118.000,-42.500,0.7850,1.4200
1233,10.1954,8.0867,0.9219,393216,830.47,10.41,1955198,-191.000,-118.000,-42.500,0.7850,1.4200
1234,10.2034,7.7149,0.9826,393216,830.47,10.41,1955198,-191.000,-118.000,-42.500,0.7850,1.4200
1235,10.2110,7.9988,0.8258,393216,830.47,10.41,1955198,-191.000,-118.000,-42.500,0.7850,1.4200
1236,10.2191,7.5690,0.8665,393216,830.47,10.41,1955198,-191.000,-118.000,-42.500,0.7850,1.4200
1237,10.2270,8.1176,0.9977,393216,830.47,10.41,1955198,-191.000,-118.000,-42.500,0.7850,1.4200
1238,10.2351,7.9089,0.8641,393216,830.47,10.41,1955198,-191.000,-118.000,-42.500,0.7850,1.4200
1239,10.2429,8.0235,0.8602,393216,830.47,10.41,1955198,-191.000,-118.000,-42.500,0.7850,1.4200
1240,10.2510,7.8191,0.8527,393216,830.47,10.41,1955198,-191.000,-118.000,-42.500,0.7850,1.4200
1241,10.2587,8.1411,0.8470,393216,830.47,10.41,1955198,-191.000,-118.000,-42.500,0.7850,1.4200
1242,10.2671,7.6949,1.0051,393216,830.47,10.41,1955198,-191.000,-118.000,-42.500,0.7850,1.4200
1243,10.2752,8.3893,0.9934,393216,830.47,10.41,1955198,-191.000,-118.000,-42.500,0.7850,1.4200
1244,10.2836,8.0885,1.1095,393216,830.47,10.41,1955198,-191.000,-118.000,-42.500,0.7850,1.4200
1245,10.2913,8.3939,0.9871,393216,830.47,10.41,1955198,-191.000,-118.000,-42.500,0.7850,1.4200
1246,10.2998,7.7155,1.0546,393216,830.47,10.41,1955198,-191.000,-118.000,-42.500,0.7850,1.4200
1247,10.3072,8.4751,0.8107,393216,830.47,10.41,1955198,-191.000,-118.000,-42.500,0.7850,1.4200
1248,10.3159,7.4144,1.1470,393216,830.47,10.41,1955198,-191.000,-118.000,-42.500,0.7850,1.4200
1249,10.3232,8.7393,0.8673,393216,830.47,10.41,1955198,-191.000,-118.000,-42.500,0.7850,1.4200
1250,10.3314,7.3219,0.9174,393216,830.47,10.41,1955198,-191.000,-118.000,-42.500,0.7850,1.4200
1251,10.3391,8.1288,0.9274,393216,830.47,10.41,1955198,-191.000,-118.000,-42.500,0.7850,1.4200
1252,10.3474,7.7387,0.9331,393216,830.47,10.41,1955198,-191.000,-118.000,-42.500,0.7850,1.4200
1253,10.3550,8.2853,0.8972,393216,830.47,10.41,1955198,-191.000,-118.000,-42.500,0.7850,1.4200
1254,10.3631,7.6089,0.9049,393216,830.47,10.41,1955198,-191.000,-118.000,-42.500,0.7850,1.4200
1255,10.3708,8.0773,0.8491,393216,830.47,10.41,1955198,-191.000,-118.000,-42.500,0.7850,1.4200
1256,10.3792,7.7519,0.9645,393216,830.47,10.41,1955198,-191.000,-118.000,-42.500,0.7850,1.4200
1257,10.3871,8.4140,0.9044,393216,830.47,10.41,1955198,-191.000,-118.000,-42.500,0.7850,1.4200
1258,10.3954,7.8455,0.9924,393216,830.47,10.41,1955198,-191.000,-118.000,-42.500,0.7850,1.4200
1259,10.4031,8.3188,0.8968,393216,830.47,10.41,1955198,-191.000,-118.000,-42.500,0.7850,1.4200
1260,10.4114,7.7263,0.9401,393216,830.47,10.41,1955198,-191.000,-118.000,-42.500,0.7850,1.4200
1261,10.4190,8.2494,0.8449,393216,830.47,10.41,1955198,-191.000,-118.000,-42.500,0.7850,1.4200
1262,10.4270,7.6066,0.8526,393216,830.47,10.41,1955198,-191.000,-118.000,-42.500,0.7850,1.4200
1263,10.4348,8.0478,0.8687,393216,830.47,10.41,1955198,-191.000,-118.000,-42.500,0.7850,1.4200
1264,10.4427,7.7223,0.8494,393216,830.47,10.41,1955198,-191.000,-118.000,-42.500,0.7850,1.4200
1265,10.4504,7.9508,0.8550,393216,830.47,10.41,1955198,-191.000,-118.000,-42.500,0.7850,1.4200
1266,10.4585,7.6790,1.2172,393216,830.47,10.41,1955198,-191.000,-118.000,-42.500,0.7850,1.4200
1267,10.4660,8.1597,0.9175,393216,830.47,10.41,1955198,-191.000,-118.000,-42.500,0.7850,1.4200
1268,10.4739,7.4083,0.8618,393216,830.47,10.41,1955198,-191.000,-118.000,-42.500,0.7850,1.4200
1269,10.4815,7.8949,0.8534,393216,830.47,10.41,1955198,-191.000,-118.000,-42.500,0.7850,1.4200
1270,10.4895,7.6440,0.9280,393216,830.47,10.41,1955198,-191.000,-118.000,-42.500,0.7850,1.4200
1271,10.4972,7.9977,0.8511,393216,830.47,10.41,1955198,-191.000,-118.000,-42.500,0.7850,1.4200
1272,10.5052,7.6640,0.8773,393216,830.47,10.41,1955198,-191.000,-118.000,-42.500,0.7850,1.4200
1273,10.5129,8.0604,0.8708,393216,830.47,10.41,1955198,-191.000,-118.000,-42.500,0.7850,1.4200
1274,10.5208,7.7307,0.8068,393216,830.47,10.41,1955198,-191.000,-118.000,-42.500,0.7850,1.4200
1275,10.5285,7.8715,0.8171,393216,830.47,10.41,1955198,-191.000,-118.000,-42.500,0.7850,1.4200
1276,10.5365,7.6819,0.8357,393216,830.47,10.41,1955198,-191.000,-118.000,-42.500,0.7850,1.4200
1277,10.5443,7.9869,0.9161,393216,830.47,10.41,1955198,-191.000,-118.000,-42.500,0.7850,1.4200
1278,10.5522,7.7585,0.8641,393216,830.47,10.41,1955198,-191.000,-118.000,-42.500,0.7850,1.4200
1279,10.5599,7.9478,0.8267,393216,830.47,10.41,1955198,-191.000,-118.000,-42.500,0.7850,1.4200
1280,10.5679,7.7025,0.8334,393216,830.47,10.41,1955198,-191.000,-118.000,-42.500,0.7850,1.4200
1281,10.5755,8.0294,0.8326,393216,830.47,10.41,1955198,-191.000,-118.000,-42.500,0.7850,1.4200
1282,10.5836,7.5954,1.0303,393216,830.47,10.41,1955198,-191.000,-118.000,-42.500,0.7850,1.4200
1283,10.5909,8.0594,0.8506,393216,830.47,10.41,1955198,-191.000,-118.000,-42.500,0.7850,1.4200
1284,10.5991,7.3621,0.9105,393216,830.47,10.41,1955198,-191.000,-118.000,-42.500,0.7850,1.4200
1285,10.6066,8.1474,0.8427,393216,830.47,10.41,1955198,-191.000,-118.000,-42.500,0.7850,1.4200
1286,10.6147,7.5042,0.9594,393216,830.47,10.41,1955198,-191.000,-118.000,-42.500,0.7850,1.4200
1287,10.6224,8.0942,0.8893,393216,830.47,10.41,1955198,-191.000,-118.000,-42.500,0.7850,1.4200
1288,10.6304,7.6840,0.8316,393216,830.47,10.41,1955198,-191.000,-118.000,-42.500,0.7850,1.4200
1289,10.6385,8.0128,0.9438,393216,830.47,10.41,1955198,-191.000,-118.000,-42.500,0.7850,1.4200
1290,10.6464,8.0830,0.8128,393216,830.47,10.41,1955198,-191.000,-118.000,-42.500,0.7850,1.4200
1291,10.6544,7.9551,0.9196,393216,830.47,10.41,1955198,-191.000,-118.000,-42.500,0.7850,1.4200
1292,10.6624,8.0720,0.8735,393216,830.47,10.41,1955198,-191.000,-118.000,-42.500,0.7850,1.4200
1293,10.6702,7.9540,0.9106,393216,830.47,10.41,1955198,-191.000,-118.000,-42.500,0.7850,1.4200
1294,10.6782,7.6939,0.8250,393216,830.47,10.41,1955198,-191.000,-118.000,-42.500,0.7850,1.4200
1295,10.6865,8.0805,0.9750,393216,830.47,10.41,1955198,-191.000,-118.000,-42.500,0.7850,1.4200
1296,10.6943,8.2733,0.8768,393216,830.47,10.41,1955198,-191.000,-118.000,-42.500,0.7850,1.4200
1297,10.7024,7.7601,0.8937,393216,830.47,10.41,1955198,-191.000,-118.000,-42.500,0.7850,1.4200
1298,10.7100,8.1419,0.8224,393216,830.47,10.41,1955198,-191.000,-118.000,-42.500,0.7850,1.4200
1299,10.7183,7.6046,0.9358,393216,830.47,10.41,1955198,-191.000,-118.000,-42.500,0.7850,1.4200
1300,10.7261,8.3004,0.8598,393216,830.47,10.41,1955198,-191.000,-118.000,-42.500,0.7850,1.4200
1301,10.7344,7.7965,0.8768,393216,830.47,10.41,1955198,-191.000,-118.000,-42.500,0.7850,1.4200
1302,10.7423,8.3198,0.8639,393216,830.47,10.41,1955198,-191.000,-118.000,-42.500,0.7850,1.4200
1303,10.7506,7.9013,1.1116,393216,830.47,10.41,1955198,-191.000,-118.000,-42.500,0.7850,1.4200
1304,10.7580,8.2609,0.9010,393216,830.47,10.41,1955198,-191.000,-118.000,-42.500,0.7850,1.4200
1305,10.7663,7.4335,1.0392,393216,830.47,10.41,1955198,-191.000,-118.000,-42.500,0.7850,1.4200
1306,10.7742,8.2709,0.9958,393216,830.47,10.41,1955198,-191.000,-118.000,-42.500,0.7850,1.4200
1307,10.7825,7.9936,1.0531,393216,830.47,10.41,1955198,-191.000,-118.000,-42.500,0.7850,1.4200
1308,10.7902,8.2281,0.8851,393216,830.47,10.41,1955198,-191.000,-118.000,-42.500,0.7850,1.4200
1309,10.7987,7.6979,1.0111,393216,830.47,10.41,1955198,-191.000,-118.000,-42.500,0.7850,1.4200
1310,10.8064,8.5613,0.8523,393216,830.47,10.41,1955198,-191.000,-118.000,-42.500,0.7850,1.4200
1311,10.8147,7.7183,0.8239,393216,830.47,10.41,1955198,-191.000,-118.000,-42.500,0.7850,1.4200
1312,10.8225,8.1696,0.9351,393216,830.47,10.41,1955198,-191.000,-118.000,-42.500,0.7850,1.4200
1313,10.8306,7.8225,0.8958,393216,830.47,10.41,1955198,-191.000,-118.000,-42.500,0.7850,1.4200
1314,10.8384,8.0909,0.8646,393216,830.47,10.41,1955198,-191.000,-118.000,-42.500,0.7850,1.4200
1315,10.8470,7.8454,0.9015,393216,830.47,10.41,1955198,-191.000,-118.000,-42.500,0.7850,1.4200
1316,10.8550,8.5512,0.8529,393216,830.47,10.41,1955198,-191.000,-118.000,-42.500,0.7850,1.4200
1317,10.8638,8.1015,0.9635,393216,830.47,10.41,1955198,-191.000,-118.000,-42.500,0.7850,1.4200
1318,10.8718,8.7123,0.8399,393216,830.47,10.41,1955198,-191.000,-118.000,-42.500,0.7850,1.4200
1319,10.8804,8.0475,0.8206,393216,830.47,10.41,1955198,-191.000,-118.000,-42.500,0.7850,1.4200
1320,10.8885,8.5579,0.8952,393216,830.47,10.41,1955198,-191.000,-118.000,-42.500,0.7850,1.4200
1321,10.8969,8.1391,0.8948,393216,830.47,10.41,1955198,-191.000,-118.000,-42.500,0.7850,1.4200
1322,10.9050,8.3829,0.8138,393216,830.47,10.41,1955198,-191.000,-118.000,-42.500,0.7850,1.4200
1323,10.9137,8.0742,0.8549,393216,830.47,10.41,1955198,-191.000,-118.000,-42.500,0.7850,1.4200
1324,10.9225,8.7506,0.9098,393216,830.47,10.41,1955198,-191.000,-118.000,-42.500,0.7850,1.4200
1325,10.9308,8.7767,0.8302,393216,830.47,10.41,1955198,-191.000,-118.000,-42.500,0.7850,1.4200
1326,10.9396,8.3241,0.8400,393216,830.47,10.41,1955198,-191.000,-118.000,-42.500,0.7850,1.4200
1327,10.9480,8.8095,0.8559,393216,830.47,10.41,1955198,-191.000,-118.000,-42.500,0.7850,1.4200
1328,10.9567,8.3843,0.8210,393216,830.47,10.41,1955198,-191.000,-118.000,-42.500,0.7850,1.4200
1329,10.9647,8.7161,0.8928,393216,830.47,10.41,1955198,-191.000,-118.000,-42.500,0.7850,1.4200
1330,10.9728,7.9066,1.0046,393216,830.47,10.41,1955198,-191.000,-118.000,-42.500,0.7850,1.4200
1331,10.9805,8.1578,0.8234,393216,830.47,10.41,1955198,-191.000,-118.000,-42.500,0.7850,1.4200
1332,10.9890,7.6888,0.8981,393216,830.47,10.41,1955198,-191.000,-118.000,-42.500,0.7850,1.4200
1333,10.9968,8.4912,0.9142,393216,830.47,10.41,1955198,-191.000,-118.000,-42.500,0.7850,1.4200
1334,11.0051,7.8455,0.8992,393216,830.47,10.41,1955198,-191.000,-118.000,-42.500,0.7850,1.4200
1335,11.0129,8.2928,0.8753,393216,830.47,10.41,1955198,-191.000,-118.000,-42.500,0.7850,1.4200
1336,11.0210,7.8149,0.8776,393216,830.47,10.41,1955198,-191.000,-118.000,-42.500,0.7850,1.4200
1337,11.0289,8.0399,0.9533,393216,830.47,10.41,1955198,-191.000,-118.000,-42.500,0.7850,1.4200
1338,11.0371,7.8995,0.8572,393216,830.47,10.41,1955198,-191.000,-118.000,-42.500,0.7850,1.4200
1339,11.0451,8.2282,0.8583,393216,830.47,10.41,1955198,-191.000,-118.000,-42.500,0.7850,1.4200
1340,11.0533,7.9418,0.8270,393216,830.47,10.41,1955198,-191.000,-118.000,-42.500,0.7850,1.4200
1341,11.0610,8.2052,0.8763,393216,830.47,10.41,1955198,-191.000,-118.000,-42.500,0.7850,1.4200
1342,11.0694,7.7770,0.8937,393216,830.47,10.41,1955198,-191.000,-118.000,-42.500,0.7850,1.4200
1343,11.0770,8.3248,0.9042,393216,830.47,10.41,1955198,-191.000,-118.000,-42.500,0.7850,1.4200
1344,11.0850,7.6698,0.8347,393216,830.47,10.41,1955198,-191.000,-118.000,-42.500,0.7850,1.4200
1345,11.0930,7.9558,0.9987,393216,830.47,10.41,1955198,-191.000,-118.000,-42.500,0.7850,1.4200
1346,11.1010,8.0010,0.9408,393216,830.47,10.41,1955198,-191.000,-118.000,-42.500,0.7850,1.4200
1347,11.1087,7.9833,0.9249,393216,830.47,10.41,1955198,-191.000,-118.000,-42.500,0.7850,1.4200
1348,11.1171,7.7396,1.0492,393216,830.47,10.41,1955198,-191.000,-118.000,-42.500,0.7850,1.4200
1349,11.1247,8.3644,0.8558,393216,830.47,10.41,1955198,-191.000,-118.000,-42.500,0.7850,1.4200
1350,11.1330,7.6372,0.8693,393216,830.47,10.41,1955198,-191.000,-118.000,-42.500,0.7850,1.4200
1351,11.1405,8.2536,0.7668,393216,830.47,10.41,1955198,-191.000,-118.000,-42.500,0.7850,1.4200
1352,11.1488,7.5309,0.8615,393216,830.47,10.41,1955198,-191.000,-118.000,-42.500,0.7850,1.4200
1353,11.1565,8.2792,0.8552,393216,830.47,10.41,1955198,-191.000,-118.000,-42.500,0.7850,1.4200
1354,11.1645,7.7446,0.8946,393216,830.47,10.41,1955198,-191.000,-118.000,-42.500,0.7850,1.4200
1355,11.1721,7.9334,0.7914,393216,830.47,10.41,1955198,-191.000,-118.000,-42.500,0.7850,1.4200
1356,11.1802,7.6075,0.8603,393216,830.47,10.41,1955198,-191.000,-118.000,-42.500,0.7850,1.4200
1357,11.1879,8.1136,0.8148,393216,830.47,10.41,1955198,-191.000,-118.000,-42.500,0.7850,1.4200
1358,11.1963,7.7613,0.8172,393216,830.47,10.41,1955198,-191.000,-118.000,-42.500,0.7850,1.4200
1359,11.2039,8.3122,0.7614,393216,830.47,10.41,1955198,-191.000,-118.000,-42.500,0.7850,1.4200
1360,11.2122,7.7152,0.8667,393216,830.47,10.41,1955198,-191.000,-118.000,-42.500,0.7850,1.4200
1361,11.2200,8.2702,0.8835,393216,830.47,10.41,1955198,-191.000,-118.000,-42.500,0.7850,1.4200
1362,11.2278,7.7339,0.8506,393216,830.47,10.41,1955198,-191.000,-118.000,-42.500,0.7850,1.4200
1363,11.2355,7.8144,0.8360,393216,830.47,10.41,1955198,-191.000,-118.000,-42.500,0.7850,1.4200
1364,11.2436,7.6728,0.8100,393216,830.47,10.41,1955198,-191.000,-118.000,-42.500,0.7850,1.4200
1365,11.2514,8.1240,0.7960,393216,830.47,10.41,1955198,-191.000,-118.000,-42.500,0.7850,1.4200
1366,11.2596,7.7858,0.8236,393216,830.47,10.41,1955198,-191.000,-118.000,-42.500,0.7850,1.4200
1367,11.2679,8.2200,0.8990,393216,830.47,10.41,1955198,-191.000,-118.000,-42.500,0.7850,1.4200
1368,11.2756,8.3128,0.8461,393216,830.47,10.41,1955198,-191.000,-118.000,-42.500,0.7850,1.4200
1369,11.2839,7.7396,0.8403,393216,830.47,10.41,1955198,-191.000,-118.000,-42.500,0.7850,1.4200
1370,11.2916,8.2297,0.8419,393216,830.47,10.41,1955198,-191.000,-118.000,-42.500,0.7850,1.4200
1371,11.3002,7.7970,1.1577,393216,830.47,10.41,1955198,-191.000,-118.000,-42.500,0.7850,1.4200
1372,11.3077,8.5276,0.9215,393216,830.47,10.41,1955198,-191.000,-118.000,-42.500,0.7850,1.4200
1373,11.3157,7.5078,0.9569,393216,830.47,10.41,1955198,-191.000,-118.000,-42.500,0.7850,1.4200
1374,11.3234,8.0476,0.8812,393216,830.47,10.41,1955198,-191.000,-118.000,-42.500,0.7850,1.4200
1375,11.3315,7.6039,0.9377,393216,830.47,10.41,1955198,-191.000,-118.000,-42.500,0.7850,1.4200
1376,11.3390,8.1867,0.8020,393216,830.47,10.41,1955198,-191.000,-118.000,-42.500,0.7850,1.4200
1377,11.3471,7.4785,0.8756,393216,830.47,10.41,1955198,-191.000,-118.000,-42.500,0.7850,1.4200
1378,11.3545,8.1389,0.8311,393216,830.47,10.41,1955198,-191.000,-118.000,-42.500,0.7850,1.4200
1379,11.3627,7.3668,0.9649,393216,830.47,10.41,1955198,-191.000,-118.000,-42.500,0.7850,1.4200
1380,11.3703,8.1363,0.8775,393216,830.47,10.41,1955198,-191.000,-118.000,-42.500,0.7850,1.4200
1381,11.3785,7.6518,0.9173,393216,830.47,10.41,1955198,-191.000,-118.000,-42.500,0.7850,1.4200
1382,11.3862,8.1538,0.8562,393216,830.47,10.41,1955198,-191.000,-118.000,-42.500,0.7850,1.4200
1383,11.3943,7.6900,0.9652,393216,830.47,10.41,1955198,-191.000,-118.000,-42.500,0.7850,1.4200
1384,11.4019,8.1746,0.8081,393216,830.47,10.41,1955198,-191.000,-118.000,-42.500,0.7850,1.4200
1385,11.4101,7.5565,0.9730,393216,830.47,10.41,1955198,-191.000,-118.000,-42.500,0.7850,1.4200
1386,11.4180,8.2487,1.0042,393216,830.47,10.41,1955198,-191.000,-118.000,-42.500,0.7850,1.4200
1387,11.4261,7.8790,1.1582,393216,830.47,10.41,1955198,-191.000,-118.000,-42.500,0.7850,1.4200
1388,11.4338,8.1514,0.9799,393216,830.47,10.41,1955198,-191.000,-118.000,-42.500,0.7850,1.4200
1389,11.4420,7.6019,1.0351,393216,830.47,10.41,1955198,-191.000,-118.000,-42.500,0.7850,1.4200
1390,11.4499,8.2068,1.0155,393216,830.47,10.41,1955198,-191.000,-118.000,-42.500,0.7850,1.4200
1391,11.4581,7.8964,1.1495,393216,830.47,10.41,1955198,-191.000,-118.000,-42.500,0.7850,1.4200
1392,11.4655,8.2790,0.7341,393216,830.47,10.41,1955198,-191.000,-118.000,-42.500,0.7850,1.4200
1393,11.4740,7.3126,0.9427,393216,830.47,10.41,1955198,-191.000,-118.000,-42.500,0.7850,1.4200
1394,11.4812,8.5210,0.7681,393216,830.47,10.41,1955198,-191.000,-118.000,-42.500,0.7850,1.4200
1395,11.4895,7.2484,0.9777,393216,830.47,10.41,1955198,-191.000,-118.000,-42.500,0.7850,1.4200
1396,11.4971,8.2714,0.8584,393216,830.47,10.41,1955198,-191.000,-118.000,-42.500,0.7850,1.4200
1397,11.5052,7.5916,0.9534,393216,830.47,10.41,1955198,-191.000,-118.000,-42.500,0.7850,1.4200
1398,11.5130,8.1465,0.9008,393216,830.47,10.41,1955198,-191.000,-118.000,-42.500,0.7850,1.4200
1399,11.5212,7.7463,0.9276,393216,830.47,10.41,1955198,-191.000,-118.000,-42.500,0.7850,1.4200
1400,11.5290,8.1754,0.8514,393216,830.47,10.41,1955198,-191.000,-118.000,-42.500,0.7850,1.4200
1401,11.5372,7.8237,0.8796,393216,830.47,10.41,1955198,-191.000,-118.000,-42.500,0.7850,1.4200
1402,11.5450,8.2274,0.8510,393216,830.47,10.41,1955198,-191.000,-118.000,-42.500,0.7850,1.4200
1403,11.5532,7.8477,0.9284,393216,830.47,10.41,1955198,-191.000,-118.000,-42.500,0.7850,1.4200
1404,11.5613,8.1717,1.1106,393216,830.47,10.41,1955198,-191.000,-118.000,-42.500,0.7850,1.4200
1405,11.5694,8.0372,1.0990,393216,830.47,10.41,1955198,-191.000,-118.000,-42.500,0.7850,1.4200
1406,11.5770,8.1667,0.9129,393216,830.47,10.41,1955198,-191.000,-118.000,-42.500,0.7850,1.4200
1407,11.5850,7.5682,0.9150,393216,830.47,10.41,1955198,-191.000,-118.000,-42.500,0.7850,1.4200
1408,11.5927,8.0287,0.9065,393216,830.47,10.41,1955198,-191.000,-118.000,-42.500,0.7850,1.4200
1409,11.6010,7.6900,0.9855,393216,830.47,10.41,1955198,-191.000,-118.000,-42.500,0.7850,1.4200
1410,11.6085,8.2739,1.0465,393216,830.47,10.41,1955198,-191.000,-118.000,-42.500,0.7850,1.4200
1411,11.6167,7.5130,1.1149,393216,830.47,10.41,1955198,-191.000,-118.000,-42.500,0.7850,1.4200
1412,11.6245,8.1509,1.1159,393216,830.47,10.41,1955198,-191.000,-118.000,-42.500,0.7850,1.4200
1413,11.6324,7.8047,0.9914,393216,830.47,10.41,1955198,-191.000,-118.000,-42.500,0.7850,1.4200
1414,11.6401,7.9688,0.9183,393216,830.47,10.41,1955198,-191.000,-118.000,-42.500,0.7850,1.4200
1415,11.6481,7.6756,0.9040,393216,830.47,10.41,1955198,-191.000,-118.000,-42.500,0.7850,1.4200
1416,11.6558,7.9449,0.9049,393216,830.47,10.41,1955198,-191.000,-118.000,-42.500,0.7850,1.4200
1417,11.6638,7.7085,0.9069,393216,830.47,10.41,1955198,-191.000,-118.000,-42.500,0.7850,1.4200
1418,11.6716,8.0627,0.9000,393216,830.47,10.41,1955198,-191.000,-118.000,-42.500,0.7850,1.4200
1419,11.6795,7.7953,0.8728,393216,830.47,10.41,1955198,-191.000,-118.000,-42.500,0.7850,1.4200
1420,11.6873,7.9639,0.8439,393216,830.47,10.41,1955198,-191.000,-118.000,-42.500,0.7850,1.4200
1421,11.6954,7.6667,0.9141,393216,830.47,10.41,1955198,-191.000,-118.000,-42.500,0.7850,1.4200
1422,11.7032,8.1921,0.9139,393216,830.47,10.41,1955198,-191.000,-118.000,-42.500,0.7850,1.4200
1423,11.7112,7.7226,0.8964,393216,830.47,10.41,1955198,-191.000,-118.000,-42.500,0.7850,1.4200
1424,11.7190,8.0119,0.9155,393216,830.47,10.41,1955198,-191.000,-118.000,-42.500,0.7850,1.4200
1425,11.7271,7.7707,0.9238,393216,830.47,10.41,1955198,-191.000,-118.000,-42.500,0.7850,1.4200
1426,11.7346,8.1804,0.9010,393216,830.47,10.41,1955198,-191.000,-118.000,-42.500,0.7850,1.4200
1427,11.7427,7.5164,0.8968,393216,830.47,10.41,1955198,-191.000,-118.000,-42.500,0.7850,1.4200
1428,11.7504,8.0314,0.9291,393216,830.47,10.41,1955198,-191.000,-118.000,-42.500,0.7850,1.4200
1429,11.7586,7.6807,1.0473,393216,830.47,10.41,1955198,-191.000,-118.000,-42.500,0.7850,1.4200
1430,11.7663,8.2615,0.9049,393216,830.47,10.41,1955198,-191.000,-118.000,-42.500,0.7850,1.4200
1431,11.7745,7.6942,0.9229,393216,830.47,10.41,1955198,-191.000,-118.000,-42.500,0.7850,1.4200
1432,11.7821,8.2231,0.8439,393216,830.47,10.41,1955198,-191.000,-118.000,-42.500,0.7850,1.4200
1433,11.7905,7.5624,0.8776,393216,830.47,10.41,1955198,-191.000,-118.000,-42.500,0.7850,1.4200
1434,11.7981,8.4171,0.8439,393216,830.47,10.41,1955198,-191.000,-118.000,-42.500,0.7850,1.4200
1435,11.8064,7.5423,0.8845,393216,830.47,10.41,1955198,-191.000,-118.000,-42.500,0.7850,1.4200
1436,11.8141,8.3192,0.9608,393216,830.47,10.41,1955198,-191.000,-118.000,-42.500,0.7850,1.4200
1437,11.8224,7.7532,0.8818,393216,830.47,10.41,1955198,-191.000,-118.000,-42.500,0.7850,1.4200
1438,11.8301,8.2405,0.9069,393216,830.47,10.41,1955198,-191.000,-118.000,-42.500,0.7850,1.4200
1439,11.8382,7.7211,0.9189,393216,830.47,10.41,1955198,-191.000,-118.000,-42.500,0.7850,1.4200
1440,11.8458,8.0567,0.9064,393216,830.47,10.41,1955198,-191.000,-118.000,-42.500,0.7850,1.4200
1441,11.8539,7.6699,0.9471,393216,830.47,10.41,1955198,-191.000,-118.000,-42.500,0.7850,1.4200
1442,11.8614,8.1020,1.0390,393216,830.47,10.41,1955198,-191.000,-118.000,-42.500,0.7850,1.4200
1443,11.8693,7.4686,0.9526,393216,830.47,10.41,1955198,-191.000,-118.000,-42.500,0.7850,1.4200
1444,11.8770,7.8997,0.8523,393216,830.47,10.41,1955198,-191.000,-118.000,-42.500,0.7850,1.4200
1445,11.8851,7.6999,0.9019,393216,830.47,10.41,1955198,-191.000,-118.000,-42.500,0.7850,1.4200
1446,11.8929,8.2378,0.9093,393216,830.47,10.41,1955198,-191.000,-118.000,-42.500,0.7850,1.4200
1447,11.9010,7.6377,0.9163,393216,830.47,10.41,1955198,-191.000,-118.000,-42.500,0.7850,1.4200
1448,11.9088,8.1002,1.0843,393216,830.47,10.41,1955198,-191.000,-118.000,-42.500,0.7850,1.4200
1449,11.9170,7.8291,1.0256,393216,830.47,10.41,1955198,-191.000,-118.000,-42.500,0.7850,1.4200
1450,11.9247,8.2416,1.0649,393216,830.47,10.41,1955198,-191.000,-118.000,-42.500,0.7850,1.4200
1451,11.9329,7.6745,1.1602,393216,830.47,10.41,1955198,-191.000,-118.000,-42.500,0.7850,1.4200
1452,11.9405,8.2186,1.0123,393216,830.47,10.41,1955198,-191.000,-118.000,-42.500,0.7850,1.4200
1453,11.9488,7.6266,1.0368,393216,830.47,10.41,1955198,-191.000,-118.000,-42.500,0.7850,1.4200
1454,11.9565,8.2764,1.0389,393216,830.47,10.41,1955198,-191.000,-118.000,-42.500,0.7850,1.4200
1455,11.9644,7.6963,0.8982,393216,830.47,10.41,1955198,-191.000,-118.000,-42.500,0.7850,1.4200
1456,11.9721,7.8638,0.9252,393216,830.47,10.41,1955198,-191.000,-118.000,-42.500,0.7850,1.4200
1457,11.9802,7.6958,0.9189,393216,830.47,10.41,1955198,-191.000,-118.000,-42.500,0.7850,1.4200
1458,11.9875,8.0665,0.9144,393216,830.47,10.41,1955198,-191.000,-118.000,-42.500,0.7850,1.4200
1459,11.9957,7.3603,0.8913,393216,830.47,10.41,1955198,-191.000,-118.000,-42.500,0.7850,1.4200
1460,12.0036,8.2205,0.9095,393216,830.47,10.41,1955198,-191.000,-118.000,-42.500,0.7850,1.4200
1461,12.0117,7.8251,0.9276,393216,830.47,10.41,1955198,-191.000,-118.000,-42.500,0.7850,1.4200
1462,12.0196,8.1683,0.8792,393216,830.47,10.41,1955198,-191.000,-118.000,-42.500,0.7850,1.4200
1463,12.0275,7.8382,0.9421,393216,830.47,10.41,1955198,-191.000,-118.000,-42.500,0.7850,1.4200
1464,12.0352,7.9661,0.8403,393216,830.47,10.41,1955198,-191.000,-118.000,-42.500,0.7850,1.4200
1465,12.0434,7.6620,0.9046,393216,830.47,10.41,1955198,-191.000,-118.000,-42.500,0.7850,1.4200
1466,12.0511,8.2132,0.9078,393216,830.47,10.41,1955198,-191.000,-118.000,-42.500,0.7850,1.4200
1467,12.0593,7.7197,0.8985,393216,830.47,10.41,1955198,-191.000,-118.000,-42.500,0.7850,1.4200
1468,12.0671,8.1666,0.9245,393216,830.47,10.41,1955198,-191.000,-118.000,-42.500,0.7850,1.4200
1469,12.0753,7.7899,0.9770,393216,830.47,10.41,1955198,-191.000,-118.000,-42.500,0.7850,1.4200
1470,12.0830,8.1644,1.0481,393216,830.47,10.41,1955198,-191.000,-118.000,-42.500,0.7850,1.4200
1471,12.0911,7.7718,1.0668,393216,830.47,10.41,1955198,-191.000,-118.000,-42.500,0.7850,1.4200
1472,12.0988,8.1048,1.0147,393216,830.47,10.41,1955198,-191.000,-118.000,-42.500,0.7850,1.4200
1473,12.1071,7.6726,0.9652,393216,830.47,10.41,1955198,-191.000,-118.000,-42.500,0.7850,1.4200
1474,12.1144,8.3176,0.9300,393216,830.47,10.41,1955198,-191.000,-118.000,-42.500,0.7850,1.4200
1475,12.1224,7.2634,0.8877,393216,830.47,10.41,1955198,-191.000,-118.000,-42.500,0.7850,1.4200
1476,12.1301,8.0321,0.8834,393216,830.47,10.41,1955198,-191.000,-118.000,-42.500,0.7850,1.4200
1477,12.1381,7.6607,0.8916,393216,830.47,10.41,1955198,-191.000,-118.000,-42.500,0.7850,1.4200
1478,12.1458,8.0217,0.9169,393216,830.47,10.41,1955198,-191.000,-118.000,-42.500,0.7850,1.4200
1479,12.1538,7.6805,0.9123,393216,830.47,10.41,1955198,-191.000,-118.000,-42.500,0.7850,1.4200
1480,12.1615,7.9820,0.9385,393216,830.47,10.41,1955198,-191.000,-118.000,-42.500,0.7850,1.4200
1481,12.1696,7.7396,0.8885,393216,830.47,10.41,1955198,-191.000,-118.000,-42.500,0.7850,1.4200
1482,12.1773,8.0555,0.8755,393216,830.47,10.41,1955198,-191.000,-118.000,-42.500,0.7850,1.4200
1483,12.1854,7.7812,0.9275,393216,830.47,10.41,1955198,-191.000,-118.000,-42.500,0.7850,1.4200
1484,12.1932,8.1159,0.9029,393216,830.47,10.41,1955198,-191.000,-118.000,-42.500,0.7850,1.4200
1485,12.2015,7.7686,0.9221,393216,830.47,10.41,1955198,-191.000,-118.000,-42.500,0.7850,1.4200
1486,12.2092,8.2561,0.9107,393216,830.47,10.41,1955198,-191.000,-118.000,-42.500,0.7850,1.4200
1487,12.2174,7.7660,0.9002,393216,830.47,10.41,1955198,-191.000,-118.000,-42.500,0.7850,1.4200
1488,12.2252,8.1481,1.0155,393216,830.47,10.41,1955198,-191.000,-118.000,-42.500,0.7850,1.4200
1489,12.2335,7.8511,1.1057,393216,830.47,10.41,1955198,-191.000,-118.000,-42.500,0.7850,1.4200
1490,12.2408,8.3207,1.0683,393216,830.47,10.41,1955198,-191.000,-118.000,-42.500,0.7850,1.4200
1491,12.2489,7.2928,1.0550,393216,830.47,10.41,1955198,-191.000,-118.000,-42.500,0.7850,1.4200
1492,12.2562,8.0970,0.8187,393216,830.47,10.41,1955198,-191.000,-118.000,-42.500,0.7850,1.4200
1493,12.2644,7.3327,0.8951,393216,830.47,10.41,1955198,-191.000,-118.000,-42.500,0.7850,1.4200
1494,12.2723,8.1741,0.9304,393216,830.47,10.41,1955198,-191.000,-118.000,-42.500,0.7850,1.4200
1495,12.2806,7.8899,0.8862,393216,830.47,10.41,1955198,-191.000,-118.000,-42.500,0.7850,1.4200
1496,12.2886,8.3008,1.0428,393216,830.47,10.41,1955198,-191.000,-118.000,-42.500,0.7850,1.4200
1497,12.2966,7.9810,0.8477,393216,830.47,10.41,1955198,-191.000,-118.000,-42.500,0.7850,1.4200
1498,12.3045,7.9580,0.9589,393216,830.47,10.41,1955198,-191.000,-118.000,-42.500,0.7850,1.4200
1499,12.3128,7.9036,0.9734,393216,830.47,10.41,1955198,-191.000,-118.000,-42.500,0.7850,1.4200
1500,12.3206,8.3457,0.9570,393216,830.47,10.41,1955198,-191.000,-118.000,-42.500,0.7850,1.4200
1501,12.3287,7.7371,0.9419,393216,830.47,10.41,1955198,-191.000,-118.000,-42.500,0.7850,1.4200
1502,12.3365,8.1144,0.9229,393216,830.47,10.41,1955198,-191.000,-118.000,-42.500,0.7850,1.4200
1503,12.3445,7.7878,0.9293,393216,830.47,10.41,1955198,-191.000,-118.000,-42.500,0.7850,1.4200
1504,12.3522,8.0655,0.8966,393216,830.47,10.41,1955198,-191.000,-118.000,-42.500,0.7850,1.4200
1505,12.3605,7.7024,0.9032,393216,830.47,10.41,1955198,-191.000,-118.000,-42.500,0.7850,1.4200
1506,12.3680,8.2429,0.9292,393216,830.47,10.41,1955198,-191.000,-118.000,-42.500,0.7850,1.4200
1507,12.3761,7.5448,0.8946,393216,830.47,10.41,1955198,-191.000,-118.000,-42.500,0.7850,1.4200
1508,12.3838,8.0988,0.8347,393216,830.47,10.41,1955198,-191.000,-118.000,-42.500,0.7850,1.4200
1509,12.3921,7.6365,0.8643,393216,830.47,10.41,1955198,-191.000,-118.000,-42.500,0.7850,1.4200
1510,12.3999,8.2889,0.9374,393216,830.47,10.41,1955198,-191.000,-118.000,-42.500,0.7850,1.4200
1511,12.4082,7.8027,0.9531,393216,830.47,10.41,1955198,-191.000,-118.000,-42.500,0.7850,1.4200
1512,12.4160,8.3551,0.8949,393216,830.47,10.41,1955198,-191.000,-118.000,-42.500,0.7850,1.4200
1513,12.4247,7.8359,1.1258,393216,830.47,10.41,1955198,-191.000,-118.000,-42.500,0.7850,1.4200
1514,12.4323,8.6133,0.9036,393216,830.47,10.41,1955198,-191.000,-118.000,-42.500,0.7850,1.4200
1515,12.4408,7.6252,1.1624,393216,830.47,10.41,1955198,-191.000,-118.000,-42.500,0.7850,1.4200
1516,12.4483,8.4927,0.8682,393216,830.47,10.41,1955198,-191.000,-118.000,-42.500,0.7850,1.4200
1517,12.4569,7.5494,1.0248,393216,830.47,10.41,1955198,-191.000,-118.000,-42.500,0.7850,1.4200
1518,12.4643,8.6530,0.8533,393216,830.47,10.41,1955198,-191.000,-118.000,-42.500,0.7850,1.4200
1519,12.4725,7.3557,0.8627,393216,830.47,10.41,1955198,-191.000,-118.000,-42.500,0.7850,1.4200
1520,12.4802,8.2123,0.8587,393216,830.47,10.41,1955198,-191.000,-118.000,-42.500,0.7850,1.4200
1521,12.4886,7.6913,0.8823,393216,830.47,10.41,1955198,-191.000,-118.000,-42.500,0.7850,1.4200
1522,12.4961,8.3755,0.9402,393216,830.47,10.41,1955198,-191.000,-118.000,-42.500,0.7850,1.4200
1523,12.5043,7.4562,0.9395,393216,830.47,10.41,1955198,-191.000,-118.000,-42.500,0.7850,1.4200
1524,12.5120,8.1867,0.9183,393216,830.47,10.41,1955198,-191.000,-118.000,-42.500,0.7850,1.4200
1525,12.5201,7.7284,0.9308,393216,830.47,10.41,1955198,-191.000,-118.000,-42.500,0.7850,1.4200
1526,12.5278,8.1525,0.8745,393216,830.47,10.41,1955198,-191.000,-118.000,-42.500,0.7850,1.4200
1527,12.5358,7.6767,0.8659,393216,830.47,10.41,1955198,-191.000,-118.000,-42.500,0.7850,1.4200
1528,12.5435,8.0100,0.9400,393216,830.47,10.41,1955198,-191.000,-118.000,-42.500,0.7850,1.4200
1529,12.5518,7.6720,0.9042,393216,830.47,10.41,1955198,-191.000,-118.000,-42.500,0.7850,1.4200
1530,12.5594,8.3505,0.8917,393216,830.47,10.41,1955198,-191.000,-118.000,-42.500,0.7850,1.4200
1531,12.5676,7.5892,0.8648,393216,830.47,10.41,1955198,-191.000,-118.000,-42.500,0.7850,1.4200
1532,12.5752,8.1522,0.8748,393216,830.47,10.41,1955198,-191.000,-118.000,-42.500,0.7850,1.4200
1533,12.5834,7.6768,0.8782,393216,830.47,10.41,1955198,-191.000,-118.000,-42.500,0.7850,1.4200
1534,12.5912,8.1120,0.9655,393216,830.47,10.41,1955198,-191.000,-118.000,-42.500,0.7850,1.4200
1535,12.5993,7.8054,1.0483,393216,830.47,10.41,1955198,-191.000,-118.000,-42.500,0.7850,1.4200
1536,12.6070,8.1472,1.0145,393216,830.47,10.41,1955198,-191.000,-118.000,-42.500,0.7850,1.4200
1537,12.6153,7.6811,1.0654,393216,830.47,10.41,1955198,-191.000,-118.000,-42.500,0.7850,1.4200
1538,12.6225,8.3500,0.8768,393216,830.47,10.41,1955198,-191.000,-118.000,-42.500,0.7850,1.4200
1539,12.6308,7.1700,0.9228,393216,830.47,10.41,1955198,-191.000,-118.000,-42.500,0.7850,1.4200
1540,12.6384,8.2585,0.9021,393216,830.47,10.41,1955198,-191.000,-118.000,-42.500,0.7850,1.4200
1541,12.6466,7.6581,0.8890,393216,830.47,10.41,1955198,-191.000,-118.000,-42.500,0.7850,1.4200
1542,12.6543,8.1502,0.8684,393216,830.47,10.41,1955198,-191.000,-118.000,-42.500,0.7850,1.4200
1543,12.6625,7.6929,0.9239,393216,830.47,10.41,1955198,-191.000,-118.000,-42.500,0.7850,1.4200
1544,12.6704,8.2428,0.9929,393216,830.47,10.41,1955198,-191.000,-118.000,-42.500,0.7850,1.4200
1545,12.6786,7.8699,0.9405,393216,830.47,10.41,1955198,-191.000,-118.000,-42.500,0.7850,1.4200
1546,12.6864,8.1447,0.8966,393216,830.47,10.41,1955198,-191.000,-118.000,-42.500,0.7850,1.4200
1547,12.6945,7.8318,0.8698,393216,830.47,10.41,1955198,-191.000,-118.000,-42.500,0.7850,1.4200
1548,12.7024,8.1397,0.8818,393216,830.47,10.41,1955198,-191.000,-118.000,-42.500,0.7850,1.4200
1549,12.7107,7.9167,0.8697,393216,830.47,10.41,1955198,-191.000,-118.000,-42.500,0.7850,1.4200
1550,12.7187,8.2932,0.9435,393216,830.47,10.41,1955198,-191.000,-118.000,-42.500,0.7850,1.4200
1551,12.7269,7.9574,0.9257,393216,830.47,10.41,1955198,-191.000,-118.000,-42.500,0.7850,1.4200
1552,12.7347,8.1796,0.9243,393216,830.47,10.41,1955198,-191.000,-118.000,-42.500,0.7850,1.4200
1553,12.7430,7.8469,0.9326,393216,830.47,10.41,1955198,-191.000,-118.000,-42.500,0.7850,1.4200
1554,12.7504,8.2479,0.9156,393216,830.47,10.41,1955198,-191.000,-118.000,-42.500,0.7850,1.4200
1555,12.7587,7.4524,0.9088,393216,830.47,10.41,1955198,-191.000,-118.000,-42.500,0.7850,1.4200
1556,12.7666,8.3051,1.0290,393216,830.47,10.41,1955198,-191.000,-118.000,-42.500,0.7850,1.4200
1557,12.7749,7.8844,0.9775,393216,830.47,10.41,1955198,-191.000,-118.000,-42.500,0.7850,1.4200
1558,12.7827,8.2588,1.0052,393216,830.47,10.41,1955198,-191.000,-118.000,-42.500,0.7850,1.4200
1559,12.7910,7.8786,1.0738,393216,830.47,10.41,1955198,-191.000,-118.000,-42.500,0.7850,1.4200
1560,12.7989,8.2897,1.1403,393216,830.47,10.41,1955198,-191.000,-118.000,-42.500,0.7850,1.4200
1561,12.8074,7.8831,1.4003,393216,830.47,10.41,1955198,-191.000,-118.000,-42.500,0.7850,1.4200
1562,12.8146,8.4940,0.8365,393216,830.47,10.41,1955198,-191.000,-118.000,-42.500,0.7850,1.4200
1563,12.8228,7.2225,0.8495,393216,830.47,10.41,1955198,-191.000,-118.000,-42.500,0.7850,1.4200
1564,12.8305,8.1930,0.8619,393216,830.47,10.41,1955198,-191.000,-118.000,-42.500,0.7850,1.4200
1565,12.8389,7.7176,0.8733,393216,830.47,10.41,1955198,-191.000,-118.000,-42.500,0.7850,1.4200
1566,12.8469,8.3908,0.9108,393216,830.47,10.41,1955198,-191.000,-118.000,-42.500,0.7850,1.4200
1567,12.8551,7.9452,0.9666,393216,830.47,10.41,1955198,-191.000,-118.000,-42.500,0.7850,1.4200
1568,12.8629,8.2418,0.8965,393216,830.47,10.41,1955198,-191.000,-118.000,-42.500,0.7850,1.4200
1569,12.8710,7.7649,0.9035,393216,830.47,10.41,1955198,-191.000,-118.000,-42.500,0.7850,1.4200
1570,12.8784,8.0834,0.8756,393216,830.47,10.41,1955198,-191.000,-118.000,-42.500,0.7850,1.4200
1571,12.8867,7.4440,0.8587,393216,830.47,10.41,1955198,-191.000,-118.000,-42.500,0.7850,1.4200
1572,12.8944,8.2556,0.8693,393216,830.47,10.41,1955198,-191.000,-118.000,-42.500,0.7850,1.4200
1573,12.9029,7.7497,0.9700,393216,830.47,10.41,1955198,-191.000,-118.000,-42.500,0.7850,1.4200
1574,12.9105,8.4447,0.8900,393216,830.47,10.41,1955198,-191.000,-118.000,-42.500,0.7850,1.4200
1575,12.9188,7.6560,0.9204,393216,830.47,10.41,1955198,-191.000,-118.000,-42.500,0.7850,1.4200
1576,12.9265,8.3567,0.9212,393216,830.47,10.41,1955198,-191.000,-118.000,-42.500,0.7850,1.4200
1577,12.9346,7.6477,0.9075,393216,830.47,10.41,1955198,-191.000,-118.000,-42.500,0.7850,1.4200
1578,12.9424,8.1077,0.8742,393216,830.47,10.41,1955198,-191.000,-118.000,-42.500,0.7850,1.4200
1579,12.9505,7.7294,0.8683,393216,830.47,10.41,1955198,-191.000,-118.000,-42.500,0.7850,1.4200
1580,12.9583,8.1606,0.8819,393216,830.47,10.41,1955198,-191.000,-118.000,-42.500,0.7850,1.4200
1581,12.9666,7.7859,0.9283,393216,830.47,10.41,1955198,-191.000,-118.000,-42.500,0.7850,1.4200
1582,12.9745,8.2989,0.9889,393216,830.47,10.41,1955198,-191.000,-118.000,-42.500,0.7850,1.4200
1583,12.9826,7.8717,1.1049,393216,830.47,10.41,1955198,-191.000,-118.000,-42.500,0.7850,1.4200
1584,12.9903,8.1722,0.9955,393216,830.47,10.41,1955198,-191.000,-118.000,-42.500,0.7850,1.4200
1585,12.9983,7.6585,0.9926,393216,830.47,10.41,1955198,-191.000,-118.000,-42.500,0.7850,1.4200
1586,13.0056,8.0103,0.8512,393216,830.47,10.41,1955198,-191.000,-118.000,-42.500,0.7850,1.4200
1587,13.0136,7.3057,0.8515,393216,830.47,10.41,1955198,-191.000,-118.000,-42.500,0.7850,1.4200
1588,13.0214,8.0068,0.8614,393216,830.47,10.41,1955198,-191.000,-118.000,-42.500,0.7850,1.4200
1589,13.0296,7.8103,0.8925,393216,830.47,10.41,1955198,-191.000,-118.000,-42.500,0.7850,1.4200
1590,13.0374,8.1368,0.9316,393216,830.47,10.41,1955198,-191.000,-118.000,-42.500,0.7850,1.4200
1591,13.0455,7.8291,0.9127,393216,830.47,10.41,1955198,-191.000,-118.000,-42.500,0.7850,1.4200
1592,13.0534,8.0958,0.9765,393216,830.47,10.41,1955198,-191.000,-118.000,-42.500,0.7850,1.4200
1593,13.0613,7.8860,0.8532,393216,830.47,10.41,1955198,-191.000,-118.000,-42.500,0.7850,1.4200
1594,13.0692,7.9498,0.8719,393216,830.47,10.41,1955198,-191.000,-118.000,-42.500,0.7850,1.4200
1595,13.0772,7.8209,0.8583,393216,830.47,10.41,1955198,-191.000,-118.000,-42.500,0.7850,1.4200
1596,13.0849,8.0760,0.8311,393216,830.47,10.41,1955198,-191.000,-118.000,-42.500,0.7850,1.4200
1597,13.0931,7.7070,0.8483,393216,830.47,10.41,1955198,-191.000,-118.000,-42.500,0.7850,1.4200
1598,13.1014,8.1123,1.1207,393216,830.47,10.41,1955198,-191.000,-118.000,-42.500,0.7850,1.4200
1599,13.1089,8.3958,0.8975,393216,830.47,10.41,1955198,-191.000,-118.000,-42.500,0.7850,1.4200
1600,13.1171,7.4914,0.8827,393216,830.47,10.41,1955198,-191.000,-118.000,-42.500,0.7850,1.4200
1601,13.1251,8.1124,0.8619,393216,830.47,10.41,1955198,-191.000,-118.000,-42.500,0.7850,1.4200
1602,13.1331,8.0283,0.9805,393216,830.47,10.41,1955198,-191.000,-118.000,-42.500,0.7850,1.4200
1603,13.1410,7.9864,0.9602,393216,830.47,10.41,1955198,-191.000,-118.000,-42.500,0.7850,1.4200
1604,13.1493,7.8939,1.0110,393216,830.47,10.41,1955198,-191.000,-118.000,-42.500,0.7850,1.4200
1605,13.1572,8.3174,1.1324,393216,830.47,10.41,1955198,-191.000,-118.000,-42.500,0.7850,1.4200
1606,13.1654,7.9659,1.0720,393216,830.47,10.41,1955198,-191.000,-118.000,-42.500,0.7850,1.4200
1607,13.1730,8.1168,0.9097,393216,830.47,10.41,1955198,-191.000,-118.000,-42.500,0.7850,1.4200
1608,13.1813,7.6461,0.9558,393216,830.47,10.41,1955198,-191.000,-118.000,-42.500,0.7850,1.4200
1609,13.1889,8.3070,0.9198,393216,830.47,10.41,1955198,-191.000,-118.000,-42.500,0.7850,1.4200
1610,13.1970,7.5884,0.9060,393216,830.47,10.41,1955198,-191.000,-118.000,-42.500,0.7850,1.4200
1611,13.2047,8.1379,0.8424,393216,830.47,10.41,1955198,-191.000,-118.000,-42.500,0.7850,1.4200
1612,13.2130,7.6707,0.9833,393216,830.47,10.41,1955198,-191.000,-118.000,-42.500,0.7850,1.4200
1613,13.2208,8.3073,0.9263,393216,830.47,10.41,1955198,-191.000,-118.000,-42.500,0.7850,1.4200
1614,13.2291,7.8141,0.9060,393216,830.47,10.41,1955198,-191.000,-118.000,-42.500,0.7850,1.4200
1615,13.2368,8.2202,0.8220,393216,830.47,10.41,1955198,-191.000,-118.000,-42.500,0.7850,1.4200
1616,13.2450,7.7328,0.9224,393216,830.47,10.41,1955198,-191.000,-118.000,-42.500,0.7850,1.4200
1617,13.2528,8.2202,0.9008,393216,830.47,10.41,1955198,-191.000,-118.000,-42.500,0.7850,1.4200
1618,13.2607,7.7962,0.9288,393216,830.47,10.41,1955198,-191.000,-118.000,-42.500,0.7850,1.4200
1619,13.2684,7.9256,0.8730,393216,830.47,10.41,1955198,-191.000,-118.000,-42.500,0.7850,1.4200
1620,13.2766,7.6584,0.8457,393216,830.47,10.41,1955198,-191.000,-118.000,-42.500,0.7850,1.4200
1621,13.2844,8.1564,0.8693,393216,830.47,10.41,1955198,-191.000,-118.000,-42.500,0.7850,1.4200
1622,13.2925,7.8309,0.9078,393216,830.47,10.41,1955198,-191.000,-118.000,-42.500,0.7850,1.4200
1623,13.3002,8.1089,0.8114,393216,830.47,10.41,1955198,-191.000,-118.000,-42.500,0.7850,1.4200
1624,13.3085,7.6890,0.8551,393216,830.47,10.41,1955198,-191.000,-118.000,-42.500,0.7850,1.4200
1625,13.3162,8.3095,0.9406,393216,830.47,10.41,1955198,-191.000,-118.000,-42.500,0.7850,1.4200
1626,13.3244,7.7653,0.9692,393216,830.47,10.41,1955198,-191.000,-118.000,-42.500,0.7850,1.4200
1627,13.3321,8.1833,0.8024,393216,830.47,10.41,1955198,-191.000,-118.000,-42.500,0.7850,1.4200
1628,13.3406,7.6623,1.0262,393216,830.47,10.41,1955198,-191.000,-118.000,-42.500,0.7850,1.4200
1629,13.3483,8.4624,0.8952,393216,830.47,10.41,1955198,-191.000,-118.000,-42.500,0.7850,1.4200
1630,13.3565,7.8046,0.9203,393216,830.47,10.41,1955198,-191.000,-118.000,-42.500,0.7850,1.4200
1631,13.3641,8.1156,0.9015,393216,830.47,10.41,1955198,-191.000,-118.000,-42.500,0.7850,1.4200
1632,13.3722,7.6531,0.8225,393216,830.47,10.41,1955198,-191.000,-118.000,-42.500,0.7850,1.4200
1633,13.3800,8.0645,0.8691,393216,830.47,10.41,1955198,-191.000,-118.000,-42.500,0.7850,1.4200
1634,13.3879,7.7833,0.8366,393216,830.47,10.41,1955198,-191.000,-118.000,-42.500,0.7850,1.4200
1635,13.3958,7.8850,0.9354,393216,830.47,10.41,1955198,-191.000,-118.000,-42.500,0.7850,1.4200
1636,13.4039,7.9039,0.9103,393216,830.47,10.41,1955198,-191.000,-118.000,-42.500,0.7850,1.4200
1637,13.4116,8.1388,0.8748,393216,830.47,10.41,1955198,-191.000,-118.000,-42.500,0.7850,1.4200
1638,13.4199,7.7277,0.8552,393216,830.47,10.41,1955198,-191.000,-118.000,-42.500,0.7850,1.4200
1639,13.4277,8.2959,0.8727,393216,830.47,10.41,1955198,-191.000,-118.000,-42.500,0.7850,1.4200
1640,13.4359,7.7839,0.9082,393216,830.47,10.41,1955198,-191.000,-118.000,-42.500,0.7850,1.4200
1641,13.4436,8.1755,0.8832,393216,830.47,10.41,1955198,-191.000,-118.000,-42.500,0.7850,1.4200
1642,13.4520,7.7320,0.9041,393216,830.47,10.41,1955198,-191.000,-118.000,-42.500,0.7850,1.4200
1643,13.4598,8.4159,0.8347,393216,830.47,10.41,1955198,-191.000,-118.000,-42.500,0.7850,1.4200
1644,13.4683,7.7319,0.9015,393216,830.47,10.41,1955198,-191.000,-118.000,-42.500,0.7850,1.4200
1645,13.4760,8.4853,0.8520,393216,830.47,10.41,1955198,-191.000,-118.000,-42.500,0.7850,1.4200
1646,13.4843,7.7520,0.8151,393216,830.47,10.41,1955198,-191.000,-118.000,-42.500,0.7850,1.4200
1647,13.4919,8.2441,0.7985,393216,830.47,10.41,1955198,-191.000,-118.000,-42.500,0.7850,1.4200
1648,13.5002,7.6541,0.7974,393216,830.47,10.41,1955198,-191.000,-118.000,-42.500,0.7850,1.4200
1649,13.5081,8.2915,0.9140,393216,830.47,10.41,1955198,-191.000,-118.000,-42.500,0.7850,1.4200
1650,13.5162,7.9448,0.9630,393216,830.47,10.41,1955198,-191.000,-118.000,-42.500,0.7850,1.4200
1651,13.5237,8.0381,0.8103,393216,830.47,10.41,1955198,-191.000,-118.000,-42.500,0.7850,1.4200
1652,13.5323,7.5184,0.9903,393216,830.47,10.41,1955198,-191.000,-118.000,-42.500,0.7850,1.4200
1653,13.5399,8.5577,0.9007,393216,830.47,10.41,1955198,-191.000,-118.000,-42.500,0.7850,1.4200
1654,13.5486,7.6282,1.0766,393216,830.47,10.41,1955198,-191.000,-118.000,-42.500,0.7850,1.4200
1655,13.5560,8.7000,0.7648,393216,830.47,10.41,1955198,-191.000,-118.000,-42.500,0.7850,1.4200
1656,13.5645,7.4522,0.8098,393216,830.47,10.41,1955198,-191.000,-118.000,-42.500,0.7850,1.4200
1657,13.5724,8.4336,0.9122,393216,830.47,10.41,1955198,-191.000,-118.000,-42.500,0.7850,1.4200
1658,13.5805,7.9441,0.8931,393216,830.47,10.41,1955198,-191.000,-118.000,-42.500,0.7850,1.4200
1659,13.5883,8.1181,0.8919,393216,830.47,10.41,1955198,-191.000,-118.000,-42.500,0.7850,1.4200
1660,13.5965,7.7982,0.8654,393216,830.47,10.41,1955198,-191.000,-118.000,-42.500,0.7850,1.4200
1661,13.6041,8.1378,0.8159,393216,830.47,10.41,1955198,-191.000,-118.000,-42.500,0.7850,1.4200
1662,13.6123,7.7102,0.8485,393216,830.47,10.41,1955198,-191.000,-118.000,-42.500,0.7850,1.4200
1663,13.6200,8.1292,0.8426,393216,830.47,10.41,1955198,-191.000,-118.000,-42.500,0.7850,1.4200
1664,13.6281,7.6560,0.8823,393216,830.47,10.41,1955198,-191.000,-118.000,-42.500,0.7850,1.4200
1665,13.6358,8.1132,0.8760,393216,830.47,10.41,1955198,-191.000,-118.000,-42.500,0.7850,1.4200
1666,13.6437,7.7516,0.9047,393216,830.47,10.41,1955198,-191.000,-118.000,-42.500,0.7850,1.4200
1667,13.6515,7.9054,0.8796,393216,830.47,10.41,1955198,-191.000,-118.000,-42.500,0.7850,1.4200
1668,13.6596,7.7614,0.8747,393216,830.47,10.41,1955198,-191.000,-118.000,-42.500,0.7850,1.4200
1669,13.6672,8.1229,0.7951,393216,830.47,10.41,1955198,-191.000,-118.000,-42.500,0.7850,1.4200
1670,13.6754,7.5917,0.8493,393216,830.47,10.41,1955198,-191.000,-118.000,-42.500,0.7850,1.4200
1671,13.6832,8.1943,0.9102,393216,830.47,10.41,1955198,-191.000,-118.000,-42.500,0.7850,1.4200
1672,13.6913,7.7813,0.9815,393216,830.47,10.41,1955198,-191.000,-118.000,-42.500,0.7850,1.4200
1673,13.6991,8.1567,1.0004,393216,830.47,10.41,1955198,-191.000,-118.000,-42.500,0.7850,1.4200
1674,13.7075,7.7248,1.2524,393216,830.47,10.41,1955198,-191.000,-118.000,-42.500,0.7850,1.4200
1675,13.7152,8.4792,1.0039,393216,830.47,10.41,1955198,-191.000,-118.000,-42.500,0.7850,1.4200
1676,13.7233,7.6297,1.0222,393216,830.47,10.41,1955198,-191.000,-118.000,-42.500,0.7850,1.4200
1677,13.7309,8.1387,0.8460,393216,830.47,10.41,1955198,-191.000,-118.000,-42.500,0.7850,1.4200
1678,13.7393,7.5485,0.8795,393216,830.47,10.41,1955198,-191.000,-118.000,-42.500,0.7850,1.4200
1679,13.7470,8.4714,0.8499,393216,830.47,10.41,1955198,-191.000,-118.000,-42.500,0.7850,1.4200
1680,13.7551,7.6849,0.8331,393216,830.47,10.41,1955198,-191.000,-118.000,-42.500,0.7850,1.4200
1681,13.7630,8.0964,0.9135,393216,830.47,10.41,1955198,-191.000,-118.000,-42.500,0.7850,1.4200
1682,13.7707,7.9137,0.8759,393216,830.47,10.41,1955198,-191.000,-118.000,-42.500,0.7850,1.4200
1683,13.7784,7.7143,0.8568,393216,830.47,10.41,1955198,-191.000,-118.000,-42.500,0.7850,1.4200
1684,13.7866,7.6742,0.7966,393216,830.47,10.41,1955198,-191.000,-118.000,-42.500,0.7850,1.4200
1685,13.7944,8.1618,0.8271,393216,830.47,10.41,1955198,-191.000,-118.000,-42.500,0.7850,1.4200
1686,13.8027,7.8127,0.8495,393216,830.47,10.41,1955198,-191.000,-118.000,-42.500,0.7850,1.4200
1687,13.8104,8.2705,0.8461,393216,830.47,10.41,1955198,-191.000,-118.000,-42.500,0.7850,1.4200
1688,13.8185,7.7022,0.8792,393216,830.47,10.41,1955198,-191.000,-118.000,-42.500,0.7850,1.4200
1689,13.8262,8.1383,0.8049,393216,830.47,10.41,1955198,-191.000,-118.000,-42.500,0.7850,1.4200
1690,13.8343,7.6755,0.8314,393216,830.47,10.41,1955198,-191.000,-118.000,-42.500,0.7850,1.4200
1691,13.8421,8.1651,0.7898,393216,830.47,10.41,1955198,-191.000,-118.000,-42.500,0.7850,1.4200
1692,13.8501,7.7129,0.8427,393216,830.47,10.41,1955198,-191.000,-118.000,-42.500,0.7850,1.4200
1693,13.8582,8.0779,0.8580,393216,830.47,10.41,1955198,-191.000,-118.000,-42.500,0.7850,1.4200
1694,13.8663,8.0434,0.8294,393216,830.47,10.41,1955198,-191.000,-118.000,-42.500,0.7850,1.4200
1695,13.8740,8.1479,0.7668,393216,830.47,10.41,1955198,-191.000,-118.000,-42.500,0.7850,1.4200
1696,13.8825,7.6353,1.1129,393216,830.47,10.41,1955198,-191.000,-118.000,-42.500,0.7850,1.4200
1697,13.8899,8.4997,0.8863,393216,830.47,10.41,1955198,-191.000,-118.000,-42.500,0.7850,1.4200
1698,13.8978,7.4550,0.8922,393216,830.47,10.41,1955198,-191.000,-118.000,-42.500,0.7850,1.4200
1699,13.9054,7.8357,0.8394,393216,830.47,10.41,1955198,-191.000,-118.000,-42.500,0.7850,1.4200
1700,13.9134,7.6723,0.8529,393216,830.47,10.41,1955198,-191.000,-118.000,-42.500,0.7850,1.4200
1701,13.9212,7.9465,0.8633,393216,830.47,10.41,1955198,-191.000,-118.000,-42.500,0.7850,1.4200
1702,13.9293,7.8135,0.8760,393216,830.47,10.41,1955198,-191.000,-118.000,-42.500,0.7850,1.4200
1703,13.9370,8.1133,0.8539,393216,830.47,10.41,1955198,-191.000,-118.000,-42.500,0.7850,1.4200
1704,13.9451,7.7402,0.8749,393216,830.47,10.41,1955198,-191.000,-118.000,-42.500,0.7850,1.4200
1705,13.9529,8.1306,0.8301,393216,830.47,10.41,1955198,-191.000,-118.000,-42.500,0.7850,1.4200
1706,13.9612,7.7850,0.9643,393216,830.47,10.41,1955198,-191.000,-118.000,-42.500,0.7850,1.4200
1707,13.9689,8.2321,0.8768,393216,830.47,10.41,1955198,-191.000,-118.000,-42.500,0.7850,1.4200
1708,13.9768,7.6791,0.8087,393216,830.47,10.41,1955198,-191.000,-118.000,-42.500,0.7850,1.4200
1709,13.9847,7.9497,0.8157,393216,830.47,10.41,1955198,-191.000,-118.000,-42.500,0.7850,1.4200
1710,13.9928,7.8388,0.8688,393216,830.47,10.41,1955198,-191.000,-118.000,-42.500,0.7850,1.4200
1711,14.0004,8.1080,0.8563,393216,830.47,10.41,1955198,-191.000,-118.000,-42.500,0.7850,1.4200
1712,14.0086,7.6201,0.9107,393216,830.47,10.41,1955198,-191.000,-118.000,-42.500,0.7850,1.4200
1713,14.0167,8.2115,0.8998,393216,830.47,10.41,1955198,-191.000,-118.000,-42.500,0.7850,1.4200
1714,14.0244,8.0755,1.0895,393216,830.47,10.41,1955198,-191.000,-118.000,-42.500,0.7850,1.4200
1715,14.0322,7.7291,1.1743,393216,830.47,10.41,1955198,-191.000,-118.000,-42.500,0.7850,1.4200
1716,14.0400,7.8423,0.8530,393216,830.47,10.41,1955198,-191.000,-118.000,-42.500,0.7850,1.4200
1717,14.0484,7.7330,1.0751,393216,830.47,10.41,1955198,-191.000,-118.000,-42.500,0.7850,1.4200
1718,14.0558,8.4178,0.8015,393216,830.47,10.41,1955198,-191.000,-118.000,-42.500,0.7850,1.4200
1719,14.0642,7.4575,0.9295,393216,830.47,10.41,1955198,-191.000,-118.000,-42.500,0.7850,1.4200
1720,14.0718,8.3780,0.8350,393216,830.47,10.41,1955198,-191.000,-118.000,-42.500,0.7850,1.4200
1721,14.0802,7.5841,0.9868,393216,830.47,10.41,1955198,-191.000,-118.000,-42.500,0.7850,1.4200
1722,14.0878,8.4143,0.7788,393216,830.47,10.41,1955198,-191.000,-118.000,-42.500,0.7850,1.4200
1723,14.0962,7.5835,0.9571,393216,830.47,10.41,1955198,-191.000,-118.000,-42.500,0.7850,1.4200
1724,14.1038,8.3771,0.8628,393216,830.47,10.41,1955198,-191.000,-118.000,-42.500,0.7850,1.4200
1725,14.1119,7.6490,0.8871,393216,830.47,10.41,1955198,-191.000,-118.000,-42.500,0.7850,1.4200
1726,14.1197,8.0800,0.8602,393216,830.47,10.41,1955198,-191.000,-118.000,-42.500,0.7850,1.4200
1727,14.1276,7.7365,0.8198,393216,830.47,10.41,1955198,-191.000,-118.000,-42.500,0.7850,1.4200
1728,14.1353,7.9041,0.7949,393216,830.47,10.41,1955198,-191.000,-118.000,-42.500,0.7850,1.4200
1729,14.1437,7.7378,0.9153,393216,830.47,10.41,1955198,-191.000,-118.000,-42.500,0.7850,1.4200
1730,14.1511,8.3707,0.8174,393216,830.47,10.41,1955198,-191.000,-118.000,-42.500,0.7850,1.4200
1731,14.1593,7.4274,0.8621,393216,830.47,10.41,1955198,-191.000,-118.000,-42.500,0.7850,1.4200
1732,14.1670,8.1960,0.7985,393216,830.47,10.41,1955198,-191.000,-118.000,-42.500,0.7850,1.4200
1733,14.1752,7.6626,0.9517,393216,830.47,10.41,1955198,-191.000,-118.000,-42.500,0.7850,1.4200
1734,14.1828,8.2525,0.8010,393216,830.47,10.41,1955198,-191.000,-118.000,-42.500,0.7850,1.4200
1735,14.1908,7.5767,0.8310,393216,830.47,10.41,1955198,-191.000,-118.000,-42.500,0.7850,1.4200
1736,14.1985,8.0443,0.8378,393216,830.47,10.41,1955198,-191.000,-118.000,-42.500,0.7850,1.4200
1737,14.2068,7.6834,0.9450,393216,830.47,10.41,1955198,-191.000,-118.000,-42.500,0.7850,1.4200
1738,14.2145,8.3104,0.8571,393216,830.47,10.41,1955198,-191.000,-118.000,-42.500,0.7850,1.4200
1739,14.2225,7.7483,0.8728,393216,830.47,10.41,1955198,-191.000,-118.000,-42.500,0.7850,1.4200
1740,14.2301,7.9522,0.7666,393216,830.47,10.41,1955198,-191.000,-118.000,-42.500,0.7850,1.4200
1741,14.2384,7.6064,0.9483,393216,830.47,10.41,1955198,-191.000,-118.000,-42.500,0.7850,1.4200
1742,14.2461,8.2877,0.8933,393216,830.47,10.41,1955198,-191.000,-118.000,-42.500,0.7850,1.4200
1743,14.2542,7.6776,0.9334,393216,830.47,10.41,1955198,-191.000,-118.000,-42.500,0.7850,1.4200
1744,14.2619,8.0863,0.8921,393216,830.47,10.41,1955198,-191.000,-118.000,-42.500,0.7850,1.4200
1745,14.2702,7.7609,0.8957,393216,830.47,10.41,1955198,-191.000,-118.000,-42.500,0.7850,1.4200
1746,14.2776,8.2518,0.9122,393216,830.47,10.41,1955198,-191.000,-118.000,-42.500,0.7850,1.4200
1747,14.2857,7.4637,0.8918,393216,830.47,10.41,1955198,-191.000,-118.000,-42.500,0.7850,1.4200
1748,14.2932,8.0569,0.8106,393216,830.47,10.41,1955198,-191.000,-118.000,-42.500,0.7850,1.4200
1749,14.3013,7.4764,0.8535,393216,830.47,10.41,1955198,-191.000,-118.000,-42.500,0.7850,1.4200
1750,14.3090,8.0926,0.8587,393216,830.47,10.41,1955198,-191.000,-118.000,-42.500,0.7850,1.4200
1751,14.3171,7.7096,0.8761,393216,830.47,10.41,1955198,-191.000,-118.000,-42.500,0.7850,1.4200
1752,14.3248,8.0942,0.8966,393216,830.47,10.41,1955198,-191.000,-118.000,-42.500,0.7850,1.4200
1753,14.3329,7.7312,0.9749,393216,830.47,10.41,1955198,-191.000,-118.000,-42.500,0.7850,1.4200
1754,14.3405,8.0719,0.9023,393216,830.47,10.41,1955198,-191.000,-118.000,-42.500,0.7850,1.4200
1755,14.3488,7.5813,1.0406,393216,830.47,10.41,1955198,-191.000,-118.000,-42.500,0.7850,1.4200
1756,14.3563,8.3764,0.9539,393216,830.47,10.41,1955198,-191.000,-118.000,-42.500,0.7850,1.4200
1757,14.3645,7.5055,0.9765,393216,830.47,10.41,1955198,-191.000,-118.000,-42.500,0.7850,1.4200
1758,14.3719,8.1299,0.7721,393216,830.47,10.41,1955198,-191.000,-118.000,-42.500,0.7850,1.4200
1759,14.3800,7.3804,0.8630,393216,830.47,10.41,1955198,-191.000,-118.000,-42.500,0.7850,1.4200
1760,14.3877,8.1763,0.8306,393216,830.47,10.41,1955198,-191.000,-118.000,-42.500,0.7850,1.4200
1761,14.3960,7.6900,0.9234,393216,830.47,10.41,1955198,-191.000,-118.000,-42.500,0.7850,1.4200
1762,14.4034,8.2358,0.9000,393216,830.47,10.41,1955198,-191.000,-118.000,-42.500,0.7850,1.4200
1763,14.4116,7.4569,1.0561,393216,830.47,10.41,1955198,-191.000,-118.000,-42.500,0.7850,1.4200
1764,14.4191,8.1547,0.9087,393216,830.47,10.41,1955198,-191.000,-118.000,-42.500,0.7850,1.4200
1765,14.4272,7.5438,0.9183,393216,830.47,10.41,1955198,-191.000,-118.000,-42.500,0.7850,1.4200
1766,14.4349,8.0801,0.8705,393216,830.47,10.41,1955198,-191.000,-118.000,-42.500,0.7850,1.4200
1767,14.4429,7.7034,0.9321,393216,830.47,10.41,1955198,-191.000,-118.000,-42.500,0.7850,1.4200
1768,14.4508,8.0492,0.9007,393216,830.47,10.41,1955198,-191.000,-118.000,-42.500,0.7850,1.4200
1769,14.4587,7.8211,0.9344,393216,830.47,10.41,1955198,-191.000,-118.000,-42.500,0.7850,1.4200
1770,14.4664,7.9643,0.8898,393216,830.47,10.41,1955198,-191.000,-118.000,-42.500,0.7850,1.4200
1771,14.4745,7.6965,0.9840,393216,830.47,10.41,1955198,-191.000,-118.000,-42.500,0.7850,1.4200
1772,14.4827,8.1111,1.1187,393216,830.47,10.41,1955198,-191.000,-118.000,-42.500,0.7850,1.4200
1773,14.4909,8.1148,1.0349,393216,830.47,10.41,1955198,-191.000,-118.000,-42.500,0.7850,1.4200
1774,14.4988,8.2039,1.0094,393216,830.47,10.41,1955198,-191.000,-118.000,-42.500,0.7850,1.4200
1775,14.5068,7.9516,0.9914,393216,830.47,10.41,1955198,-191.000,-118.000,-42.500,0.7850,1.4200
1776,14.5142,7.9441,0.8176,393216,830.47,10.41,1955198,-191.000,-118.000,-42.500,0.7850,1.4200
1777,14.5224,7.4319,0.8867,393216,830.47,10.41,1955198,-191.000,-118.000,-42.500,0.7850,1.4200
1778,14.5298,8.2590,0.8913,393216,830.47,10.41,1955198,-191.000,-118.000,-42.500,0.7850,1.4200
1779,14.5380,7.3638,0.8819,393216,830.47,10.41,1955198,-191.000,-118.000,-42.500,0.7850,1.4200
1780,14.5459,8.1995,0.9123,393216,830.47,10.41,1955198,-191.000,-118.000,-42.500,0.7850,1.4200
1781,14.5539,7.8896,0.8542,393216,830.47,10.41,1955198,-191.000,-118.000,-42.500,0.7850,1.4200
1782,14.5618,8.0361,0.8733,393216,830.47,10.41,1955198,-191.000,-118.000,-42.500,0.7850,1.4200
1783,14.5699,7.8364,0.9036,393216,830.47,10.41,1955198,-191.000,-118.000,-42.500,0.7850,1.4200
1784,14.5776,8.1346,0.8819,393216,830.47,10.41,1955198,-191.000,-118.000,-42.500,0.7850,1.4200
1785,14.5857,7.6527,0.8209,393216,830.47,10.41,1955198,-191.000,-118.000,-42.500,0.7850,1.4200
1786,14.5934,8.1048,0.8412,393216,830.47,10.41,1955198,-191.000,-118.000,-42.500,0.7850,1.4200
1787,14.6015,7.7359,0.9174,393216,830.47,10.41,1955198,-191.000,-118.000,-42.500,0.7850,1.4200
1788,14.6092,8.1035,0.8641,393216,830.47,10.41,1955198,-191.000,-118.000,-42.500,0.7850,1.4200
1789,14.6172,7.7057,0.9203,393216,830.47,10.41,1955198,-191.000,-118.000,-42.500,0.7850,1.4200
1790,14.6249,8.0337,0.8811,393216,830.47,10.41,1955198,-191.000,-118.000,-42.500,0.7850,1.4200
1791,14.6330,7.7165,0.9621,393216,830.47,10.41,1955198,-191.000,-118.000,-42.500,0.7850,1.4200
1792,14.6407,8.0775,0.8680,393216,830.47,10.41,1955198,-191.000,-118.000,-42.500,0.7850,1.4200
1793,14.6489,7.6778,0.9340,393216,830.47,10.41,1955198,-191.000,-118.000,-42.500,0.7850,1.4200
1794,14.6564,8.1889,0.9548,393216,830.47,10.41,1955198,-191.000,-118.000,-42.500,0.7850,1.4200
1795,14.6643,7.4749,0.8895,393216,830.47,10.41,1955198,-191.000,-118.000,-42.500,0.7850,1.4200
1796,14.6720,7.9595,0.8409,393216,830.47,10.41,1955198,-191.000,-118.000,-42.500,0.7850,1.4200
1797,14.6801,7.6508,0.9412,393216,830.47,10.41,1955198,-191.000,-118.000,-42.500,0.7850,1.4200
1798,14.6877,8.1062,0.8847,393216,830.47,10.41,1955198,-191.000,-118.000,-42.500,0.7850,1.4200
1799,14.6958,7.6456,0.9705,393216,830.47,10.41,1955198,-191.000,-118.000,-42.500,0.7850,1.4200
1800,14.7035,8.0942,0.8456,393216,830.47,10.41,1955198,-191.000,-118.000,-42.500,0.7850,1.4200
1801,14.7119,7.6547,0.9351,393216,830.47,10.41,1955198,-191.000,-118.000,-42.500,0.7850,1.4200
1802,14.7196,8.4285,0.8320,393216,830.47,10.41,1955198,-191.000,-118.000,-42.500,0.7850,1.4200
1803,14.7278,7.7107,0.9140,393216,830.47,10.41,1955198,-191.000,-118.000,-42.500,0.7850,1.4200
1804,14.7355,8.1328,0.8849,393216,830.47,10.41,1955198,-191.000,-118.000,-42.500,0.7850,1.4200
1805,14.7436,7.7091,0.9247,393216,830.47,10.41,1955198,-191.000,-118.000,-42.500,0.7850,1.4200
1806,14.7514,8.1669,0.9173,393216,830.47,10.41,1955198,-191.000,-118.000,-42.500,0.7850,1.4200
1807,14.7595,7.7501,0.9527,393216,830.47,10.41,1955198,-191.000,-118.000,-42.500,0.7850,1.4200
1808,14.7671,8.1060,0.9054,393216,830.47,10.41,1955198,-191.000,-118.000,-42.500,0.7850,1.4200
1809,14.7753,7.6279,1.0114,393216,830.47,10.41,1955198,-191.000,-118.000,-42.500,0.7850,1.4200
1810,14.7826,8.1620,0.8459,393216,830.47,10.41,1955198,-191.000,-118.000,-42.500,0.7850,1.4200
1811,14.7907,7.2674,0.9297,393216,830.47,10.41,1955198,-191.000,-118.000,-42.500,0.7850,1.4200
1812,14.7985,8.1059,0.9753,393216,830.47,10.41,1955198,-191.000,-118.000,-42.500,0.7850,1.4200
1813,14.8066,7.8189,1.1230,393216,830.47,10.41,1955198,-191.000,-118.000,-42.500,0.7850,1.4200
1814,14.8144,8.1320,0.9991,393216,830.47,10.41,1955198,-191.000,-118.000,-42.500,0.7850,1.4200
1815,14.8224,7.7974,0.9128,393216,830.47,10.41,1955198,-191.000,-118.000,-42.500,0.7850,1.4200
1816,14.8301,8.0433,0.8545,393216,830.47,10.41,1955198,-191.000,-118.000,-42.500,0.7850,1.4200
1817,14.8384,7.6928,0.9000,393216,830.47,10.41,1955198,-191.000,-118.000,-42.500,0.7850,1.4200
1818,14.8463,8.2352,0.9196,393216,830.47,10.41,1955198,-191.000,-118.000,-42.500,0.7850,1.4200
1819,14.8544,7.8778,0.9567,393216,830.47,10.41,1955198,-191.000,-118.000,-42.500,0.7850,1.4200
1820,14.8620,8.1316,0.8843,393216,830.47,10.41,1955198,-191.000,-118.000,-42.500,0.7850,1.4200
1821,14.8703,7.6544,0.8502,393216,830.47,10.41,1955198,-191.000,-118.000,-42.500,0.7850,1.4200
1822,14.8781,8.2800,0.9075,393216,830.47,10.41,1955198,-191.000,-118.000,-42.500,0.7850,1.4200
1823,14.8861,7.7814,0.8997,393216,830.47,10.41,1955198,-191.000,-118.000,-42.500,0.7850,1.4200
1824,14.8939,8.0148,0.9681,393216,830.47,10.41,1955198,-191.000,-118.000,-42.500,0.7850,1.4200
1825,14.9019,7.8239,0.9818,393216,830.47,10.41,1955198,-191.000,-118.000,-42.500,0.7850,1.4200
1826,14.9093,8.0078,0.8933,393216,830.47,10.41,1955198,-191.000,-118.000,-42.500,0.7850,1.4200
1827,14.9175,7.3828,0.9581,393216,830.47,10.41,1955198,-191.000,-118.000,-42.500,0.7850,1.4200
1828,14.9253,8.1826,0.8923,393216,830.47,10.41,1955198,-191.000,-118.000,-42.500,0.7850,1.4200
1829,14.9335,7.7655,0.9571,393216,830.47,10.41,1955198,-191.000,-118.000,-42.500,0.7850,1.4200
1830,14.9412,8.2205,0.9280,393216,830.47,10.41,1955198,-191.000,-118.000,-42.500,0.7850,1.4200
1831,14.9493,7.7273,0.9120,393216,830.47,10.41,1955198,-191.000,-118.000,-42.500,0.7850,1.4200
1832,14.9570,8.0791,1.0403,393216,830.47,10.41,1955198,-191.000,-118.000,-42.500,0.7850,1.4200
1833,14.9651,7.7433,0.9890,393216,830.47,10.41,1955198,-191.000,-118.000,-42.500,0.7850,1.4200
1834,14.9728,8.0410,0.9823,393216,830.47,10.41,1955198,-191.000,-118.000,-42.500,0.7850,1.4200
1835,14.9808,7.6827,0.9526,393216,830.47,10.41,1955198,-191.000,-118.000,-42.500,0.7850,1.4200
1836,14.9884,8.0098,0.8947,393216,830.47,10.41,1955198,-191.000,-118.000,-42.500,0.7850,1.4200
1837,14.9965,7.5844,0.9307,393216,830.47,10.41,1955198,-191.000,-118.000,-42.500,0.7850,1.4200
1838,15.0042,8.1149,0.9432,393216,830.47,10.41,1955198,-191.000,-118.000,-42.500,0.7850,1.4200
1839,15.0122,7.7491,0.9090,393216,830.47,10.41,1955198,-191.000,-118.000,-42.500,0.7850,1.4200
1840,15.0198,7.9292,0.9020,393216,830.47,10.41,1955198,-191.000,-118.000,-42.500,0.7850,1.4200
1841,15.0279,7.6857,0.9177,393216,830.47,10.41,1955198,-191.000,-118.000,-42.500,0.7850,1.4200
1842,15.0354,8.0792,0.9604,393216,830.47,10.41,1955198,-191.000,-118.000,-42.500,0.7850,1.4200
1843,15.0434,7.4708,0.9629,393216,830.47,10.41,1955198,-191.000,-118.000,-42.500,0.7850,1.4200
1844,15.0513,8.0361,1.1228,393216,830.47,10.41,1955198,-191.000,-118.000,-42.500,0.7850,1.4200
1845,15.0593,7.9140,1.0097,393216,830.47,10.41,1955198,-191.000,-118.000,-42.500,0.7850,1.4200
1846,15.0670,7.9884,0.9470,393216,830.47,10.41,1955198,-191.000,-118.000,-42.500,0.7850,1.4200
1847,15.0750,7.6659,0.9358,393216,830.47,10.41,1955198,-191.000,-118.000,-42.500,0.7850,1.4200
1848,15.0826,7.9892,0.9237,393216,830.47,10.41,1955198,-191.000,-118.000,-42.500,0.7850,1.4200
1849,15.0909,7.6089,1.0669,393216,830.47,10.41,1955198,-191.000,-118.000,-42.500,0.7850,1.4200
1850,15.0988,8.3075,1.2173,393216,830.47,10.41,1955198,-191.000,-118.000,-42.500,0.7850,1.4200
1851,15.1068,7.8772,1.1006,393216,830.47,10.41,1955198,-191.000,-118.000,-42.500,0.7850,1.4200
1852,15.1142,8.0455,0.9130,393216,830.47,10.41,1955198,-191.000,-118.000,-42.500,0.7850,1.4200
1853,15.1225,7.4076,0.9722,393216,830.47,10.41,1955198,-191.000,-118.000,-42.500,0.7850,1.4200
1854,15.1300,8.3079,0.8906,393216,830.47,10.41,1955198,-191.000,-118.000,-42.500,0.7850,1.4200
1855,15.1382,7.4959,0.9805,393216,830.47,10.41,1955198,-191.000,-118.000,-42.500,0.7850,1.4200
1856,15.1459,8.1826,0.9203,393216,830.47,10.41,1955198,-191.000,-118.000,-42.500,0.7850,1.4200
1857,15.1544,7.7279,0.9554,393216,830.47,10.41,1955198,-191.000,-118.000,-42.500,0.7850,1.4200
1858,15.1618,8.4363,0.9123,393216,830.47,10.41,1955198,-191.000,-118.000,-42.500,0.7850,1.4200
1859,15.1701,7.4186,0.9611,393216,830.47,10.41,1955198,-191.000,-118.000,-42.500,0.7850,1.4200
1860,15.1778,8.2579,0.9267,393216,830.47,10.41,1955198,-191.000,-118.000,-42.500,0.7850,1.4200
1861,15.1860,7.7455,1.0074,393216,830.47,10.41,1955198,-191.000,-118.000,-42.500,0.7850,1.4200
1862,15.1937,8.2250,0.9452,393216,830.47,10.41,1955198,-191.000,-118.000,-42.500,0.7850,1.4200
1863,15.2019,7.7144,0.9661,393216,830.47,10.41,1955198,-191.000,-118.000,-42.500,0.7850,1.4200
1864,15.2096,8.1979,0.8990,393216,830.47,10.41,1955198,-191.000,-118.000,-42.500,0.7850,1.4200
1865,15.2178,7.6289,0.9442,393216,830.47,10.41,1955198,-191.000,-118.000,-42.500,0.7850,1.4200
1866,15.2255,8.2000,0.8809,393216,830.47,10.41,1955198,-191.000,-118.000,-42.500,0.7850,1.4200
1867,15.2335,7.7060,0.9334,393216,830.47,10.41,1955198,-191.000,-118.000,-42.500,0.7850,1.4200
1868,15.2412,8.0670,0.8722,393216,830.47,10.41,1955198,-191.000,-118.000,-42.500,0.7850,1.4200
1869,15.2495,7.6810,0.9289,393216,830.47,10.41,1955198,-191.000,-118.000,-42.500,0.7850,1.4200
1870,15.2575,8.3080,0.9848,393216,830.47,10.41,1955198,-191.000,-118.000,-42.500,0.7850,1.4200
1871,15.2656,7.9300,0.9469,393216,830.47,10.41,1955198,-191.000,-118.000,-42.500,0.7850,1.4200
1872,15.2733,8.1573,1.0253,393216,830.47,10.41,1955198,-191.000,-118.000,-42.500,0.7850,1.4200
1873,15.2813,7.6960,0.9430,393216,830.47,10.41,1955198,-191.000,-118.000,-42.500,0.7850,1.4200
1874,15.2888,8.0366,0.9651,393216,830.47,10.41,1955198,-191.000,-118.000,-42.500,0.7850,1.4200
1875,15.2970,7.4452,0.9470,393216,830.47,10.41,1955198,-191.000,-118.000,-42.500,0.7850,1.4200
1876,15.3047,8.1834,0.9533,393216,830.47,10.41,1955198,-191.000,-118.000,-42.500,0.7850,1.4200
1877,15.3128,7.7638,0.8914,393216,830.47,10.41,1955198,-191.000,-118.000,-42.500,0.7850,1.4200
1878,15.3206,8.1386,0.9076,393216,830.47,10.41,1955198,-191.000,-118.000,-42.500,0.7850,1.4200
1879,15.3288,7.7155,0.9071,393216,830.47,10.41,1955198,-191.000,-118.000,-42.500,0.7850,1.4200
1880,15.3367,8.2049,0.9597,393216,830.47,10.41,1955198,-191.000,-118.000,-42.500,0.7850,1.4200
1881,15.3447,7.8580,0.9002,393216,830.47,10.41,1955198,-191.000,-118.000,-42.500,0.7850,1.4200
1882,15.3526,8.0723,0.9736,393216,830.47,10.41,1955198,-191.000,-118.000,-42.500,0.7850,1.4200
1883,15.3609,7.8968,0.9622,393216,830.47,10.41,1955198,-191.000,-118.000,-42.500,0.7850,1.4200
1884,15.3685,8.2356,0.9202,393216,830.47,10.41,1955198,-191.000,-118.000,-42.500,0.7850,1.4200
1885,15.3766,7.6549,0.8972,393216,830.47,10.41,1955198,-191.000,-118.000,-42.500,0.7850,1.4200
1886,15.3844,8.2369,0.9124,393216,830.47,10.41,1955198,-191.000,-118.000,-42.500,0.7850,1.4200
1887,15.3923,7.6860,0.9071,393216,830.47,10.41,1955198,-191.000,-118.000,-42.500,0.7850,1.4200
1888,15.4000,7.8975,0.9145,393216,830.47,10.41,1955198,-191.000,-118.000,-42.500,0.7850,1.4200
1889,15.4083,7.7030,0.9306,393216,830.47,10.41,1955198,-191.000,-118.000,-42.500,0.7850,1.4200
1890,15.4160,8.2827,1.0013,393216,830.47,10.41,1955198,-191.000,-118.000,-42.500,0.7850,1.4200
1891,15.4240,7.6992,0.9664,393216,830.47,10.41,1955198,-191.000,-118.000,-42.500,0.7850,1.4200
1892,15.4317,7.9523,0.9695,393216,830.47,10.41,1955198,-191.000,-118.000,-42.500,0.7850,1.4200
1893,15.4399,7.7047,1.0522,393216,830.47,10.41,1955198,-191.000,-118.000,-42.500,0.7850,1.4200
1894,15.4479,8.2411,1.2080,393216,830.47,10.41,1955198,-191.000,-118.000,-42.500,0.7850,1.4200
1895,15.4559,8.0099,1.0722,393216,830.47,10.41,1955198,-191.000,-118.000,-42.500,0.7850,1.4200
1896,15.4636,8.0280,0.9285,393216,830.47,10.41,1955198,-191.000,-118.000,-42.500,0.7850,1.4200
1897,15.4717,7.6192,0.8931,393216,830.47,10.41,1955198,-191.000,-118.000,-42.500,0.7850,1.4200
1898,15.4795,8.1625,0.9226,393216,830.47,10.41,1955198,-191.000,-118.000,-42.500,0.7850,1.4200
1899,15.4876,7.7471,0.9113,393216,830.47,10.41,1955198,-191.000,-118.000,-42.500,0.7850,1.4200
1900,15.4954,8.1538,0.9432,393216,830.47,10.41,1955198,-191.000,-118.000,-42.500,0.7850,1.4200
1901,15.5035,7.7787,0.8974,393216,830.47,10.41,1955198,-191.000,-118.000,-42.500,0.7850,1.4200
1902,15.5113,8.0308,0.9635,393216,830.47,10.41,1955198,-191.000,-118.000,-42.500,0.7850,1.4200
1903,15.5193,7.8153,0.9355,393216,830.47,10.41,1955198,-191.000,-118.000,-42.500,0.7850,1.4200
1904,15.5270,8.0359,0.9595,393216,830.47,10.41,1955198,-191.000,-118.000,-42.500,0.7850,1.4200
1905,15.5351,7.7011,0.8725,393216,830.47,10.41,1955198,-191.000,-118.000,-42.500,0.7850,1.4200
1906,15.5424,8.0604,0.8654,393216,830.47,10.41,1955198,-191.000,-118.000,-42.500,0.7850,1.4200
1907,15.5504,7.3491,0.8728,393216,830.47,10.41,1955198,-191.000,-118.000,-42.500,0.7850,1.4200
1908,15.5580,7.9451,0.8461,393216,830.47,10.41,1955198,-191.000,-118.000,-42.500,0.7850,1.4200
1909,15.5661,7.6254,0.8860,393216,830.47,10.41,1955198,-191.000,-118.000,-42.500,0.7850,1.4200
1910,15.5740,8.0887,1.0295,393216,830.47,10.41,1955198,-191.000,-118.000,-42.500,0.7850,1.4200
1911,15.5820,7.9429,0.9322,393216,830.47,10.41,1955198,-191.000,-118.000,-42.500,0.7850,1.4200
1912,15.5899,8.0136,1.0787,393216,830.47,10.41,1955198,-191.000,-118.000,-42.500,0.7850,1.4200
1913,15.5983,7.8827,1.1726,393216,830.47,10.41,1955198,-191.000,-118.000,-42.500,0.7850,1.4200
1914,15.6059,8.4320,0.9585,393216,830.47,10.41,1955198,-191.000,-118.000,-42.500,0.7850,1.4200
1915,15.6143,7.5450,1.1039,393216,830.47,10.41,1955198,-191.000,-118.000,-42.500,0.7850,1.4200
1916,15.6219,8.3783,0.9532,393216,830.47,10.41,1955198,-191.000,-118.000,-42.500,0.7850,1.4200
1917,15.6300,7.6332,0.9615,393216,830.47,10.41,1955198,-191.000,-118.000,-42.500,0.7850,1.4200
1918,15.6377,8.0529,0.9529,393216,830.47,10.41,1955198,-191.000,-118.000,-42.500,0.7850,1.4200
1919,15.6458,7.7691,0.9543,393216,830.47,10.41,1955198,-191.000,-118.000,-42.500,0.7850,1.4200
1920,15.6536,8.1097,0.9723,393216,830.47,10.41,1955198,-191.000,-118.000,-42.500,0.7850,1.4200
1921,15.6617,7.7661,0.9626,393216,830.47,10.41,1955198,-191.000,-118.000,-42.500,0.7850,1.4200
1922,15.6692,8.1241,0.9362,393216,830.47,10.41,1955198,-191.000,-118.000,-42.500,0.7850,1.4200
1923,15.6772,7.4261,0.8971,393216,830.47,10.41,1955198,-191.000,-118.000,-42.500,0.7850,1.4200
1924,15.6849,8.0247,0.9617,393216,830.47,10.41,1955198,-191.000,-118.000,-42.500,0.7850,1.4200
1925,15.6930,7.7064,0.9960,393216,830.47,10.41,1955198,-191.000,-118.000,-42.500,0.7850,1.4200
1926,15.7006,8.1113,0.9359,393216,830.47,10.41,1955198,-191.000,-118.000,-42.500,0.7850,1.4200
1927,15.7086,7.6228,0.9635,393216,830.47,10.41,1955198,-191.000,-118.000,-42.500,0.7850,1.4200
1928,15.7162,7.9822,0.9635,393216,830.47,10.41,1955198,-191.000,-118.000,-42.500,0.7850,1.4200
1929,15.7244,7.6389,0.9653,393216,830.47,10.41,1955198,-191.000,-118.000,-42.500,0.7850,1.4200
1930,15.7321,8.1178,1.0752,393216,830.47,10.41,1955198,-191.000,-118.000,-42.500,0.7850,1.4200
1931,15.7403,7.7411,1.1806,393216,830.47,10.41,1955198,-191.000,-118.000,-42.500,0.7850,1.4200
1932,15.7479,8.2560,0.9395,393216,830.47,10.41,1955198,-191.000,-118.000,-42.500,0.7850,1.4200
1933,15.7563,7.5465,1.0335,393216,830.47,10.41,1955198,-191.000,-118.000,-42.500,0.7850,1.4200
1934,15.7638,8.3782,0.8902,393216,830.47,10.41,1955198,-191.000,-118.000,-42.500,0.7850,1.4200
1935,15.7720,7.5045,0.9832,393216,830.47,10.41,1955198,-191.000,-118.000,-42.500,0.7850,1.4200
1936,15.7797,8.2649,0.9399,393216,830.47,10.41,1955198,-191.000,-118.000,-42.500,0.7850,1.4200
1937,15.7879,7.6785,0.9250,393216,830.47,10.41,1955198,-191.000,-118.000,-42.500,0.7850,1.4200
1938,15.7954,8.1845,0.9292,393216,830.47,10.41,1955198,-191.000,-118.000,-42.500,0.7850,1.4200
1939,15.8035,7.5160,0.9739,393216,830.47,10.41,1955198,-191.000,-118.000,-42.500,0.7850,1.4200
1940,15.8112,8.0622,0.9194,393216,830.47,10.41,1955198,-191.000,-118.000,-42.500,0.7850,1.4200
1941,15.8193,7.7090,0.9235,393216,830.47,10.41,1955198,-191.000,-118.000,-42.500,0.7850,1.4200
1942,15.8271,8.1030,0.8899,393216,830.47,10.41,1955198,-191.000,-118.000,-42.500,0.7850,1.4200
1943,15.8355,7.7892,0.9793,393216,830.47,10.41,1955198,-191.000,-118.000,-42.500,0.7850,1.4200
1944,15.8433,8.4156,0.9477,393216,830.47,10.41,1955198,-191.000,-118.000,-42.500,0.7850,1.4200
1945,15.8513,7.7460,0.9533,393216,830.47,10.41,1955198,-191.000,-118.000,-42.500,0.7850,1.4200
1946,15.8591,8.0618,0.9689,393216,830.47,10.41,1955198,-191.000,-118.000,-42.500,0.7850,1.4200
1947,15.8673,7.7742,0.9434,393216,830.47,10.41,1955198,-191.000,-118.000,-42.500,0.7850,1.4200
1948,15.8751,8.2159,0.9547,393216,830.47,10.41,1955198,-191.000,-118.000,-42.500,0.7850,1.4200
1949,15.8834,7.7929,0.8843,393216,830.47,10.41,1955198,-191.000,-118.000,-42.500,0.7850,1.4200
1950,15.8911,8.3282,0.8941,393216,830.47,10.41,1955198,-191.000,-118.000,-42.500,0.7850,1.4200
1951,15.8995,7.7196,1.0062,393216,830.47,10.41,1955198,-191.000,-118.000,-42.500,0.7850,1.4200
1952,15.9071,8.3383,0.9395,393216,830.47,10.41,1955198,-191.000,-118.000,-42.500,0.7850,1.4200
1953,15.9155,7.6258,0.9711,393216,830.47,10.41,1955198,-191.000,-118.000,-42.500,0.7850,1.4200
1954,15.9231,8.3475,0.9936,393216,830.47,10.41,1955198,-191.000,-118.000,-42.500,0.7850,1.4200
1955,15.9315,7.6372,1.1459,393216,830.47,10.41,1955198,-191.000,-118.000,-42.500,0.7850,1.4200
1956,15.9389,8.3612,0.8484,393216,830.47,10.41,1955198,-191.000,-118.000,-42.500,0.7850,1.4200
1957,15.9477,7.4562,1.0863,393216,830.47,10.41,1955198,-191.000,-118.000,-42.500,0.7850,1.4200
1958,15.9554,8.7646,0.8832,393216,830.47,10.41,1955198,-191.000,-118.000,-42.500,0.7850,1.4200
1959,15.9636,7.6985,0.9514,393216,830.47,10.41,1955198,-191.000,-118.000,-42.500,0.7850,1.4200
1960,15.9713,8.2738,0.8998,393216,830.47,10.41,1955198,-191.000,-118.000,-42.500,0.7850,1.4200
1961,15.9794,7.6033,0.8662,393216,830.47,10.41,1955198,-191.000,-118.000,-42.500,0.7850,1.4200
1962,15.9872,8.1048,0.9042,393216,830.47,10.41,1955198,-191.000,-118.000,-42.500,0.7850,1.4200
1963,15.9954,7.8508,0.9023,393216,830.47,10.41,1955198,-191.000,-118.000,-42.500,0.7850,1.4200
1964,16.0032,8.2833,0.9812,393216,830.47,10.41,1955198,-191.000,-118.000,-42.500,0.7850,1.4200
1965,16.0114,7.6938,0.9459,393216,830.47,10.41,1955198,-191.000,-118.000,-42.500,0.7850,1.4200
1966,16.0192,8.1896,0.9348,393216,830.47,10.41,1955198,-191.000,-118.000,-42.500,0.7850,1.4200
1967,16.0274,7.8729,0.9487,393216,830.47,10.41,1955198,-191.000,-118.000,-42.500,0.7850,1.4200
1968,16.0351,8.1227,0.9076,393216,830.47,10.41,1955198,-191.000,-118.000,-42.500,0.7850,1.4200
1969,16.0434,7.7288,0.9319,393216,830.47,10.41,1955198,-191.000,-118.000,-42.500,0.7850,1.4200
1970,16.0509,8.3496,0.9209,393216,830.47,10.41,1955198,-191.000,-118.000,-42.500,0.7850,1.4200
1971,16.0591,7.4638,0.9231,393216,830.47,10.41,1955198,-191.000,-118.000,-42.500,0.7850,1.4200
1972,16.0669,8.2190,0.8468,393216,830.47,10.41,1955198,-191.000,-118.000,-42.500,0.7850,1.4200
1973,16.0751,7.7623,0.8803,393216,830.47,10.41,1955198,-191.000,-118.000,-42.500,0.7850,1.4200
1974,16.0829,8.2342,0.8383,393216,830.47,10.41,1955198,-191.000,-118.000,-42.500,0.7850,1.4200
1975,16.0912,7.7208,0.9001,393216,830.47,10.41,1955198,-191.000,-118.000,-42.500,0.7850,1.4200
1976,16.0989,8.3151,0.8850,393216,830.47,10.41,1955198,-191.000,-118.000,-42.500,0.7850,1.4200
1977,16.1070,7.6844,0.8852,393216,830.47,10.41,1955198,-191.000,-118.000,-42.500,0.7850,1.4200
1978,16.1147,8.1435,0.8276,393216,830.47,10.41,1955198,-191.000,-118.000,-42.500,0.7850,1.4200
1979,16.1232,7.6859,0.9603,393216,830.47,10.41,1955198,-191.000,-118.000,-42.500,0.7850,1.4200
1980,16.1308,8.5190,0.8703,393216,830.47,10.41,1955198,-191.000,-118.000,-42.500,0.7850,1.4200
1981,16.1392,7.5547,1.0259,393216,830.47,10.41,1955198,-191.000,-118.000,-42.500,0.7850,1.4200
1982,16.1467,8.4504,0.8399,393216,830.47,10.41,1955198,-191.000,-118.000,-42.500,0.7850,1.4200
1983,16.1550,7.5277,0.9607,393216,830.47,10.41,1955198,-191.000,-118.000,-42.500,0.7850,1.4200
1984,16.1627,8.3231,0.8688,393216,830.47,10.41,1955198,-191.000,-118.000,-42.500,0.7850,1.4200
1985,16.1707,7.6020,0.8879,393216,830.47,10.41,1955198,-191.000,-118.000,-42.500,0.7850,1.4200
1986,16.1782,8.0694,0.8862,393216,830.47,10.41,1955198,-191.000,-118.000,-42.500,0.7850,1.4200
1987,16.1863,7.4656,0.8826,393216,830.47,10.41,1955198,-191.000,-118.000,-42.500,0.7850,1.4200
1988,16.1940,8.0771,0.8847,393216,830.47,10.41,1955198,-191.000,-118.000,-42.500,0.7850,1.4200
1989,16.2022,7.7516,0.9164,393216,830.47,10.41,1955198,-191.000,-118.000,-42.500,0.7850,1.4200
1990,16.2100,8.2196,0.9535,393216,830.47,10.41,1955198,-191.000,-118.000,-42.500,0.7850,1.4200
1991,16.2181,7.8123,0.9086,393216,830.47,10.41,1955198,-191.000,-118.000,-42.500,0.7850,1.4200
1992,16.2259,8.0468,0.9184,393216,830.47,10.41,1955198,-191.000,-118.000,-42.500,0.7850,1.4200
1993,16.2341,7.8210,0.9538,393216,830.47,10.41,1955198,-191.000,-118.000,-42.500,0.7850,1.4200
1994,16.2418,8.1461,0.8657,393216,830.47,10.41,1955198,-191.000,-118.000,-42.500,0.7850,1.4200
1995,16.2499,7.7024,0.8945,393216,830.47,10.41,1955198,-191.000,-118.000,-42.500,0.7850,1.4200
1996,16.2576,8.1063,0.9287,393216,830.47,10.41,1955198,-191.000,-118.000,-42.500,0.7850,1.4200
1997,16.2658,7.7490,0.9172,393216,830.47,10.41,1955198,-191.000,-118.000,-42.500,0.7850,1.4200
1998,16.2740,8.1528,1.0290,393216,830.47,10.41,1955198,-191.000,-118.000,-42.500,0.7850,1.4200
1999,16.2819,8.2674,1.0438,393216,830.47,10.41,1955198,-191.000,-118.000,-42.500,0.7850,1.4200
2000,16.2901,7.8991,0.9202,393216,830.47,10.41,1955198,-191.000,-118.000,-42.500,0.7850,1.4200
2001,16.2978,8.1382,1.0321,393216,830.47,10.41,1955198,-191.000,-118.000,-42.500,0.7850,1.4200
2002,16.3058,7.7657,1.0164,393216,830.47,10.41,1955198,-191.000,-118.000,-42.500,0.7850,1.4200
2003,16.3137,7.9315,1.0440,393216,830.47,10.41,1955198,-191.000,-118.000,-42.500,0.7850,1.4200
2004,16.3217,7.9133,0.9210,393216,830.47,10.41,1955198,-191.000,-118.000,-42.500,0.7850,1.4200
2005,16.3296,8.0394,0.9357,393216,830.47,10.41,1955198,-191.000,-118.000,-42.500,0.7850,1.4200
2006,16.3377,7.8496,0.8944,393216,830.47,10.41,1955198,-191.000,-118.000,-42.500,0.7850,1.4200
2007,16.3455,8.1341,0.9008,393216,830.47,10.41,1955198,-191.000,-118.000,-42.500,0.7850,1.4200
2008,16.3539,7.7834,1.0397,393216,830.47,10.41,1955198,-191.000,-118.000,-42.500,0.7850,1.4200
2009,16.3616,8.3582,0.9648,393216,830.47,10.41,1955198,-191.000,-118.000,-42.500,0.7850,1.4200
2010,16.3698,7.7011,0.9803,393216,830.47,10.41,1955198,-191.000,-118.000,-42.500,0.7850,1.4200
2011,16.3778,8.2608,0.9099,393216,830.47,10.41,1955198,-191.000,-118.000,-42.500,0.7850,1.4200
2012,16.3859,7.9778,0.8522,393216,830.47,10.41,1955198,-191.000,-118.000,-42.500,0.7850,1.4200
2013,16.3937,8.0980,0.9150,393216,830.47,10.41,1955198,-191.000,-118.000,-42.500,0.7850,1.4200
2014,16.4018,7.7904,0.8322,393216,830.47,10.41,1955198,-191.000,-118.000,-42.500,0.7850,1.4200
2015,16.4096,8.0793,0.8984,393216,830.47,10.41,1955198,-191.000,-118.000,-42.500,0.7850,1.4200
2016,16.4177,7.8463,0.8493,393216,830.47,10.41,1955198,-191.000,-118.000,-42.500,0.7850,1.4200
2017,16.4255,8.0684,0.8727,393216,830.47,10.41,1955198,-191.000,-118.000,-42.500,0.7850,1.4200
2018,16.4334,7.8342,0.8525,393216,830.47,10.41,1955198,-191.000,-118.000,-42.500,0.7850,1.4200
2019,16.4411,7.8620,0.8273,393216,830.47,10.41,1955198,-191.000,-118.000,-42.500,0.7850,1.4200
2020,16.4495,7.7542,0.8384,393216,830.47,10.41,1955198,-191.000,-118.000,-42.500,0.7850,1.4200
2021,16.4573,8.3478,0.8405,393216,830.47,10.41,1955198,-191.000,-118.000,-42.500,0.7850,1.4200
2022,16.4656,7.8703,0.8495,393216,830.47,10.41,1955198,-191.000,-118.000,-42.500,0.7850,1.4200
2023,16.4734,8.2395,0.8706,393216,830.47,10.41,1955198,-191.000,-118.000,-42.500,0.7850,1.4200
2024,16.4817,7.7754,0.8676,393216,830.47,10.41,1955198,-191.000,-118.000,-42.500,0.7850,1.4200
2025,16.4898,8.3147,1.0944,393216,830.47,10.41,1955198,-191.000,-118.000,-42.500,0.7850,1.4200
2026,16.4980,8.0873,1.0813,393216,830.47,10.41,1955198,-191.000,-118.000,-42.500,0.7850,1.4200
2027,16.5056,8.2709,1.0737,393216,830.47,10.41,1955198,-191.000,-118.000,-42.500,0.7850,1.4200
2028,16.5141,7.6039,0.9693,393216,830.47,10.41,1955198,-191.000,-118.000,-42.500,0.7850,1.4200
2029,16.5220,8.4726,0.8728,393216,830.47,10.41,1955198,-191.000,-118.000,-42.500,0.7850,1.4200
2030,16.5303,7.9298,1.0246,393216,830.47,10.41,1955198,-191.000,-118.000,-42.500,0.7850,1.4200
2031,16.5379,8.2937,0.8416,393216,830.47,10.41,1955198,-191.000,-118.000,-42.500,0.7850,1.4200
2032,16.5461,7.5606,0.9268,393216,830.47,10.41,1955198,-191.000,-118.000,-42.500,0.7850,1.4200
2033,16.5539,8.2463,0.8881,393216,830.47,10.41,1955198,-191.000,-118.000,-42.500,0.7850,1.4200
2034,16.5619,7.7624,0.9166,393216,830.47,10.41,1955198,-191.000,-118.000,-42.500,0.7850,1.4200
2035,16.5696,7.9559,0.8657,393216,830.47,10.41,1955198,-191.000,-118.000,-42.500,0.7850,1.4200
2036,16.5778,7.7277,0.8873,393216,830.47,10.41,1955198,-191.000,-118.000,-42.500,0.7850,1.4200
2037,16.5856,8.2123,0.9120,393216,830.47,10.41,1955198,-191.000,-118.000,-42.500,0.7850,1.4200
2038,16.5938,7.8100,0.9328,393216,830.47,10.41,1955198,-191.000,-118.000,-42.500,0.7850,1.4200
2039,16.6014,8.1434,0.8632,393216,830.47,10.41,1955198,-191.000,-118.000,-42.500,0.7850,1.4200
2040,16.6095,7.6276,0.9161,393216,830.47,10.41,1955198,-191.000,-118.000,-42.500,0.7850,1.4200
2041,16.6173,8.1489,0.8498,393216,830.47,10.41,1955198,-191.000,-118.000,-42.500,0.7850,1.4200
2042,16.6255,7.7579,0.8813,393216,830.47,10.41,1955198,-191.000,-118.000,-42.500,0.7850,1.4200
2043,16.6333,8.2275,0.8950,393216,830.47,10.41,1955198,-191.000,-118.000,-42.500,0.7850,1.4200
2044,16.6414,7.7506,0.8746,393216,830.47,10.41,1955198,-191.000,-118.000,-42.500,0.7850,1.4200
2045,16.6491,8.1131,0.8259,393216,830.47,10.41,1955198,-191.000,-118.000,-42.500,0.7850,1.4200
2046,16.6573,7.6811,0.8749,393216,830.47,10.41,1955198,-191.000,-118.000,-42.500,0.7850,1.4200
2047,16.6650,8.2498,0.8552,393216,830.47,10.41,1955198,-191.000,-118.000,-42.500,0.7850,1.4200
2048,16.6733,7.6633,0.9666,393216,830.47,10.41,1955198,-191.000,-118.000,-42.500,0.7850,1.4200
2049,16.6809,8.2952,0.8230,393216,830.47,10.41,1955198,-191.000,-118.000,-42.500,0.7850,1.4200
2050,16.6888,7.6867,0.8807,393216,830.47,10.41,1955198,-191.000,-118.000,-42.500,0.7850,1.4200
2051,16.6965,7.8633,0.7916,393216,830.47,10.41,1955198,-191.000,-118.000,-42.500,0.7850,1.4200
2052,16.7048,7.6972,0.9413,393216,830.47,10.41,1955198,-191.000,-118.000,-42.500,0.7850,1.4200
2053,16.7126,8.3208,0.8880,393216,830.47,10.41,1955198,-191.000,-118.000,-42.500,0.7850,1.4200
2054,16.7207,7.7123,0.8870,393216,830.47,10.41,1955198,-191.000,-118.000,-42.500,0.7850,1.4200
2055,16.7283,8.1106,0.8290,393216,830.47,10.41,1955198,-191.000,-118.000,-42.500,0.7850,1.4200
2056,16.7365,7.6748,0.8580,393216,830.47,10.41,1955198,-191.000,-118.000,-42.500,0.7850,1.4200
2057,16.7443,8.1384,0.8941,393216,830.47,10.41,1955198,-191.000,-118.000,-42.500,0.7850,1.4200
2058,16.7524,7.8705,0.8703,393216,830.47,10.41,1955198,-191.000,-118.000,-42.500,0.7850,1.4200
2059,16.7602,8.1051,0.8684,393216,830.47,10.41,1955198,-191.000,-118.000,-42.500,0.7850,1.4200
2060,16.7683,7.7565,0.8930,393216,830.47,10.41,1955198,-191.000,-118.000,-42.500,0.7850,1.4200
2061,16.7760,8.0551,0.8751,393216,830.47,10.41,1955198,-191.000,-118.000,-42.500,0.7850,1.4200
2062,16.7841,7.7158,0.8489,393216,830.47,10.41,1955198,-191.000,-118.000,-42.500,0.7850,1.4200
2063,16.7917,8.1387,0.8147,393216,830.47,10.41,1955198,-191.000,-118.000,-42.500,0.7850,1.4200
2064,16.8000,7.6237,0.8372,393216,830.47,10.41,1955198,-191.000,-118.000,-42.500,0.7850,1.4200
2065,16.8077,8.2112,0.8282,393216,830.47,10.41,1955198,-191.000,-118.000,-42.500,0.7850,1.4200
2066,16.8156,7.7631,0.8470,393216,830.47,10.41,1955198,-191.000,-118.000,-42.500,0.7850,1.4200
2067,16.8235,7.8715,1.0246,393216,830.47,10.41,1955198,-191.000,-118.000,-42.500,0.7850,1.4200
2068,16.8315,7.9681,0.8672,393216,830.47,10.41,1955198,-191.000,-118.000,-42.500,0.7850,1.4200
2069,16.8394,7.9814,0.9411,393216,830.47,10.41,1955198,-191.000,-118.000,-42.500,0.7850,1.4200
2070,16.8476,7.8816,0.9040,393216,830.47,10.41,1955198,-191.000,-118.000,-42.500,0.7850,1.4200
2071,16.8553,8.1562,0.8650,393216,830.47,10.41,1955198,-191.000,-118.000,-42.500,0.7850,1.4200
2072,16.8635,7.7183,0.9797,393216,830.47,10.41,1955198,-191.000,-118.000,-42.500,0.7850,1.4200
2073,16.8711,8.2052,0.8253,393216,830.47,10.41,1955198,-191.000,-118.000,-42.500,0.7850,1.4200
2074,16.8793,7.6506,0.8457,393216,830.47,10.41,1955198,-191.000,-118.000,-42.500,0.7850,1.4200
2075,16.8870,8.1082,0.8629,393216,830.47,10.41,1955198,-191.000,-118.000,-42.500,0.7850,1.4200
2076,16.8951,7.7301,0.9250,393216,830.47,10.41,1955198,-191.000,-118.000,-42.500,0.7850,1.4200
2077,16.9031,8.1603,0.8907,393216,830.47,10.41,1955198,-191.000,-118.000,-42.500,0.7850,1.4200
2078,16.9115,7.9884,0.9905,393216,830.47,10.41,1955198,-191.000,-118.000,-42.500,0.7850,1.4200
2079,16.9192,8.3991,0.8681,393216,830.47,10.41,1955198,-191.000,-118.000,-42.500,0.7850,1.4200
2080,16.9272,7.6498,0.8483,393216,830.47,10.41,1955198,-191.000,-118.000,-42.500,0.7850,1.4200
2081,16.9351,8.0615,0.8381,393216,830.47,10.41,1955198,-191.000,-118.000,-42.500,0.7850,1.4200
2082,16.9432,7.8444,0.8809,393216,830.47,10.41,1955198,-191.000,-118.000,-42.500,0.7850,1.4200
2083,16.9508,8.0774,0.8410,393216,830.47,10.41,1955198,-191.000,-118.000,-42.500,0.7850,1.4200
2084,16.9591,7.6819,0.8715,393216,830.47,10.41,1955198,-191.000,-118.000,-42.500,0.7850,1.4200
2085,16.9669,8.2701,0.8145,393216,830.47,10.41,1955198,-191.000,-118.000,-42.500,0.7850,1.4200
2086,16.9750,7.7365,0.8494,393216,830.47,10.41,1955198,-191.000,-118.000,-42.500,0.7850,1.4200
2087,16.9828,8.1815,0.7999,393216,830.47,10.41,1955198,-191.000,-118.000,-42.500,0.7850,1.4200
2088,16.9909,7.7495,0.8717,393216,830.47,10.41,1955198,-191.000,-118.000,-42.500,0.7850,1.4200
2089,16.9987,8.1111,0.8659,393216,830.47,10.41,1955198,-191.000,-118.000,-42.500,0.7850,1.4200
2090,17.0069,7.7667,0.8634,393216,830.47,10.41,1955198,-191.000,-118.000,-42.500,0.7850,1.4200
2091,17.0146,8.1944,0.8320,393216,830.47,10.41,1955198,-191.000,-118.000,-42.500,0.7850,1.4200
2092,17.0230,7.7443,0.9518,393216,830.47,10.41,1955198,-191.000,-118.000,-42.500,0.7850,1.4200
2093,17.0306,8.4504,0.8414,393216,830.47,10.41,1955198,-191.000,-118.000,-42.500,0.7850,1.4200
2094,17.0391,7.6012,1.0630,393216,830.47,10.41,1955198,-191.000,-118.000,-42.500,0.7850,1.4200
2095,17.0465,8.4075,0.8492,393216,830.47,10.41,1955198,-191.000,-118.000,-42.500,0.7850,1.4200
2096,17.0546,7.4863,0.8089,393216,830.47,10.41,1955198,-191.000,-118.000,-42.500,0.7850,1.4200
2097,17.0623,8.0091,0.8284,393216,830.47,10.41,1955198,-191.000,-118.000,-42.500,0.7850,1.4200
2098,17.0700,7.7609,0.8277,393216,830.47,10.41,1955198,-191.000,-118.000,-42.500,0.7850,1.4200
2099,17.0777,7.7032,0.8353,393216,830.47,10.41,1955198,-191.000,-118.000,-42.500,0.7850,1.4200
2100,17.0858,7.7078,0.8207,393216,830.47,10.41,1955198,-191.000,-118.000,-42.500,0.7850,1.4200
2101,17.0936,8.0286,0.8837,393216,830.47,10.41,1955198,-191.000,-118.000,-42.500,0.7850,1.4200
2102,17.1018,7.8977,0.8517,393216,830.47,10.41,1955198,-191.000,-118.000,-42.500,0.7850,1.4200
2103,17.1097,8.1552,0.9251,393216,830.47,10.41,1955198,-191.000,-118.000,-42.500,0.7850,1.4200
2104,17.1177,7.8772,0.9153,393216,830.47,10.41,1955198,-191.000,-118.000,-42.500,0.7850,1.4200
2105,17.1255,8.0372,0.8871,393216,830.47,10.41,1955198,-191.000,-118.000,-42.500,0.7850,1.4200
2106,17.1336,7.7717,0.8109,393216,830.47,10.41,1955198,-191.000,-118.000,-42.500,0.7850,1.4200
2107,17.1419,8.0711,0.9204,393216,830.47,10.41,1955198,-191.000,-118.000,-42.500,0.7850,1.4200
2108,17.1497,8.3616,0.8696,393216,830.47,10.41,1955198,-191.000,-118.000,-42.500,0.7850,1.4200
2109,17.1579,7.8018,0.8530,393216,830.47,10.41,1955198,-191.000,-118.000,-42.500,0.7850,1.4200
2110,17.1658,8.1862,0.8585,393216,830.47,10.41,1955198,-191.000,-118.000,-42.500,0.7850,1.4200
2111,17.1740,7.8481,0.8996,393216,830.47,10.41,1955198,-191.000,-118.000,-42.500,0.7850,1.4200
2112,17.1817,8.2233,0.8682,393216,830.47,10.41,1955198,-191.000,-118.000,-42.500,0.7850,1.4200
2113,17.1900,7.7423,0.9766,393216,830.47,10.41,1955198,-191.000,-118.000,-42.500,0.7850,1.4200
2114,17.1975,8.2819,1.0077,393216,830.47,10.41,1955198,-191.000,-118.000,-42.500,0.7850,1.4200
2115,17.2057,7.4536,0.9719,393216,830.47,10.41,1955198,-191.000,-118.000,-42.500,0.7850,1.4200
2116,17.2135,8.2394,1.0120,393216,830.47,10.41,1955198,-191.000,-118.000,-42.500,0.7850,1.4200
2117,17.2217,7.8802,1.0802,393216,830.47,10.41,1955198,-191.000,-118.000,-42.500,0.7850,1.4200
2118,17.2292,8.1613,0.8096,393216,830.47,10.41,1955198,-191.000,-118.000,-42.500,0.7850,1.4200
2119,17.2375,7.4390,0.9517,393216,830.47,10.41,1955198,-191.000,-118.000,-42.500,0.7850,1.4200
2120,17.2453,8.3411,0.8045,393216,830.47,10.41,1955198,-191.000,-118.000,-42.500,0.7850,1.4200
2121,17.2537,7.7306,0.9594,393216,830.47,10.41,1955198,-191.000,-118.000,-42.500,0.7850,1.4200
2122,17.2615,8.4635,0.8585,393216,830.47,10.41,1955198,-191.000,-118.000,-42.500,0.7850,1.4200
2123,17.2697,7.7436,0.9490,393216,830.47,10.41,1955198,-191.000,-118.000,-42.500,0.7850,1.4200
2124,17.2773,8.2082,0.8567,393216,830.47,10.41,1955198,-191.000,-118.000,-42.500,0.7850,1.4200
2125,17.2855,7.6756,0.8569,393216,830.47,10.41,1955198,-191.000,-118.000,-42.500,0.7850,1.4200
2126,17.2932,8.1841,0.8383,393216,830.47,10.41,1955198,-191.000,-118.000,-42.500,0.7850,1.4200
2127,17.3014,7.6849,0.8301,393216,830.47,10.41,1955198,-191.000,-118.000,-42.500,0.7850,1.4200
2128,17.3092,8.1517,0.8420,393216,830.47,10.41,1955198,-191.000,-118.000,-42.500,0.7850,1.4200
2129,17.3174,7.7984,0.8527,393216,830.47,10.41,1955198,-191.000,-118.000,-42.500,0.7850,1.4200
2130,17.3250,8.2723,0.8838,393216,830.47,10.41,1955198,-191.000,-118.000,-42.500,0.7850,1.4200
2131,17.3330,7.5963,0.8751,393216,830.47,10.41,1955198,-191.000,-118.000,-42.500,0.7850,1.4200
2132,17.3409,7.9842,0.8671,393216,830.47,10.41,1955198,-191.000,-118.000,-42.500,0.7850,1.4200
2133,17.3490,7.8445,0.8506,393216,830.47,10.41,1955198,-191.000,-118.000,-42.500,0.7850,1.4200
2134,17.3569,8.1831,0.8768,393216,830.47,10.41,1955198,-191.000,-118.000,-42.500,0.7850,1.4200
2135,17.3651,7.8123,0.8609,393216,830.47,10.41,1955198,-191.000,-118.000,-42.500,0.7850,1.4200
2136,17.3730,8.2547,1.0180,393216,830.47,10.41,1955198,-191.000,-118.000,-42.500,0.7850,1.4200
2137,17.3812,7.8871,0.9210,393216,830.47,10.41,1955198,-191.000,-118.000,-42.500,0.7850,1.4200
2138,17.3889,8.1744,0.9711,393216,830.47,10.41,1955198,-191.000,-118.000,-42.500,0.7850,1.4200
2139,17.3972,7.7235,0.9812,393216,830.47,10.41,1955198,-191.000,-118.000,-42.500,0.7850,1.4200
2140,17.4047,8.3434,0.8563,393216,830.47,10.41,1955198,-191.000,-118.000,-42.500,0.7850,1.4200
2141,17.4130,7.5014,0.9358,393216,830.47,10.41,1955198,-191.000,-118.000,-42.500,0.7850,1.4200
2142,17.4206,8.3365,0.8871,393216,830.47,10.41,1955198,-191.000,-118.000,-42.500,0.7850,1.4200
2143,17.4286,7.4724,0.8298,393216,830.47,10.41,1955198,-191.000,-118.000,-42.500,0.7850,1.4200
2144,17.4363,8.0908,0.8427,393216,830.47,10.41,1955198,-191.000,-118.000,-42.500,0.7850,1.4200
2145,17.4446,7.6899,0.8629,393216,830.47,10.41,1955198,-191.000,-118.000,-42.500,0.7850,1.4200
2146,17.4520,8.2163,0.8227,393216,830.47,10.41,1955198,-191.000,-118.000,-42.500,0.7850,1.4200
2147,17.4601,7.4017,0.8451,393216,830.47,10.41,1955198,-191.000,-118.000,-42.500,0.7850,1.4200
2148,17.4678,8.1159,0.8708,393216,830.47,10.41,1955198,-191.000,-118.000,-42.500,0.7850,1.4200
2149,17.4758,7.6841,0.8317,393216,830.47,10.41,1955198,-191.000,-118.000,-42.500,0.7850,1.4200
2150,17.4835,8.0283,0.8677,393216,830.47,10.41,1955198,-191.000,-118.000,-42.500,0.7850,1.4200
2151,17.4914,7.7633,0.8142,393216,830.47,10.41,1955198,-191.000,-118.000,-42.500,0.7850,1.4200
2152,17.4992,7.8271,0.8143,393216,830.47,10.41,1955198,-191.000,-118.000,-42.500,0.7850,1.4200
2153,17.5074,7.8011,0.8091,393216,830.47,10.41,1955198,-191.000,-118.000,-42.500,0.7850,1.4200
2154,17.5151,8.2245,0.8246,393216,830.47,10.41,1955198,-191.000,-118.000,-42.500,0.7850,1.4200
2155,17.5233,7.7283,0.8535,393216,830.47,10.41,1955198,-191.000,-118.000,-42.500,0.7850,1.4200
2156,17.5311,8.1704,0.8384,393216,830.47,10.41,1955198,-191.000,-118.000,-42.500,0.7850,1.4200
2157,17.5396,7.7558,0.9083,393216,830.47,10.41,1955198,-191.000,-118.000,-42.500,0.7850,1.4200
2158,17.5468,8.5474,0.7384,393216,830.47,10.41,1955198,-191.000,-118.000,-42.500,0.7850,1.4200
2159,17.5554,7.2270,1.0828,393216,830.47,10.41,1955198,-191.000,-118.000,-42.500,0.7850,1.4200
2160,17.5627,8.5763,0.7925,393216,830.47,10.41,1955198,-191.000,-118.000,-42.500,0.7850,1.4200
2161,17.5711,7.3172,0.7842,393216,830.47,10.41,1955198,-191.000,-118.000,-42.500,0.7850,1.4200
2162,17.5783,8.4296,0.8206,393216,830.47,10.41,1955198,-191.000,-118.000,-42.500,0.7850,1.4200
2163,17.5868,7.2001,0.9094,393216,830.47,10.41,1955198,-191.000,-118.000,-42.500,0.7850,1.4200
2164,17.5944,8.4802,0.7931,393216,830.47,10.41,1955198,-191.000,-118.000,-42.500,0.7850,1.4200
2165,17.6026,7.5517,0.8993,393216,830.47,10.41,1955198,-191.000,-118.000,-42.500,0.7850,1.4200
2166,17.6104,8.2596,0.8960,393216,830.47,10.41,1955198,-191.000,-118.000,-42.500,0.7850,1.4200
2167,17.6183,7.7221,0.7931,393216,830.47,10.41,1955198,-191.000,-118.000,-42.500,0.7850,1.4200
2168,17.6260,7.9648,0.8390,393216,830.47,10.41,1955198,-191.000,-118.000,-42.500,0.7850,1.4200
2169,17.6344,7.7182,0.8300,393216,830.47,10.41,1955198,-191.000,-118.000,-42.500,0.7850,1.4200
2170,17.6421,8.3674,0.8474,393216,830.47,10.41,1955198,-191.000,-118.000,-42.500,0.7850,1.4200
2171,17.6501,7.7042,0.8041,393216,830.47,10.41,1955198,-191.000,-118.000,-42.500,0.7850,1.4200
2172,17.6579,7.9667,0.8628,393216,830.47,10.41,1955198,-191.000,-118.000,-42.500,0.7850,1.4200
2173,17.6659,7.7831,0.8272,393216,830.47,10.41,1955198,-191.000,-118.000,-42.500,0.7850,1.4200
2174,17.6737,8.0828,0.8857,393216,830.47,10.41,1955198,-191.000,-118.000,-42.500,0.7850,1.4200
2175,17.6818,7.7544,0.8599,393216,830.47,10.41,1955198,-191.000,-118.000,-42.500,0.7850,1.4200
2176,17.6895,8.1116,0.9268,393216,830.47,10.41,1955198,-191.000,-118.000,-42.500,0.7850,1.4200
2177,17.6978,7.6957,0.9420,393216,830.47,10.41,1955198,-191.000,-118.000,-42.500,0.7850,1.4200
2178,17.7051,8.2566,0.9109,393216,830.47,10.41,1955198,-191.000,-118.000,-42.500,0.7850,1.4200
2179,17.7133,7.3785,0.9727,393216,830.47,10.41,1955198,-191.000,-118.000,-42.500,0.7850,1.4200
2180,17.7209,8.1778,0.8461,393216,830.47,10.41,1955198,-191.000,-118.000,-42.500,0.7850,1.4200
2181,17.7289,7.6018,0.9342,393216,830.47,10.41,1955198,-191.000,-118.000,-42.500,0.7850,1.4200
2182,17.7367,8.0113,0.9349,393216,830.47,10.41,1955198,-191.000,-118.000,-42.500,0.7850,1.4200
2183,17.7446,7.7838,0.8331,393216,830.47,10.41,1955198,-191.000,-118.000,-42.500,0.7850,1.4200
2184,17.7524,7.8589,0.8690,393216,830.47,10.41,1955198,-191.000,-118.000,-42.500,0.7850,1.4200
2185,17.7604,7.8105,0.8598,393216,830.47,10.41,1955198,-191.000,-118.000,-42.500,0.7850,1.4200
2186,17.7681,7.9937,0.8655,393216,830.47,10.41,1955198,-191.000,-118.000,-42.500,0.7850,1.4200
2187,17.7761,7.7105,0.8156,393216,830.47,10.41,1955198,-191.000,-118.000,-42.500,0.7850,1.4200
2188,17.7838,8.0030,0.8354,393216,830.47,10.41,1955198,-191.000,-118.000,-42.500,0.7850,1.4200
2189,17.7918,7.7212,0.8090,393216,830.47,10.41,1955198,-191.000,-118.000,-42.500,0.7850,1.4200
2190,17.7995,7.9330,0.7855,393216,830.47,10.41,1955198,-191.000,-118.000,-42.500,0.7850,1.4200
2191,17.8076,7.7314,0.8141,393216,830.47,10.41,1955198,-191.000,-118.000,-42.500,0.7850,1.4200
2192,17.8154,8.1672,0.8860,393216,830.47,10.41,1955198,-191.000,-118.000,-42.500,0.7850,1.4200
2193,17.8236,7.7647,0.8560,393216,830.47,10.41,1955198,-191.000,-118.000,-42.500,0.7850,1.4200
2194,17.8310,8.2221,0.8237,393216,830.47,10.41,1955198,-191.000,-118.000,-42.500,0.7850,1.4200
2195,17.8393,7.4097,0.9402,393216,830.47,10.41,1955198,-191.000,-118.000,-42.500,0.7850,1.4200
2196,17.8470,8.2998,0.8771,393216,830.47,10.41,1955198,-191.000,-118.000,-42.500,0.7850,1.4200
2197,17.8554,7.6147,1.0751,393216,830.47,10.41,1955198,-191.000,-118.000,-42.500,0.7850,1.4200
2198,17.8631,8.3985,1.0155,393216,830.47,10.41,1955198,-191.000,-118.000,-42.500,0.7850,1.4200
2199,17.8714,7.7398,1.0292,393216,830.47,10.41,1955198,-191.000,-118.000,-42.500,0.7850,1.4200
2200,17.8788,8.2685,0.8308,393216,830.47,10.41,1955198,-191.000,-118.000,-42.500,0.7850,1.4200
2201,17.8871,7.4794,0.7928,393216,830.47,10.41,1955198,-191.000,-118.000,-42.500,0.7850,1.4200
2202,17.8950,8.2590,0.8662,393216,830.47,10.41,1955198,-191.000,-118.000,-42.500,0.7850,1.4200
2203,17.9032,7.9158,0.7963,393216,830.47,10.41,1955198,-191.000,-118.000,-42.500,0.7850,1.4200
2204,17.9111,8.1774,0.8504,393216,830.47,10.41,1955198,-191.000,-118.000,-42.500,0.7850,1.4200
2205,17.9195,7.9232,0.8387,393216,830.47,10.41,1955198,-191.000,-118.000,-42.500,0.7850,1.4200
2206,17.9275,8.4119,0.8792,393216,830.47,10.41,1955198,-191.000,-118.000,-42.500,0.7850,1.4200
2207,17.9356,7.9698,0.8431,393216,830.47,10.41,1955198,-191.000,-118.000,-42.500,0.7850,1.4200
2208,17.9433,8.0744,0.8318,393216,830.47,10.41,1955198,-191.000,-118.000,-42.500,0.7850,1.4200
2209,17.9513,7.7052,0.8425,393216,830.47,10.41,1955198,-191.000,-118.000,-42.500,0.7850,1.4200
2210,17.9589,8.0498,0.8950,393216,830.47,10.41,1955198,-191.000,-118.000,-42.500,0.7850,1.4200
2211,17.9672,7.5998,0.8855,393216,830.47,10.41,1955198,-191.000,-118.000,-42.500,0.7850,1.4200
2212,17.9748,8.2421,0.8131,393216,830.47,10.41,1955198,-191.000,-118.000,-42.500,0.7850,1.4200
2213,17.9830,7.6371,0.8105,393216,830.47,10.41,1955198,-191.000,-118.000,-42.500,0.7850,1.4200
2214,17.9908,8.1474,0.8126,393216,830.47,10.41,1955198,-191.000,-118.000,-42.500,0.7850,1.4200
2215,17.9990,7.8259,0.8464,393216,830.47,10.41,1955198,-191.000,-118.000,-42.500,0.7850,1.4200
2216,18.0068,8.1898,1.0166,393216,830.47,10.41,1955198,-191.000,-118.000,-42.500,0.7850,1.4200
2217,18.1074,7.8553,93.4062,393216,830.47,10.41,1955198,-191.000,-118.000,-42.500,0.7850,1.4200
2218,18.1085,100.6584,0.8697,393216,830.47,10.41,1955198,-191.000,-118.000,-42.500,0.7850,1.4200
2219,18.1092,0.9789,0.6682,393216,830.47,10.41,1955198,-191.000,-118.000,-42.500,0.7850,1.4200
2220,18.1164,0.7552,0.9105,393216,830.47,10.41,1955198,-191.000,-118.000,-42.500,0.7850,1.4200
2221,18.1245,7.2341,0.8963,393216,830.47,10.41,1955198,-191.000,-118.000,-42.500,0.7850,1.4200
2222,18.1322,8.0153,0.8974,393216,830.47,10.41,1955198,-191.000,-118.000,-42.500,0.7850,1.4200
2223,18.1402,7.7609,0.9658,393216,830.47,10.41,1955198,-191.000,-118.000,-42.500,0.7850,1.4200
2224,18.1478,7.9397,0.8869,393216,830.47,10.41,1955198,-191.000,-118.000,-42.500,0.7850,1.4200
2225,18.1559,7.5876,0.9927,393216,830.47,10.41,1955198,-191.000,-118.000,-42.500,0.7850,1.4200
2226,18.1634,8.1881,1.0865,393216,830.47,10.41,1955198,-191.000,-118.000,-42.500,0.7850,1.4200
2227,18.1715,7.5056,1.0029,393216,830.47,10.41,1955198,-191.000,-118.000,-42.500,0.7850,1.4200
2228,18.1790,8.0260,0.7924,393216,830.47,10.41,1955198,-191.000,-118.000,-42.500,0.7850,1.4200
2229,18.1872,7.5109,0.8638,393216,830.47,10.41,1955198,-191.000,-118.000,-42.500,0.7850,1.4200
2230,18.1951,8.1605,0.8969,393216,830.47,10.41,1955198,-191.000,-118.000,-42.500,0.7850,1.4200
2231,18.2033,7.9311,0.9329,393216,830.47,10.41,1955198,-191.000,-118.000,-42.500,0.7850,1.4200
2232,18.2109,8.1951,0.8383,393216,830.47,10.41,1955198,-191.000,-118.000,-42.500,0.7850,1.4200
2233,18.2190,7.5768,0.8659,393216,830.47,10.41,1955198,-191.000,-118.000,-42.500,0.7850,1.4200
2234,18.2266,8.1453,0.8684,393216,830.47,10.41,1955198,-191.000,-118.000,-42.500,0.7850,1.4200
2235,18.2350,7.6022,1.0495,393216,830.47,10.41,1955198,-191.000,-118.000,-42.500,0.7850,1.4200
2236,18.2426,8.3778,0.9336,393216,830.47,10.41,1955198,-191.000,-118.000,-42.500,0.7850,1.4200
2237,18.2506,7.6126,0.8445,393216,830.47,10.41,1955198,-191.000,-118.000,-42.500,0.7850,1.4200
2238,18.2584,7.9620,0.9185,393216,830.47,10.41,1955198,-191.000,-118.000,-42.500,0.7850,1.4200
2239,18.2664,7.8997,0.9526,393216,830.47,10.41,1955198,-191.000,-118.000,-42.500,0.7850,1.4200
2240,18.2741,7.9956,0.8656,393216,830.47,10.41,1955198,-191.000,-118.000,-42.500,0.7850,1.4200
2241,18.2821,7.6253,0.9012,393216,830.47,10.41,1955198,-191.000,-118.000,-42.500,0.7850,1.4200
2242,18.2895,8.0049,0.7920,393216,830.47,10.41,1955198,-191.000,-118.000,-42.500,0.7850,1.4200
2243,18.2977,7.4483,0.9433,393216,830.47,10.41,1955198,-191.000,-118.000,-42.500,0.7850,1.4200
2244,18.3055,8.2034,1.0324,393216,830.47,10.41,1955198,-191.000,-118.000,-42.500,0.7850,1.4200
2245,18.3138,7.8359,1.1722,393216,830.47,10.41,1955198,-191.000,-118.000,-42.500,0.7850,1.4200
2246,18.3213,8.2618,0.8869,393216,830.47,10.41,1955198,-191.000,-118.000,-42.500,0.7850,1.4200
2247,18.3292,7.4649,0.8565,393216,830.47,10.41,1955198,-191.000,-118.000,-42.500,0.7850,1.4200
2248,18.3369,7.8916,0.8162,393216,830.47,10.41,1955198,-191.000,-118.000,-42.500,0.7850,1.4200
2249,18.3451,7.7149,0.9083,393216,830.47,10.41,1955198,-191.000,-118.000,-42.500,0.7850,1.4200
2250,18.3528,8.1799,0.7616,393216,830.47,10.41,1955198,-191.000,-118.000,-42.500,0.7850,1.4200
2251,18.3610,7.6774,0.8446,393216,830.47,10.41,1955198,-191.000,-118.000,-42.500,0.7850,1.4200
2252,18.3688,8.2235,0.7498,393216,830.47,10.41,1955198,-191.000,-118.000,-42.500,0.7850,1.4200
2253,18.3770,7.8414,0.7876,393216,830.47,10.41,1955198,-191.000,-118.000,-42.500,0.7850,1.4200
2254,18.3849,8.1818,0.7861,393216,830.47,10.41,1955198,-191.000,-118.000,-42.500,0.7850,1.4200
2255,18.3931,7.8962,0.8438,393216,830.47,10.41,1955198,-191.000,-118.000,-42.500,0.7850,1.4200
2256,18.4009,8.1880,0.7636,393216,830.47,10.41,1955198,-191.000,-118.000,-42.500,0.7850,1.4200
2257,18.4091,7.7617,0.8433,393216,830.47,10.41,1955198,-191.000,-118.000,-42.500,0.7850,1.4200
2258,18.4166,8.2324,0.7495,393216,830.47,10.41,1955198,-191.000,-118.000,-42.500,0.7850,1.4200
2259,18.4248,7.4847,0.8025,393216,830.47,10.41,1955198,-191.000,-118.000,-42.500,0.7850,1.4200
2260,18.4325,8.1881,0.7925,393216,830.47,10.41,1955198,-191.000,-118.000,-42.500,0.7850,1.4200
2261,18.4405,7.7349,0.7359,393216,830.47,10.41,1955198,-191.000,-118.000,-42.500,0.7850,1.4200
2262,18.4482,8.0365,0.7511,393216,830.47,10.41,1955198,-191.000,-118.000,-42.500,0.7850,1.4200
2263,18.4564,7.6490,0.7778,393216,830.47,10.41,1955198,-191.000,-118.000,-42.500,0.7850,1.4200
2264,18.4642,8.1953,0.8164,393216,830.47,10.41,1955198,-191.000,-118.000,-42.500,0.7850,1.4200
2265,18.4726,7.8229,0.8781,393216,830.47,10.41,1955198,-191.000,-118.000,-42.500,0.7850,1.4200
2266,18.4802,8.3912,0.7073,393216,830.47,10.41,1955198,-191.000,-118.000,-42.500,0.7850,1.4200
2267,18.4887,7.6082,0.8214,393216,830.47,10.41,1955198,-191.000,-118.000,-42.500,0.7850,1.4200
2268,18.4965,8.5305,0.8681,393216,830.47,10.41,1955198,-191.000,-118.000,-42.500,0.7850,1.4200
2269,18.5048,7.7706,1.0314,393216,830.47,10.41,1955198,-191.000,-118.000,-42.500,0.7850,1.4200
2270,18.5122,8.2707,0.6922,393216,830.47,10.41,1955198,-191.000,-118.000,-42.500,0.7850,1.4200
2271,18.5205,7.4632,0.6921,393216,830.47,10.41,1955198,-191.000,-118.000,-42.500,0.7850,1.4200
2272,18.5282,8.3046,0.6976,393216,830.47,10.41,1955198,-191.000,-118.000,-42.500,0.7850,1.4200
2273,18.5364,7.6630,0.6777,393216,830.47,10.41,1955198,-191.000,-118.000,-42.500,0.7850,1.4200
2274,18.5440,8.2170,0.7407,393216,830.47,10.41,1955198,-191.000,-118.000,-42.500,0.7850,1.4200
2275,18.5522,7.5734,0.7256,393216,830.47,10.41,1955198,-191.000,-118.000,-42.500,0.7850,1.4200
2276,18.5599,8.1991,0.6939,393216,830.47,10.41,1955198,-191.000,-118.000,-42.500,0.7850,1.4200
2277,18.5682,7.7085,0.6866,393216,830.47,10.41,1955198,-191.000,-118.000,-42.500,0.7850,1.4200
2278,18.5760,8.2765,0.7085,393216,830.47,10.41,1955198,-191.000,-118.000,-42.500,0.7850,1.4200
2279,18.5842,7.8562,0.6849,393216,830.47,10.41,1955198,-191.000,-118.000,-42.500,0.7850,1.4200
2280,18.5921,8.1896,0.7008,393216,830.47,10.41,1955198,-191.000,-118.000,-42.500,0.7850,1.4200
2281,18.6005,7.8792,0.7168,393216,830.47,10.41,1955198,-191.000,-118.000,-42.500,0.7850,1.4200
2282,18.6081,8.3942,0.6616,393216,830.47,10.41,1955198,-191.000,-118.000,-42.500,0.7850,1.4200
2283,18.6162,7.6351,0.6558,393216,830.47,10.41,1955198,-191.000,-118.000,-42.500,0.7850,1.4200
2284,18.6240,8.0965,0.6932,393216,830.47,10.41,1955198,-191.000,-118.000,-42.500,0.7850,1.4200
2285,18.6323,7.7316,0.7238,393216,830.47,10.41,1955198,-191.000,-118.000,-42.500,0.7850,1.4200
2286,18.6399,8.2939,0.6766,393216,830.47,10.41,1955198,-191.000,-118.000,-42.500,0.7850,1.4200
2287,18.6481,7.6372,0.7345,393216,830.47,10.41,1955198,-191.000,-118.000,-42.500,0.7850,1.4200
2288,18.6559,8.2497,0.8143,393216,830.47,10.41,1955198,-191.000,-118.000,-42.500,0.7850,1.4200
2289,18.6640,7.7572,0.7978,393216,830.47,10.41,1955198,-191.000,-118.000,-42.500,0.7850,1.4200
2290,18.6712,8.1252,0.6136,393216,830.47,10.41,1955198,-191.000,-118.000,-42.500,0.7850,1.4200
2291,18.6797,7.2056,0.8576,393216,830.47,10.41,1955198,-191.000,-118.000,-42.500,0.7850,1.4200
2292,18.6872,8.5031,0.6458,393216,830.47,10.41,1955198,-191.000,-118.000,-42.500,0.7850,1.4200
2293,18.6959,7.4499,0.7065,393216,830.47,10.41,1955198,-191.000,-118.000,-42.500,0.7850,1.4200
2294,18.7031,8.6926,0.6874,393216,830.47,10.41,1955198,-191.000,-118.000,-42.500,0.7850,1.4200
2295,18.7113,7.1983,0.6667,393216,830.47,10.41,1955198,-191.000,-118.000,-42.500,0.7850,1.4200
2296,18.7189,8.1827,0.6819,393216,830.47,10.41,1955198,-191.000,-118.000,-42.500,0.7850,1.4200
2297,18.7274,7.6712,0.6900,393216,830.47,10.41,1955198,-191.000,-118.000,-42.500,0.7850,1.4200
2298,18.7353,8.4580,0.8344,393216,830.47,10.41,1955198,-191.000,-118.000,-42.500,0.7850,1.4200
2299,18.7433,7.8882,0.7788,393216,830.47,10.41,1955198,-191.000,-118.000,-42.500,0.7850,1.4200
2300,18.7509,8.0862,0.7710,393216,830.47,10.41,1955198,-191.000,-118.000,-42.500,0.7850,1.4200
2301,18.7592,7.5877,0.7915,393216,830.47,10.41,1955198,-191.000,-118.000,-42.500,0.7850,1.4200
2302,18.7668,8.2344,0.7615,393216,830.47,10.41,1955198,-191.000,-118.000,-42.500,0.7850,1.4200
2303,18.7749,7.6572,0.7755,393216,830.47,10.41,1955198,-191.000,-118.000,-42.500,0.7850,1.4200
2304,18.7825,8.0631,0.7133,393216,830.47,10.41,1955198,-191.000,-118.000,-42.500,0.7850,1.4200
2305,18.7908,7.5646,0.8204,393216,830.47,10.41,1955198,-191.000,-118.000,-42.500,0.7850,1.4200
2306,18.7981,8.2985,0.7747,393216,830.47,10.41,1955198,-191.000,-118.000,-42.500,0.7850,1.4200
2307,18.8063,7.3764,0.7780,393216,830.47,10.41,1955198,-191.000,-118.000,-42.500,0.7850,1.4200
2308,18.8140,8.1296,0.8510,393216,830.47,10.41,1955198,-191.000,-118.000,-42.500,0.7850,1.4200
2309,18.8221,7.7257,0.8061,393216,830.47,10.41,1955198,-191.000,-118.000,-42.500,0.7850,1.4200
2310,18.8299,8.0666,0.9842,393216,830.47,10.41,1955198,-191.000,-118.000,-42.500,0.7850,1.4200
2311,18.8378,7.8590,0.7984,393216,830.47,10.41,1955198,-191.000,-118.000,-42.500,0.7850,1.4200
2312,18.8456,7.8656,0.8535,393216,830.47,10.41,1955198,-191.000,-118.000,-42.500,0.7850,1.4200
2313,18.8535,7.8319,0.7723,393216,830.47,10.41,1955198,-191.000,-118.000,-42.500,0.7850,1.4200
2314,18.8613,7.9027,0.8112,393216,830.47,10.41,1955198,-191.000,-118.000,-42.500,0.7850,1.4200
2315,18.8693,7.8047,0.7543,393216,830.47,10.41,1955198,-191.000,-118.000,-42.500,0.7850,1.4200
2316,18.8772,8.0165,0.8762,393216,830.47,10.41,1955198,-191.000,-118.000,-42.500,0.7850,1.4200
2317,18.8851,7.8435,0.7546,393216,830.47,10.41,1955198,-191.000,-118.000,-42.500,0.7850,1.4200
2318,18.8929,7.9344,0.7976,393216,830.47,10.41,1955198,-191.000,-118.000,-42.500,0.7850,1.4200
2319,18.9010,7.7540,0.7463,393216,830.47,10.41,1955198,-191.000,-118.000,-42.500,0.7850,1.4200
2320,18.9088,8.1306,0.7833,393216,830.47,10.41,1955198,-191.000,-118.000,-42.500,0.7850,1.4200
2321,18.9170,7.7756,0.7288,393216,830.47,10.41,1955198,-191.000,-118.000,-42.500,0.7850,1.4200
2322,18.9244,8.1916,0.6919,393216,830.47,10.41,1955198,-191.000,-118.000,-42.500,0.7850,1.4200
2323,18.9324,7.4021,0.6957,393216,830.47,10.41,1955198,-191.000,-118.000,-42.500,0.7850,1.4200
2324,18.9401,8.0614,0.6800,393216,830.47,10.41,1955198,-191.000,-118.000,-42.500,0.7850,1.4200
2325,18.9486,7.6772,0.7723,393216,830.47,10.41,1955198,-191.000,-118.000,-42.500,0.7850,1.4200
2326,18.9562,8.4389,0.6698,393216,830.47,10.41,1955198,-191.000,-118.000,-42.500,0.7850,1.4200
2327,18.9645,7.6076,0.6958,393216,830.47,10.41,1955198,-191.000,-118.000,-42.500,0.7850,1.4200
2328,18.9722,8.3072,0.6782,393216,830.47,10.41,1955198,-191.000,-118.000,-42.500,0.7850,1.4200
2329,18.9806,7.7529,0.6673,393216,830.47,10.41,1955198,-191.000,-118.000,-42.500,0.7850,1.4200
2330,18.9885,8.3808,0.7466,393216,830.47,10.41,1955198,-191.000,-118.000,-42.500,0.7850,1.4200
2331,18.9969,7.8750,0.7492,393216,830.47,10.41,1955198,-191.000,-118.000,-42.500,0.7850,1.4200
2332,19.0047,8.4007,0.8383,393216,830.47,10.41,1955198,-191.000,-118.000,-42.500,0.7850,1.4200
2333,19.0132,7.8678,0.7883,393216,830.47,10.41,1955198,-191.000,-118.000,-42.500,0.7850,1.4200
2334,19.0209,8.4823,0.8737,393216,830.47,10.41,1955198,-191.000,-118.000,-42.500,0.7850,1.4200
2335,19.0291,7.7194,0.8314,393216,830.47,10.41,1955198,-191.000,-118.000,-42.500,0.7850,1.4200
2336,19.0364,8.1068,0.6914,393216,830.47,10.41,1955198,-191.000,-118.000,-42.500,0.7850,1.4200
2337,19.0445,7.3959,0.6265,393216,830.47,10.41,1955198,-191.000,-118.000,-42.500,0.7850,1.4200
2338,19.0521,8.0741,0.7817,393216,830.47,10.41,1955198,-191.000,-118.000,-42.500,0.7850,1.4200
2339,19.0602,7.6316,0.7204,393216,830.47,10.41,1955198,-191.000,-118.000,-42.500,0.7850,1.4200
2340,19.0678,8.0471,0.6721,393216,830.47,10.41,1955198,-191.000,-118.000,-42.500,0.7850,1.4200
2341,19.0759,7.6135,0.7175,393216,830.47,10.41,1955198,-191.000,-118.000,-42.500,0.7850,1.4200
2342,19.0836,8.0579,0.7398,393216,830.47,10.41,1955198,-191.000,-118.000,-42.500,0.7850,1.4200
2343,19.0917,7.7751,0.7206,393216,830.47,10.41,1955198,-191.000,-118.000,-42.500,0.7850,1.4200
2344,19.0993,8.0285,0.6941,393216,830.47,10.41,1955198,-191.000,-118.000,-42.500,0.7850,1.4200
2345,19.1075,7.5812,0.7056,393216,830.47,10.41,1955198,-191.000,-118.000,-42.500,0.7850,1.4200
2346,19.1151,8.2051,0.6919,393216,830.47,10.41,1955198,-191.000,-118.000,-42.500,0.7850,1.4200
2347,19.1232,7.6399,0.7113,393216,830.47,10.41,1955198,-191.000,-118.000,-42.500,0.7850,1.4200
2348,19.1307,8.0991,0.6282,393216,830.47,10.41,1955198,-191.000,-118.000,-42.500,0.7850,1.4200
2349,19.1390,7.5252,0.7393,393216,830.47,10.41,1955198,-191.000,-118.000,-42.500,0.7850,1.4200
2350,19.1467,8.2518,0.7815,393216,830.47,10.41,1955198,-191.000,-118.000,-42.500,0.7850,1.4200
2351,19.1550,7.7804,0.9618,393216,830.47,10.41,1955198,-191.000,-118.000,-42.500,0.7850,1.4200
2352,19.1624,8.2898,0.6893,393216,830.47,10.41,1955198,-191.000,-118.000,-42.500,0.7850,1.4200
2353,19.1704,7.3617,0.6521,393216,830.47,10.41,1955198,-191.000,-118.000,-42.500,0.7850,1.4200
2354,19.1778,8.0239,0.6744,393216,830.47,10.41,1955198,-191.000,-118.000,-42.500,0.7850,1.4200
2355,19.1860,7.4114,0.6772,393216,830.47,10.41,1955198,-191.000,-118.000,-42.500,0.7850,1.4200
2356,19.1936,8.1238,0.6794,393216,830.47,10.41,1955198,-191.000,-118.000,-42.500,0.7850,1.4200
2357,19.2018,7.6768,0.7413,393216,830.47,10.41,1955198,-191.000,-118.000,-42.500,0.7850,1.4200
2358,19.2096,8.1443,0.6914,393216,830.47,10.41,1955198,-191.000,-118.000,-42.500,0.7850,1.4200
2359,19.2177,7.8420,0.7095,393216,830.47,10.41,1955198,-191.000,-118.000,-42.500,0.7850,1.4200
2360,19.2254,8.0609,0.7482,393216,830.47,10.41,1955198,-191.000,-118.000,-42.500,0.7850,1.4200
2361,19.2333,7.7004,0.7216,393216,830.47,10.41,1955198,-191.000,-118.000,-42.500,0.7850,1.4200
2362,19.2410,7.9593,0.6315,393216,830.47,10.41,1955198,-191.000,-118.000,-42.500,0.7850,1.4200
2363,19.2493,7.6469,0.6861,393216,830.47,10.41,1955198,-191.000,-118.000,-42.500,0.7850,1.4200
2364,19.2571,8.3294,0.6656,393216,830.47,10.41,1955198,-191.000,-118.000,-42.500,0.7850,1.4200
2365,19.2653,7.7627,0.6780,393216,830.47,10.41,1955198,-191.000,-118.000,-42.500,0.7850,1.4200
2366,19.2730,8.1859,0.6644,393216,830.47,10.41,1955198,-191.000,-118.000,-42.500,0.7850,1.4200
2367,19.2812,7.7219,0.7561,393216,830.47,10.41,1955198,-191.000,-118.000,-42.500,0.7850,1.4200
2368,19.2890,8.1771,0.8192,393216,830.47,10.41,1955198,-191.000,-118.000,-42.500,0.7850,1.4200
2369,19.2972,7.7993,0.7082,393216,830.47,10.41,1955198,-191.000,-118.000,-42.500,0.7850,1.4200
2370,19.3046,8.1940,0.7032,393216,830.47,10.41,1955198,-191.000,-118.000,-42.500,0.7850,1.4200
2371,19.3130,7.4242,0.8178,393216,830.47,10.41,1955198,-191.000,-118.000,-42.500,0.7850,1.4200
2372,19.3211,8.4315,1.1829,393216,830.47,10.41,1955198,-191.000,-118.000,-42.500,0.7850,1.4200
2373,19.3289,8.0918,0.7448,393216,830.47,10.41,1955198,-191.000,-118.000,-42.500,0.7850,1.4200
2374,19.3365,7.7521,0.6899,393216,830.47,10.41,1955198,-191.000,-118.000,-42.500,0.7850,1.4200
2375,19.3446,7.6515,0.7168,393216,830.47,10.41,1955198,-191.000,-118.000,-42.500,0.7850,1.4200
2376,19.3524,8.1260,0.7390,393216,830.47,10.41,1955198,-191.000,-118.000,-42.500,0.7850,1.4200
2377,19.3606,7.7460,0.7056,393216,830.47,10.41,1955198,-191.000,-118.000,-42.500,0.7850,1.4200
2378,19.3683,8.2061,0.6659,393216,830.47,10.41,1955198,-191.000,-118.000,-42.500,0.7850,1.4200
2379,19.3765,7.7452,0.7229,393216,830.47,10.41,1955198,-191.000,-118.000,-42.500,0.7850,1.4200
2380,19.3842,8.1755,0.7338,393216,830.47,10.41,1955198,-191.000,-118.000,-42.500,0.7850,1.4200
2381,19.3923,7.7025,0.7216,393216,830.47,10.41,1955198,-191.000,-118.000,-42.500,0.7850,1.4200
2382,19.4001,8.0657,0.7679,393216,830.47,10.41,1955198,-191.000,-118.000,-42.500,0.7850,1.4200
2383,19.4082,7.7851,0.7774,393216,830.47,10.41,1955198,-191.000,-118.000,-42.500,0.7850,1.4200
2384,19.4159,8.1530,0.7293,393216,830.47,10.41,1955198,-191.000,-118.000,-42.500,0.7850,1.4200
2385,19.4240,7.6749,0.7177,393216,830.47,10.41,1955198,-191.000,-118.000,-42.500,0.7850,1.4200
2386,19.4314,8.1081,0.7021,393216,830.47,10.41,1955198,-191.000,-118.000,-42.500,0.7850,1.4200
2387,19.4397,7.3523,0.8284,393216,830.47,10.41,1955198,-191.000,-118.000,-42.500,0.7850,1.4200
2388,19.4472,8.3332,0.6694,393216,830.47,10.41,1955198,-191.000,-118.000,-42.500,0.7850,1.4200
2389,19.4555,7.4982,0.7458,393216,830.47,10.41,1955198,-191.000,-118.000,-42.500,0.7850,1.4200
2390,19.4632,8.2910,0.7260,393216,830.47,10.41,1955198,-191.000,-118.000,-42.500,0.7850,1.4200
2391,19.4716,7.7269,0.8177,393216,830.47,10.41,1955198,-191.000,-118.000,-42.500,0.7850,1.4200
2392,19.4793,8.3889,0.8211,393216,830.47,10.41,1955198,-191.000,-118.000,-42.500,0.7850,1.4200
2393,19.4878,7.7266,0.9677,393216,830.47,10.41,1955198,-191.000,-118.000,-42.500,0.7850,1.4200
2394,19.4952,8.4931,0.6478,393216,830.47,10.41,1955198,-191.000,-118.000,-42.500,0.7850,1.4200
2395,19.5035,7.3895,0.7434,393216,830.47,10.41,1955198,-191.000,-118.000,-42.500,0.7850,1.4200
2396,19.5112,8.3308,0.6939,393216,830.47,10.41,1955198,-191.000,-118.000,-42.500,0.7850,1.4200
2397,19.5195,7.6552,0.7784,393216,830.47,10.41,1955198,-191.000,-118.000,-42.500,0.7850,1.4200
2398,19.5272,8.2728,0.7740,393216,830.47,10.41,1955198,-191.000,-118.000,-42.500,0.7850,1.4200
2399,19.5353,7.7267,0.7436,393216,830.47,10.41,1955198,-191.000,-118.000,-42.500,0.7850,1.4200
2400,19.5430,8.1167,0.7075,393216,830.47,10.41,1955198,-191.000,-118.000,-42.500,0.7850,1.4200
2401,19.5510,7.6615,0.7158,393216,830.47,10.41,1955198,-191.000,-118.000,-42.500,0.7850,1.4200
2402,19.5585,8.0107,0.7386,393216,830.47,10.41,1955198,-191.000,-118.000,-42.500,0.7850,1.4200
2403,19.5665,7.4849,0.7434,393216,830.47,10.41,1955198,-191.000,-118.000,-42.500,0.7850,1.4200
2404,19.5742,8.0251,0.7846,393216,830.47,10.41,1955198,-191.000,-118.000,-42.500,0.7850,1.4200
2405,19.5823,7.7385,0.7059,393216,830.47,10.41,1955198,-191.000,-118.000,-42.500,0.7850,1.4200
2406,19.5901,8.0661,0.7058,393216,830.47,10.41,1955198,-191.000,-118.000,-42.500,0.7850,1.4200
2407,19.5984,7.8124,0.6941,393216,830.47,10.41,1955198,-191.000,-118.000,-42.500,0.7850,1.4200
2408,19.6062,8.2891,0.7034,393216,830.47,10.41,1955198,-191.000,-118.000,-42.500,0.7850,1.4200
2409,19.6145,7.7593,0.7325,393216,830.47,10.41,1955198,-191.000,-118.000,-42.500,0.7850,1.4200
2410,19.6222,8.3310,0.7812,393216,830.47,10.41,1955198,-191.000,-118.000,-42.500,0.7850,1.4200
2411,19.6305,7.6972,0.7918,393216,830.47,10.41,1955198,-191.000,-118.000,-42.500,0.7850,1.4200
2412,19.6384,8.3640,0.8908,393216,830.47,10.41,1955198,-191.000,-118.000,-42.500,0.7850,1.4200
2413,19.6465,7.8072,1.0091,393216,830.47,10.41,1955198,-191.000,-118.000,-42.500,0.7850,1.4200
2414,19.6541,8.1257,0.9739,393216,830.47,10.41,1955198,-191.000,-118.000,-42.500,0.7850,1.4200
2415,19.6624,7.6583,0.9380,393216,830.47,10.41,1955198,-191.000,-118.000,-42.500,0.7850,1.4200
2416,19.6698,8.2351,0.7774,393216,830.47,10.41,1955198,-191.000,-118.000,-42.500,0.7850,1.4200
2417,19.6780,7.3938,0.7962,393216,830.47,10.41,1955198,-191.000,-118.000,-42.500,0.7850,1.4200
2418,19.6855,8.2018,0.7861,393216,830.47,10.41,1955198,-191.000,-118.000,-42.500,0.7850,1.4200
2419,19.6937,7.4869,0.7723,393216,830.47,10.41,1955198,-191.000,-118.000,-42.500,0.7850,1.4200
2420,19.7015,8.2647,0.7936,393216,830.47,10.41,1955198,-191.000,-118.000,-42.500,0.7850,1.4200
2421,19.7098,7.7612,0.8339,393216,830.47,10.41,1955198,-191.000,-118.000,-42.500,0.7850,1.4200
2422,19.7175,8.2919,0.7627,393216,830.47,10.41,1955198,-191.000,-118.000,-42.500,0.7850,1.4200
2423,19.7254,7.7037,0.7605,393216,830.47,10.41,1955198,-191.000,-118.000,-42.500,0.7850,1.4200
2424,19.7332,7.9657,0.8030,393216,830.47,10.41,1955198,-191.000,-118.000,-42.500,0.7850,1.4200
2425,19.7415,7.7945,0.7918,393216,830.47,10.41,1955198,-191.000,-118.000,-42.500,0.7850,1.4200
2426,19.7493,8.3093,0.7814,393216,830.47,10.41,1955198,-191.000,-118.000,-42.500,0.7850,1.4200
2427,19.7573,7.7409,0.7400,393216,830.47,10.41,1955198,-191.000,-118.000,-42.500,0.7850,1.4200
2428,19.7649,8.0263,0.6874,393216,830.47,10.41,1955198,-191.000,-118.000,-42.500,0.7850,1.4200
2429,19.7732,7.6030,0.7460,393216,830.47,10.41,1955198,-191.000,-118.000,-42.500,0.7850,1.4200
2430,19.7808,8.2624,0.6944,393216,830.47,10.41,1955198,-191.000,-118.000,-42.500,0.7850,1.4200
2431,19.7890,7.6485,0.8007,393216,830.47,10.41,1955198,-191.000,-118.000,-42.500,0.7850,1.4200
2432,19.7966,8.1739,0.7232,393216,830.47,10.41,1955198,-191.000,-118.000,-42.500,0.7850,1.4200
2433,19.8051,7.5890,0.7730,393216,830.47,10.41,1955198,-191.000,-118.000,-42.500,0.7850,1.4200
2434,19.8125,8.4919,0.9322,393216,830.47,10.41,1955198,-191.000,-118.000,-42.500,0.7850,1.4200
2435,19.8208,7.3926,0.9661,393216,830.47,10.41,1955198,-191.000,-118.000,-42.500,0.7850,1.4200
2436,19.8283,8.2962,0.7325,393216,830.47,10.41,1955198,-191.000,-118.000,-42.500,0.7850,1.4200
2437,19.8366,7.5740,0.7702,393216,830.47,10.41,1955198,-191.000,-118.000,-42.500,0.7850,1.4200
2438,19.8444,8.3036,0.8125,393216,830.47,10.41,1955198,-191.000,-118.000,-42.500,0.7850,1.4200
2439,19.8524,7.7357,0.7371,393216,830.47,10.41,1955198,-191.000,-118.000,-42.500,0.7850,1.4200
2440,19.8601,8.0273,0.7983,393216,830.47,10.41,1955198,-191.000,-118.000,-42.500,0.7850,1.4200
2441,19.8684,7.7283,0.8481,393216,830.47,10.41,1955198,-191.000,-118.000,-42.500,0.7850,1.4200
2442,19.8760,8.2745,0.7282,393216,830.47,10.41,1955198,-191.000,-118.000,-42.500,0.7850,1.4200
2443,19.8841,7.6008,0.8160,393216,830.47,10.41,1955198,-191.000,-118.000,-42.500,0.7850,1.4200
2444,19.8920,8.1151,0.9146,393216,830.47,10.41,1955198,-191.000,-118.000,-42.500,0.7850,1.4200
2445,19.9001,7.8227,0.8003,393216,830.47,10.41,1955198,-191.000,-118.000,-42.500,0.7850,1.4200
2446,19.9079,8.1174,0.7948,393216,830.47,10.41,1955198,-191.000,-118.000,-42.500,0.7850,1.4200
2447,19.9160,7.8089,0.8143,393216,830.47,10.41,1955198,-191.000,-118.000,-42.500,0.7850,1.4200
2448,19.9238,8.1631,0.8814,393216,830.47,10.41,1955198,-191.000,-118.000,-42.500,0.7850,1.4200
2449,19.9320,7.7931,0.7838,393216,830.47,10.41,1955198,-191.000,-118.000,-42.500,0.7850,1.4200
2450,19.9394,8.1211,0.7488,393216,830.47,10.41,1955198,-191.000,-118.000,-42.500,0.7850,1.4200
2451,19.9475,7.3963,0.7596,393216,830.47,10.41,1955198,-191.000,-118.000,-42.500,0.7850,1.4200
2452,19.9553,8.1722,0.7886,393216,830.47,10.41,1955198,-191.000,-118.000,-42.500,0.7850,1.4200
2453,19.9635,7.8189,0.8033,393216,830.47,10.41,1955198,-191.000,-118.000,-42.500,0.7850,1.4200
2454,19.9712,8.1285,0.7631,393216,830.47,10.41,1955198,-191.000,-118.000,-42.500,0.7850,1.4200
2455,19.9795,7.7326,0.9284,393216,830.47,10.41,1955198,-191.000,-118.000,-42.500,0.7850,1.4200
2456,19.9874,8.3315,1.0425,393216,830.47,10.41,1955198,-191.000,-118.000,-42.500,0.7850,1.4200
2457,19.9958,7.9022,0.9684,393216,830.47,10.41,1955198,-191.000,-118.000,-42.500,0.7850,1.4200
2458,20.0034,8.4399,0.8041,393216,830.47,10.41,1955198,-191.000,-118.000,-42.500,0.7850,1.4200
