frame,t_s,full_ms,cpu_ms,heap_pages,heap_capacity_mb,heap_used_mb,heap_cap_pages,px,py,pz,yaw,pitch
0,1.0108,256319792.0000,1009.3243,131072,276.82,0.00,1955198,-182.990,-109.980,-46.970,0.7850,1.0960
1,1.0210,1018.4937,1.1433,131072,276.82,0.00,1955198,-182.990,-109.980,-46.970,0.7850,1.0960
2,1.0222,1.5860,0.8623,131072,276.82,0.00,1955198,-182.990,-109.980,-46.970,0.7850,1.0960
3,1.0383,1.0385,1.4156,131072,276.82,0.00,1955198,-182.990,-109.980,-46.970,0.7850,1.0960
4,1.0555,16.1072,1.3338,131072,276.82,0.00,1955198,-182.990,-109.980,-46.970,0.7850,1.0960
5,1.0722,17.1912,1.4023,131072,276.82,0.00,1955198,-182.990,-109.980,-46.970,0.7850,1.0960
6,1.0907,16.7091,1.7014,131072,276.82,0.12,1955198,-182.990,-109.980,-46.970,0.7850,1.0960
7,1.1088,18.4990,3.2025,393216,830.47,0.12,1955198,-182.990,-109.980,-46.970,0.7850,1.0960
8,1.1229,18.1157,1.2981,393216,830.47,0.46,1955198,-182.990,-109.980,-46.970,0.7850,1.0960
9,1.1501,14.0693,1.3768,393216,830.47,0.46,1955198,-182.990,-109.980,-46.970,0.7850,1.0960
10,1.1652,28.8857,1.1933,393216,830.47,0.46,1955198,-182.990,-109.980,-46.970,0.7850,1.0960
11,1.1927,13.5032,2.4800,393216,830.47,0.49,1955198,-182.990,-109.980,-46.970,0.7850,1.0960
12,1.2089,27.4439,1.2301,393216,830.47,0.49,1955198,-182.990,-109.980,-46.970,0.7850,1.0960
13,1.2268,16.1704,1.1331,393216,830.47,4.52,1955198,-182.990,-109.980,-46.970,0.7850,1.0960
14,1.2470,17.9010,1.4743,393216,830.47,4.52,1955198,-182.990,-109.980,-46.970,0.7850,1.0960
15,1.2685,20.2539,1.3432,393216,830.47,4.52,1955198,-182.990,-109.980,-46.970,0.7850,1.0960
16,1.2873,21.4673,1.1653,393216,830.47,5.16,1955198,-182.990,-109.980,-46.970,0.7850,1.0960
17,1.3090,18.8512,1.5852,393216,830.47,5.74,1955198,-182.990,-109.980,-46.970,0.7850,1.0960
18,1.3275,21.6430,1.1634,393216,830.47,5.84,1955198,-182.990,-109.980,-46.970,0.7850,1.0960
19,1.3504,18.4928,1.7504,393216,830.47,6.82,1955198,-182.990,-109.980,-46.970,0.7850,1.0960
20,1.3686,22.9387,1.1041,393216,830.47,6.82,1955198,-182.990,-109.980,-46.970,0.7850,1.0960
21,1.3893,18.2035,1.3106,393216,830.47,8.08,1955198,-182.990,-109.980,-46.970,0.7850,1.0960
22,1.4086,20.7031,1.3752,393216,830.47,8.08,1955198,-182.990,-109.980,-46.970,0.7850,1.0960
23,1.4303,19.3199,1.2720,393216,830.47,8.55,1955198,-182.990,-109.980,-46.970,0.7850,1.0960
24,1.4501,21.6545,1.4115,393216,830.47,8.64,1955198,-182.990,-109.980,-46.970,0.7850,1.0960
25,1.4690,19.8398,1.0111,393216,830.47,9.36,1955198,-182.990,-109.980,-46.970,0.7850,1.0960
26,1.4967,18.9045,1.9735,393216,830.47,9.36,1955198,-182.990,-109.980,-46.970,0.7850,1.0960
27,1.5170,27.6721,1.4502,393216,830.47,9.36,1955198,-182.990,-109.980,-46.970,0.7850,1.0960
28,1.5380,20.2750,1.0555,393216,830.47,11.54,1955198,-182.990,-109.980,-46.970,0.7850,1.0960
29,1.5596,20.9919,1.1725,393216,830.47,11.54,1955198,-182.990,-109.980,-46.970,0.7850,1.0960
30,1.5807,21.6077,1.1651,393216,830.47,11.54,1955198,-182.990,-109.980,-46.970,0.7850,1.0960
31,1.6027,21.1117,1.1524,393216,830.47,11.54,1955198,-182.990,-109.980,-46.970,0.7850,1.0960
32,1.6273,21.9684,1.2186,393216,830.47,11.57,1955198,-182.990,-109.980,-46.970,0.7850,1.0960
33,1.6487,24.6830,1.2168,393216,830.47,11.72,1955198,-182.990,-109.980,-46.970,0.7850,1.0960
34,1.6732,21.3193,1.2510,393216,830.47,12.27,1955198,-182.990,-109.980,-46.970,0.7850,1.0960
35,1.6843,24.5817,0.7893,393216,830.47,12.67,1955198,-182.990,-109.980,-46.970,0.7850,1.0960
36,1.6953,11.0189,0.8946,393216,830.47,12.67,1955198,-182.990,-109.980,-46.970,0.7850,1.0960
37,1.7065,11.0858,0.8195,393216,830.47,12.67,1955198,-182.990,-109.980,-46.970,0.7850,1.0960
38,1.7177,11.1430,1.0497,393216,830.47,12.67,1955198,-182.990,-109.980,-46.970,0.7850,1.0960
39,1.7282,11.1678,0.7921,393216,830.47,12.67,1955198,-182.990,-109.980,-46.970,0.7850,1.0960
40,1.7392,10.5482,0.8186,393216,830.47,12.67,1955198,-182.990,-109.980,-46.970,0.7850,1.0960
41,1.7507,11.0357,0.9656,393216,830.47,12.67,1955198,-182.990,-109.980,-46.970,0.7850,1.0960
42,1.7611,11.4187,0.8153,393216,830.47,12.67,1955198,-182.990,-109.980,-46.970,0.7850,1.0960
43,1.7722,10.3968,0.8563,393216,830.47,12.67,1955198,-182.990,-109.980,-46.970,0.7850,1.0960
44,1.7833,11.3340,0.8299,393216,830.47,12.67,1955198,-182.990,-109.980,-46.970,0.7850,1.0960
45,1.7948,10.9189,1.4808,393216,830.47,12.67,1955198,-182.990,-109.980,-46.970,0.7850,1.0960
46,1.8050,11.4582,0.8403,393216,830.47,12.67,1955198,-182.990,-109.980,-46.970,0.7850,1.0960
47,1.8162,10.2112,0.8914,393216,830.47,12.67,1955198,-182.990,-109.980,-46.970,0.7850,1.0960
48,1.8274,11.2251,0.9326,393216,830.47,12.67,1955198,-182.990,-109.980,-46.970,0.7850,1.0960
49,1.8383,11.2460,0.9355,393216,830.47,12.67,1955198,-182.990,-109.980,-46.970,0.7850,1.0960
50,1.8491,10.8679,0.7875,393216,830.47,12.67,1955198,-182.990,-109.980,-46.970,0.7850,1.0960
51,1.8602,10.7677,0.8296,393216,830.47,12.67,1955198,-182.990,-109.980,-46.970,0.7850,1.0960
52,1.8711,11.1039,1.0138,393216,830.47,12.67,1955198,-182.990,-109.980,-46.970,0.7850,1.0960
53,1.8822,10.9591,0.8902,393216,830.47,12.67,1955198,-182.990,-109.980,-46.970,0.7850,1.0960
54,1.8933,11.0412,0.8886,393216,830.47,12.67,1955198,-182.990,-109.980,-46.970,0.7850,1.0960
55,1.9046,11.1185,0.9762,393216,830.47,12.67,1955198,-182.990,-109.980,-46.970,0.7850,1.0960
56,1.9151,11.2619,0.9015,393216,830.47,12.67,1955198,-182.990,-109.980,-46.970,0.7850,1.0960
57,1.9265,10.5858,0.8813,393216,830.47,12.67,1955198,-182.990,-109.980,-46.970,0.7850,1.0960
58,1.9376,11.3245,0.8598,393216,830.47,12.67,1955198,-182.990,-109.980,-46.970,0.7850,1.0960
59,1.9485,11.1039,1.0522,393216,830.47,12.67,1955198,-182.990,-109.980,-46.970,0.7850,1.0960
60,1.9593,10.9107,0.8484,393216,830.47,12.67,1955198,-182.990,-109.980,-46.970,0.7850,1.0960
61,1.9705,10.7911,0.9166,393216,830.47,12.67,1955198,-182.990,-109.980,-46.970,0.7850,1.0960
62,1.9816,11.2348,0.8458,393216,830.47,12.67,1955198,-182.990,-109.980,-46.970,0.7850,1.0960
63,1.9924,11.1071,0.8912,393216,830.47,12.67,1955198,-182.990,-109.980,-46.970,0.7850,1.0960
64,2.0036,10.7675,0.8131,393216,830.47,12.67,1955198,-182.990,-109.980,-46.970,0.7850,1.0960
65,2.0147,11.2025,0.8836,393216,830.47,12.67,1955198,-182.990,-109.980,-46.970,0.7850,1.0960
66,2.0252,11.1090,0.9833,393216,830.47,12.67,1955198,-182.990,-109.980,-46.970,0.7850,1.0960
67,2.0361,10.4757,0.8216,393216,830.47,12.67,1955198,-182.990,-109.980,-46.970,0.7850,1.0960
68,2.0473,10.8960,0.7496,393216,830.47,12.67,1955198,-182.990,-109.980,-46.970,0.7850,1.0960
69,2.0586,11.1952,1.2260,393216,830.47,12.67,1955198,-182.990,-109.980,-46.970,0.7850,1.0960
70,2.0693,11.3070,0.7282,393216,830.47,12.67,1955198,-182.990,-109.980,-46.970,0.7850,1.0960
71,2.0806,10.7094,0.8955,393216,830.47,12.67,1955198,-182.990,-109.980,-46.970,0.7850,1.0960
72,2.0919,11.2727,0.9728,393216,830.47,12.67,1955198,-182.990,-109.980,-46.970,0.7850,1.0960
73,2.1025,11.3835,0.7872,393216,830.47,12.67,1955198,-182.990,-109.980,-46.970,0.7850,1.0960
74,2.1136,10.5718,0.7682,393216,830.47,12.67,1955198,-182.990,-109.980,-46.970,0.7850,1.0960
75,2.1252,11.1189,1.0022,393216,830.47,12.67,1955198,-182.990,-109.980,-46.970,0.7850,1.0960
76,2.1358,11.5564,0.8316,393216,830.47,12.67,1955198,-182.990,-109.980,-46.970,0.7850,1.0960
77,2.1470,10.6326,0.8760,393216,830.47,12.67,1955198,-182.990,-109.980,-46.970,0.7850,1.0960
78,2.1584,11.1310,1.0713,393216,830.47,12.67,1955198,-182.990,-109.980,-46.970,0.7850,1.0960
79,2.1691,11.4789,0.8088,393216,830.47,12.67,1955198,-182.990,-109.980,-46.970,0.7850,1.0960
80,2.1797,10.6420,0.7677,393216,830.47,12.67,1955198,-182.990,-109.980,-46.970,0.7850,1.0960
81,2.1912,10.6586,0.9161,393216,830.47,12.67,1955198,-182.990,-109.980,-46.970,0.7850,1.0960
82,2.2015,11.4786,0.8072,393216,830.47,12.67,1955198,-182.990,-109.980,-46.970,0.7850,1.0960
83,2.2122,10.3232,0.8057,393216,830.47,12.67,1955198,-182.990,-109.980,-46.970,0.7850,1.0960
84,2.2234,10.6279,0.9260,393216,830.47,12.67,1955198,-182.990,-109.980,-46.970,0.7850,1.0960
85,2.2346,11.2487,0.8889,393216,830.47,12.67,1955198,-182.990,-109.980,-46.970,0.7850,1.0960
86,2.2460,11.1794,1.0660,393216,830.47,12.67,1955198,-182.990,-109.980,-46.970,0.7850,1.0960
87,2.2563,11.3960,0.7671,393216,830.47,12.67,1955198,-182.990,-109.980,-46.970,0.7850,1.0960
88,2.2676,10.4342,0.9993,393216,830.47,12.67,1955198,-182.990,-109.980,-46.970,0.7850,1.0960
89,2.2785,11.2116,0.7812,393216,830.47,12.67,1955198,-182.990,-109.980,-46.970,0.7850,1.0960
90,2.2892,10.8591,0.8120,393216,830.47,12.67,1955198,-182.990,-109.980,-46.970,0.7850,1.0960
91,2.3004,10.7054,1.0731,393216,830.47,12.67,1955198,-182.990,-109.980,-46.970,0.7850,1.0960
92,2.3113,11.1790,0.7872,393216,830.47,12.67,1955198,-182.990,-109.980,-46.970,0.7850,1.0960
93,2.3224,10.9188,0.8976,393216,830.47,12.67,1955198,-182.990,-109.980,-46.970,0.7850,1.0960
94,2.3333,11.1070,1.0170,393216,830.47,12.67,1955198,-182.990,-109.980,-46.970,0.7850,1.0960
95,2.3443,10.9447,0.7879,393216,830.47,12.67,1955198,-182.990,-109.980,-46.970,0.7850,1.0960
96,2.3554,10.9189,0.8524,393216,830.47,12.67,1955198,-182.990,-109.980,-46.970,0.7850,1.0960
97,2.3663,11.0923,1.0073,393216,830.47,12.67,1955198,-182.990,-109.980,-46.970,0.7850,1.0960
98,2.3768,10.9482,0.7861,393216,830.47,12.67,1955198,-182.990,-109.980,-46.970,0.7850,1.0960
99,2.3880,10.4573,0.8068,393216,830.47,12.67,1955198,-182.990,-109.980,-46.970,0.7850,1.0960
100,2.3987,11.1847,0.8175,393216,830.47,12.67,1955198,-182.990,-109.980,-46.970,0.7850,1.0960
101,2.4096,10.7916,0.7920,393216,830.47,12.67,1955198,-182.990,-109.980,-46.970,0.7850,1.0960
102,2.4210,10.8828,0.8319,393216,830.47,12.67,1955198,-182.990,-109.980,-46.970,0.7850,1.0960
103,2.4321,11.3503,0.8474,393216,830.47,12.67,1955198,-182.990,-109.980,-46.970,0.7850,1.0960
104,2.4428,11.1321,0.8359,393216,830.47,12.67,1955198,-182.990,-109.980,-46.970,0.7850,1.0960
105,2.4542,10.6442,0.9519,393216,830.47,12.67,1955198,-182.990,-109.980,-46.970,0.7850,1.0960
106,2.4653,11.4513,0.8858,393216,830.47,12.67,1955198,-182.990,-109.980,-46.970,0.7850,1.0960
107,2.4761,11.0927,0.9613,393216,830.47,12.67,1955198,-182.990,-109.980,-46.970,0.7850,1.0960
108,2.4870,10.7627,0.8617,393216,830.47,12.67,1955198,-182.990,-109.980,-46.970,0.7850,1.0960
109,2.4983,10.9581,0.8459,393216,830.47,12.67,1955198,-182.990,-109.980,-46.970,0.7850,1.0960
110,2.5099,11.4756,1.4604,393216,830.47,12.67,1955198,-182.990,-109.980,-46.970,0.7850,1.0960
111,2.5213,11.3998,2.2574,393216,830.47,12.67,1955198,-182.990,-109.980,-46.970,0.7850,1.0960
112,2.5319,11.4496,1.6252,393216,830.47,12.67,1955198,-182.990,-109.980,-46.970,0.7850,1.0960
113,2.5429,10.6103,1.3203,393216,830.47,12.67,1955198,-182.990,-109.980,-46.970,0.7850,1.0960
114,2.5531,10.9315,1.2112,393216,830.47,12.67,1955198,-182.990,-109.980,-46.970,0.7850,1.0960
115,2.5640,10.2430,1.0646,393216,830.47,12.67,1955198,-182.990,-109.980,-46.970,0.7850,1.0960
116,2.5752,10.8308,1.0794,393216,830.47,12.67,1955198,-182.990,-109.980,-46.970,0.7850,1.0960
117,2.5862,11.2597,0.9955,393216,830.47,12.67,1955198,-182.990,-109.980,-46.970,0.7850,1.0960
118,2.5969,11.0295,0.9111,393216,830.47,12.67,1955198,-182.990,-109.980,-46.970,0.7850,1.0960
119,2.6082,10.6523,1.2306,393216,830.47,12.67,1955198,-182.990,-109.980,-46.970,0.7850,1.0960
120,2.6188,11.3735,0.9056,393216,830.47,12.67,1955198,-182.990,-109.980,-46.970,0.7850,1.0960
121,2.6296,10.5464,0.9350,393216,830.47,12.67,1955198,-182.990,-109.980,-46.970,0.7850,1.0960
122,2.6408,10.8146,1.0169,393216,830.47,12.67,1955198,-182.990,-109.980,-46.970,0.7850,1.0960
123,2.6519,11.2008,0.9675,393216,830.47,12.67,1955198,-182.990,-109.980,-46.970,0.7850,1.0960
124,2.6631,11.0778,1.0332,393216,830.47,12.67,1955198,-182.990,-109.980,-46.970,0.7850,1.0960
125,2.6736,11.1860,0.9007,393216,830.47,12.67,1955198,-182.990,-109.980,-46.970,0.7850,1.0960
126,2.6850,10.5359,0.9003,393216,830.47,12.67,1955198,-182.990,-109.980,-46.970,0.7850,1.0960
127,2.6963,11.3617,0.9326,393216,830.47,12.67,1955198,-182.990,-109.980,-46.970,0.7850,1.0960
128,2.7072,11.2800,0.9400,393216,830.47,12.67,1955198,-182.990,-109.980,-46.970,0.7850,1.0960
129,2.7184,10.8812,0.9456,393216,830.47,12.67,1955198,-182.990,-109.980,-46.970,0.7850,1.0960
130,2.7291,11.2170,0.8740,393216,830.47,12.67,1955198,-182.990,-109.980,-46.970,0.7850,1.0960
131,2.7406,10.7288,0.9874,393216,830.47,12.67,1955198,-182.990,-109.980,-46.970,0.7850,1.0960
132,2.7517,11.5173,0.9500,393216,830.47,12.67,1955198,-182.990,-109.980,-46.970,0.7850,1.0960
133,2.7632,11.0582,0.8952,393216,830.47,12.67,1955198,-182.990,-109.980,-46.970,0.7850,1.0960
134,2.7748,11.5537,0.9950,393216,830.47,12.67,1955198,-182.990,-109.980,-46.970,0.7850,1.0960
135,2.7857,11.6575,0.8588,393216,830.47,12.67,1955198,-182.990,-109.980,-46.970,0.7850,1.0960
136,2.7975,10.8141,0.8745,393216,830.47,12.67,1955198,-182.990,-109.980,-46.970,0.7850,1.0960
137,2.8096,11.8210,0.9894,393216,830.47,12.67,1955198,-182.990,-109.980,-46.970,0.7850,1.0960
138,2.8215,12.0632,0.8923,393216,830.47,12.67,1955198,-182.990,-109.980,-46.970,0.7850,1.0960
139,2.8336,11.8998,0.9256,393216,830.47,12.67,1955198,-182.990,-109.980,-46.970,0.7850,1.0960
140,2.8452,12.1654,0.8068,393216,830.47,12.67,1955198,-182.990,-109.980,-46.970,0.7850,1.0960
141,2.8574,11.4949,0.9211,393216,830.47,12.67,1955198,-182.990,-109.980,-46.970,0.7850,1.0960
142,2.8691,12.2351,0.8422,393216,830.47,12.67,1955198,-182.990,-109.980,-46.970,0.7850,1.0960
143,2.8810,11.7236,0.8824,393216,830.47,12.67,1955198,-182.990,-109.980,-46.970,0.7850,1.0960
144,2.8932,11.9191,1.0994,393216,830.47,12.67,1955198,-182.990,-109.980,-46.970,0.7850,1.0960
145,2.9052,12.1579,0.8834,393216,830.47,12.67,1955198,-182.990,-109.980,-46.970,0.7850,1.0960
146,2.9171,12.0612,0.9428,393216,830.47,12.67,1955198,-182.990,-109.980,-46.970,0.7850,1.0960
147,2.9296,11.8875,0.9390,393216,830.47,12.67,1955198,-182.990,-109.980,-46.970,0.7850,1.0960
148,2.9441,12.5221,0.8995,393216,830.47,12.67,1955198,-182.990,-109.980,-46.970,0.7850,1.0960
149,2.9591,14.4603,1.0064,393216,830.47,12.67,1955198,-182.990,-109.980,-46.970,0.7850,1.0960
150,2.9746,14.9695,0.8985,393216,830.47,12.67,1955198,-182.990,-109.980,-46.970,0.7850,1.0960
151,2.9902,15.4905,0.8772,393216,830.47,12.67,1955198,-182.990,-109.980,-46.970,0.7850,1.0960
152,3.0058,15.6133,0.9788,393216,830.47,12.67,1955198,-182.990,-109.980,-46.970,0.7850,1.0960
153,3.0222,15.6421,0.9270,393216,830.47,12.67,1955198,-182.990,-109.980,-46.970,0.7850,1.0960
154,3.0428,16.4135,0.8723,393216,830.47,12.67,1955198,-182.990,-109.980,-46.970,0.7850,1.0960
155,3.0637,20.5740,0.8898,393216,830.47,12.67,1955198,-182.990,-109.980,-46.970,0.7850,1.0960
156,3.0867,20.8777,0.8597,393216,830.47,12.67,1955198,-182.990,-109.980,-46.970,0.7850,1.0960
157,3.1107,22.9581,1.2367,393216,830.47,12.67,1955198,-182.990,-109.980,-46.970,0.7850,1.0960
158,3.1329,24.0378,0.9247,393216,830.47,12.67,1955198,-182.990,-109.980,-46.970,0.7850,1.0960
159,3.1605,22.1883,1.4225,393216,830.47,12.67,1955198,-182.990,-109.980,-46.970,0.7850,1.0960
160,3.1804,27.6314,0.8387,393216,830.47,12.67,1955198,-182.990,-109.980,-46.970,0.7850,1.0960
161,3.2015,19.9316,1.0960,393216,830.47,12.67,1955198,-182.990,-109.980,-46.970,0.7850,1.0960
162,3.2177,21.0904,0.8875,393216,830.47,12.67,1955198,-182.990,-109.980,-46.970,0.7850,1.0960
163,3.2349,16.1356,0.9917,393216,830.47,12.67,1955198,-182.990,-109.980,-46.970,0.7850,1.0960
164,3.2519,17.2835,1.1719,393216,830.47,12.67,1955198,-182.990,-109.980,-46.970,0.7850,1.0960
165,3.2640,16.9642,0.8649,393216,830.47,12.67,1955198,-182.990,-109.980,-46.970,0.7850,1.0960
166,3.2812,12.1296,0.9063,393216,830.47,12.67,1955198,-182.990,-109.980,-46.970,0.7850,1.0960
167,3.2983,17.1733,0.9075,393216,830.47,12.67,1955198,-182.990,-109.980,-46.970,0.7850,1.0960
168,3.3149,17.1129,0.8677,393216,830.47,12.67,1955198,-182.990,-109.980,-46.970,0.7850,1.0960
169,3.3315,16.5434,0.9169,393216,830.47,12.67,1955198,-182.990,-109.980,-46.970,0.7850,1.0960
170,3.3480,16.6570,0.9013,393216,830.47,12.67,1955198,-182.990,-109.980,-46.970,0.7850,1.0960
171,3.3641,16.4579,0.8889,393216,830.47,12.67,1955198,-182.990,-109.980,-46.970,0.7850,1.0960
172,3.3792,16.1606,0.8532,393216,830.47,12.67,1955198,-182.990,-109.980,-46.970,0.7850,1.0960
173,3.3944,15.0892,0.8943,393216,830.47,12.67,1955198,-182.990,-109.980,-46.970,0.7850,1.0960
174,3.4100,15.1594,1.0161,393216,830.47,12.67,1955198,-182.990,-109.980,-46.970,0.7850,1.0960
175,3.4246,15.6918,0.8725,393216,830.47,12.67,1955198,-182.990,-109.980,-46.970,0.7850,1.0960
176,3.4395,14.4765,0.9265,393216,830.47,12.67,1955198,-182.990,-109.980,-46.970,0.7850,1.0960
177,3.4546,14.9524,0.9077,393216,830.47,12.67,1955198,-182.990,-109.980,-46.970,0.7850,1.0960
178,3.4672,15.1033,0.9201,393216,830.47,12.67,1955198,-182.990,-109.980,-46.970,0.7850,1.0960
179,3.4804,12.5475,0.8339,393216,830.47,12.67,1955198,-182.990,-109.980,-46.970,0.7850,1.0960
180,3.4939,13.2446,1.0225,393216,830.47,12.67,1955198,-182.990,-109.980,-46.970,0.7850,1.0960
181,3.5067,13.4562,0.8419,393216,830.47,12.67,1955198,-182.990,-109.980,-46.970,0.7850,1.0960
182,3.5198,12.8470,0.9660,393216,830.47,12.67,1955198,-182.990,-109.980,-46.970,0.7850,1.0960
183,3.5321,13.0447,0.7652,393216,830.47,12.67,1955198,-182.990,-109.980,-46.970,0.7850,1.0960
184,3.5436,12.3441,1.1492,393216,830.47,12.67,1955198,-182.990,-109.980,-46.970,0.7850,1.0960
185,3.5547,11.4823,0.9077,393216,830.47,12.67,1955198,-182.990,-109.980,-46.970,0.7850,1.0960
186,3.5659,11.0991,0.8658,393216,830.47,12.67,1955198,-182.990,-109.980,-46.970,0.7850,1.0960
187,3.5769,11.1658,1.1791,393216,830.47,12.67,1955198,-182.990,-109.980,-46.970,0.7850,1.0960
188,3.5880,11.0723,0.8778,393216,830.47,12.67,1955198,-182.990,-109.980,-46.970,0.7850,1.0960
189,3.5992,11.0811,0.8265,393216,830.47,12.67,1955198,-182.990,-109.980,-46.970,0.7850,1.0960
190,3.6106,11.2060,1.1927,393216,830.47,12.67,1955198,-182.990,-109.980,-46.970,0.7850,1.0960
191,3.6214,11.3386,0.8638,393216,830.47,12.67,1955198,-182.990,-109.980,-46.970,0.7850,1.0960
192,3.6326,10.8791,0.8040,393216,830.47,12.67,1955198,-182.990,-109.980,-46.970,0.7850,1.0960
193,3.6443,11.1769,0.9003,393216,830.47,12.67,1955198,-182.990,-109.980,-46.970,0.7850,1.0960
194,3.6548,11.6575,0.8552,393216,830.47,12.67,1955198,-182.990,-109.980,-46.970,0.7850,1.0960
195,3.6665,10.5542,0.8907,393216,830.47,12.67,1955198,-182.990,-109.980,-46.970,0.7850,1.0960
196,3.6781,11.6479,0.9439,393216,830.47,12.67,1955198,-182.990,-109.980,-46.970,0.7850,1.0960
197,3.6897,11.6104,0.9595,393216,830.47,12.67,1955198,-182.990,-109.980,-46.970,0.7850,1.0960
198,3.7010,11.6229,0.8992,393216,830.47,12.67,1955198,-182.990,-109.980,-46.970,0.7850,1.0960
199,3.7125,11.2767,0.8490,393216,830.47,12.67,1955198,-182.990,-109.980,-46.970,0.7850,1.0960
200,3.7240,11.4840,0.8856,393216,830.47,12.67,1955198,-182.990,-109.980,-46.970,0.7850,1.0960
201,3.7354,11.5597,0.9463,393216,830.47,12.67,1955198,-182.990,-109.980,-46.970,0.7850,1.0960
202,3.7468,11.4343,0.9330,393216,830.47,12.67,1955198,-182.990,-109.980,-46.970,0.7850,1.0960
203,3.7581,11.3496,0.8963,393216,830.47,12.67,1955198,-182.990,-109.980,-46.970,0.7850,1.0960
204,3.7697,11.3383,0.9555,393216,830.47,12.67,1955198,-182.990,-109.980,-46.970,0.7850,1.0960
205,3.7806,11.5785,0.9396,393216,830.47,12.67,1955198,-182.990,-109.980,-46.970,0.7850,1.0960
206,3.7919,10.8423,0.9410,393216,830.47,12.67,1955198,-182.990,-109.980,-46.970,0.7850,1.0960
207,3.8036,11.3009,1.2666,393216,830.47,12.67,1955198,-182.990,-109.980,-46.970,0.7850,1.0960
208,3.8148,11.7073,1.1435,393216,830.47,12.67,1955198,-182.990,-109.980,-46.970,0.7850,1.0960
209,3.8257,11.2585,0.9300,393216,830.47,12.67,1955198,-182.990,-109.980,-46.970,0.7850,1.0960
210,3.8365,10.8289,1.0101,393216,830.47,12.67,1955198,-182.990,-109.980,-46.970,0.7850,1.0960
211,3.8478,10.8481,0.9345,393216,830.47,12.67,1955198,-182.990,-109.980,-46.970,0.7850,1.0960
212,3.8587,11.2640,0.9211,393216,830.47,12.67,1955198,-182.990,-109.980,-46.970,0.7850,1.0960
213,3.8701,10.9669,0.9229,393216,830.47,12.67,1955198,-182.990,-109.980,-46.970,0.7850,1.0960
214,3.8817,11.3616,0.9508,393216,830.47,12.67,1955198,-182.990,-109.980,-46.970,0.7850,1.0960
215,3.8935,11.6332,1.1658,393216,830.47,12.67,1955198,-182.990,-109.980,-46.970,0.7850,1.0960
216,3.9041,11.7568,0.8048,393216,830.47,12.67,1955198,-182.990,-109.980,-46.970,0.7850,1.0960
217,3.9157,10.6540,0.9387,393216,830.47,12.67,1955198,-182.990,-109.980,-46.970,0.7850,1.0960
218,3.9276,11.5751,1.0411,393216,830.47,12.67,1955198,-182.990,-109.980,-46.970,0.7850,1.0960
219,3.9388,11.9383,0.9902,393216,830.47,12.67,1955198,-182.990,-109.980,-46.970,0.7850,1.0960
220,3.9499,11.1871,0.9161,393216,830.47,12.67,1955198,-182.990,-109.980,-46.970,0.7850,1.0960
221,3.9614,11.0075,0.9078,393216,830.47,12.67,1955198,-182.990,-109.980,-46.970,0.7850,1.0960
222,3.9727,11.5413,0.8736,393216,830.47,12.67,1955198,-182.990,-109.980,-46.970,0.7850,1.0960
223,3.9840,11.3525,1.0588,393216,830.47,12.67,1955198,-182.990,-109.980,-46.970,0.7850,1.0960
224,3.9955,11.2427,1.1096,393216,830.47,12.67,1955198,-182.990,-109.980,-46.970,0.7850,1.0960
225,4.0068,11.5081,0.9005,393216,830.47,12.67,1955198,-182.990,-109.980,-46.970,0.7850,1.0960
226,4.0173,11.2568,0.8901,393216,830.47,12.67,1955198,-182.990,-109.980,-46.970,0.7850,1.0960
227,4.0285,10.5787,1.0448,393216,830.47,12.67,1955198,-182.990,-109.980,-46.970,0.7850,1.0960
228,4.0398,11.1854,0.9239,393216,830.47,12.67,1955198,-182.990,-109.980,-46.970,0.7850,1.0960
229,4.0513,11.3205,0.9599,393216,830.47,12.67,1955198,-182.990,-109.980,-46.970,0.7850,1.0960
230,4.0628,11.4502,1.0024,393216,830.47,12.67,1955198,-182.990,-109.980,-46.970,0.7850,1.0960
231,4.0734,11.5039,0.8878,393216,830.47,12.67,1955198,-182.990,-109.980,-46.970,0.7850,1.0960
232,4.0845,10.6204,0.8801,393216,830.47,12.67,1955198,-182.990,-109.980,-46.970,0.7850,1.0960
233,4.0959,11.1330,1.0145,393216,830.47,12.67,1955198,-182.990,-109.980,-46.970,0.7850,1.0960
234,4.1067,11.3686,0.9022,393216,830.47,12.67,1955198,-182.990,-109.980,-46.970,0.7850,1.0960
235,4.1178,10.7717,0.9392,393216,830.47,12.67,1955198,-182.990,-109.980,-46.970,0.7850,1.0960
236,4.1291,11.1187,0.9723,393216,830.47,12.67,1955198,-182.990,-109.980,-46.970,0.7850,1.0960
237,4.1403,11.3138,0.8693,393216,830.47,12.67,1955198,-182.990,-109.980,-46.970,0.7850,1.0960
238,4.1512,11.1523,0.9054,393216,830.47,12.67,1955198,-182.990,-109.980,-46.970,0.7850,1.0960
239,4.1626,10.9601,0.9975,393216,830.47,12.67,1955198,-182.990,-109.980,-46.970,0.7850,1.0960
240,4.1737,11.3432,0.9107,393216,830.47,12.67,1955198,-182.990,-109.980,-46.970,0.7850,1.0960
241,4.1845,11.1474,0.8195,393216,830.47,12.67,1955198,-182.990,-109.980,-46.970,0.7850,1.0960
242,4.1951,10.7825,0.9836,393216,830.47,12.67,1955198,-182.990,-109.980,-46.970,0.7850,1.0960
243,4.2061,10.6347,0.8123,393216,830.47,12.67,1955198,-182.990,-109.980,-46.970,0.7850,1.0960
244,4.2167,10.9242,0.7745,393216,830.47,12.67,1955198,-182.990,-109.980,-46.970,0.7850,1.0960
245,4.2283,10.6728,1.1633,393216,830.47,12.67,1955198,-182.990,-109.980,-46.970,0.7850,1.0960
246,4.2393,11.5177,0.8055,393216,830.47,12.67,1955198,-182.990,-109.980,-46.970,0.7850,1.0960
247,4.2505,10.9904,0.9012,393216,830.47,12.67,1955198,-182.990,-109.980,-46.970,0.7850,1.0960
248,4.2615,11.2688,1.1186,393216,830.47,12.67,1955198,-182.990,-109.980,-46.970,0.7850,1.0960
249,4.2726,11.0148,0.8424,393216,830.47,12.67,1955198,-182.990,-109.980,-46.970,0.7850,1.0960
250,4.2839,11.0220,0.8810,393216,830.47,12.67,1955198,-182.990,-109.980,-46.970,0.7850,1.0960
251,4.2951,11.3058,1.2769,393216,830.47,12.67,1955198,-182.990,-109.980,-46.970,0.7850,1.0960
252,4.3057,11.2161,0.8340,393216,830.47,12.67,1955198,-182.990,-109.980,-46.970,0.7850,1.0960
253,4.3170,10.6015,0.8643,393216,830.47,12.67,1955198,-182.990,-109.980,-46.970,0.7850,1.0960
254,4.3285,11.3326,1.0254,393216,830.47,12.67,1955198,-182.990,-109.980,-46.970,0.7850,1.0960
255,4.3391,11.5072,0.8876,393216,830.47,12.67,1955198,-182.990,-109.980,-46.970,0.7850,1.0960
256,4.3502,10.5337,0.8320,393216,830.47,12.67,1955198,-182.990,-109.980,-46.970,0.7850,1.0960
257,4.3619,11.1362,1.1633,393216,830.47,12.67,1955198,-182.990,-109.980,-46.970,0.7850,1.0960
258,4.3716,11.7313,0.8375,393216,830.47,12.67,1955198,-182.990,-109.980,-46.970,0.7850,1.0960
259,4.3827,9.6919,0.8736,393216,830.47,12.67,1955198,-182.990,-109.980,-46.970,0.7850,1.0960
260,4.3941,11.1289,0.9199,393216,830.47,12.67,1955198,-182.990,-109.980,-46.970,0.7850,1.0960
261,4.4052,11.3482,0.8757,393216,830.47,12.67,1955198,-182.990,-109.980,-46.970,0.7850,1.0960
262,4.4160,11.1991,0.7840,393216,830.47,12.67,1955198,-182.990,-109.980,-46.970,0.7850,1.0960
263,4.4271,10.7673,0.8011,393216,830.47,12.67,1955198,-182.990,-109.980,-46.970,0.7850,1.0960
264,4.4383,11.0578,0.8140,393216,830.47,12.67,1955198,-182.990,-109.980,-46.970,0.7850,1.0960
265,4.4492,11.1902,0.8487,393216,830.47,12.67,1955198,-182.990,-109.980,-46.970,0.7850,1.0960
266,4.4603,10.8895,0.8349,393216,830.47,12.67,1955198,-182.990,-109.980,-46.970,0.7850,1.0960
267,4.4716,11.1435,0.8449,393216,830.47,12.67,1955198,-182.990,-109.980,-46.970,0.7850,1.0960
268,4.4827,11.2227,0.8387,393216,830.47,12.67,1955198,-182.990,-109.980,-46.970,0.7850,1.0960
269,4.4937,11.1876,0.9324,393216,830.47,12.67,1955198,-182.990,-109.980,-46.970,0.7850,1.0960
270,4.5047,10.9797,0.8524,393216,830.47,12.67,1955198,-182.990,-109.980,-46.970,0.7850,1.0960
271,4.5158,11.0130,0.7790,393216,830.47,12.67,1955198,-182.990,-109.980,-46.970,0.7850,1.0960
272,4.5269,11.0920,1.0023,393216,830.47,12.67,1955198,-182.990,-109.980,-46.970,0.7850,1.0960
273,4.5381,11.1226,0.9684,393216,830.47,12.67,1955198,-182.990,-109.980,-46.970,0.7850,1.0960
274,4.5485,11.1731,0.8046,393216,830.47,12.67,1955198,-182.990,-109.980,-46.970,0.7850,1.0960
275,4.5598,10.4207,0.8972,393216,830.47,12.67,1955198,-182.990,-109.980,-46.970,0.7850,1.0960
276,4.5708,11.2788,0.9637,393216,830.47,12.67,1955198,-182.990,-109.980,-46.970,0.7850,1.0960
277,4.5820,11.0260,0.8673,393216,830.47,12.67,1955198,-182.990,-109.980,-46.970,0.7850,1.0960
278,4.5931,11.1811,0.8364,393216,830.47,12.67,1955198,-182.990,-109.980,-46.970,0.7850,1.0960
279,4.6040,11.0933,0.8129,393216,830.47,12.67,1955198,-182.990,-109.980,-46.970,0.7850,1.0960
280,4.6149,10.8641,0.8386,393216,830.47,12.67,1955198,-182.990,-109.980,-46.970,0.7850,1.0960
281,4.6261,10.8897,0.7460,393216,830.47,12.67,1955198,-182.990,-109.980,-46.970,0.7850,1.0960
282,4.6378,11.2306,1.1468,393216,830.47,12.67,1955198,-182.990,-109.980,-46.970,0.7850,1.0960
283,4.6485,11.7323,0.9271,393216,830.47,12.67,1955198,-182.990,-109.980,-46.970,0.7850,1.0960
284,4.6596,10.6556,0.8941,393216,830.47,12.67,1955198,-182.990,-109.980,-46.970,0.7850,1.0960
285,4.6713,11.0767,1.1966,393216,830.47,12.67,1955198,-182.990,-109.980,-46.970,0.7850,1.0960
286,4.6823,11.6912,0.9605,393216,830.47,12.67,1955198,-182.990,-109.980,-46.970,0.7850,1.0960
287,4.6931,11.0114,0.8928,393216,830.47,12.67,1955198,-182.990,-109.980,-46.970,0.7850,1.0960
288,4.7045,10.7835,1.1242,393216,830.47,12.67,1955198,-182.990,-109.980,-46.970,0.7850,1.0960
289,4.7154,11.4569,0.8502,393216,830.47,12.67,1955198,-182.990,-109.980,-46.970,0.7850,1.0960
290,4.7255,10.8541,0.8302,393216,830.47,12.67,1955198,-182.990,-109.980,-46.970,0.7850,1.0960
291,4.7367,10.1338,0.8206,393216,830.47,12.67,1955198,-182.990,-109.980,-46.970,0.7850,1.0960
292,4.7480,11.1826,0.8219,393216,830.47,12.67,1955198,-182.990,-109.980,-46.970,0.7850,1.0960
293,4.7589,11.2704,0.8966,393216,830.47,12.67,1955198,-182.990,-109.980,-46.970,0.7850,1.0960
294,4.7700,10.9513,0.8596,393216,830.47,12.67,1955198,-182.990,-109.980,-46.970,0.7850,1.0960
295,4.7812,11.0765,0.8815,393216,830.47,12.67,1955198,-182.990,-109.980,-46.970,0.7850,1.0960
296,4.7924,11.1652,0.9504,393216,830.47,12.67,1955198,-182.990,-109.980,-46.970,0.7850,1.0960
297,4.8033,11.2802,0.9141,393216,830.47,12.67,1955198,-182.990,-109.980,-46.970,0.7850,1.0960
298,4.8144,10.8953,0.8886,393216,830.47,12.67,1955198,-182.990,-109.980,-46.970,0.7850,1.0960
299,4.8255,11.0958,0.8317,393216,830.47,12.67,1955198,-182.990,-109.980,-46.970,0.7850,1.0960
300,4.8364,11.0370,0.9359,393216,830.47,12.67,1955198,-182.990,-109.980,-46.970,0.7850,1.0960
301,4.8478,10.9918,0.9557,393216,830.47,12.67,1955198,-182.990,-109.980,-46.970,0.7850,1.0960
302,4.8590,11.3793,0.9573,393216,830.47,12.67,1955198,-182.990,-109.980,-46.970,0.7850,1.0960
303,4.8701,11.1698,0.8870,393216,830.47,12.67,1955198,-182.990,-109.980,-46.970,0.7850,1.0960
304,4.8812,11.1006,1.1289,393216,830.47,12.67,1955198,-182.990,-109.980,-46.970,0.7850,1.0960
305,4.8922,11.0889,0.8610,393216,830.47,12.67,1955198,-182.990,-109.980,-46.970,0.7850,1.0960
306,4.9027,11.0301,0.8634,393216,830.47,12.67,1955198,-182.990,-109.980,-46.970,0.7850,1.0960
307,4.9136,10.5289,0.9258,393216,830.47,12.67,1955198,-182.990,-109.980,-46.970,0.7850,1.0960
308,4.9245,10.8935,0.8819,393216,830.47,12.67,1955198,-182.990,-109.980,-46.970,0.7850,1.0960
309,4.9358,10.9018,0.8517,393216,830.47,12.67,1955198,-182.990,-109.980,-46.970,0.7850,1.0960
310,4.9473,11.2291,1.1285,393216,830.47,12.67,1955198,-182.990,-109.980,-46.970,0.7850,1.0960
311,4.9577,11.4929,0.8050,393216,830.47,12.67,1955198,-182.990,-109.980,-46.970,0.7850,1.0960
312,4.9689,10.4785,0.8244,393216,830.47,12.67,1955198,-182.990,-109.980,-46.970,0.7850,1.0960
313,4.9803,11.1528,0.9255,393216,830.47,12.67,1955198,-182.990,-109.980,-46.970,0.7850,1.0960
314,4.9910,11.3840,0.8051,393216,830.47,12.67,1955198,-182.990,-109.980,-46.970,0.7850,1.0960
315,5.0021,10.7303,0.7959,393216,830.47,12.67,1955198,-182.990,-109.980,-46.970,0.7850,1.0960
316,5.0136,11.1028,1.0633,393216,830.47,12.67,1955198,-182.990,-109.980,-46.970,0.7850,1.0960
317,5.0245,11.5357,0.7827,393216,830.47,12.67,1955198,-182.990,-109.980,-46.970,0.7850,1.0960
318,5.0354,10.8013,0.8651,393216,830.47,12.67,1955198,-182.990,-109.980,-46.970,0.7850,1.0960
319,5.0468,10.9059,0.9933,393216,830.47,12.67,1955198,-182.990,-109.980,-46.970,0.7850,1.0960
320,5.0579,11.4488,0.8389,393216,830.47,12.67,1955198,-182.990,-109.980,-46.970,0.7850,1.0960
321,5.0692,11.0513,0.9537,393216,830.47,12.67,1955198,-182.990,-109.980,-46.970,0.7850,1.0960
322,5.0793,11.3250,0.8430,393216,830.47,12.67,1955198,-182.990,-109.980,-46.970,0.7850,1.0960
323,5.0906,10.1196,0.8676,393216,830.47,12.67,1955198,-182.990,-109.980,-46.970,0.7850,1.0960
324,5.1018,11.2723,0.8924,393216,830.47,12.67,1955198,-182.990,-109.980,-46.970,0.7850,1.0960
325,5.1126,11.2303,0.8091,393216,830.47,12.67,1955198,-182.990,-109.980,-46.970,0.7850,1.0960
326,5.1239,10.8567,0.7948,393216,830.47,12.67,1955198,-182.990,-109.980,-46.970,0.7850,1.0960
327,5.1351,11.2227,0.8628,393216,830.47,12.67,1955198,-182.990,-109.980,-46.970,0.7850,1.0960
328,5.1458,11.1771,0.8632,393216,830.47,12.67,1955198,-182.990,-109.980,-46.970,0.7850,1.0960
329,5.1570,10.7191,1.0562,393216,830.47,12.67,1955198,-182.990,-109.980,-46.970,0.7850,1.0960
330,5.1681,11.2448,0.8896,393216,830.47,12.67,1955198,-182.990,-109.980,-46.970,0.7850,1.0960
331,5.1793,11.1169,0.8598,393216,830.47,12.67,1955198,-182.990,-109.980,-46.970,0.7850,1.0960
332,5.1904,11.1227,1.0590,393216,830.47,12.67,1955198,-182.990,-109.980,-46.970,0.7850,1.0960
333,5.2013,11.0943,0.7790,393216,830.47,12.67,1955198,-182.990,-109.980,-46.970,0.7850,1.0960
334,5.2127,10.9375,0.8431,393216,830.47,12.67,1955198,-182.990,-109.980,-46.970,0.7850,1.0960
335,5.2238,11.3847,1.0665,393216,830.47,12.67,1955198,-182.990,-109.980,-46.970,0.7850,1.0960
336,5.2348,11.1295,0.8012,393216,830.47,12.67,1955198,-182.990,-109.980,-46.970,0.7850,1.0960
337,5.2458,10.9816,0.7985,393216,830.47,12.67,1955198,-182.990,-109.980,-46.970,0.7850,1.0960
338,5.2568,11.0558,1.2646,393216,830.47,12.67,1955198,-182.990,-109.980,-46.970,0.7850,1.0960
339,5.2673,10.9325,1.0201,393216,830.47,12.67,1955198,-182.990,-109.980,-46.970,0.7850,1.0960
340,5.2784,10.5398,0.8347,393216,830.47,12.67,1955198,-182.990,-109.980,-46.970,0.7850,1.0960
341,5.2899,11.0616,1.0896,393216,830.47,12.67,1955198,-182.990,-109.980,-46.970,0.7850,1.0960
342,5.3005,11.4987,0.8417,393216,830.47,12.67,1955198,-182.990,-109.980,-46.970,0.7850,1.0960
343,5.3115,10.6381,0.8129,393216,830.47,12.67,1955198,-182.990,-109.980,-46.970,0.7850,1.0960
344,5.3230,10.9501,1.1138,393216,830.47,12.67,1955198,-182.990,-109.980,-46.970,0.7850,1.0960
345,5.3338,11.5306,0.8496,393216,830.47,12.67,1955198,-182.990,-109.980,-46.970,0.7850,1.0960
346,5.3447,10.8461,0.8258,393216,830.47,12.67,1955198,-182.990,-109.980,-46.970,0.7850,1.0960
347,5.3559,10.8414,0.8379,393216,830.47,12.67,1955198,-182.990,-109.980,-46.970,0.7850,1.0960
348,5.3672,11.1937,0.8192,393216,830.47,12.67,1955198,-182.990,-109.980,-46.970,0.7850,1.0960
349,5.3781,11.3261,0.9155,393216,830.47,12.67,1955198,-182.990,-109.980,-46.970,0.7850,1.0960
350,5.3894,10.9344,0.8639,393216,830.47,12.67,1955198,-182.990,-109.980,-46.970,0.7850,1.0960
351,5.4004,11.2712,0.8193,393216,830.47,12.67,1955198,-182.990,-109.980,-46.970,0.7850,1.0960
352,5.4116,11.0336,0.8713,393216,830.47,12.67,1955198,-182.990,-109.980,-46.970,0.7850,1.0960
353,5.4229,11.1671,1.3034,393216,830.47,12.67,1955198,-182.990,-109.980,-46.970,0.7850,1.0960
354,5.4330,11.2994,0.8473,393216,830.47,12.67,1955198,-182.990,-109.980,-46.970,0.7850,1.0960
355,5.4448,10.0555,1.4107,393216,830.47,12.67,1955198,-182.990,-109.980,-46.970,0.7850,1.0960
356,5.4552,11.7941,0.9468,393216,830.47,12.67,1955198,-182.990,-109.980,-46.970,0.7850,1.0960
357,5.4662,10.4159,0.9597,393216,830.47,12.67,1955198,-182.990,-109.980,-46.970,0.7850,1.0960
358,5.4775,11.0486,0.9492,393216,830.47,12.67,1955198,-182.990,-109.980,-46.970,0.7850,1.0960
359,5.4886,11.2670,0.9397,393216,830.47,12.67,1955198,-182.990,-109.980,-46.970,0.7850,1.0960
360,5.4994,11.1780,0.9269,393216,830.47,12.67,1955198,-182.990,-109.980,-46.970,0.7850,1.0960
361,5.5107,10.7541,0.9353,393216,830.47,12.67,1955198,-182.990,-109.980,-46.970,0.7850,1.0960
362,5.5221,11.2986,0.9596,393216,830.47,12.67,1955198,-182.990,-109.980,-46.970,0.7850,1.0960
363,5.5330,11.3755,1.0611,393216,830.47,12.67,1955198,-182.990,-109.980,-46.970,0.7850,1.0960
364,5.5440,10.8715,0.9013,393216,830.47,12.67,1955198,-182.990,-109.980,-46.970,0.7850,1.0960
365,5.5553,11.0477,0.9473,393216,830.47,12.67,1955198,-182.990,-109.980,-46.970,0.7850,1.0960
366,5.5664,11.3248,0.9290,393216,830.47,12.67,1955198,-182.990,-109.980,-46.970,0.7850,1.0960
367,5.5772,11.0940,0.9552,393216,830.47,12.67,1955198,-182.990,-109.980,-46.970,0.7850,1.0960
368,5.5885,10.7873,1.0087,393216,830.47,12.67,1955198,-182.990,-109.980,-46.970,0.7850,1.0960
369,5.5998,11.2878,0.9084,393216,830.47,12.67,1955198,-182.990,-109.980,-46.970,0.7850,1.0960
370,5.6098,11.2931,0.7976,393216,830.47,12.67,1955198,-182.990,-109.980,-46.970,0.7850,1.0960
371,5.6210,10.0172,0.9412,393216,830.47,12.67,1955198,-182.990,-109.980,-46.970,0.7850,1.0960
372,5.6323,11.1682,0.9504,393216,830.47,12.67,1955198,-182.990,-109.980,-46.970,0.7850,1.0960
373,5.6436,11.2852,0.9768,393216,830.47,12.67,1955198,-182.990,-109.980,-46.970,0.7850,1.0960
374,5.6543,11.3311,0.9001,393216,830.47,12.67,1955198,-182.990,-109.980,-46.970,0.7850,1.0960
375,5.6656,10.6688,0.9935,393216,830.47,12.67,1955198,-182.990,-109.980,-46.970,0.7850,1.0960
376,5.6767,11.2841,0.9997,393216,830.47,12.67,1955198,-182.990,-109.980,-46.970,0.7850,1.0960
377,5.6874,11.1842,0.8878,393216,830.47,12.67,1955198,-182.990,-109.980,-46.970,0.7850,1.0960
378,5.6989,10.6516,1.2302,393216,830.47,12.67,1955198,-182.990,-109.980,-46.970,0.7850,1.0960
379,5.7097,11.5351,0.9100,393216,830.47,12.67,1955198,-182.990,-109.980,-46.970,0.7850,1.0960
380,5.7209,10.7847,0.9298,393216,830.47,12.67,1955198,-182.990,-109.980,-46.970,0.7850,1.0960
381,5.7319,11.1967,1.1084,393216,830.47,12.67,1955198,-182.990,-109.980,-46.970,0.7850,1.0960
382,5.7431,11.0076,0.9926,393216,830.47,12.67,1955198,-182.990,-109.980,-46.970,0.7850,1.0960
383,5.7543,11.1671,1.0045,393216,830.47,12.67,1955198,-182.990,-109.980,-46.970,0.7850,1.0960
384,5.7652,11.1848,1.1885,393216,830.47,12.67,1955198,-182.990,-109.980,-46.970,0.7850,1.0960
385,5.7761,10.9819,0.9194,393216,830.47,12.67,1955198,-182.990,-109.980,-46.970,0.7850,1.0960
386,5.7865,10.8510,0.8496,393216,830.47,12.67,1955198,-182.990,-109.980,-46.970,0.7850,1.0960
387,5.7980,10.3803,1.0086,393216,830.47,12.67,1955198,-182.990,-109.980,-46.970,0.7850,1.0960
388,5.8084,11.4961,0.8583,393216,830.47,12.67,1955198,-182.990,-109.980,-46.970,0.7850,1.0960
389,5.8197,10.4060,0.8782,393216,830.47,12.67,1955198,-182.990,-109.980,-46.970,0.7850,1.0960
390,5.8311,11.3470,0.9106,393216,830.47,12.67,1955198,-182.990,-109.980,-46.970,0.7850,1.0960
391,5.8417,11.3872,0.8725,393216,830.47,12.67,1955198,-182.990,-109.980,-46.970,0.7850,1.0960
392,5.8527,10.5976,0.9030,393216,830.47,12.67,1955198,-182.990,-109.980,-46.970,0.7850,1.0960
393,5.8642,11.0201,1.0390,393216,830.47,12.67,1955198,-182.990,-109.980,-46.970,0.7850,1.0960
394,5.8752,11.4670,0.9288,393216,830.47,12.67,1955198,-182.990,-109.980,-46.970,0.7850,1.0960
395,5.8858,11.0332,0.8911,393216,830.47,12.67,1955198,-182.990,-109.980,-46.970,0.7850,1.0960
396,5.8970,10.6123,0.8285,393216,830.47,12.67,1955198,-182.990,-109.980,-46.970,0.7850,1.0960
397,5.9083,11.1518,0.8936,393216,830.47,12.67,1955198,-182.990,-109.980,-46.970,0.7850,1.0960
398,5.9191,11.3356,0.8784,393216,830.47,12.67,1955198,-182.990,-109.980,-46.970,0.7850,1.0960
399,5.9303,10.7966,0.9309,393216,830.47,12.67,1955198,-182.990,-109.980,-46.970,0.7850,1.0960
400,5.9415,11.2137,0.8786,393216,830.47,12.67,1955198,-182.990,-109.980,-46.970,0.7850,1.0960
401,5.9528,11.1406,0.9406,393216,830.47,12.67,1955198,-182.990,-109.980,-46.970,0.7850,1.0960
402,5.9629,11.3597,0.9528,393216,830.47,12.67,1955198,-182.990,-109.980,-46.970,0.7850,1.0960
403,5.9742,10.0691,1.0993,393216,830.47,12.67,1955198,-182.990,-109.980,-46.970,0.7850,1.0960
404,5.9852,11.3168,0.9385,393216,830.47,12.67,1955198,-182.990,-109.980,-46.970,0.7850,1.0960
405,5.9960,10.9452,0.9618,393216,830.47,12.67,1955198,-182.990,-109.980,-46.970,0.7850,1.0960
406,6.0073,10.8702,0.9817,393216,830.47,12.67,1955198,-182.990,-109.980,-46.970,0.7850,1.0960
407,6.0187,11.2768,0.9088,393216,830.47,12.67,1955198,-182.990,-109.980,-46.970,0.7850,1.0960
408,6.0297,11.4024,0.9886,393216,830.47,12.67,1955198,-182.990,-109.980,-46.970,0.7850,1.0960
409,6.0406,11.0122,1.0545,393216,830.47,12.67,1955198,-182.990,-109.980,-46.970,0.7850,1.0960
410,6.0518,10.8919,0.9537,393216,830.47,12.67,1955198,-182.990,-109.980,-46.970,0.7850,1.0960
411,6.0631,11.1945,0.9566,393216,830.47,12.67,1955198,-182.990,-109.980,-46.970,0.7850,1.0960
412,6.0738,11.2421,0.9689,393216,830.47,12.67,1955198,-182.990,-109.980,-46.970,0.7850,1.0960
413,6.0851,10.7579,1.0260,393216,830.47,12.67,1955198,-182.990,-109.980,-46.970,0.7850,1.0960
414,6.0963,11.2719,1.0697,393216,830.47,12.67,1955198,-182.990,-109.980,-46.970,0.7850,1.0960
415,6.1077,11.2432,1.1970,393216,830.47,12.67,1955198,-182.990,-109.980,-46.970,0.7850,1.0960
416,6.1182,11.3828,0.9042,393216,830.47,12.67,1955198,-182.990,-109.980,-46.970,0.7850,1.0960
417,6.1295,10.4649,0.9375,393216,830.47,12.67,1955198,-182.990,-109.980,-46.970,0.7850,1.0960
418,6.1400,11.3239,0.9306,393216,830.47,12.67,1955198,-182.990,-109.980,-46.970,0.7850,1.0960
419,6.1508,10.5307,0.9086,393216,830.47,12.67,1955198,-182.990,-109.980,-46.970,0.7850,1.0960
420,6.1619,10.7987,0.8527,393216,830.47,12.67,1955198,-182.990,-109.980,-46.970,0.7850,1.0960
421,6.1735,11.0842,1.0660,393216,830.47,12.67,1955198,-182.990,-109.980,-46.970,0.7850,1.0960
422,6.1845,11.5864,0.9221,393216,830.47,12.67,1955198,-182.990,-109.980,-46.970,0.7850,1.0960
423,6.1952,11.0200,0.8334,393216,830.47,12.67,1955198,-182.990,-109.980,-46.970,0.7850,1.0960
424,6.2064,10.6287,0.8795,393216,830.47,12.67,1955198,-182.990,-109.980,-46.970,0.7850,1.0960
425,6.2177,11.2389,0.9620,393216,830.47,12.67,1955198,-182.990,-109.980,-46.970,0.7850,1.0960
426,6.2284,11.3324,0.7813,393216,830.47,12.67,1955198,-182.990,-109.980,-46.970,0.7850,1.0960
427,6.2397,10.6573,0.9380,393216,830.47,12.67,1955198,-182.990,-109.980,-46.970,0.7850,1.0960
428,6.2510,11.3589,0.9786,393216,830.47,12.67,1955198,-182.990,-109.980,-46.970,0.7850,1.0960
429,6.2624,11.2811,1.0014,393216,830.47,12.67,1955198,-182.990,-109.980,-46.970,0.7850,1.0960
430,6.2731,11.3347,0.9226,393216,830.47,12.67,1955198,-182.990,-109.980,-46.970,0.7850,1.0960
431,6.2844,10.7261,0.9895,393216,830.47,12.67,1955198,-182.990,-109.980,-46.970,0.7850,1.0960
432,6.2954,11.2761,0.9054,393216,830.47,12.67,1955198,-182.990,-109.980,-46.970,0.7850,1.0960
433,6.3062,11.0425,0.8977,393216,830.47,12.67,1955198,-182.990,-109.980,-46.970,0.7850,1.0960
434,6.3166,10.7851,0.8545,393216,830.47,12.67,1955198,-182.990,-109.980,-46.970,0.7850,1.0960
435,6.3279,10.3930,0.8521,393216,830.47,12.67,1955198,-182.990,-109.980,-46.970,0.7850,1.0960
436,6.3392,11.3604,0.9353,393216,830.47,12.67,1955198,-182.990,-109.980,-46.970,0.7850,1.0960
437,6.3503,11.3200,1.1238,393216,830.47,12.67,1955198,-182.990,-109.980,-46.970,0.7850,1.0960
438,6.3614,11.1389,0.9113,393216,830.47,12.67,1955198,-182.990,-109.980,-46.970,0.7850,1.0960
439,6.3727,11.0141,0.9622,393216,830.47,12.67,1955198,-182.990,-109.980,-46.970,0.7850,1.0960
440,6.3833,11.2798,0.8695,393216,830.47,12.67,1955198,-182.990,-109.980,-46.970,0.7850,1.0960
441,6.3947,10.5747,1.0442,393216,830.47,12.67,1955198,-182.990,-109.980,-46.970,0.7850,1.0960
442,6.4057,11.4042,0.8668,393216,830.47,12.67,1955198,-182.990,-109.980,-46.970,0.7850,1.0960
443,6.4171,11.0267,1.0889,393216,830.47,12.67,1955198,-182.990,-109.980,-46.970,0.7850,1.0960
444,6.4277,11.3858,0.9455,393216,830.47,12.67,1955198,-182.990,-109.980,-46.970,0.7850,1.0960
445,6.4390,10.6349,0.9231,393216,830.47,12.67,1955198,-182.990,-109.980,-46.970,0.7850,1.0960
446,6.4502,11.2917,0.8996,393216,830.47,12.67,1955198,-182.990,-109.980,-46.970,0.7850,1.0960
447,6.4611,11.2157,0.9490,393216,830.47,12.67,1955198,-182.990,-109.980,-46.970,0.7850,1.0960
448,6.4721,10.8241,0.8594,393216,830.47,12.67,1955198,-182.990,-109.980,-46.970,0.7850,1.0960
449,6.4835,11.0488,0.9272,393216,830.47,12.67,1955198,-182.990,-109.980,-46.970,0.7850,1.0960
450,6.4943,11.3875,0.9583,393216,830.47,12.67,1955198,-182.990,-109.980,-46.970,0.7850,1.0960
451,6.5045,10.8281,0.8306,393216,830.47,12.67,1955198,-182.990,-109.980,-46.970,0.7850,1.0960
452,6.5161,10.2038,0.9363,393216,830.47,12.67,1955198,-182.990,-109.980,-46.970,0.7850,1.0960
453,6.5276,11.5650,1.1569,393216,830.47,12.67,1955198,-182.990,-109.980,-46.970,0.7850,1.0960
454,6.5381,11.5165,0.8315,393216,830.47,12.67,1955198,-182.990,-109.980,-46.970,0.7850,1.0960
455,6.5492,10.4675,0.9211,393216,830.47,12.67,1955198,-182.990,-109.980,-46.970,0.7850,1.0960
456,6.5607,11.1625,0.9780,393216,830.47,12.67,1955198,-182.990,-109.980,-46.970,0.7850,1.0960
457,6.5720,11.4555,0.9909,393216,830.47,12.67,1955198,-182.990,-109.980,-46.970,0.7850,1.0960
458,6.5829,11.2850,0.9329,393216,830.47,12.67,1955198,-182.990,-109.980,-46.970,0.7850,1.0960
459,6.5942,10.9469,1.0155,393216,830.47,12.67,1955198,-182.990,-109.980,-46.970,0.7850,1.0960
460,6.6052,11.2896,0.8851,393216,830.47,12.67,1955198,-182.990,-109.980,-46.970,0.7850,1.0960
461,6.6159,10.9421,0.8282,393216,830.47,12.67,1955198,-182.990,-109.980,-46.970,0.7850,1.0960
462,6.6274,10.7136,1.0590,393216,830.47,12.67,1955198,-182.990,-109.980,-46.970,0.7850,1.0960
463,6.6386,11.6188,0.9198,393216,830.47,12.67,1955198,-182.990,-109.980,-46.970,0.7850,1.0960
464,6.6500,11.0847,0.9717,393216,830.47,12.67,1955198,-182.990,-109.980,-46.970,0.7850,1.0960
465,6.6608,11.3907,1.0121,393216,830.47,12.67,1955198,-182.990,-109.980,-46.970,0.7850,1.0960
466,6.6714,10.8616,0.9055,393216,830.47,12.67,1955198,-182.990,-109.980,-46.970,0.7850,1.0960
467,6.6826,10.5500,0.9919,393216,830.47,12.67,1955198,-182.990,-109.980,-46.970,0.7850,1.0960
468,6.6934,11.2790,0.9217,393216,830.47,12.67,1955198,-182.990,-109.980,-46.970,0.7850,1.0960
469,6.7046,10.8037,0.8783,393216,830.47,12.67,1955198,-182.990,-109.980,-46.970,0.7850,1.0960
470,6.7160,11.1055,1.0322,393216,830.47,12.67,1955198,-182.990,-109.980,-46.970,0.7850,1.0960
471,6.7274,11.4182,1.0271,393216,830.47,12.67,1955198,-182.990,-109.980,-46.970,0.7850,1.0960
472,6.7386,11.3805,0.9571,393216,830.47,12.67,1955198,-182.990,-109.980,-46.970,0.7850,1.0960
473,6.7502,11.2019,0.9152,393216,830.47,12.67,1955198,-182.990,-109.980,-46.970,0.7850,1.0960
474,6.7624,11.6543,1.2808,393216,830.47,12.67,1955198,-182.990,-109.980,-46.970,0.7850,1.0960
475,6.7738,12.2360,0.9660,393216,830.47,12.67,1955198,-182.990,-109.980,-46.970,0.7850,1.0960
476,6.7850,11.3588,0.8636,393216,830.47,12.67,1955198,-182.990,-109.980,-46.970,0.7850,1.0960
477,6.7969,11.1878,0.9996,393216,830.47,12.67,1955198,-182.990,-109.980,-46.970,0.7850,1.0960
478,6.8095,11.9041,0.9395,393216,830.47,12.67,1955198,-182.990,-109.980,-46.970,0.7850,1.0960
479,6.8220,12.5812,0.8601,393216,830.47,12.67,1955198,-182.990,-109.980,-46.970,0.7850,1.0960
480,6.8346,12.5424,0.9471,393216,830.47,12.67,1955198,-182.990,-109.980,-46.970,0.7850,1.0960
481,6.8469,12.5800,0.9892,393216,830.47,12.67,1955198,-182.990,-109.980,-46.970,0.7850,1.0960
482,6.8592,12.2588,1.3906,393216,830.47,12.67,1955198,-182.990,-109.980,-46.970,0.7850,1.0960
483,6.8725,12.3676,0.9344,393216,830.47,12.67,1955198,-182.990,-109.980,-46.970,0.7850,1.0960
484,6.8863,13.2523,0.9435,393216,830.47,12.67,1955198,-182.990,-109.980,-46.970,0.7850,1.0960
485,6.9001,13.7839,0.9880,393216,830.47,12.67,1955198,-182.990,-109.980,-46.970,0.7850,1.0960
486,6.9136,13.8925,0.9251,393216,830.47,12.67,1955198,-182.990,-109.980,-46.970,0.7850,1.0960
487,6.9273,13.4589,1.0092,393216,830.47,12.67,1955198,-182.990,-109.980,-46.970,0.7850,1.0960
488,6.9404,13.6691,0.8679,393216,830.47,12.67,1955198,-182.990,-109.980,-46.970,0.7850,1.0960
489,6.9518,13.0972,0.9292,393216,830.47,12.67,1955198,-182.990,-109.980,-46.970,0.7850,1.0960
490,6.9636,11.4452,0.9443,393216,830.47,12.67,1955198,-182.990,-109.980,-46.970,0.7850,1.0960
491,6.9754,11.7955,1.1690,393216,830.47,12.67,1955198,-182.990,-109.980,-46.970,0.7850,1.0960
492,6.9862,11.8311,0.9239,393216,830.47,12.67,1955198,-182.990,-109.980,-46.970,0.7850,1.0960
493,6.9978,10.7715,0.9870,393216,830.47,12.67,1955198,-182.990,-109.980,-46.970,0.7850,1.0960
494,7.0093,11.5947,1.1362,393216,830.47,12.67,1955198,-182.990,-109.980,-46.970,0.7850,1.0960
495,7.0202,11.4672,1.0025,393216,830.47,12.67,1955198,-182.990,-109.980,-46.970,0.7850,1.0960
496,7.0309,10.9184,0.8727,393216,830.47,12.67,1955198,-182.990,-109.980,-46.970,0.7850,1.0960
497,7.0425,10.6441,1.1233,393216,830.47,12.67,1955198,-182.990,-109.980,-46.970,0.7850,1.0960
498,7.0525,11.6422,0.8841,393216,830.47,12.67,1955198,-182.990,-109.980,-46.970,0.7850,1.0960
499,7.0633,9.9821,0.9196,393216,830.47,12.67,1955198,-182.990,-109.980,-46.970,0.7850,1.0960
500,7.0744,10.7941,0.8981,393216,830.47,12.67,1955198,-182.990,-109.980,-46.970,0.7850,1.0960
501,7.0859,11.1409,0.9670,393216,830.47,12.67,1955198,-182.990,-109.980,-46.970,0.7850,1.0960
502,7.0967,11.4576,0.9298,393216,830.47,12.67,1955198,-182.990,-109.980,-46.970,0.7850,1.0960
503,7.1078,10.8335,0.9491,393216,830.47,12.67,1955198,-182.990,-109.980,-46.970,0.7850,1.0960
504,7.1191,11.0722,0.9297,393216,830.47,12.67,1955198,-182.990,-109.980,-46.970,0.7850,1.0960
505,7.1305,11.3481,0.9556,393216,830.47,12.67,1955198,-182.990,-109.980,-46.970,0.7850,1.0960
506,7.1418,11.3495,1.0700,393216,830.47,12.67,1955198,-182.990,-109.980,-46.970,0.7850,1.0960
507,7.1529,11.3305,0.9157,393216,830.47,12.67,1955198,-182.990,-109.980,-46.970,0.7850,1.0960
508,7.1643,11.1397,0.9286,393216,830.47,12.67,1955198,-182.990,-109.980,-46.970,0.7850,1.0960
509,7.1760,11.3281,1.0699,393216,830.47,12.67,1955198,-182.990,-109.980,-46.970,0.7850,1.0960
510,7.1870,11.7747,0.9771,393216,830.47,12.67,1955198,-182.990,-109.980,-46.970,0.7850,1.0960
511,7.1985,10.9885,0.9735,393216,830.47,12.67,1955198,-182.990,-109.980,-46.970,0.7850,1.0960
512,7.2101,11.4990,0.9723,393216,830.47,12.67,1955198,-182.990,-109.980,-46.970,0.7850,1.0960
513,7.2218,11.5966,1.0908,393216,830.47,12.67,1955198,-182.990,-109.980,-46.970,0.7850,1.0960
514,7.2320,11.6649,0.9222,393216,830.47,12.67,1955198,-182.990,-109.980,-46.970,0.7850,1.0960
515,7.2432,10.2160,0.9737,393216,830.47,12.67,1955198,-182.990,-109.980,-46.970,0.7850,1.0960
516,7.2546,11.2189,1.0631,393216,830.47,12.67,1955198,-182.990,-109.980,-46.970,0.7850,1.0960
517,7.2654,11.3928,1.0008,393216,830.47,12.67,1955198,-182.990,-109.980,-46.970,0.7850,1.0960
518,7.2766,10.7280,1.0888,393216,830.47,12.67,1955198,-182.990,-109.980,-46.970,0.7850,1.0960
519,7.2879,11.3096,1.1170,393216,830.47,12.67,1955198,-182.990,-109.980,-46.970,0.7850,1.0960
520,7.2986,11.2671,1.0268,393216,830.47,12.67,1955198,-182.990,-109.980,-46.970,0.7850,1.0960
521,7.3098,10.6830,1.0641,393216,830.47,12.67,1955198,-182.990,-109.980,-46.970,0.7850,1.0960
522,7.3210,11.1695,1.0062,393216,830.47,12.67,1955198,-182.990,-109.980,-46.970,0.7850,1.0960
523,7.3319,11.1854,0.9656,393216,830.47,12.67,1955198,-182.990,-109.980,-46.970,0.7850,1.0960
524,7.3427,11.0231,0.9568,393216,830.47,12.67,1955198,-182.990,-109.980,-46.970,0.7850,1.0960
525,7.3538,10.7439,0.9366,393216,830.47,12.67,1955198,-182.990,-109.980,-46.970,0.7850,1.0960
526,7.3654,11.0158,1.0251,393216,830.47,12.67,1955198,-182.990,-109.980,-46.970,0.7850,1.0960
527,7.3767,11.6720,0.9593,393216,830.47,12.67,1955198,-182.990,-109.980,-46.970,0.7850,1.0960
528,7.3878,11.2474,1.0099,393216,830.47,12.67,1955198,-182.990,-109.980,-46.970,0.7850,1.0960
529,7.3992,11.1328,0.8992,393216,830.47,12.67,1955198,-182.990,-109.980,-46.970,0.7850,1.0960
530,7.4100,11.3566,0.9763,393216,830.47,12.67,1955198,-182.990,-109.980,-46.970,0.7850,1.0960
531,7.4209,10.8336,0.8918,393216,830.47,12.67,1955198,-182.990,-109.980,-46.970,0.7850,1.0960
532,7.4323,10.9193,0.8768,393216,830.47,12.67,1955198,-182.990,-109.980,-46.970,0.7850,1.0960
533,7.4438,11.3488,0.9310,393216,830.47,12.67,1955198,-182.990,-109.980,-46.970,0.7850,1.0960
534,7.4552,11.4990,0.9095,393216,830.47,12.67,1955198,-182.990,-109.980,-46.970,0.7850,1.0960
535,7.4661,11.4886,0.8929,393216,830.47,12.67,1955198,-182.990,-109.980,-46.970,0.7850,1.0960
536,7.4777,10.8953,0.8583,393216,830.47,12.67,1955198,-182.990,-109.980,-46.970,0.7850,1.0960
537,7.4892,11.5635,0.9522,393216,830.47,12.67,1955198,-182.990,-109.980,-46.970,0.7850,1.0960
538,7.5004,11.5095,0.9069,393216,830.47,12.67,1955198,-182.990,-109.980,-46.970,0.7850,1.0960
539,7.5116,11.1418,0.9009,393216,830.47,12.67,1955198,-182.990,-109.980,-46.970,0.7850,1.0960
540,7.5234,11.2442,1.1028,393216,830.47,12.67,1955198,-182.990,-109.980,-46.970,0.7850,1.0960
541,7.5345,11.7913,0.9215,393216,830.47,12.67,1955198,-182.990,-109.980,-46.970,0.7850,1.0960
542,7.5454,11.1267,0.9759,393216,830.47,12.67,1955198,-182.990,-109.980,-46.970,0.7850,1.0960
543,7.5570,10.9049,1.2511,393216,830.47,12.67,1955198,-182.990,-109.980,-46.970,0.7850,1.0960
544,7.5679,11.5370,0.9500,393216,830.47,12.67,1955198,-182.990,-109.980,-46.970,0.7850,1.0960
545,7.5791,10.9416,1.1884,393216,830.47,12.67,1955198,-182.990,-109.980,-46.970,0.7850,1.0960
546,7.5895,11.2282,0.9665,393216,830.47,12.67,1955198,-182.990,-109.980,-46.970,0.7850,1.0960
547,7.6006,10.3451,0.9741,393216,830.47,12.67,1955198,-182.990,-109.980,-46.970,0.7850,1.0960
548,7.6118,11.1237,0.9335,393216,830.47,12.67,1955198,-182.990,-109.980,-46.970,0.7850,1.0960
549,7.6228,11.1665,1.0599,393216,830.47,12.67,1955198,-182.990,-109.980,-46.970,0.7850,1.0960
550,7.6337,11.0336,0.9185,393216,830.47,12.67,1955198,-182.990,-109.980,-46.970,0.7850,1.0960
551,7.6450,10.9308,0.9291,393216,830.47,12.67,1955198,-182.990,-109.980,-46.970,0.7850,1.0960
552,7.6559,11.2668,1.0149,393216,830.47,12.67,1955198,-182.990,-109.980,-46.970,0.7850,1.0960
553,7.6669,10.8633,0.9679,393216,830.47,12.67,1955198,-182.990,-109.980,-46.970,0.7850,1.0960
554,7.6782,10.9984,0.9615,393216,830.47,12.67,1955198,-182.990,-109.980,-46.970,0.7850,1.0960
555,7.6895,11.3723,1.0376,393216,830.47,12.67,1955198,-182.990,-109.980,-46.970,0.7850,1.0960
556,7.7003,11.3263,0.9687,393216,830.47,12.67,1955198,-182.990,-109.980,-46.970,0.7850,1.0960
557,7.7116,10.7155,1.0240,393216,830.47,12.67,1955198,-182.990,-109.980,-46.970,0.7850,1.0960
558,7.7228,11.3291,0.9373,393216,830.47,12.67,1955198,-182.990,-109.980,-46.970,0.7850,1.0960
559,7.7335,11.1600,0.9361,393216,830.47,12.67,1955198,-182.990,-109.980,-46.970,0.7850,1.0960
560,7.7447,10.7526,0.9438,393216,830.47,12.67,1955198,-182.990,-109.980,-46.970,0.7850,1.0960
561,7.7562,11.1697,1.0464,393216,830.47,12.67,1955198,-182.990,-109.980,-46.970,0.7850,1.0960
562,7.7667,11.5023,1.0433,393216,830.47,12.67,1955198,-182.990,-109.980,-46.970,0.7850,1.0960
563,7.7774,10.4892,0.9199,393216,830.47,12.67,1955198,-182.990,-109.980,-46.970,0.7850,1.0960
564,7.7886,10.7444,0.9813,393216,830.47,12.67,1955198,-182.990,-109.980,-46.970,0.7850,1.0960
565,7.7999,11.2076,1.0055,393216,830.47,12.67,1955198,-182.990,-109.980,-46.970,0.7850,1.0960
566,7.8106,11.2545,0.9925,393216,830.47,12.67,1955198,-182.990,-109.980,-46.970,0.7850,1.0960
567,7.8219,10.7968,1.1217,393216,830.47,12.67,1955198,-182.990,-109.980,-46.970,0.7850,1.0960
568,7.8331,11.2495,1.0132,393216,830.47,12.67,1955198,-182.990,-109.980,-46.970,0.7850,1.0960
569,7.8442,11.1239,1.0009,393216,830.47,12.67,1955198,-182.990,-109.980,-46.970,0.7850,1.0960
570,7.8551,11.1954,0.9262,393216,830.47,12.67,1955198,-182.990,-109.980,-46.970,0.7850,1.0960
571,7.8663,10.8008,1.0481,393216,830.47,12.67,1955198,-182.990,-109.980,-46.970,0.7850,1.0960
572,7.8774,11.2635,0.8848,393216,830.47,12.67,1955198,-182.990,-109.980,-46.970,0.7850,1.0960
573,7.8882,11.0489,0.9981,393216,830.47,12.67,1955198,-182.990,-109.980,-46.970,0.7850,1.0960
574,7.8994,10.8429,1.0469,393216,830.47,12.67,1955198,-182.990,-109.980,-46.970,0.7850,1.0960
575,7.9108,11.2184,1.1024,393216,830.47,12.67,1955198,-182.990,-109.980,-46.970,0.7850,1.0960
576,7.9219,11.3422,1.0541,393216,830.47,12.67,1955198,-182.990,-109.980,-46.970,0.7850,1.0960
577,7.9328,11.1386,1.0730,393216,830.47,12.67,1955198,-182.990,-109.980,-46.970,0.7850,1.0960
578,7.9433,10.8520,1.0061,393216,830.47,12.67,1955198,-182.990,-109.980,-46.970,0.7850,1.0960
579,7.9545,10.5497,1.0627,393216,830.47,12.67,1955198,-182.990,-109.980,-46.970,0.7850,1.0960
580,7.9653,11.2111,1.0414,393216,830.47,12.67,1955198,-182.990,-109.980,-46.970,0.7850,1.0960
581,7.9765,10.7900,0.9997,393216,830.47,12.67,1955198,-182.990,-109.980,-46.970,0.7850,1.0960
582,7.9877,11.1978,1.0156,393216,830.47,12.67,1955198,-182.990,-109.980,-46.970,0.7850,1.0960
583,7.9990,11.1874,1.1578,393216,830.47,12.67,1955198,-182.990,-109.980,-46.970,0.7850,1.0960
584,8.0095,11.3309,0.9388,393216,830.47,12.67,1955198,-182.990,-109.980,-46.970,0.7850,1.0960
585,8.0210,10.4401,1.0602,393216,830.47,12.67,1955198,-182.990,-109.980,-46.970,0.7850,1.0960
586,8.0323,11.5190,1.2200,393216,830.47,12.67,1955198,-182.990,-109.980,-46.970,0.7850,1.0960
587,8.0429,11.3318,0.9943,393216,830.47,12.67,1955198,-182.990,-109.980,-46.970,0.7850,1.0960
588,8.0540,10.6277,0.9967,393216,830.47,12.67,1955198,-182.990,-109.980,-46.970,0.7850,1.0960
589,8.0655,11.0762,1.2169,393216,830.47,12.67,1955198,-182.990,-109.980,-46.970,0.7850,1.0960
590,8.0765,11.4610,1.0920,393216,830.47,12.67,1955198,-182.990,-109.980,-46.970,0.7850,1.0960
591,8.0870,11.0584,0.8986,393216,830.47,12.67,1955198,-182.990,-109.980,-46.970,0.7850,1.0960
592,8.0985,10.4652,1.1461,393216,830.47,12.67,1955198,-182.990,-109.980,-46.970,0.7850,1.0960
593,8.1093,11.4994,0.9526,393216,830.47,12.67,1955198,-182.990,-109.980,-46.970,0.7850,1.0960
594,8.1192,10.8143,0.8223,393216,830.47,12.67,1955198,-182.990,-109.980,-46.970,0.7850,1.0960
595,8.1304,9.8636,0.9643,393216,830.47,12.67,1955198,-182.990,-109.980,-46.970,0.7850,1.0960
596,8.1414,11.2215,0.8852,393216,830.47,12.67,1955198,-182.990,-109.980,-46.970,0.7850,1.0960
597,8.1522,11.0298,0.8778,393216,830.47,12.67,1955198,-182.990,-109.980,-46.970,0.7850,1.0960
598,8.1633,10.7964,0.8708,393216,830.47,12.67,1955198,-182.990,-109.980,-46.970,0.7850,1.0960
599,8.1747,11.0285,1.0598,393216,830.47,12.67,1955198,-182.990,-109.980,-46.970,0.7850,1.0960
600,8.1857,11.4048,0.9769,393216,830.47,12.67,1955198,-182.990,-109.980,-46.970,0.7850,1.0960
601,8.1964,11.0480,0.9204,393216,830.47,12.67,1955198,-182.990,-109.980,-46.970,0.7850,1.0960
602,8.2077,10.7008,0.9771,393216,830.47,12.67,1955198,-182.990,-109.980,-46.970,0.7850,1.0960
603,8.2187,11.3079,0.8481,393216,830.47,12.67,1955198,-182.990,-109.980,-46.970,0.7850,1.0960
604,8.2294,10.9338,0.8595,393216,830.47,12.67,1955198,-182.990,-109.980,-46.970,0.7850,1.0960
605,8.2409,10.7799,1.1442,393216,830.47,12.67,1955198,-182.990,-109.980,-46.970,0.7850,1.0960
606,8.2519,11.4390,0.8931,393216,830.47,12.67,1955198,-182.990,-109.980,-46.970,0.7850,1.0960
607,8.2631,11.0307,0.9298,393216,830.47,12.67,1955198,-182.990,-109.980,-46.970,0.7850,1.0960
608,8.2738,11.1757,0.9164,393216,830.47,12.67,1955198,-182.990,-109.980,-46.970,0.7850,1.0960
609,8.2852,10.7612,0.9913,393216,830.47,12.67,1955198,-182.990,-109.980,-46.970,0.7850,1.0960
610,8.2955,11.4084,0.8501,393216,830.47,12.67,1955198,-182.990,-109.980,-46.970,0.7850,1.0960
611,8.3063,10.3218,0.9035,393216,830.47,12.67,1955198,-182.990,-109.980,-46.970,0.7850,1.0960
612,8.3175,10.7790,0.9270,393216,830.47,12.67,1955198,-182.990,-109.980,-46.970,0.7850,1.0960
613,8.3287,11.1715,0.9295,393216,830.47,12.67,1955198,-182.990,-109.980,-46.970,0.7850,1.0960
614,8.3402,11.2050,1.0658,393216,830.47,12.67,1955198,-182.990,-109.980,-46.970,0.7850,1.0960
615,8.3506,11.4614,0.8738,393216,830.47,12.67,1955198,-182.990,-109.980,-46.970,0.7850,1.0960
616,8.3618,10.4192,1.0026,393216,830.47,12.67,1955198,-182.990,-109.980,-46.970,0.7850,1.0960
617,8.3731,11.2324,0.9222,393216,830.47,12.67,1955198,-182.990,-109.980,-46.970,0.7850,1.0960
618,8.3838,11.2596,0.9240,393216,830.47,12.67,1955198,-182.990,-109.980,-46.970,0.7850,1.0960
619,8.3949,10.6826,1.0020,393216,830.47,12.67,1955198,-182.990,-109.980,-46.970,0.7850,1.0960
620,8.4061,11.1166,0.9364,393216,830.47,12.67,1955198,-182.990,-109.980,-46.970,0.7850,1.0960
621,8.4172,11.2439,0.9788,393216,830.47,12.67,1955198,-182.990,-109.980,-46.970,0.7850,1.0960
622,8.4278,11.0998,0.8536,393216,830.47,12.67,1955198,-182.990,-109.980,-46.970,0.7850,1.0960
623,8.4390,10.5733,0.9328,393216,830.47,12.67,1955198,-182.990,-109.980,-46.970,0.7850,1.0960
624,8.4501,11.1533,0.9130,393216,830.47,12.67,1955198,-182.990,-109.980,-46.970,0.7850,1.0960
625,8.4608,11.1418,0.8851,393216,830.47,12.67,1955198,-182.990,-109.980,-46.970,0.7850,1.0960
626,8.4714,10.6809,1.0741,393216,830.47,12.67,1955198,-182.990,-109.980,-46.970,0.7850,1.0960
627,8.4827,10.6202,1.2291,393216,830.47,12.67,1955198,-182.990,-109.980,-46.970,0.7850,1.0960
628,8.4931,11.3329,0.8993,393216,830.47,12.67,1955198,-182.990,-109.980,-46.970,0.7850,1.0960
629,8.5042,10.3814,0.8687,393216,830.47,12.67,1955198,-182.990,-109.980,-46.970,0.7850,1.0960
630,8.5158,11.1203,1.2166,393216,830.47,12.67,1955198,-182.990,-109.980,-46.970,0.7850,1.0960
631,8.5265,11.5466,0.9496,393216,830.47,12.67,1955198,-182.990,-109.980,-46.970,0.7850,1.0960
632,8.5372,10.6952,0.8044,393216,830.47,12.67,1955198,-182.990,-109.980,-46.970,0.7850,1.0960
633,8.5487,10.6951,1.0717,393216,830.47,12.67,1955198,-182.990,-109.980,-46.970,0.7850,1.0960
634,8.5597,11.5047,0.8451,393216,830.47,12.67,1955198,-182.990,-109.980,-46.970,0.7850,1.0960
635,8.5707,11.0453,1.0188,393216,830.47,12.67,1955198,-182.990,-109.980,-46.970,0.7850,1.0960
636,8.5821,10.9546,1.0606,393216,830.47,12.67,1955198,-182.990,-109.980,-46.970,0.7850,1.0960
637,8.5931,11.4403,0.9438,393216,830.47,12.67,1955198,-182.990,-109.980,-46.970,0.7850,1.0960
638,8.6044,11.0095,0.9295,393216,830.47,12.67,1955198,-182.990,-109.980,-46.970,0.7850,1.0960
639,8.6152,11.2190,0.9053,393216,830.47,12.67,1955198,-182.990,-109.980,-46.970,0.7850,1.0960
640,8.6263,10.8627,0.8700,393216,830.47,12.67,1955198,-182.990,-109.980,-46.970,0.7850,1.0960
641,8.6376,11.0864,0.8849,393216,830.47,12.67,1955198,-182.990,-109.980,-46.970,0.7850,1.0960
642,8.6476,11.2835,0.8040,393216,830.47,12.67,1955198,-182.990,-109.980,-46.970,0.7850,1.0960
643,8.6587,10.0526,0.9047,393216,830.47,12.67,1955198,-182.990,-109.980,-46.970,0.7850,1.0960
644,8.6700,11.0312,0.9126,393216,830.47,12.67,1955198,-182.990,-109.980,-46.970,0.7850,1.0960
645,8.6812,11.3378,0.8948,393216,830.47,12.67,1955198,-182.990,-109.980,-46.970,0.7850,1.0960
646,8.6922,11.2409,0.9865,393216,830.47,12.67,1955198,-182.990,-109.980,-46.970,0.7850,1.0960
647,8.7035,10.9725,0.9178,393216,830.47,12.67,1955198,-182.990,-109.980,-46.970,0.7850,1.0960
648,8.7147,11.2642,0.8641,393216,830.47,12.67,1955198,-182.990,-109.980,-46.970,0.7850,1.0960
649,8.7258,11.1861,0.9954,393216,830.47,12.67,1955198,-182.990,-109.980,-46.970,0.7850,1.0960
650,8.7369,11.1020,0.9358,393216,830.47,12.67,1955198,-182.990,-109.980,-46.970,0.7850,1.0960
651,8.7486,11.1368,1.1064,393216,830.47,12.67,1955198,-182.990,-109.980,-46.970,0.7850,1.0960
652,8.7595,11.6824,0.9515,393216,830.47,12.67,1955198,-182.990,-109.980,-46.970,0.7850,1.0960
653,8.7704,10.9092,0.9825,393216,830.47,12.67,1955198,-182.990,-109.980,-46.970,0.7850,1.0960
654,8.7815,10.8943,0.9129,393216,830.47,12.67,1955198,-182.990,-109.980,-46.970,0.7850,1.0960
655,8.7927,11.1365,0.8987,393216,830.47,12.67,1955198,-182.990,-109.980,-46.970,0.7850,1.0960
656,8.8037,11.1684,0.9532,393216,830.47,12.67,1955198,-182.990,-109.980,-46.970,0.7850,1.0960
657,8.8148,10.9629,0.8687,393216,830.47,12.67,1955198,-182.990,-109.980,-46.970,0.7850,1.0960
658,8.8255,11.1674,0.9507,393216,830.47,12.67,1955198,-182.990,-109.980,-46.970,0.7850,1.0960
659,8.8367,10.6617,0.9256,393216,830.47,12.67,1955198,-182.990,-109.980,-46.970,0.7850,1.0960
660,8.8475,11.1778,0.8862,393216,830.47,12.67,1955198,-182.990,-109.980,-46.970,0.7850,1.0960
661,8.8589,10.8251,0.9248,393216,830.47,12.67,1955198,-182.990,-109.980,-46.970,0.7850,1.0960
662,8.8701,11.3950,0.8524,393216,830.47,12.67,1955198,-182.990,-109.980,-46.970,0.7850,1.0960
663,8.8809,11.2245,0.8765,393216,830.47,12.67,1955198,-182.990,-109.980,-46.970,0.7850,1.0960
664,8.8920,10.7730,0.8997,393216,830.47,12.67,1955198,-182.990,-109.980,-46.970,0.7850,1.0960
665,8.9034,11.0991,0.9433,393216,830.47,12.67,1955198,-182.990,-109.980,-46.970,0.7850,1.0960
666,8.9146,11.4367,0.9004,393216,830.47,12.67,1955198,-182.990,-109.980,-46.970,0.7850,1.0960
667,8.9254,11.1691,0.9006,393216,830.47,12.67,1955198,-182.990,-109.980,-46.970,0.7850,1.0960
668,8.9367,10.8470,0.8455,393216,830.47,12.67,1955198,-182.990,-109.980,-46.970,0.7850,1.0960
669,8.9480,11.2475,0.8281,393216,830.47,12.67,1955198,-182.990,-109.980,-46.970,0.7850,1.0960
670,8.9588,11.2615,0.8632,393216,830.47,12.67,1955198,-182.990,-109.980,-46.970,0.7850,1.0960
671,8.9701,10.8711,0.9293,393216,830.47,12.67,1955198,-182.990,-109.980,-46.970,0.7850,1.0960
672,8.9816,11.2337,0.9454,393216,830.47,12.67,1955198,-182.990,-109.980,-46.970,0.7850,1.0960
673,8.9929,11.5216,1.1222,393216,830.47,12.67,1955198,-182.990,-109.980,-46.970,0.7850,1.0960
674,9.0029,11.3617,0.8480,393216,830.47,12.67,1955198,-182.990,-109.980,-46.970,0.7850,1.0960
675,9.0142,9.9286,0.8554,393216,830.47,12.67,1955198,-182.990,-109.980,-46.970,0.7850,1.0960
676,9.0254,11.2859,0.8361,393216,830.47,12.67,1955198,-182.990,-109.980,-46.970,0.7850,1.0960
677,9.0365,11.2855,0.9577,393216,830.47,12.67,1955198,-182.990,-109.980,-46.970,0.7850,1.0960
678,9.0476,11.0349,0.8666,393216,830.47,12.67,1955198,-182.990,-109.980,-46.970,0.7850,1.0960
679,9.0590,11.1301,0.9317,393216,830.47,12.67,1955198,-182.990,-109.980,-46.970,0.7850,1.0960
680,9.0703,11.4312,1.0361,393216,830.47,12.67,1955198,-182.990,-109.980,-46.970,0.7850,1.0960
681,9.0811,11.3141,0.8945,393216,830.47,12.67,1955198,-182.990,-109.980,-46.970,0.7850,1.0960
682,9.0924,10.8125,0.9005,393216,830.47,12.67,1955198,-182.990,-109.980,-46.970,0.7850,1.0960
683,9.1038,11.2761,0.8917,393216,830.47,12.67,1955198,-182.990,-109.980,-46.970,0.7850,1.0960
684,9.1147,11.3369,0.8706,393216,830.47,12.67,1955198,-182.990,-109.980,-46.970,0.7850,1.0960
685,9.1258,10.8954,0.9714,393216,830.47,12.67,1955198,-182.990,-109.980,-46.970,0.7850,1.0960
686,9.1372,11.1884,0.9743,393216,830.47,12.67,1955198,-182.990,-109.980,-46.970,0.7850,1.0960
687,9.1487,11.3498,1.0302,393216,830.47,12.67,1955198,-182.990,-109.980,-46.970,0.7850,1.0960
688,9.1593,11.5579,0.9397,393216,830.47,12.67,1955198,-182.990,-109.980,-46.970,0.7850,1.0960
689,9.1707,10.5789,0.9065,393216,830.47,12.67,1955198,-182.990,-109.980,-46.970,0.7850,1.0960
690,9.1814,11.3175,0.9960,393216,830.47,12.67,1955198,-182.990,-109.980,-46.970,0.7850,1.0960
691,9.1922,10.7231,1.0055,393216,830.47,12.67,1955198,-182.990,-109.980,-46.970,0.7850,1.0960
692,9.2034,10.8199,0.9611,393216,830.47,12.67,1955198,-182.990,-109.980,-46.970,0.7850,1.0960
693,9.2148,11.1550,0.9891,393216,830.47,12.67,1955198,-182.990,-109.980,-46.970,0.7850,1.0960
694,9.2261,11.4176,1.0685,393216,830.47,12.67,1955198,-182.990,-109.980,-46.970,0.7850,1.0960
695,9.2370,11.3774,1.0270,393216,830.47,12.67,1955198,-182.990,-109.980,-46.970,0.7850,1.0960
696,9.2483,10.8807,1.0626,393216,830.47,12.67,1955198,-182.990,-109.980,-46.970,0.7850,1.0960
697,9.2596,11.2443,0.9748,393216,830.47,12.67,1955198,-182.990,-109.980,-46.970,0.7850,1.0960
698,9.2704,11.3307,0.8925,393216,830.47,12.67,1955198,-182.990,-109.980,-46.970,0.7850,1.0960
699,9.2817,10.7468,1.0089,393216,830.47,12.67,1955198,-182.990,-109.980,-46.970,0.7850,1.0960
700,9.2930,11.3270,0.9679,393216,830.47,12.67,1955198,-182.990,-109.980,-46.970,0.7850,1.0960
701,9.3044,11.2975,1.1913,393216,830.47,12.67,1955198,-182.990,-109.980,-46.970,0.7850,1.0960
702,9.3150,11.4808,0.9397,393216,830.47,12.67,1955198,-182.990,-109.980,-46.970,0.7850,1.0960
703,9.3263,10.5852,0.9120,393216,830.47,12.67,1955198,-182.990,-109.980,-46.970,0.7850,1.0960
704,9.3376,11.2719,0.9154,393216,830.47,12.67,1955198,-182.990,-109.980,-46.970,0.7850,1.0960
705,9.3486,11.2565,1.0394,393216,830.47,12.67,1955198,-182.990,-109.980,-46.970,0.7850,1.0960
706,9.3589,11.0600,0.8388,393216,830.47,12.67,1955198,-182.990,-109.980,-46.970,0.7850,1.0960
707,9.3701,10.2557,0.8684,393216,830.47,12.67,1955198,-182.990,-109.980,-46.970,0.7850,1.0960
708,9.3816,11.2122,0.9943,393216,830.47,12.67,1955198,-182.990,-109.980,-46.970,0.7850,1.0960
709,9.3926,11.4491,0.9926,393216,830.47,12.67,1955198,-182.990,-109.980,-46.970,0.7850,1.0960
710,9.4038,11.0346,0.9337,393216,830.47,12.67,1955198,-182.990,-109.980,-46.970,0.7850,1.0960
711,9.4150,11.1915,0.9056,393216,830.47,12.67,1955198,-182.990,-109.980,-46.970,0.7850,1.0960
712,9.4260,11.2617,0.8330,393216,830.47,12.67,1955198,-182.990,-109.980,-46.970,0.7850,1.0960
713,9.4372,10.9250,0.9530,393216,830.47,12.67,1955198,-182.990,-109.980,-46.970,0.7850,1.0960
714,9.4485,11.2720,0.8336,393216,830.47,12.67,1955198,-182.990,-109.980,-46.970,0.7850,1.0960
715,9.4598,11.2720,0.9975,393216,830.47,12.67,1955198,-182.990,-109.980,-46.970,0.7850,1.0960
716,9.4705,11.2816,0.7936,393216,830.47,12.67,1955198,-182.990,-109.980,-46.970,0.7850,1.0960
717,9.4819,10.6694,0.9286,393216,830.47,12.67,1955198,-182.990,-109.980,-46.970,0.7850,1.0960
718,9.4931,11.3985,0.8835,393216,830.47,12.67,1955198,-182.990,-109.980,-46.970,0.7850,1.0960
719,9.5041,11.2846,0.9149,393216,830.47,12.67,1955198,-182.990,-109.980,-46.970,0.7850,1.0960
720,9.5152,10.9159,0.9135,393216,830.47,12.67,1955198,-182.990,-109.980,-46.970,0.7850,1.0960
721,9.5266,11.1738,0.8854,393216,830.47,12.67,1955198,-182.990,-109.980,-46.970,0.7850,1.0960
722,9.5373,11.3575,0.9967,393216,830.47,12.67,1955198,-182.990,-109.980,-46.970,0.7850,1.0960
723,9.5481,10.7518,0.9475,393216,830.47,12.67,1955198,-182.990,-109.980,-46.970,0.7850,1.0960
724,9.5594,10.7894,0.9238,393216,830.47,12.67,1955198,-182.990,-109.980,-46.970,0.7850,1.0960
725,9.5708,11.2874,0.9767,393216,830.47,12.67,1955198,-182.990,-109.980,-46.970,0.7850,1.0960
726,9.5816,11.3954,0.9183,393216,830.47,12.67,1955198,-182.990,-109.980,-46.970,0.7850,1.0960
727,9.5926,10.7623,0.9992,393216,830.47,12.67,1955198,-182.990,-109.980,-46.970,0.7850,1.0960
728,9.6040,11.0665,0.9817,393216,830.47,12.67,1955198,-182.990,-109.980,-46.970,0.7850,1.0960
729,9.6152,11.3790,0.9144,393216,830.47,12.67,1955198,-182.990,-109.980,-46.970,0.7850,1.0960
730,9.6261,11.3239,0.8631,393216,830.47,12.67,1955198,-182.990,-109.980,-46.970,0.7850,1.0960
731,9.6375,10.7867,0.9208,393216,830.47,12.67,1955198,-182.990,-109.980,-46.970,0.7850,1.0960
732,9.6489,11.4099,0.9012,393216,830.47,12.67,1955198,-182.990,-109.980,-46.970,0.7850,1.0960
733,9.6597,11.3518,0.8906,393216,830.47,12.67,1955198,-182.990,-109.980,-46.970,0.7850,1.0960
734,9.6710,10.7744,1.0041,393216,830.47,12.67,1955198,-182.990,-109.980,-46.970,0.7850,1.0960
735,9.6826,11.3635,1.0752,393216,830.47,12.67,1955198,-182.990,-109.980,-46.970,0.7850,1.0960
736,9.6936,11.6009,0.9871,393216,830.47,12.67,1955198,-182.990,-109.980,-46.970,0.7850,1.0960
737,9.7045,10.9504,0.9865,393216,830.47,12.67,1955198,-182.990,-109.980,-46.970,0.7850,1.0960
738,9.7149,10.9177,0.8598,393216,830.47,12.67,1955198,-182.990,-109.980,-46.970,0.7850,1.0960
739,9.7262,10.3921,0.9439,393216,830.47,12.67,1955198,-182.990,-109.980,-46.970,0.7850,1.0960
740,9.7371,11.3313,0.9352,393216,830.47,12.67,1955198,-182.990,-109.980,-46.970,0.7850,1.0960
741,9.7484,10.8763,0.9430,393216,830.47,12.67,1955198,-182.990,-109.980,-46.970,0.7850,1.0960
742,9.7596,11.2915,0.8864,393216,830.47,12.67,1955198,-182.990,-109.980,-46.970,0.7850,1.0960
743,9.7710,11.2323,0.9454,393216,830.47,12.67,1955198,-182.990,-109.980,-46.970,0.7850,1.0960
744,9.7817,11.4032,0.8152,393216,830.47,12.67,1955198,-182.990,-109.980,-46.970,0.7850,1.0960
745,9.7932,10.6867,0.9498,393216,830.47,12.67,1955198,-182.990,-109.980,-46.970,0.7850,1.0960
746,9.8044,11.5326,0.9011,393216,830.47,12.67,1955198,-182.990,-109.980,-46.970,0.7850,1.0960
747,9.8154,11.1848,1.0027,393216,830.47,12.67,1955198,-182.990,-109.980,-46.970,0.7850,1.0960
748,9.8264,10.9734,0.9487,393216,830.47,12.67,1955198,-182.990,-109.980,-46.970,0.7850,1.0960
749,9.8378,11.0074,0.9240,393216,830.47,12.67,1955198,-182.990,-109.980,-46.970,0.7850,1.0960
750,9.8493,11.3853,1.1370,393216,830.47,12.67,1955198,-182.990,-109.980,-46.970,0.7850,1.0960
751,9.8601,11.5584,0.9889,393216,830.47,12.67,1955198,-182.990,-109.980,-46.970,0.7850,1.0960
752,9.8713,10.7295,0.9928,393216,830.47,12.67,1955198,-182.990,-109.980,-46.970,0.7850,1.0960
753,9.8828,11.2644,1.0679,393216,830.47,12.67,1955198,-182.990,-109.980,-46.970,0.7850,1.0960
754,9.8929,11.4623,0.9754,393216,830.47,12.67,1955198,-182.990,-109.980,-46.970,0.7850,1.0960
755,9.9042,10.0606,1.0509,393216,830.47,12.67,1955198,-182.990,-109.980,-46.970,0.7850,1.0960
756,9.9153,11.2925,0.8715,393216,830.47,12.67,1955198,-182.990,-109.980,-46.970,0.7850,1.0960
757,9.9268,11.1089,1.0612,393216,830.47,12.67,1955198,-182.990,-109.980,-46.970,0.7850,1.0960
758,9.9376,11.5268,0.9667,393216,830.47,12.67,1955198,-182.990,-109.980,-46.970,0.7850,1.0960
759,9.9488,10.7811,1.0704,393216,830.47,12.67,1955198,-182.990,-109.980,-46.970,0.7850,1.0960
760,9.9599,11.2027,0.8939,393216,830.47,12.67,1955198,-182.990,-109.980,-46.970,0.7850,1.0960
761,9.9707,11.1209,0.9148,393216,830.47,12.67,1955198,-182.990,-109.980,-46.970,0.7850,1.0960
762,9.9821,10.8284,1.0116,393216,830.47,12.67,1955198,-182.990,-109.980,-46.970,0.7850,1.0960
763,9.9935,11.4042,0.9782,393216,830.47,12.67,1955198,-182.990,-109.980,-46.970,0.7850,1.0960
764,10.0048,11.3712,1.0524,393216,830.47,12.67,1955198,-182.990,-109.980,-46.970,0.7850,1.0960
765,10.0158,11.3013,1.0725,393216,830.47,12.67,1955198,-182.990,-109.980,-46.970,0.7850,1.0960
766,10.0269,10.9502,0.9078,393216,830.47,12.67,1955198,-182.990,-109.980,-46.970,0.7850,1.0960
767,10.0381,11.1123,0.8795,393216,830.47,12.67,1955198,-182.990,-109.980,-46.970,0.7850,1.0960
768,10.0492,11.2607,1.0121,393216,830.47,12.67,1955198,-182.990,-109.980,-46.970,0.7850,1.0960
769,10.0602,11.0199,0.9152,393216,830.47,12.67,1955198,-182.990,-109.980,-46.970,0.7850,1.0960
770,10.0708,11.0417,0.9736,393216,830.47,12.67,1955198,-182.990,-109.980,-46.970,0.7850,1.0960
771,10.0821,10.6140,1.0127,393216,830.47,12.67,1955198,-182.990,-109.980,-46.970,0.7850,1.0960
772,10.0929,11.3193,0.9609,393216,830.47,12.67,1955198,-182.990,-109.980,-46.970,0.7850,1.0960
773,10.1042,10.8142,0.9119,393216,830.47,12.67,1955198,-182.990,-109.980,-46.970,0.7850,1.0960
774,10.1156,11.2801,0.9361,393216,830.47,12.67,1955198,-182.990,-109.980,-46.970,0.7850,1.0960
775,10.1264,11.3557,0.9494,393216,830.47,12.67,1955198,-182.990,-109.980,-46.970,0.7850,1.0960
776,10.1378,10.7880,0.9542,393216,830.47,12.67,1955198,-182.990,-109.980,-46.970,0.7850,1.0960
777,10.1490,11.4099,0.9585,393216,830.47,12.67,1955198,-182.990,-109.980,-46.970,0.7850,1.0960
778,10.1604,11.2206,1.1092,393216,830.47,12.67,1955198,-182.990,-109.980,-46.970,0.7850,1.0960
779,10.1709,11.3688,0.8242,393216,830.47,12.67,1955198,-182.990,-109.980,-46.970,0.7850,1.0960
780,10.1823,10.5536,0.8459,393216,830.47,12.67,1955198,-182.990,-109.980,-46.970,0.7850,1.0960
781,10.1936,11.3430,0.8898,393216,830.47,12.67,1955198,-182.990,-109.980,-46.970,0.7850,1.0960
782,10.2045,11.3655,0.9433,393216,830.47,12.67,1955198,-182.990,-109.980,-46.970,0.7850,1.0960
783,10.2157,10.8832,0.8928,393216,830.47,12.67,1955198,-182.990,-109.980,-46.970,0.7850,1.0960
784,10.2270,11.1487,0.8671,393216,830.47,12.67,1955198,-182.990,-109.980,-46.970,0.7850,1.0960
785,10.2385,11.4158,1.0327,393216,830.47,12.67,1955198,-182.990,-109.980,-46.970,0.7850,1.0960
786,10.2485,11.4270,0.8711,393216,830.47,12.67,1955198,-182.990,-109.980,-46.970,0.7850,1.0960
787,10.2600,9.9655,0.9757,393216,830.47,12.67,1955198,-182.990,-109.980,-46.970,0.7850,1.0960
788,10.2712,11.5237,0.8650,393216,830.47,12.67,1955198,-182.990,-109.980,-46.970,0.7850,1.0960
789,10.2820,11.1569,0.9284,393216,830.47,12.67,1955198,-182.990,-109.980,-46.970,0.7850,1.0960
790,10.2931,10.8588,0.8857,393216,830.47,12.67,1955198,-182.990,-109.980,-46.970,0.7850,1.0960
791,10.3045,11.0683,0.9316,393216,830.47,12.67,1955198,-182.990,-109.980,-46.970,0.7850,1.0960
792,10.3156,11.3886,0.8732,393216,830.47,12.67,1955198,-182.990,-109.980,-46.970,0.7850,1.0960
793,10.3265,11.1091,0.9184,393216,830.47,12.67,1955198,-182.990,-109.980,-46.970,0.7850,1.0960
794,10.3379,10.9660,0.9139,393216,830.47,12.67,1955198,-182.990,-109.980,-46.970,0.7850,1.0960
795,10.3491,11.3620,0.8834,393216,830.47,12.67,1955198,-182.990,-109.980,-46.970,0.7850,1.0960
796,10.3599,11.2366,0.8504,393216,830.47,12.67,1955198,-182.990,-109.980,-46.970,0.7850,1.0960
797,10.3712,10.7868,0.9140,393216,830.47,12.67,1955198,-182.990,-109.980,-46.970,0.7850,1.0960
798,10.3825,11.3009,0.8933,393216,830.47,12.67,1955198,-182.990,-109.980,-46.970,0.7850,1.0960
799,10.3938,11.2823,0.9587,393216,830.47,12.67,1955198,-182.990,-109.980,-46.970,0.7850,1.0960
800,10.4047,11.3370,0.9119,393216,830.47,12.67,1955198,-182.990,-109.980,-46.970,0.7850,1.0960
801,10.4160,10.8996,0.9562,393216,830.47,12.67,1955198,-182.990,-109.980,-46.970,0.7850,1.0960
802,10.4265,11.2445,0.8974,393216,830.47,12.67,1955198,-182.990,-109.980,-46.970,0.7850,1.0960
803,10.4373,10.4840,0.9243,393216,830.47,12.67,1955198,-182.990,-109.980,-46.970,0.7850,1.0960
804,10.4485,10.7982,0.9364,393216,830.47,12.67,1955198,-182.990,-109.980,-46.970,0.7850,1.0960
805,10.4598,11.2605,0.8852,393216,830.47,12.67,1955198,-182.990,-109.980,-46.970,0.7850,1.0960
806,10.4711,11.3150,0.8950,393216,830.47,12.67,1955198,-182.990,-109.980,-46.970,0.7850,1.0960
807,10.4819,11.2870,0.8065,393216,830.47,12.67,1955198,-182.990,-109.980,-46.970,0.7850,1.0960
808,10.4933,10.7634,0.9167,393216,830.47,12.67,1955198,-182.990,-109.980,-46.970,0.7850,1.0960
809,10.5046,11.3574,0.9481,393216,830.47,12.67,1955198,-182.990,-109.980,-46.970,0.7850,1.0960
810,10.5154,11.3669,0.8972,393216,830.47,12.67,1955198,-182.990,-109.980,-46.970,0.7850,1.0960
811,10.5264,10.7875,0.9201,393216,830.47,12.67,1955198,-182.990,-109.980,-46.970,0.7850,1.0960
812,10.5378,11.0162,0.9106,393216,830.47,12.67,1955198,-182.990,-109.980,-46.970,0.7850,1.0960
813,10.5490,11.3821,0.9196,393216,830.47,12.67,1955198,-182.990,-109.980,-46.970,0.7850,1.0960
814,10.5599,11.2230,0.9179,393216,830.47,12.67,1955198,-182.990,-109.980,-46.970,0.7850,1.0960
815,10.5713,10.9113,0.9085,393216,830.47,12.67,1955198,-182.990,-109.980,-46.970,0.7850,1.0960
816,10.5823,11.3531,0.8059,393216,830.47,12.67,1955198,-182.990,-109.980,-46.970,0.7850,1.0960
817,10.5934,11.0340,0.8933,393216,830.47,12.67,1955198,-182.990,-109.980,-46.970,0.7850,1.0960
818,10.6038,11.0534,0.8745,393216,830.47,12.67,1955198,-182.990,-109.980,-46.970,0.7850,1.0960
819,10.6152,10.4406,0.9551,393216,830.47,12.67,1955198,-182.990,-109.980,-46.970,0.7850,1.0960
820,10.6264,11.4152,1.0195,393216,830.47,12.67,1955198,-182.990,-109.980,-46.970,0.7850,1.0960
821,10.6371,11.1931,0.9264,393216,830.47,12.67,1955198,-182.990,-109.980,-46.970,0.7850,1.0960
822,10.6485,10.7096,0.9937,393216,830.47,12.67,1955198,-182.990,-109.980,-46.970,0.7850,1.0960
823,10.6597,11.3849,0.9775,393216,830.47,12.67,1955198,-182.990,-109.980,-46.970,0.7850,1.0960
824,10.6704,11.1494,0.8705,393216,830.47,12.67,1955198,-182.990,-109.980,-46.970,0.7850,1.0960
825,10.6818,10.7368,1.0041,393216,830.47,12.67,1955198,-182.990,-109.980,-46.970,0.7850,1.0960
826,10.6931,11.3794,0.9719,393216,830.47,12.67,1955198,-182.990,-109.980,-46.970,0.7850,1.0960
827,10.7044,11.2844,0.9986,393216,830.47,12.67,1955198,-182.990,-109.980,-46.970,0.7850,1.0960
828,10.7152,11.3366,0.9116,393216,830.47,12.67,1955198,-182.990,-109.980,-46.970,0.7850,1.0960
829,10.7264,10.7713,0.9143,393216,830.47,12.67,1955198,-182.990,-109.980,-46.970,0.7850,1.0960
830,10.7378,11.2470,0.8837,393216,830.47,12.67,1955198,-182.990,-109.980,-46.970,0.7850,1.0960
831,10.7486,11.3221,0.9552,393216,830.47,12.67,1955198,-182.990,-109.980,-46.970,0.7850,1.0960
832,10.7596,10.8932,0.9446,393216,830.47,12.67,1955198,-182.990,-109.980,-46.970,0.7850,1.0960
833,10.7711,10.9902,0.9776,393216,830.47,12.67,1955198,-182.990,-109.980,-46.970,0.7850,1.0960
834,10.7816,11.4531,0.9590,393216,830.47,12.67,1955198,-182.990,-109.980,-46.970,0.7850,1.0960
835,10.7924,10.4586,0.9613,393216,830.47,12.67,1955198,-182.990,-109.980,-46.970,0.7850,1.0960
836,10.8037,10.8673,0.8818,393216,830.47,12.67,1955198,-182.990,-109.980,-46.970,0.7850,1.0960
837,10.8150,11.2569,0.8987,393216,830.47,12.67,1955198,-182.990,-109.980,-46.970,0.7850,1.0960
838,10.8258,11.2858,0.9252,393216,830.47,12.67,1955198,-182.990,-109.980,-46.970,0.7850,1.0960
839,10.8371,10.8623,0.9489,393216,830.47,12.67,1955198,-182.990,-109.980,-46.970,0.7850,1.0960
840,10.8483,11.2568,0.8626,393216,830.47,12.67,1955198,-182.990,-109.980,-46.970,0.7850,1.0960
841,10.8597,11.1895,1.0651,393216,830.47,12.67,1955198,-182.990,-109.980,-46.970,0.7850,1.0960
842,10.8704,11.4291,0.8478,393216,830.47,12.67,1955198,-182.990,-109.980,-46.970,0.7850,1.0960
843,10.8817,10.6680,0.9291,393216,830.47,12.67,1955198,-182.990,-109.980,-46.970,0.7850,1.0960
844,10.8930,11.4167,0.8750,393216,830.47,12.67,1955198,-182.990,-109.980,-46.970,0.7850,1.0960
845,10.9039,11.2032,0.8773,393216,830.47,12.67,1955198,-182.990,-109.980,-46.970,0.7850,1.0960
846,10.9152,10.9275,1.0181,393216,830.47,12.67,1955198,-182.990,-109.980,-46.970,0.7850,1.0960
847,10.9265,11.3086,0.9870,393216,830.47,12.67,1955198,-182.990,-109.980,-46.970,0.7850,1.0960
848,10.9378,11.3129,1.0210,393216,830.47,12.67,1955198,-182.990,-109.980,-46.970,0.7850,1.0960
849,10.9487,11.3132,0.9499,393216,830.47,12.67,1955198,-182.990,-109.980,-46.970,0.7850,1.0960
850,10.9593,10.8113,1.0374,393216,830.47,12.67,1955198,-182.990,-109.980,-46.970,0.7850,1.0960
851,10.9704,10.5994,0.9029,393216,830.47,12.67,1955198,-182.990,-109.980,-46.970,0.7850,1.0960
852,10.9813,11.1166,1.0016,393216,830.47,12.67,1955198,-182.990,-109.980,-46.970,0.7850,1.0960
853,10.9923,10.8960,1.0426,393216,830.47,12.67,1955198,-182.990,-109.980,-46.970,0.7850,1.0960
854,11.0036,11.0680,0.9433,393216,830.47,12.67,1955198,-182.990,-109.980,-46.970,0.7850,1.0960
855,11.0149,11.2584,1.0209,393216,830.47,12.67,1955198,-182.990,-109.980,-46.970,0.7850,1.0960
856,11.0256,11.2599,0.9124,393216,830.47,12.67,1955198,-182.990,-109.980,-46.970,0.7850,1.0960
857,11.0370,10.7148,0.9858,393216,830.47,12.67,1955198,-182.990,-109.980,-46.970,0.7850,1.0960
858,11.0483,11.4327,0.9399,393216,830.47,12.67,1955198,-182.990,-109.980,-46.970,0.7850,1.0960
859,11.0592,11.2505,1.0050,393216,830.47,12.67,1955198,-182.990,-109.980,-46.970,0.7850,1.0960
860,11.0702,10.9286,0.9140,393216,830.47,12.67,1955198,-182.990,-109.980,-46.970,0.7850,1.0960
861,11.0816,11.0393,0.9699,393216,830.47,12.67,1955198,-182.990,-109.980,-46.970,0.7850,1.0960
862,11.0928,11.4198,1.0110,393216,830.47,12.67,1955198,-182.990,-109.980,-46.970,0.7850,1.0960
863,11.1036,11.1482,0.9658,393216,830.47,12.67,1955198,-182.990,-109.980,-46.970,0.7850,1.0960
864,11.1148,10.7697,0.9338,393216,830.47,12.67,1955198,-182.990,-109.980,-46.970,0.7850,1.0960
865,11.1263,11.2540,1.0544,393216,830.47,12.67,1955198,-182.990,-109.980,-46.970,0.7850,1.0960
866,11.1363,11.5054,0.9711,393216,830.47,12.67,1955198,-182.990,-109.980,-46.970,0.7850,1.0960
867,11.1475,9.9390,1.0615,393216,830.47,12.67,1955198,-182.990,-109.980,-46.970,0.7850,1.0960
868,11.1590,11.2899,1.1418,393216,830.47,12.67,1955198,-182.990,-109.980,-46.970,0.7850,1.0960
869,11.1701,11.4591,0.9067,393216,830.47,12.67,1955198,-182.990,-109.980,-46.970,0.7850,1.0960
870,11.1810,11.0442,0.9163,393216,830.47,12.67,1955198,-182.990,-109.980,-46.970,0.7850,1.0960
871,11.1923,10.9655,0.9586,393216,830.47,12.67,1955198,-182.990,-109.980,-46.970,0.7850,1.0960
872,11.2034,11.2749,0.8823,393216,830.47,12.67,1955198,-182.990,-109.980,-46.970,0.7850,1.0960
873,11.2143,11.0793,0.9426,393216,830.47,12.67,1955198,-182.990,-109.980,-46.970,0.7850,1.0960
874,11.2256,10.9188,1.0414,393216,830.47,12.67,1955198,-182.990,-109.980,-46.970,0.7850,1.0960
875,11.2369,11.3619,0.9219,393216,830.47,12.67,1955198,-182.990,-109.980,-46.970,0.7850,1.0960
876,11.2482,11.2083,1.0033,393216,830.47,12.67,1955198,-182.990,-109.980,-46.970,0.7850,1.0960
877,11.2592,11.3593,1.0686,393216,830.47,12.67,1955198,-182.990,-109.980,-46.970,0.7850,1.0960
878,11.2703,10.9591,0.8961,393216,830.47,12.67,1955198,-182.990,-109.980,-46.970,0.7850,1.0960
879,11.2816,11.1193,0.8922,393216,830.47,12.67,1955198,-182.990,-109.980,-46.970,0.7850,1.0960
880,11.2926,11.2731,1.0447,393216,830.47,12.67,1955198,-182.990,-109.980,-46.970,0.7850,1.0960
881,11.3036,11.0203,0.8968,393216,830.47,12.67,1955198,-182.990,-109.980,-46.970,0.7850,1.0960
882,11.3141,11.0337,0.9119,393216,830.47,12.67,1955198,-182.990,-109.980,-46.970,0.7850,1.0960
883,11.3254,10.5204,0.9300,393216,830.47,12.67,1955198,-182.990,-109.980,-46.970,0.7850,1.0960
884,11.3365,11.3000,1.1750,393216,830.47,12.67,1955198,-182.990,-109.980,-46.970,0.7850,1.0960
885,11.3475,11.1078,0.8130,393216,830.47,12.67,1955198,-182.990,-109.980,-46.970,0.7850,1.0960
886,11.3588,10.9502,0.8891,393216,830.47,12.67,1955198,-182.990,-109.980,-46.970,0.7850,1.0960
887,11.3699,11.3065,1.0874,393216,830.47,12.67,1955198,-182.990,-109.980,-46.970,0.7850,1.0960
888,11.3807,11.0641,0.8325,393216,830.47,12.67,1955198,-182.990,-109.980,-46.970,0.7850,1.0960
889,11.3923,10.8632,0.9815,393216,830.47,12.67,1955198,-182.990,-109.980,-46.970,0.7850,1.0960
890,11.4039,11.5655,1.1860,393216,830.47,12.67,1955198,-182.990,-109.980,-46.970,0.7850,1.0960
891,11.4142,11.5636,0.8465,393216,830.47,12.67,1955198,-182.990,-109.980,-46.970,0.7850,1.0960
892,11.4255,10.3209,0.8689,393216,830.47,12.67,1955198,-182.990,-109.980,-46.970,0.7850,1.0960
893,11.4369,11.3079,0.9522,393216,830.47,12.67,1955198,-182.990,-109.980,-46.970,0.7850,1.0960
894,11.4476,11.3784,0.7932,393216,830.47,12.67,1955198,-182.990,-109.980,-46.970,0.7850,1.0960
895,11.4589,10.6873,0.9176,393216,830.47,12.67,1955198,-182.990,-109.980,-46.970,0.7850,1.0960
896,11.4703,11.3419,0.9590,393216,830.47,12.67,1955198,-182.990,-109.980,-46.970,0.7850,1.0960
897,11.4817,11.3691,1.0944,393216,830.47,12.67,1955198,-182.990,-109.980,-46.970,0.7850,1.0960
898,11.4917,11.4473,0.8721,393216,830.47,12.67,1955198,-182.990,-109.980,-46.970,0.7850,1.0960
899,11.5036,9.9755,1.2825,393216,830.47,12.67,1955198,-182.990,-109.980,-46.970,0.7850,1.0960
900,11.5143,11.8935,0.9597,393216,830.47,12.67,1955198,-182.990,-109.980,-46.970,0.7850,1.0960
901,11.5250,10.6608,0.8118,393216,830.47,12.67,1955198,-182.990,-109.980,-46.970,0.7850,1.0960
902,11.5366,10.7565,1.1296,393216,830.47,12.67,1955198,-182.990,-109.980,-46.970,0.7850,1.0960
903,11.5476,11.5719,0.8479,393216,830.47,12.67,1955198,-182.990,-109.980,-46.970,0.7850,1.0960
904,11.5589,11.0400,0.9179,393216,830.47,12.67,1955198,-182.990,-109.980,-46.970,0.7850,1.0960
905,11.5699,11.2894,1.0918,393216,830.47,12.67,1955198,-182.990,-109.980,-46.970,0.7850,1.0960
906,11.5811,11.0063,0.9033,393216,830.47,12.67,1955198,-182.990,-109.980,-46.970,0.7850,1.0960
907,11.5924,11.1806,0.9358,393216,830.47,12.67,1955198,-182.990,-109.980,-46.970,0.7850,1.0960
908,11.6034,11.2791,1.0812,393216,830.47,12.67,1955198,-182.990,-109.980,-46.970,0.7850,1.0960
909,11.6143,11.0071,0.8667,393216,830.47,12.67,1955198,-182.990,-109.980,-46.970,0.7850,1.0960
910,11.6258,10.9447,0.9885,393216,830.47,12.67,1955198,-182.990,-109.980,-46.970,0.7850,1.0960
911,11.6371,11.5183,1.0232,393216,830.47,12.67,1955198,-182.990,-109.980,-46.970,0.7850,1.0960
912,11.6477,11.2654,0.8677,393216,830.47,12.67,1955198,-182.990,-109.980,-46.970,0.7850,1.0960
913,11.6590,10.6119,0.8854,393216,830.47,12.67,1955198,-182.990,-109.980,-46.970,0.7850,1.0960
914,11.6696,11.3697,0.9236,393216,830.47,12.67,1955198,-182.990,-109.980,-46.970,0.7850,1.0960
915,11.6804,10.6002,0.8692,393216,830.47,12.67,1955198,-182.990,-109.980,-46.970,0.7850,1.0960
916,11.6917,10.6754,0.9910,393216,830.47,12.67,1955198,-182.990,-109.980,-46.970,0.7850,1.0960
917,11.7032,11.3691,1.0268,393216,830.47,12.67,1955198,-182.990,-109.980,-46.970,0.7850,1.0960
918,11.7143,11.5242,1.0171,393216,830.47,12.67,1955198,-182.990,-109.980,-46.970,0.7850,1.0960
919,11.7252,11.0805,0.8737,393216,830.47,12.67,1955198,-182.990,-109.980,-46.970,0.7850,1.0960
920,11.7364,10.8172,0.9565,393216,830.47,12.67,1955198,-182.990,-109.980,-46.970,0.7850,1.0960
921,11.7476,11.1998,0.8998,393216,830.47,12.67,1955198,-182.990,-109.980,-46.970,0.7850,1.0960
922,11.7587,11.2262,1.0098,393216,830.47,12.67,1955198,-182.990,-109.980,-46.970,0.7850,1.0960
923,11.7703,11.0963,1.3739,393216,830.47,12.67,1955198,-182.990,-109.980,-46.970,0.7850,1.0960
924,11.7811,11.6191,1.0298,393216,830.47,12.67,1955198,-182.990,-109.980,-46.970,0.7850,1.0960
925,11.7926,10.8420,1.2693,393216,830.47,12.67,1955198,-182.990,-109.980,-46.970,0.7850,1.0960
926,11.8032,11.5050,0.9234,393216,830.47,12.67,1955198,-182.990,-109.980,-46.970,0.7850,1.0960
927,11.8145,10.5524,0.9769,393216,830.47,12.67,1955198,-182.990,-109.980,-46.970,0.7850,1.0960
928,11.8258,11.3109,0.9204,393216,830.47,12.67,1955198,-182.990,-109.980,-46.970,0.7850,1.0960
929,11.8367,11.2659,1.0147,393216,830.47,12.67,1955198,-182.990,-109.980,-46.970,0.7850,1.0960
930,11.8472,10.9605,0.9896,393216,830.47,12.67,1955198,-182.990,-109.980,-46.970,0.7850,1.0960
931,11.8584,10.4272,0.9753,393216,830.47,12.67,1955198,-182.990,-109.980,-46.970,0.7850,1.0960
932,11.8696,11.1988,0.9798,393216,830.47,12.67,1955198,-182.990,-109.980,-46.970,0.7850,1.0960
933,11.8811,11.2742,1.0299,393216,830.47,12.67,1955198,-182.990,-109.980,-46.970,0.7850,1.0960
934,11.8918,11.5926,0.8611,393216,830.47,12.67,1955198,-182.990,-109.980,-46.970,0.7850,1.0960
935,11.9031,10.5477,0.9089,393216,830.47,12.67,1955198,-182.990,-109.980,-46.970,0.7850,1.0960
936,11.9141,11.3146,1.0600,393216,830.47,12.67,1955198,-182.990,-109.980,-46.970,0.7850,1.0960
937,11.9252,10.9611,0.8777,393216,830.47,12.67,1955198,-182.990,-109.980,-46.970,0.7850,1.0960
938,11.9366,11.1208,0.9206,393216,830.47,12.67,1955198,-182.990,-109.980,-46.970,0.7850,1.0960
939,11.9479,11.3789,1.0324,393216,830.47,12.67,1955198,-182.990,-109.980,-46.970,0.7850,1.0960
940,11.9585,11.3255,0.9129,393216,830.47,12.67,1955198,-182.990,-109.980,-46.970,0.7850,1.0960
941,11.9698,10.6176,0.8461,393216,830.47,12.67,1955198,-182.990,-109.980,-46.970,0.7850,1.0960
942,11.9813,11.3590,1.0358,393216,830.47,12.67,1955198,-182.990,-109.980,-46.970,0.7850,1.0960
943,11.9920,11.4021,0.9177,393216,830.47,12.67,1955198,-182.990,-109.980,-46.970,0.7850,1.0960
944,12.0033,10.7523,0.9862,393216,830.47,12.67,1955198,-182.990,-109.980,-46.970,0.7850,1.0960
945,12.0146,11.3011,0.9708,393216,830.47,12.67,1955198,-182.990,-109.980,-46.970,0.7850,1.0960
946,12.0253,11.3013,1.0524,393216,830.47,12.67,1955198,-182.990,-109.980,-46.970,0.7850,1.0960
947,12.0360,10.6619,0.9229,393216,830.47,12.67,1955198,-182.990,-109.980,-46.970,0.7850,1.0960
948,12.0475,10.7527,1.0377,393216,830.47,12.67,1955198,-182.990,-109.980,-46.970,0.7850,1.0960
949,12.0586,11.5111,0.9384,393216,830.47,12.67,1955198,-182.990,-109.980,-46.970,0.7850,1.0960
950,12.0694,11.0713,0.8380,393216,830.47,12.67,1955198,-182.990,-109.980,-46.970,0.7850,1.0960
951,12.0810,10.7707,1.0713,393216,830.47,12.67,1955198,-182.990,-109.980,-46.970,0.7850,1.0960
952,12.0922,11.6252,0.8631,393216,830.47,12.67,1955198,-182.990,-109.980,-46.970,0.7850,1.0960
953,12.1039,11.2226,1.0138,393216,830.47,12.67,1955198,-182.990,-109.980,-46.970,0.7850,1.0960
954,12.1149,11.6803,0.9951,393216,830.47,12.67,1955198,-182.990,-109.980,-46.970,0.7850,1.0960
955,12.1262,10.9782,0.9403,393216,830.47,12.67,1955198,-182.990,-109.980,-46.970,0.7850,1.0960
956,12.1377,11.3345,0.9746,393216,830.47,12.67,1955198,-182.990,-109.980,-46.970,0.7850,1.0960
957,12.1489,11.5163,0.9693,393216,830.47,12.67,1955198,-182.990,-109.980,-46.970,0.7850,1.0960
958,12.1604,11.1271,0.9345,393216,830.47,12.67,1955198,-182.990,-109.980,-46.970,0.7850,1.0960
959,12.1724,11.5858,1.1838,393216,830.47,12.67,1955198,-182.990,-109.980,-46.970,0.7850,1.0960
960,12.1836,11.9949,0.8693,393216,830.47,12.67,1955198,-182.990,-109.980,-46.970,0.7850,1.0960
961,12.1949,11.1926,0.9733,393216,830.47,12.67,1955198,-182.990,-109.980,-46.970,0.7850,1.0960
962,12.2055,11.2776,1.0238,393216,830.47,12.67,1955198,-182.990,-109.980,-46.970,0.7850,1.0960
963,12.2168,10.6412,0.9744,393216,830.47,12.67,1955198,-182.990,-109.980,-46.970,0.7850,1.0960
964,12.2282,11.2327,1.1272,393216,830.47,12.67,1955198,-182.990,-109.980,-46.970,0.7850,1.0960
965,12.2391,11.4584,0.9781,393216,830.47,12.67,1955198,-182.990,-109.980,-46.970,0.7850,1.0960
966,12.2503,10.8304,0.8846,393216,830.47,12.67,1955198,-182.990,-109.980,-46.970,0.7850,1.0960
967,12.2616,11.1926,1.0087,393216,830.47,12.67,1955198,-182.990,-109.980,-46.970,0.7850,1.0960
968,12.2727,11.3839,0.9287,393216,830.47,12.67,1955198,-182.990,-109.980,-46.970,0.7850,1.0960
969,12.2835,11.0228,0.9149,393216,830.47,12.67,1955198,-182.990,-109.980,-46.970,0.7850,1.0960
970,12.2948,10.8451,0.8765,393216,830.47,12.67,1955198,-182.990,-109.980,-46.970,0.7850,1.0960
971,12.3063,11.2563,1.0538,393216,830.47,12.67,1955198,-182.990,-109.980,-46.970,0.7850,1.0960
972,12.3170,11.5159,0.9544,393216,830.47,12.67,1955198,-182.990,-109.980,-46.970,0.7850,1.0960
973,12.3284,10.7424,0.9919,393216,830.47,12.67,1955198,-182.990,-109.980,-46.970,0.7850,1.0960
974,12.3398,11.3984,1.1062,393216,830.47,12.67,1955198,-182.990,-109.980,-46.970,0.7850,1.0960
975,12.3504,11.3792,0.8311,393216,830.47,12.67,1955198,-182.990,-109.980,-46.970,0.7850,1.0960
976,12.3617,10.5877,0.9883,393216,830.47,12.67,1955198,-182.990,-109.980,-46.970,0.7850,1.0960
977,12.3733,11.3291,1.1343,393216,830.47,12.67,1955198,-182.990,-109.980,-46.970,0.7850,1.0960
978,12.3836,11.5393,0.9256,393216,830.47,12.67,1955198,-182.990,-109.980,-46.970,0.7850,1.0960
979,12.3944,10.3367,0.9130,393216,830.47,12.67,1955198,-182.990,-109.980,-46.970,0.7850,1.0960
980,12.4061,10.7826,1.0997,393216,830.47,12.67,1955198,-182.990,-109.980,-46.970,0.7850,1.0960
981,12.4169,11.7011,0.9475,393216,830.47,12.67,1955198,-182.990,-109.980,-46.970,0.7850,1.0960
982,12.4277,10.8384,0.8942,393216,830.47,12.67,1955198,-182.990,-109.980,-46.970,0.7850,1.0960
983,12.4388,10.7997,0.8710,393216,830.47,12.67,1955198,-182.990,-109.980,-46.970,0.7850,1.0960
984,12.4502,11.1209,0.8940,393216,830.47,12.67,1955198,-182.990,-109.980,-46.970,0.7850,1.0960
985,12.4616,11.3536,0.9659,393216,830.47,12.67,1955198,-182.990,-109.980,-46.970,0.7850,1.0960
986,12.4725,11.4036,0.9160,393216,830.47,12.67,1955198,-182.990,-109.980,-46.970,0.7850,1.0960
987,12.4837,10.8896,0.8764,393216,830.47,12.67,1955198,-182.990,-109.980,-46.970,0.7850,1.0960
988,12.4949,11.2241,0.9047,393216,830.47,12.67,1955198,-182.990,-109.980,-46.970,0.7850,1.0960
989,12.5060,11.2301,0.9223,393216,830.47,12.67,1955198,-182.990,-109.980,-46.970,0.7850,1.0960
990,12.5171,11.0665,0.9544,393216,830.47,12.67,1955198,-182.990,-109.980,-46.970,0.7850,1.0960
991,12.5283,11.1124,0.9306,393216,830.47,12.67,1955198,-182.990,-109.980,-46.970,0.7850,1.0960
992,12.5397,11.1649,1.0604,393216,830.47,12.67,1955198,-182.990,-109.980,-46.970,0.7850,1.0960
993,12.5503,11.4026,0.8842,393216,830.47,12.67,1955198,-182.990,-109.980,-46.970,0.7850,1.0960
994,12.5610,10.6144,0.8908,393216,830.47,12.67,1955198,-182.990,-109.980,-46.970,0.7850,1.0960
995,12.5723,10.6668,0.9429,393216,830.47,12.67,1955198,-182.990,-109.980,-46.970,0.7850,1.0960
996,12.5831,11.3166,0.8862,393216,830.47,12.67,1955198,-182.990,-109.980,-46.970,0.7850,1.0960
997,12.5945,10.8264,0.9189,393216,830.47,12.67,1955198,-182.990,-109.980,-46.970,0.7850,1.0960
998,12.6058,11.3574,0.8754,393216,830.47,12.67,1955198,-182.990,-109.980,-46.970,0.7850,1.0960
999,12.6169,11.3148,0.9583,393216,830.47,12.67,1955198,-182.990,-109.980,-46.970,0.7850,1.0960
1000,12.6277,11.1450,0.8541,393216,830.47,12.67,1955198,-182.990,-109.980,-46.970,0.7850,1.0960
1001,12.6391,10.8911,0.9313,393216,830.47,12.67,1955198,-182.990,-109.980,-46.970,0.7850,1.0960
1002,12.6504,11.3096,0.9277,393216,830.47,12.67,1955198,-182.990,-109.980,-46.970,0.7850,1.0960
1003,12.6613,11.2998,0.9371,393216,830.47,12.67,1955198,-182.990,-109.980,-46.970,0.7850,1.0960
1004,12.6724,10.8457,0.8937,393216,830.47,12.67,1955198,-182.990,-109.980,-46.970,0.7850,1.0960
1005,12.6838,11.1677,0.8798,393216,830.47,12.67,1955198,-182.990,-109.980,-46.970,0.7850,1.0960
1006,12.6951,11.3454,0.9411,393216,830.47,12.67,1955198,-182.990,-109.980,-46.970,0.7850,1.0960
1007,12.7061,11.3340,0.9664,393216,830.47,12.67,1955198,-182.990,-109.980,-46.970,0.7850,1.0960
1008,12.7173,10.9824,0.8960,393216,830.47,12.67,1955198,-182.990,-109.980,-46.970,0.7850,1.0960
1009,12.7287,11.1563,0.9573,393216,830.47,12.67,1955198,-182.990,-109.980,-46.970,0.7850,1.0960
1010,12.7388,11.4338,0.9148,393216,830.47,12.67,1955198,-182.990,-109.980,-46.970,0.7850,1.0960
1011,12.7500,10.0870,0.9366,393216,830.47,12.67,1955198,-182.990,-109.980,-46.970,0.7850,1.0960
1012,12.7612,11.1677,0.8760,393216,830.47,12.67,1955198,-182.990,-109.980,-46.970,0.7850,1.0960
1013,12.7726,11.2171,0.9784,393216,830.47,12.67,1955198,-182.990,-109.980,-46.970,0.7850,1.0960
1014,12.7833,11.4643,0.8775,393216,830.47,12.67,1955198,-182.990,-109.980,-46.970,0.7850,1.0960
1015,12.7947,10.7086,0.9693,393216,830.47,12.67,1955198,-182.990,-109.980,-46.970,0.7850,1.0960
1016,12.8059,11.4053,0.9036,393216,830.47,12.67,1955198,-182.990,-109.980,-46.970,0.7850,1.0960
1017,12.8169,11.1273,0.9653,393216,830.47,12.67,1955198,-182.990,-109.980,-46.970,0.7850,1.0960
1018,12.8279,10.9766,0.8331,393216,830.47,12.67,1955198,-182.990,-109.980,-46.970,0.7850,1.0960
1019,12.8394,11.0766,0.8948,393216,830.47,12.67,1955198,-182.990,-109.980,-46.970,0.7850,1.0960
1020,12.8508,11.4903,1.1559,393216,830.47,12.67,1955198,-182.990,-109.980,-46.970,0.7850,1.0960
1021,12.8616,11.3742,1.0999,393216,830.47,12.67,1955198,-182.990,-109.980,-46.970,0.7850,1.0960
1022,12.8728,10.8214,0.9523,393216,830.47,12.67,1955198,-182.990,-109.980,-46.970,0.7850,1.0960
1023,12.8840,11.2039,0.9343,393216,830.47,12.67,1955198,-182.990,-109.980,-46.970,0.7850,1.0960
1024,12.8950,11.2113,0.9460,393216,830.47,12.67,1955198,-182.990,-109.980,-46.970,0.7850,1.0960
1025,12.9061,10.9533,0.9177,393216,830.47,12.67,1955198,-182.990,-109.980,-46.970,0.7850,1.0960
1026,12.9169,11.1335,0.9747,393216,830.47,12.67,1955198,-182.990,-109.980,-46.970,0.7850,1.0960
1027,12.9283,10.7445,1.1136,393216,830.47,12.67,1955198,-182.990,-109.980,-46.970,0.7850,1.0960
1028,12.9391,11.4567,0.9893,393216,830.47,12.67,1955198,-182.990,-109.980,-46.970,0.7850,1.0960
1029,12.9507,10.7345,1.1363,393216,830.47,12.67,1955198,-182.990,-109.980,-46.970,0.7850,1.0960
1030,12.9619,11.6317,0.9898,393216,830.47,12.67,1955198,-182.990,-109.980,-46.970,0.7850,1.0960
1031,12.9728,11.1802,1.0388,393216,830.47,12.67,1955198,-182.990,-109.980,-46.970,0.7850,1.0960
1032,12.9837,10.9200,0.9835,393216,830.47,12.67,1955198,-182.990,-109.980,-46.970,0.7850,1.0960
1033,12.9953,10.9355,1.0769,393216,830.47,12.67,1955198,-182.990,-109.980,-46.970,0.7850,1.0960
1034,13.0064,11.5538,0.9516,393216,830.47,12.67,1955198,-182.990,-109.980,-46.970,0.7850,1.0960
1035,13.0173,11.1585,0.9541,393216,830.47,12.67,1955198,-182.990,-109.980,-46.970,0.7850,1.0960
1036,13.0286,10.8342,0.9802,393216,830.47,12.67,1955198,-182.990,-109.980,-46.970,0.7850,1.0960
1037,13.0398,11.3616,0.9399,393216,830.47,12.67,1955198,-182.990,-109.980,-46.970,0.7850,1.0960
1038,13.0506,11.2124,0.8818,393216,830.47,12.67,1955198,-182.990,-109.980,-46.970,0.7850,1.0960
1039,13.0618,10.7350,0.9215,393216,830.47,12.67,1955198,-182.990,-109.980,-46.970,0.7850,1.0960
1040,13.0733,11.2714,0.9627,393216,830.47,12.67,1955198,-182.990,-109.980,-46.970,0.7850,1.0960
1041,13.0845,11.4456,0.8963,393216,830.47,12.67,1955198,-182.990,-109.980,-46.970,0.7850,1.0960
1042,13.0945,11.1789,0.7974,393216,830.47,12.67,1955198,-182.990,-109.980,-46.970,0.7850,1.0960
1043,13.1060,10.1069,0.8640,393216,830.47,12.67,1955198,-182.990,-109.980,-46.970,0.7850,1.0960
1044,13.1171,11.4415,0.8711,393216,830.47,12.67,1955198,-182.990,-109.980,-46.970,0.7850,1.0960
1045,13.1281,11.1280,0.8989,393216,830.47,12.67,1955198,-182.990,-109.980,-46.970,0.7850,1.0960
1046,13.1393,10.9340,0.8911,393216,830.47,12.67,1955198,-182.990,-109.980,-46.970,0.7850,1.0960
1047,13.1507,11.2278,0.8974,393216,830.47,12.67,1955198,-182.990,-109.980,-46.970,0.7850,1.0960
1048,13.1619,11.3389,0.9646,393216,830.47,12.67,1955198,-182.990,-109.980,-46.970,0.7850,1.0960
1049,13.1728,11.2923,0.9506,393216,830.47,12.67,1955198,-182.990,-109.980,-46.970,0.7850,1.0960
1050,13.1840,10.9269,0.8503,393216,830.47,12.67,1955198,-182.990,-109.980,-46.970,0.7850,1.0960
1051,13.1954,11.1603,0.8889,393216,830.47,12.67,1955198,-182.990,-109.980,-46.970,0.7850,1.0960
1052,13.2063,11.3429,0.9280,393216,830.47,12.67,1955198,-182.990,-109.980,-46.970,0.7850,1.0960
1053,13.2175,11.0168,0.9030,393216,830.47,12.67,1955198,-182.990,-109.980,-46.970,0.7850,1.0960
1054,13.2287,11.0923,0.9122,393216,830.47,12.67,1955198,-182.990,-109.980,-46.970,0.7850,1.0960
1055,13.2401,11.2401,1.0669,393216,830.47,12.67,1955198,-182.990,-109.980,-46.970,0.7850,1.0960
1056,13.2506,11.4525,0.8341,393216,830.47,12.67,1955198,-182.990,-109.980,-46.970,0.7850,1.0960
1057,13.2620,10.4532,0.8648,393216,830.47,12.67,1955198,-182.990,-109.980,-46.970,0.7850,1.0960
1058,13.2726,11.3916,0.8042,393216,830.47,12.67,1955198,-182.990,-109.980,-46.970,0.7850,1.0960
1059,13.2835,10.5677,0.8753,393216,830.47,12.67,1955198,-182.990,-109.980,-46.970,0.7850,1.0960
1060,13.2948,10.9291,0.8582,393216,830.47,12.67,1955198,-182.990,-109.980,-46.970,0.7850,1.0960
1061,13.3062,11.2657,0.8473,393216,830.47,12.67,1955198,-182.990,-109.980,-46.970,0.7850,1.0960
1062,13.3175,11.3677,0.9823,393216,830.47,12.67,1955198,-182.990,-109.980,-46.970,0.7850,1.0960
1063,13.3283,11.3334,0.9741,393216,830.47,12.67,1955198,-182.990,-109.980,-46.970,0.7850,1.0960
1064,13.3394,10.8203,0.8469,393216,830.47,12.67,1955198,-182.990,-109.980,-46.970,0.7850,1.0960
1065,13.3507,11.1238,0.8717,393216,830.47,12.67,1955198,-182.990,-109.980,-46.970,0.7850,1.0960
1066,13.3615,11.2935,0.8213,393216,830.47,12.67,1955198,-182.990,-109.980,-46.970,0.7850,1.0960
1067,13.3727,10.8100,0.8630,393216,830.47,12.67,1955198,-182.990,-109.980,-46.970,0.7850,1.0960
1068,13.3841,11.1688,0.8471,393216,830.47,12.67,1955198,-182.990,-109.980,-46.970,0.7850,1.0960
1069,13.3956,11.3801,1.0451,393216,830.47,12.67,1955198,-182.990,-109.980,-46.970,0.7850,1.0960
1070,13.4062,11.4902,0.8360,393216,830.47,12.67,1955198,-182.990,-109.980,-46.970,0.7850,1.0960
1071,13.4176,10.6061,0.9252,393216,830.47,12.67,1955198,-182.990,-109.980,-46.970,0.7850,1.0960
1072,13.4288,11.3754,0.8805,393216,830.47,12.67,1955198,-182.990,-109.980,-46.970,0.7850,1.0960
1073,13.4395,11.2321,0.7260,393216,830.47,12.67,1955198,-182.990,-109.980,-46.970,0.7850,1.0960
1074,13.4500,10.7189,0.8013,393216,830.47,12.67,1955198,-182.990,-109.980,-46.970,0.7850,1.0960
1075,13.4612,10.4472,0.8267,393216,830.47,12.67,1955198,-182.990,-109.980,-46.970,0.7850,1.0960
1076,13.4723,11.2866,0.7632,393216,830.47,12.67,1955198,-182.990,-109.980,-46.970,0.7850,1.0960
1077,13.4833,11.0378,0.7879,393216,830.47,12.67,1955198,-182.990,-109.980,-46.970,0.7850,1.0960
1078,13.4946,10.9765,0.7353,393216,830.47,12.67,1955198,-182.990,-109.980,-46.970,0.7850,1.0960
1079,13.5057,11.3795,0.7592,393216,830.47,12.67,1955198,-182.990,-109.980,-46.970,0.7850,1.0960
1080,13.5166,11.1009,0.7674,393216,830.47,12.67,1955198,-182.990,-109.980,-46.970,0.7850,1.0960
1081,13.5278,10.8586,0.7361,393216,830.47,12.67,1955198,-182.990,-109.980,-46.970,0.7850,1.0960
1082,13.5390,11.2334,0.6853,393216,830.47,12.67,1955198,-182.990,-109.980,-46.970,0.7850,1.0960
1083,13.5503,11.2075,0.8069,393216,830.47,12.67,1955198,-182.990,-109.980,-46.970,0.7850,1.0960
1084,13.5609,11.2101,0.6392,393216,830.47,12.67,1955198,-182.990,-109.980,-46.970,0.7850,1.0960
1085,13.5724,10.6915,0.7969,393216,830.47,12.67,1955198,-182.990,-109.980,-46.970,0.7850,1.0960
1086,13.5836,11.4782,0.7576,393216,830.47,12.67,1955198,-182.990,-109.980,-46.970,0.7850,1.0960
1087,13.5945,11.2208,0.7541,393216,830.47,12.67,1955198,-182.990,-109.980,-46.970,0.7850,1.0960
1088,13.6057,10.8523,0.8486,393216,830.47,12.67,1955198,-182.990,-109.980,-46.970,0.7850,1.0960
1089,13.6170,11.2367,0.7580,393216,830.47,12.67,1955198,-182.990,-109.980,-46.970,0.7850,1.0960
1090,13.6277,11.2691,0.8388,393216,830.47,12.67,1955198,-182.990,-109.980,-46.970,0.7850,1.0960
1091,13.6383,10.6574,0.7440,393216,830.47,12.67,1955198,-182.990,-109.980,-46.970,0.7850,1.0960
1092,13.6498,10.6608,0.8497,393216,830.47,12.67,1955198,-182.990,-109.980,-46.970,0.7850,1.0960
1093,13.6610,11.4904,0.7855,393216,830.47,12.67,1955198,-182.990,-109.980,-46.970,0.7850,1.0960
1094,13.6718,11.1823,0.6950,393216,830.47,12.67,1955198,-182.990,-109.980,-46.970,0.7850,1.0960
1095,13.6828,10.7682,0.7829,393216,830.47,12.67,1955198,-182.990,-109.980,-46.970,0.7850,1.0960
1096,13.6940,11.0002,0.7495,393216,830.47,12.67,1955198,-182.990,-109.980,-46.970,0.7850,1.0960
1097,13.7053,11.2726,0.7602,393216,830.47,12.67,1955198,-182.990,-109.980,-46.970,0.7850,1.0960
1098,13.7164,11.2322,0.9405,393216,830.47,12.67,1955198,-182.990,-109.980,-46.970,0.7850,1.0960
1099,13.7273,11.1129,0.7229,393216,830.47,12.67,1955198,-182.990,-109.980,-46.970,0.7850,1.0960
1100,13.7386,10.9425,0.7906,393216,830.47,12.67,1955198,-182.990,-109.980,-46.970,0.7850,1.0960
1101,13.7496,11.3143,0.8836,393216,830.47,12.67,1955198,-182.990,-109.980,-46.970,0.7850,1.0960
1102,13.7607,10.9749,0.7715,393216,830.47,12.67,1955198,-182.990,-109.980,-46.970,0.7850,1.0960
1103,13.7719,11.0587,0.7903,393216,830.47,12.67,1955198,-182.990,-109.980,-46.970,0.7850,1.0960
1104,13.7833,11.1877,1.0334,393216,830.47,12.67,1955198,-182.990,-109.980,-46.970,0.7850,1.0960
1105,13.7937,11.4314,0.7002,393216,830.47,12.67,1955198,-182.990,-109.980,-46.970,0.7850,1.0960
1106,13.8044,10.4291,0.7203,393216,830.47,12.67,1955198,-182.990,-109.980,-46.970,0.7850,1.0960
1107,13.8160,10.6900,1.0945,393216,830.47,12.67,1955198,-182.990,-109.980,-46.970,0.7850,1.0960
1108,13.8263,11.6198,0.6935,393216,830.47,12.67,1955198,-182.990,-109.980,-46.970,0.7850,1.0960
1109,13.8375,10.2482,0.6991,393216,830.47,12.67,1955198,-182.990,-109.980,-46.970,0.7850,1.0960
1110,13.8491,11.2319,0.9580,393216,830.47,12.67,1955198,-182.990,-109.980,-46.970,0.7850,1.0960
1111,13.8602,11.6400,0.8624,393216,830.47,12.67,1955198,-182.990,-109.980,-46.970,0.7850,1.0960
1112,13.8709,11.0620,0.7429,393216,830.47,12.67,1955198,-182.990,-109.980,-46.970,0.7850,1.0960
1113,13.8827,10.6990,0.9990,393216,830.47,12.67,1955198,-182.990,-109.980,-46.970,0.7850,1.0960
1114,13.8935,11.7692,0.8024,393216,830.47,12.67,1955198,-182.990,-109.980,-46.970,0.7850,1.0960
1115,13.9042,10.8373,0.7451,393216,830.47,12.67,1955198,-182.990,-109.980,-46.970,0.7850,1.0960
1116,13.9157,10.7129,1.0406,393216,830.47,12.67,1955198,-182.990,-109.980,-46.970,0.7850,1.0960
1117,13.9267,11.5149,0.7269,393216,830.47,12.67,1955198,-182.990,-109.980,-46.970,0.7850,1.0960
1118,13.9381,11.0037,0.7878,393216,830.47,12.67,1955198,-182.990,-109.980,-46.970,0.7850,1.0960
1119,13.9490,11.3268,0.9267,393216,830.47,12.67,1955198,-182.990,-109.980,-46.970,0.7850,1.0960
1120,13.9601,10.9499,0.7425,393216,830.47,12.67,1955198,-182.990,-109.980,-46.970,0.7850,1.0960
1121,13.9714,11.0467,0.7246,393216,830.47,12.67,1955198,-182.990,-109.980,-46.970,0.7850,1.0960
1122,13.9815,11.2976,0.7513,393216,830.47,12.67,1955198,-182.990,-109.980,-46.970,0.7850,1.0960
1123,13.9927,10.1756,0.8111,393216,830.47,12.67,1955198,-182.990,-109.980,-46.970,0.7850,1.0960
1124,14.0040,11.1449,0.8449,393216,830.47,12.67,1955198,-182.990,-109.980,-46.970,0.7850,1.0960
1125,14.0152,11.2972,0.9084,393216,830.47,12.67,1955198,-182.990,-109.980,-46.970,0.7850,1.0960
1126,14.0261,11.2536,0.8883,393216,830.47,12.67,1955198,-182.990,-109.980,-46.970,0.7850,1.0960
1127,14.0374,10.8667,0.9246,393216,830.47,12.67,1955198,-182.990,-109.980,-46.970,0.7850,1.0960
1128,14.0486,11.2949,0.9023,393216,830.47,12.67,1955198,-182.990,-109.980,-46.970,0.7850,1.0960
1129,14.0595,11.2709,0.9245,393216,830.47,12.67,1955198,-182.990,-109.980,-46.970,0.7850,1.0960
1130,14.0706,10.8475,0.8451,393216,830.47,12.67,1955198,-182.990,-109.980,-46.970,0.7850,1.0960
1131,14.0820,11.1240,0.8805,393216,830.47,12.67,1955198,-182.990,-109.980,-46.970,0.7850,1.0960
1132,14.0933,11.3228,1.1108,393216,830.47,12.67,1955198,-182.990,-109.980,-46.970,0.7850,1.0960
1133,14.1040,11.3432,0.9629,393216,830.47,12.67,1955198,-182.990,-109.980,-46.970,0.7850,1.0960
1134,14.1152,10.7172,0.8763,393216,830.47,12.67,1955198,-182.990,-109.980,-46.970,0.7850,1.0960
1135,14.1265,11.1727,0.9232,393216,830.47,12.67,1955198,-182.990,-109.980,-46.970,0.7850,1.0960
1136,14.1373,11.2750,0.8921,393216,830.47,12.67,1955198,-182.990,-109.980,-46.970,0.7850,1.0960
1137,14.1485,10.8399,0.9641,393216,830.47,12.67,1955198,-182.990,-109.980,-46.970,0.7850,1.0960
1138,14.1592,11.2118,1.0477,393216,830.47,12.67,1955198,-182.990,-109.980,-46.970,0.7850,1.0960
1139,14.1704,10.6673,0.9802,393216,830.47,12.67,1955198,-182.990,-109.980,-46.970,0.7850,1.0960
1140,14.1810,11.1937,0.8581,393216,830.47,12.67,1955198,-182.990,-109.980,-46.970,0.7850,1.0960
1141,14.1926,10.6451,0.9334,393216,830.47,12.67,1955198,-182.990,-109.980,-46.970,0.7850,1.0960
1142,14.2036,11.5440,0.7729,393216,830.47,12.67,1955198,-182.990,-109.980,-46.970,0.7850,1.0960
1143,14.2144,10.9998,0.8074,393216,830.47,12.67,1955198,-182.990,-109.980,-46.970,0.7850,1.0960
1144,14.2257,10.8652,0.9733,393216,830.47,12.67,1955198,-182.990,-109.980,-46.970,0.7850,1.0960
1145,14.2369,11.2238,0.8022,393216,830.47,12.67,1955198,-182.990,-109.980,-46.970,0.7850,1.0960
1146,14.2480,11.2101,0.7976,393216,830.47,12.67,1955198,-182.990,-109.980,-46.970,0.7850,1.0960
1147,14.2589,11.1353,0.8613,393216,830.47,12.67,1955198,-182.990,-109.980,-46.970,0.7850,1.0960
1148,14.2702,10.9126,0.8627,393216,830.47,12.67,1955198,-182.990,-109.980,-46.970,0.7850,1.0960
1149,14.2814,11.2675,0.8164,393216,830.47,12.67,1955198,-182.990,-109.980,-46.970,0.7850,1.0960
1150,14.2924,11.1823,0.9383,393216,830.47,12.67,1955198,-182.990,-109.980,-46.970,0.7850,1.0960
1151,14.3034,11.0348,0.8647,393216,830.47,12.67,1955198,-182.990,-109.980,-46.970,0.7850,1.0960
1152,14.3147,11.0368,0.7715,393216,830.47,12.67,1955198,-182.990,-109.980,-46.970,0.7850,1.0960
1153,14.3262,11.2172,1.0267,393216,830.47,12.67,1955198,-182.990,-109.980,-46.970,0.7850,1.0960
1154,14.3360,11.5096,0.8195,393216,830.47,12.67,1955198,-182.990,-109.980,-46.970,0.7850,1.0960
1155,14.3474,9.8083,0.8440,393216,830.47,12.67,1955198,-182.990,-109.980,-46.970,0.7850,1.0960
1156,14.3588,11.4150,0.9982,393216,830.47,12.67,1955198,-182.990,-109.980,-46.970,0.7850,1.0960
1157,14.3694,11.3888,0.7594,393216,830.47,12.67,1955198,-182.990,-109.980,-46.970,0.7850,1.0960
1158,14.3806,10.6515,0.8366,393216,830.47,12.67,1955198,-182.990,-109.980,-46.970,0.7850,1.0960
1159,14.3924,11.2252,1.1084,393216,830.47,12.67,1955198,-182.990,-109.980,-46.970,0.7850,1.0960
1160,14.4032,11.7626,0.8842,393216,830.47,12.67,1955198,-182.990,-109.980,-46.970,0.7850,1.0960
1161,14.4140,10.7889,0.7995,393216,830.47,12.67,1955198,-182.990,-109.980,-46.970,0.7850,1.0960
1162,14.4256,10.8447,1.0776,393216,830.47,12.67,1955198,-182.990,-109.980,-46.970,0.7850,1.0960
1163,14.4364,11.5211,0.8267,393216,830.47,12.67,1955198,-182.990,-109.980,-46.970,0.7850,1.0960
1164,14.4470,10.8037,0.7522,393216,830.47,12.67,1955198,-182.990,-109.980,-46.970,0.7850,1.0960
1165,14.4584,10.6329,0.9836,393216,830.47,12.67,1955198,-182.990,-109.980,-46.970,0.7850,1.0960
1166,14.4696,11.4426,0.7669,393216,830.47,12.67,1955198,-182.990,-109.980,-46.970,0.7850,1.0960
1167,14.4809,11.0983,0.8946,393216,830.47,12.67,1955198,-182.990,-109.980,-46.970,0.7850,1.0960
1168,14.4918,11.3440,0.9293,393216,830.47,12.67,1955198,-182.990,-109.980,-46.970,0.7850,1.0960
1169,14.5029,10.8901,0.8025,393216,830.47,12.67,1955198,-182.990,-109.980,-46.970,0.7850,1.0960
1170,14.5134,11.0932,0.7469,393216,830.47,12.67,1955198,-182.990,-109.980,-46.970,0.7850,1.0960
1171,14.5242,10.5549,0.8503,393216,830.47,12.67,1955198,-182.990,-109.980,-46.970,0.7850,1.0960
1172,14.5354,10.8185,0.8072,393216,830.47,12.67,1955198,-182.990,-109.980,-46.970,0.7850,1.0960
1173,14.5466,11.1453,0.7738,393216,830.47,12.67,1955198,-182.990,-109.980,-46.970,0.7850,1.0960
1174,14.5578,11.2189,0.7997,393216,830.47,12.67,1955198,-182.990,-109.980,-46.970,0.7850,1.0960
1175,14.5688,11.1579,0.9411,393216,830.47,12.67,1955198,-182.990,-109.980,-46.970,0.7850,1.0960
1176,14.5799,10.9985,0.7949,393216,830.47,12.67,1955198,-182.990,-109.980,-46.970,0.7850,1.0960
1177,14.5911,11.1870,0.8297,393216,830.47,12.67,1955198,-182.990,-109.980,-46.970,0.7850,1.0960
1178,14.6020,11.1812,0.8144,393216,830.47,12.67,1955198,-182.990,-109.980,-46.970,0.7850,1.0960
1179,14.6131,10.8382,0.7511,393216,830.47,12.67,1955198,-182.990,-109.980,-46.970,0.7850,1.0960
1180,14.6244,11.0892,0.7864,393216,830.47,12.67,1955198,-182.990,-109.980,-46.970,0.7850,1.0960
1181,14.6357,11.3048,0.9873,393216,830.47,12.67,1955198,-182.990,-109.980,-46.970,0.7850,1.0960
1182,14.6463,11.2919,0.8149,393216,830.47,12.67,1955198,-182.990,-109.980,-46.970,0.7850,1.0960
1183,14.6576,10.6791,0.8535,393216,830.47,12.67,1955198,-182.990,-109.980,-46.970,0.7850,1.0960
1184,14.6688,11.2361,0.8332,393216,830.47,12.67,1955198,-182.990,-109.980,-46.970,0.7850,1.0960
1185,14.6797,11.2334,0.8464,393216,830.47,12.67,1955198,-182.990,-109.980,-46.970,0.7850,1.0960
1186,14.6901,10.9261,0.8242,393216,830.47,12.67,1955198,-182.990,-109.980,-46.970,0.7850,1.0960
1187,14.7017,10.3952,1.0195,393216,830.47,12.67,1955198,-182.990,-109.980,-46.970,0.7850,1.0960
1188,14.7129,11.6048,0.9962,393216,830.47,12.67,1955198,-182.990,-109.980,-46.970,0.7850,1.0960
1189,14.7236,11.1683,0.8407,393216,830.47,12.67,1955198,-182.990,-109.980,-46.970,0.7850,1.0960
1190,14.7353,10.6757,0.9947,393216,830.47,12.67,1955198,-182.990,-109.980,-46.970,0.7850,1.0960
1191,14.7459,11.7025,0.7961,393216,830.47,12.67,1955198,-182.990,-109.980,-46.970,0.7850,1.0960
1192,14.7568,10.6482,0.8208,393216,830.47,12.67,1955198,-182.990,-109.980,-46.970,0.7850,1.0960
1193,14.7683,10.8501,1.1028,393216,830.47,12.67,1955198,-182.990,-109.980,-46.970,0.7850,1.0960
1194,14.7794,11.5679,0.8890,393216,830.47,12.67,1955198,-182.990,-109.980,-46.970,0.7850,1.0960
1195,14.7906,11.0607,0.9571,393216,830.47,12.67,1955198,-182.990,-109.980,-46.970,0.7850,1.0960
1196,14.8014,11.2540,0.9292,393216,830.47,12.67,1955198,-182.990,-109.980,-46.970,0.7850,1.0960
1197,14.8127,10.7614,0.9052,393216,830.47,12.67,1955198,-182.990,-109.980,-46.970,0.7850,1.0960
1198,14.8238,11.3023,0.8327,393216,830.47,12.67,1955198,-182.990,-109.980,-46.970,0.7850,1.0960
1199,14.8347,11.0988,0.9112,393216,830.47,12.67,1955198,-182.990,-109.980,-46.970,0.7850,1.0960
1200,14.8459,10.8616,0.9458,393216,830.47,12.67,1955198,-182.990,-109.980,-46.970,0.7850,1.0960
1201,14.8571,11.1849,0.9390,393216,830.47,12.67,1955198,-182.990,-109.980,-46.970,0.7850,1.0960
1202,14.8681,11.2337,1.4496,393216,830.47,12.67,1955198,-182.990,-109.980,-46.970,0.7850,1.0960
1203,14.8784,11.0061,0.9167,393216,830.47,12.67,1955198,-182.990,-109.980,-46.970,0.7850,1.0960
1204,14.8897,10.2677,0.8819,393216,830.47,12.67,1955198,-182.990,-109.980,-46.970,0.7850,1.0960
1205,14.9012,11.3094,1.2728,393216,830.47,12.67,1955198,-182.990,-109.980,-46.970,0.7850,1.0960
1206,14.9116,11.5177,0.8770,393216,830.47,12.67,1955198,-182.990,-109.980,-46.970,0.7850,1.0960
1207,14.9229,10.4177,0.9352,393216,830.47,12.67,1955198,-182.990,-109.980,-46.970,0.7850,1.0960
1208,14.9342,11.3027,1.1080,393216,830.47,12.67,1955198,-182.990,-109.980,-46.970,0.7850,1.0960
1209,14.9452,11.3161,0.8883,393216,830.47,12.67,1955198,-182.990,-109.980,-46.970,0.7850,1.0960
1210,14.9560,10.9651,0.8206,393216,830.47,12.67,1955198,-182.990,-109.980,-46.970,0.7850,1.0960
1211,14.9675,10.8091,1.0491,393216,830.47,12.67,1955198,-182.990,-109.980,-46.970,0.7850,1.0960
1212,14.9783,11.4579,0.7741,393216,830.47,12.67,1955198,-182.990,-109.980,-46.970,0.7850,1.0960
1213,14.9891,10.8618,0.7521,393216,830.47,12.67,1955198,-182.990,-109.980,-46.970,0.7850,1.0960
1214,15.0007,10.7942,1.0419,393216,830.47,12.67,1955198,-182.990,-109.980,-46.970,0.7850,1.0960
1215,15.0118,11.5943,0.9407,393216,830.47,12.67,1955198,-182.990,-109.980,-46.970,0.7850,1.0960
1216,15.0231,11.1063,1.0333,393216,830.47,12.67,1955198,-182.990,-109.980,-46.970,0.7850,1.0960
1217,15.0339,11.3181,0.9396,393216,830.47,12.67,1955198,-182.990,-109.980,-46.970,0.7850,1.0960
1218,15.0444,10.7535,0.8478,393216,830.47,12.67,1955198,-182.990,-109.980,-46.970,0.7850,1.0960
1219,15.0558,10.5234,0.9823,393216,830.47,12.67,1955198,-182.990,-109.980,-46.970,0.7850,1.0960
1220,15.0667,11.3524,0.9984,393216,830.47,12.67,1955198,-182.990,-109.980,-46.970,0.7850,1.0960
1221,15.0778,10.8962,0.9742,393216,830.47,12.67,1955198,-182.990,-109.980,-46.970,0.7850,1.0960
1222,15.0891,11.0927,0.9524,393216,830.47,12.67,1955198,-182.990,-109.980,-46.970,0.7850,1.0960
1223,15.1004,11.3713,0.9801,393216,830.47,12.67,1955198,-182.990,-109.980,-46.970,0.7850,1.0960
1224,15.1112,11.2933,0.9448,393216,830.47,12.67,1955198,-182.990,-109.980,-46.970,0.7850,1.0960
1225,15.1225,10.8217,0.9034,393216,830.47,12.67,1955198,-182.990,-109.980,-46.970,0.7850,1.0960
1226,15.1345,11.2293,1.1812,393216,830.47,12.67,1955198,-182.990,-109.980,-46.970,0.7850,1.0960
1227,15.1446,12.0622,0.9719,393216,830.47,12.67,1955198,-182.990,-109.980,-46.970,0.7850,1.0960
1228,15.1558,10.1127,0.9754,393216,830.47,12.67,1955198,-182.990,-109.980,-46.970,0.7850,1.0960
1229,15.1676,11.1860,1.1786,393216,830.47,12.67,1955198,-182.990,-109.980,-46.970,0.7850,1.0960
1230,15.1786,11.7679,1.0830,393216,830.47,12.67,1955198,-182.990,-109.980,-46.970,0.7850,1.0960
1231,15.1892,10.9574,0.9276,393216,830.47,12.67,1955198,-182.990,-109.980,-46.970,0.7850,1.0960
1232,15.2006,10.6476,1.0706,393216,830.47,12.67,1955198,-182.990,-109.980,-46.970,0.7850,1.0960
1233,15.2118,11.4295,0.9500,393216,830.47,12.67,1955198,-182.990,-109.980,-46.970,0.7850,1.0960
1234,15.2219,11.1246,1.0099,393216,830.47,12.67,1955198,-182.990,-109.980,-46.970,0.7850,1.0960
1235,15.2331,10.1374,0.9656,393216,830.47,12.67,1955198,-182.990,-109.980,-46.970,0.7850,1.0960
1236,15.2444,11.1532,0.9336,393216,830.47,12.67,1955198,-182.990,-109.980,-46.970,0.7850,1.0960
1237,15.2557,11.3232,1.0190,393216,830.47,12.67,1955198,-182.990,-109.980,-46.970,0.7850,1.0960
1238,15.2666,11.3705,0.9570,393216,830.47,12.67,1955198,-182.990,-109.980,-46.970,0.7850,1.0960
1239,15.2778,10.9011,0.9624,393216,830.47,12.67,1955198,-182.990,-109.980,-46.970,0.7850,1.0960
1240,15.2890,11.1967,0.9224,393216,830.47,12.67,1955198,-182.990,-109.980,-46.970,0.7850,1.0960
1241,15.2997,11.1792,0.8519,393216,830.47,12.67,1955198,-182.990,-109.980,-46.970,0.7850,1.0960
1242,15.3107,10.6910,0.8500,393216,830.47,12.67,1955198,-182.990,-109.980,-46.970,0.7850,1.0960
1243,15.3222,11.0165,0.9190,393216,830.47,12.67,1955198,-182.990,-109.980,-46.970,0.7850,1.0960
1244,15.3335,11.4916,0.9191,393216,830.47,12.67,1955198,-182.990,-109.980,-46.970,0.7850,1.0960
1245,15.3443,11.2759,0.9105,393216,830.47,12.67,1955198,-182.990,-109.980,-46.970,0.7850,1.0960
1246,15.3556,10.8105,0.9323,393216,830.47,12.67,1955198,-182.990,-109.980,-46.970,0.7850,1.0960
1247,15.3667,11.2735,0.8429,393216,830.47,12.67,1955198,-182.990,-109.980,-46.970,0.7850,1.0960
1248,15.3775,11.1023,0.8500,393216,830.47,12.67,1955198,-182.990,-109.980,-46.970,0.7850,1.0960
1249,15.3887,10.7928,0.8592,393216,830.47,12.67,1955198,-182.990,-109.980,-46.970,0.7850,1.0960
1250,15.3993,11.2332,0.8284,393216,830.47,12.67,1955198,-182.990,-109.980,-46.970,0.7850,1.0960
1251,15.4102,10.6343,0.9675,393216,830.47,12.67,1955198,-182.990,-109.980,-46.970,0.7850,1.0960
1252,15.4215,10.8842,0.8839,393216,830.47,12.67,1955198,-182.990,-109.980,-46.970,0.7850,1.0960
1253,15.4327,11.2326,0.9607,393216,830.47,12.67,1955198,-182.990,-109.980,-46.970,0.7850,1.0960
1254,15.4439,11.2347,0.9196,393216,830.47,12.67,1955198,-182.990,-109.980,-46.970,0.7850,1.0960
1255,15.4546,11.1559,0.8181,393216,830.47,12.67,1955198,-182.990,-109.980,-46.970,0.7850,1.0960
1256,15.4657,10.6991,0.8186,393216,830.47,12.67,1955198,-182.990,-109.980,-46.970,0.7850,1.0960
1257,15.4771,11.1783,0.8743,393216,830.47,12.67,1955198,-182.990,-109.980,-46.970,0.7850,1.0960
1258,15.4884,11.3296,0.8562,393216,830.47,12.67,1955198,-182.990,-109.980,-46.970,0.7850,1.0960
1259,15.4993,11.3318,0.8831,393216,830.47,12.67,1955198,-182.990,-109.980,-46.970,0.7850,1.0960
1260,15.5104,10.8801,0.7873,393216,830.47,12.67,1955198,-182.990,-109.980,-46.970,0.7850,1.0960
1261,15.5217,11.0922,0.8128,393216,830.47,12.67,1955198,-182.990,-109.980,-46.970,0.7850,1.0960
1262,15.5325,11.3048,0.8432,393216,830.47,12.67,1955198,-182.990,-109.980,-46.970,0.7850,1.0960
1263,15.5436,10.8541,0.8027,393216,830.47,12.67,1955198,-182.990,-109.980,-46.970,0.7850,1.0960
1264,15.5547,11.0273,0.7812,393216,830.47,12.67,1955198,-182.990,-109.980,-46.970,0.7850,1.0960
1265,15.5655,11.1338,0.8238,393216,830.47,12.67,1955198,-182.990,-109.980,-46.970,0.7850,1.0960
1266,15.5762,10.8334,1.1433,393216,830.47,12.67,1955198,-182.990,-109.980,-46.970,0.7850,1.0960
1267,15.5871,10.6779,0.7804,393216,830.47,12.67,1955198,-182.990,-109.980,-46.970,0.7850,1.0960
1268,15.5983,10.9058,0.8387,393216,830.47,12.67,1955198,-182.990,-109.980,-46.970,0.7850,1.0960
1269,15.6093,11.1927,1.0224,393216,830.47,12.67,1955198,-182.990,-109.980,-46.970,0.7850,1.0960
1270,15.6202,10.9981,0.7612,393216,830.47,12.67,1955198,-182.990,-109.980,-46.970,0.7850,1.0960
1271,15.6314,10.9094,0.8081,393216,830.47,12.67,1955198,-182.990,-109.980,-46.970,0.7850,1.0960
1272,15.6422,11.2030,0.8009,393216,830.47,12.67,1955198,-182.990,-109.980,-46.970,0.7850,1.0960
1273,15.6533,10.7543,0.7979,393216,830.47,12.67,1955198,-182.990,-109.980,-46.970,0.7850,1.0960
1274,15.6646,11.1326,0.8908,393216,830.47,12.67,1955198,-182.990,-109.980,-46.970,0.7850,1.0960
1275,15.6758,11.3248,0.8742,393216,830.47,12.67,1955198,-182.990,-109.980,-46.970,0.7850,1.0960
1276,15.6865,11.2073,0.7884,393216,830.47,12.67,1955198,-182.990,-109.980,-46.970,0.7850,1.0960
1277,15.6978,10.6420,0.7790,393216,830.47,12.67,1955198,-182.990,-109.980,-46.970,0.7850,1.0960
1278,15.7091,11.3698,0.7996,393216,830.47,12.67,1955198,-182.990,-109.980,-46.970,0.7850,1.0960
1279,15.7199,11.2420,0.7989,393216,830.47,12.67,1955198,-182.990,-109.980,-46.970,0.7850,1.0960
1280,15.7312,10.8126,0.9173,393216,830.47,12.67,1955198,-182.990,-109.980,-46.970,0.7850,1.0960
1281,15.7427,11.3540,0.9375,393216,830.47,12.67,1955198,-182.990,-109.980,-46.970,0.7850,1.0960
1282,15.7529,11.4293,0.9025,393216,830.47,12.67,1955198,-182.990,-109.980,-46.970,0.7850,1.0960
1283,15.7637,10.2338,0.8493,393216,830.47,12.67,1955198,-182.990,-109.980,-46.970,0.7850,1.0960
1284,15.7749,10.7592,0.7730,393216,830.47,12.67,1955198,-182.990,-109.980,-46.970,0.7850,1.0960
1285,15.7862,11.2508,0.8685,393216,830.47,12.67,1955198,-182.990,-109.980,-46.970,0.7850,1.0960
1286,15.7971,11.2529,0.8640,393216,830.47,12.67,1955198,-182.990,-109.980,-46.970,0.7850,1.0960
1287,15.8081,10.9202,0.8233,393216,830.47,12.67,1955198,-182.990,-109.980,-46.970,0.7850,1.0960
1288,15.8195,11.0210,0.9239,393216,830.47,12.67,1955198,-182.990,-109.980,-46.970,0.7850,1.0960
1289,15.8307,11.3858,0.8872,393216,830.47,12.67,1955198,-182.990,-109.980,-46.970,0.7850,1.0960
1290,15.8415,11.2007,0.7552,393216,830.47,12.67,1955198,-182.990,-109.980,-46.970,0.7850,1.0960
1291,15.8527,10.7508,0.8407,393216,830.47,12.67,1955198,-182.990,-109.980,-46.970,0.7850,1.0960
1292,15.8638,11.2612,0.7956,393216,830.47,12.67,1955198,-182.990,-109.980,-46.970,0.7850,1.0960
1293,15.8747,11.0753,0.8910,393216,830.47,12.67,1955198,-182.990,-109.980,-46.970,0.7850,1.0960
1294,15.8861,10.9453,1.0347,393216,830.47,12.67,1955198,-182.990,-109.980,-46.970,0.7850,1.0960
1295,15.8972,11.3822,0.8094,393216,830.47,12.67,1955198,-182.990,-109.980,-46.970,0.7850,1.0960
1296,15.9085,11.0304,0.9630,393216,830.47,12.67,1955198,-182.990,-109.980,-46.970,0.7850,1.0960
1297,15.9192,11.3735,0.8773,393216,830.47,12.67,1955198,-182.990,-109.980,-46.970,0.7850,1.0960
1298,15.9297,10.7063,0.7713,393216,830.47,12.67,1955198,-182.990,-109.980,-46.970,0.7850,1.0960
1299,15.9409,10.5326,0.8278,393216,830.47,12.67,1955198,-182.990,-109.980,-46.970,0.7850,1.0960
1300,15.9520,11.1730,1.0445,393216,830.47,12.67,1955198,-182.990,-109.980,-46.970,0.7850,1.0960
1301,15.9628,11.0766,0.7572,393216,830.47,12.67,1955198,-182.990,-109.980,-46.970,0.7850,1.0960
1302,15.9741,10.7434,0.8018,393216,830.47,12.67,1955198,-182.990,-109.980,-46.970,0.7850,1.0960
1303,15.9856,11.3728,1.0444,393216,830.47,12.67,1955198,-182.990,-109.980,-46.970,0.7850,1.0960
1304,15.9960,11.4342,0.7424,393216,830.47,12.67,1955198,-182.990,-109.980,-46.970,0.7850,1.0960
1305,16.0074,10.4492,0.7982,393216,830.47,12.67,1955198,-182.990,-109.980,-46.970,0.7850,1.0960
1306,16.0188,11.3364,1.0945,393216,830.47,12.67,1955198,-182.990,-109.980,-46.970,0.7850,1.0960
1307,16.0293,11.4981,0.7593,393216,830.47,12.67,1955198,-182.990,-109.980,-46.970,0.7850,1.0960
1308,16.0405,10.4329,0.7893,393216,830.47,12.67,1955198,-182.990,-109.980,-46.970,0.7850,1.0960
1309,16.0521,11.2128,1.0887,393216,830.47,12.67,1955198,-182.990,-109.980,-46.970,0.7850,1.0960
1310,16.0632,11.6427,0.9466,393216,830.47,12.67,1955198,-182.990,-109.980,-46.970,0.7850,1.0960
1311,16.0739,11.0935,0.8791,393216,830.47,12.67,1955198,-182.990,-109.980,-46.970,0.7850,1.0960
1312,16.0855,10.6447,1.2678,393216,830.47,12.67,1955198,-182.990,-109.980,-46.970,0.7850,1.0960
1313,16.0961,11.6741,0.7611,393216,830.47,12.67,1955198,-182.990,-109.980,-46.970,0.7850,1.0960
1314,16.1062,10.5470,0.7405,393216,830.47,12.67,1955198,-182.990,-109.980,-46.970,0.7850,1.0960
1315,16.1173,10.1314,0.8064,393216,830.47,12.67,1955198,-182.990,-109.980,-46.970,0.7850,1.0960
1316,16.1287,11.0909,0.8721,393216,830.47,12.67,1955198,-182.990,-109.980,-46.970,0.7850,1.0960
1317,16.1400,11.3942,0.9046,393216,830.47,12.67,1955198,-182.990,-109.980,-46.970,0.7850,1.0960
1318,16.1508,11.2990,0.7791,393216,830.47,12.67,1955198,-182.990,-109.980,-46.970,0.7850,1.0960
1319,16.1621,10.8371,0.7801,393216,830.47,12.67,1955198,-182.990,-109.980,-46.970,0.7850,1.0960
1320,16.1733,11.2292,0.8613,393216,830.47,12.67,1955198,-182.990,-109.980,-46.970,0.7850,1.0960
1321,16.1842,11.2509,0.8980,393216,830.47,12.67,1955198,-182.990,-109.980,-46.970,0.7850,1.0960
1322,16.1953,10.8859,0.8147,393216,830.47,12.67,1955198,-182.990,-109.980,-46.970,0.7850,1.0960
1323,16.2065,11.1161,0.8088,393216,830.47,12.67,1955198,-182.990,-109.980,-46.970,0.7850,1.0960
1324,16.2177,11.1864,0.9194,393216,830.47,12.67,1955198,-182.990,-109.980,-46.970,0.7850,1.0960
1325,16.2286,11.1649,0.8971,393216,830.47,12.67,1955198,-182.990,-109.980,-46.970,0.7850,1.0960
1326,16.2399,10.8824,0.9255,393216,830.47,12.67,1955198,-182.990,-109.980,-46.970,0.7850,1.0960
1327,16.2510,11.3253,0.9027,393216,830.47,12.67,1955198,-182.990,-109.980,-46.970,0.7850,1.0960
1328,16.2618,11.1392,0.9181,393216,830.47,12.67,1955198,-182.990,-109.980,-46.970,0.7850,1.0960
1329,16.2730,10.7829,0.9387,393216,830.47,12.67,1955198,-182.990,-109.980,-46.970,0.7850,1.0960
1330,16.2839,11.1768,1.1306,393216,830.47,12.67,1955198,-182.990,-109.980,-46.970,0.7850,1.0960
1331,16.2945,10.9003,1.0731,393216,830.47,12.67,1955198,-182.990,-109.980,-46.970,0.7850,1.0960
1332,16.3054,10.6450,0.8320,393216,830.47,12.67,1955198,-182.990,-109.980,-46.970,0.7850,1.0960
1333,16.3166,10.8398,0.8484,393216,830.47,12.67,1955198,-182.990,-109.980,-46.970,0.7850,1.0960
1334,16.3279,11.1960,0.9485,393216,830.47,12.67,1955198,-182.990,-109.980,-46.970,0.7850,1.0960
1335,16.3385,11.3416,0.7934,393216,830.47,12.67,1955198,-182.990,-109.980,-46.970,0.7850,1.0960
1336,16.3497,10.5577,0.8513,393216,830.47,12.67,1955198,-182.990,-109.980,-46.970,0.7850,1.0960
1337,16.3611,11.2484,0.9887,393216,830.47,12.67,1955198,-182.990,-109.980,-46.970,0.7850,1.0960
1338,16.3723,11.4372,0.9682,393216,830.47,12.67,1955198,-182.990,-109.980,-46.970,0.7850,1.0960
1339,16.3831,11.1754,0.8676,393216,830.47,12.67,1955198,-182.990,-109.980,-46.970,0.7850,1.0960
1340,16.3946,10.7870,1.0050,393216,830.47,12.67,1955198,-182.990,-109.980,-46.970,0.7850,1.0960
1341,16.4055,11.4443,0.8311,393216,830.47,12.67,1955198,-182.990,-109.980,-46.970,0.7850,1.0960
1342,16.4166,10.9821,1.0605,393216,830.47,12.67,1955198,-182.990,-109.980,-46.970,0.7850,1.0960
1343,16.4276,11.0745,0.9808,393216,830.47,12.67,1955198,-182.990,-109.980,-46.970,0.7850,1.0960
1344,16.4387,10.9944,0.8822,393216,830.47,12.67,1955198,-182.990,-109.980,-46.970,0.7850,1.0960
1345,16.4497,11.1319,0.9566,393216,830.47,12.67,1955198,-182.990,-109.980,-46.970,0.7850,1.0960
1346,16.4602,10.9525,0.9252,393216,830.47,12.67,1955198,-182.990,-109.980,-46.970,0.7850,1.0960
1347,16.4714,10.5553,0.8593,393216,830.47,12.67,1955198,-182.990,-109.980,-46.970,0.7850,1.0960
1348,16.4826,11.1471,0.8849,393216,830.47,12.67,1955198,-182.990,-109.980,-46.970,0.7850,1.0960
1349,16.4933,11.1855,0.7901,393216,830.47,12.67,1955198,-182.990,-109.980,-46.970,0.7850,1.0960
1350,16.5045,10.7485,0.7945,393216,830.47,12.67,1955198,-182.990,-109.980,-46.970,0.7850,1.0960
1351,16.5158,11.2069,0.8139,393216,830.47,12.67,1955198,-182.990,-109.980,-46.970,0.7850,1.0960
1352,16.5266,11.2233,0.8143,393216,830.47,12.67,1955198,-182.990,-109.980,-46.970,0.7850,1.0960
1353,16.5375,10.8261,0.8029,393216,830.47,12.67,1955198,-182.990,-109.980,-46.970,0.7850,1.0960
1354,16.5488,10.9389,0.7903,393216,830.47,12.67,1955198,-182.990,-109.980,-46.970,0.7850,1.0960
1355,16.5599,11.2464,0.7769,393216,830.47,12.67,1955198,-182.990,-109.980,-46.970,0.7850,1.0960
1356,16.5709,11.1369,0.9494,393216,830.47,12.67,1955198,-182.990,-109.980,-46.970,0.7850,1.0960
1357,16.5820,11.0061,0.7740,393216,830.47,12.67,1955198,-182.990,-109.980,-46.970,0.7850,1.0960
1358,16.5933,11.0498,0.8002,393216,830.47,12.67,1955198,-182.990,-109.980,-46.970,0.7850,1.0960
1359,16.6042,11.3052,0.8238,393216,830.47,12.67,1955198,-182.990,-109.980,-46.970,0.7850,1.0960
1360,16.6154,10.8876,0.8544,393216,830.47,12.67,1955198,-182.990,-109.980,-46.970,0.7850,1.0960
1361,16.6267,11.2669,0.8718,393216,830.47,12.67,1955198,-182.990,-109.980,-46.970,0.7850,1.0960
1362,16.6371,11.2357,0.9479,393216,830.47,12.67,1955198,-182.990,-109.980,-46.970,0.7850,1.0960
1363,16.6476,10.4010,0.7359,393216,830.47,12.67,1955198,-182.990,-109.980,-46.970,0.7850,1.0960
1364,16.6589,10.5284,0.8117,393216,830.47,12.67,1955198,-182.990,-109.980,-46.970,0.7850,1.0960
1365,16.6703,11.2927,0.9162,393216,830.47,12.67,1955198,-182.990,-109.980,-46.970,0.7850,1.0960
1366,16.6810,11.3658,0.8038,393216,830.47,12.67,1955198,-182.990,-109.980,-46.970,0.7850,1.0960
1367,16.6921,10.7279,0.7921,393216,830.47,12.67,1955198,-182.990,-109.980,-46.970,0.7850,1.0960
1368,16.7036,11.0870,0.9378,393216,830.47,12.67,1955198,-182.990,-109.980,-46.970,0.7850,1.0960
1369,16.7147,11.5221,0.8762,393216,830.47,12.67,1955198,-182.990,-109.980,-46.970,0.7850,1.0960
1370,16.7255,11.1171,0.8524,393216,830.47,12.67,1955198,-182.990,-109.980,-46.970,0.7850,1.0960
1371,16.7368,10.7911,0.8847,393216,830.47,12.67,1955198,-182.990,-109.980,-46.970,0.7850,1.0960
1372,16.7479,11.2773,0.8240,393216,830.47,12.67,1955198,-182.990,-109.980,-46.970,0.7850,1.0960
1373,16.7588,11.1062,0.8858,393216,830.47,12.67,1955198,-182.990,-109.980,-46.970,0.7850,1.0960
1374,16.7701,10.8785,1.0457,393216,830.47,12.67,1955198,-182.990,-109.980,-46.970,0.7850,1.0960
1375,16.7811,11.3117,0.8084,393216,830.47,12.67,1955198,-182.990,-109.980,-46.970,0.7850,1.0960
1376,16.7923,10.9912,0.9180,393216,830.47,12.67,1955198,-182.990,-109.980,-46.970,0.7850,1.0960
1377,16.8031,11.2444,0.8687,393216,830.47,12.67,1955198,-182.990,-109.980,-46.970,0.7850,1.0960
1378,16.8136,10.9169,0.8540,393216,830.47,12.67,1955198,-182.990,-109.980,-46.970,0.7850,1.0960
1379,16.8247,10.3589,0.8235,393216,830.47,12.67,1955198,-182.990,-109.980,-46.970,0.7850,1.0960
1380,16.8355,11.1410,0.8586,393216,830.47,12.67,1955198,-182.990,-109.980,-46.970,0.7850,1.0960
1381,16.8466,10.7929,0.7921,393216,830.47,12.67,1955198,-182.990,-109.980,-46.970,0.7850,1.0960
1382,16.8579,11.1304,0.8113,393216,830.47,12.67,1955198,-182.990,-109.980,-46.970,0.7850,1.0960
1383,16.8691,11.2356,0.8680,393216,830.47,12.67,1955198,-182.990,-109.980,-46.970,0.7850,1.0960
1384,16.8802,11.2318,1.0475,393216,830.47,12.67,1955198,-182.990,-109.980,-46.970,0.7850,1.0960
1385,16.8911,11.1563,0.8610,393216,830.47,12.67,1955198,-182.990,-109.980,-46.970,0.7850,1.0960
1386,16.9026,10.8738,1.0804,393216,830.47,12.67,1955198,-182.990,-109.980,-46.970,0.7850,1.0960
1387,16.9132,11.4227,0.8564,393216,830.47,12.67,1955198,-182.990,-109.980,-46.970,0.7850,1.0960
1388,16.9243,10.6335,0.8154,393216,830.47,12.67,1955198,-182.990,-109.980,-46.970,0.7850,1.0960
1389,16.9357,11.1123,0.8606,393216,830.47,12.67,1955198,-182.990,-109.980,-46.970,0.7850,1.0960
1390,16.9468,11.4283,0.8896,393216,830.47,12.67,1955198,-182.990,-109.980,-46.970,0.7850,1.0960
1391,16.9574,11.0974,0.7649,393216,830.47,12.67,1955198,-182.990,-109.980,-46.970,0.7850,1.0960
1392,16.9688,10.5942,0.8355,393216,830.47,12.67,1955198,-182.990,-109.980,-46.970,0.7850,1.0960
1393,16.9802,11.3739,0.9922,393216,830.47,12.67,1955198,-182.990,-109.980,-46.970,0.7850,1.0960
1394,16.9900,11.3538,0.7786,393216,830.47,12.67,1955198,-182.990,-109.980,-46.970,0.7850,1.0960
1395,17.0012,9.8175,0.8525,393216,830.47,12.67,1955198,-182.990,-109.980,-46.970,0.7850,1.0960
1396,17.0128,11.2056,1.1443,393216,830.47,12.67,1955198,-182.990,-109.980,-46.970,0.7850,1.0960
1397,17.0232,11.5897,0.8275,393216,830.47,12.67,1955198,-182.990,-109.980,-46.970,0.7850,1.0960
1398,17.0346,10.4438,0.9333,393216,830.47,12.67,1955198,-182.990,-109.980,-46.970,0.7850,1.0960
1399,17.0460,11.3832,1.1518,393216,830.47,12.67,1955198,-182.990,-109.980,-46.970,0.7850,1.0960
1400,17.0567,11.3879,0.8197,393216,830.47,12.67,1955198,-182.990,-109.980,-46.970,0.7850,1.0960
1401,17.0675,10.7014,0.8692,393216,830.47,12.67,1955198,-182.990,-109.980,-46.970,0.7850,1.0960
1402,17.0789,10.8130,0.9992,393216,830.47,12.67,1955198,-182.990,-109.980,-46.970,0.7850,1.0960
1403,17.0901,11.4797,0.8512,393216,830.47,12.67,1955198,-182.990,-109.980,-46.970,0.7850,1.0960
1404,17.1009,11.1054,0.8408,393216,830.47,12.67,1955198,-182.990,-109.980,-46.970,0.7850,1.0960
1405,17.1123,10.7681,0.8911,393216,830.47,12.67,1955198,-182.990,-109.980,-46.970,0.7850,1.0960
1406,17.1234,11.4197,0.8117,393216,830.47,12.67,1955198,-182.990,-109.980,-46.970,0.7850,1.0960
1407,17.1346,11.1220,0.8972,393216,830.47,12.67,1955198,-182.990,-109.980,-46.970,0.7850,1.0960
1408,17.1455,11.2096,0.8468,393216,830.47,12.67,1955198,-182.990,-109.980,-46.970,0.7850,1.0960
1409,17.1564,10.8752,0.7903,393216,830.47,12.67,1955198,-182.990,-109.980,-46.970,0.7850,1.0960
1410,17.1669,10.9593,0.8456,393216,830.47,12.67,1955198,-182.990,-109.980,-46.970,0.7850,1.0960
1411,17.1775,10.4846,0.7919,393216,830.47,12.67,1955198,-182.990,-109.980,-46.970,0.7850,1.0960
1412,17.1886,10.6081,0.8095,393216,830.47,12.67,1955198,-182.990,-109.980,-46.970,0.7850,1.0960
1413,17.2000,11.0419,0.8929,393216,830.47,12.67,1955198,-182.990,-109.980,-46.970,0.7850,1.0960
1414,17.2111,11.4340,0.7751,393216,830.47,12.67,1955198,-182.990,-109.980,-46.970,0.7850,1.0960
1415,17.2219,11.0685,0.7909,393216,830.47,12.67,1955198,-182.990,-109.980,-46.970,0.7850,1.0960
1416,17.2332,10.7931,0.7732,393216,830.47,12.67,1955198,-182.990,-109.980,-46.970,0.7850,1.0960
1417,17.2444,11.3442,0.8283,393216,830.47,12.67,1955198,-182.990,-109.980,-46.970,0.7850,1.0960
1418,17.2552,11.2291,0.8045,393216,830.47,12.67,1955198,-182.990,-109.980,-46.970,0.7850,1.0960
1419,17.2663,10.7560,0.8039,393216,830.47,12.67,1955198,-182.990,-109.980,-46.970,0.7850,1.0960
1420,17.2776,11.1288,0.7869,393216,830.47,12.67,1955198,-182.990,-109.980,-46.970,0.7850,1.0960
1421,17.2887,11.2728,0.8643,393216,830.47,12.67,1955198,-182.990,-109.980,-46.970,0.7850,1.0960
1422,17.2996,11.1377,0.7951,393216,830.47,12.67,1955198,-182.990,-109.980,-46.970,0.7850,1.0960
1423,17.3108,10.8384,0.8655,393216,830.47,12.67,1955198,-182.990,-109.980,-46.970,0.7850,1.0960
1424,17.3221,11.2487,0.8477,393216,830.47,12.67,1955198,-182.990,-109.980,-46.970,0.7850,1.0960
1425,17.3330,11.3118,0.8342,393216,830.47,12.67,1955198,-182.990,-109.980,-46.970,0.7850,1.0960
1426,17.3434,10.8510,0.8633,393216,830.47,12.67,1955198,-182.990,-109.980,-46.970,0.7850,1.0960
1427,17.3549,10.4741,1.1459,393216,830.47,12.67,1955198,-182.990,-109.980,-46.970,0.7850,1.0960
1428,17.3655,11.4290,0.9296,393216,830.47,12.67,1955198,-182.990,-109.980,-46.970,0.7850,1.0960
1429,17.3765,10.6425,0.8130,393216,830.47,12.67,1955198,-182.990,-109.980,-46.970,0.7850,1.0960
1430,17.3880,10.9271,1.0184,393216,830.47,12.67,1955198,-182.990,-109.980,-46.970,0.7850,1.0960
1431,17.3988,11.5014,0.8072,393216,830.47,12.67,1955198,-182.990,-109.980,-46.970,0.7850,1.0960
1432,17.4095,10.8368,0.7792,393216,830.47,12.67,1955198,-182.990,-109.980,-46.970,0.7850,1.0960
1433,17.4209,10.7122,1.0269,393216,830.47,12.67,1955198,-182.990,-109.980,-46.970,0.7850,1.0960
1434,17.4319,11.3496,0.8041,393216,830.47,12.67,1955198,-182.990,-109.980,-46.970,0.7850,1.0960
1435,17.4428,11.0967,0.9123,393216,830.47,12.67,1955198,-182.990,-109.980,-46.970,0.7850,1.0960
1436,17.4540,10.8605,0.9557,393216,830.47,12.67,1955198,-182.990,-109.980,-46.970,0.7850,1.0960
1437,17.4651,11.1570,0.8884,393216,830.47,12.67,1955198,-182.990,-109.980,-46.970,0.7850,1.0960
1438,17.4762,11.1370,0.7805,393216,830.47,12.67,1955198,-182.990,-109.980,-46.970,0.7850,1.0960
1439,17.4871,11.0359,0.9024,393216,830.47,12.67,1955198,-182.990,-109.980,-46.970,0.7850,1.0960
1440,17.4981,10.9228,0.7941,393216,830.47,12.67,1955198,-182.990,-109.980,-46.970,0.7850,1.0960
1441,17.5093,10.9863,0.7887,393216,830.47,12.67,1955198,-182.990,-109.980,-46.970,0.7850,1.0960
1442,17.5193,11.2230,0.7587,393216,830.47,12.67,1955198,-182.990,-109.980,-46.970,0.7850,1.0960
1443,17.5302,9.9868,0.7968,393216,830.47,12.67,1955198,-182.990,-109.980,-46.970,0.7850,1.0960
1444,17.5418,10.9798,0.9032,393216,830.47,12.67,1955198,-182.990,-109.980,-46.970,0.7850,1.0960
1445,17.5529,11.5581,0.8104,393216,830.47,12.67,1955198,-182.990,-109.980,-46.970,0.7850,1.0960
1446,17.5636,11.0453,0.7895,393216,830.47,12.67,1955198,-182.990,-109.980,-46.970,0.7850,1.0960
1447,17.5750,10.7750,0.8378,393216,830.47,12.67,1955198,-182.990,-109.980,-46.970,0.7850,1.0960
1448,17.5861,11.3483,0.8182,393216,830.47,12.67,1955198,-182.990,-109.980,-46.970,0.7850,1.0960
1449,17.5968,11.1320,0.7740,393216,830.47,12.67,1955198,-182.990,-109.980,-46.970,0.7850,1.0960
1450,17.6081,10.7205,0.7384,393216,830.47,12.67,1955198,-182.990,-109.980,-46.970,0.7850,1.0960
1451,17.6194,11.2650,0.8035,393216,830.47,12.67,1955198,-182.990,-109.980,-46.970,0.7850,1.0960
1452,17.6305,11.2804,0.9571,393216,830.47,12.67,1955198,-182.990,-109.980,-46.970,0.7850,1.0960
1453,17.6412,11.1528,0.7703,393216,830.47,12.67,1955198,-182.990,-109.980,-46.970,0.7850,1.0960
1454,17.6525,10.6672,0.8074,393216,830.47,12.67,1955198,-182.990,-109.980,-46.970,0.7850,1.0960
1455,17.6636,11.2912,0.7681,393216,830.47,12.67,1955198,-182.990,-109.980,-46.970,0.7850,1.0960
1456,17.6744,11.1385,0.7233,393216,830.47,12.67,1955198,-182.990,-109.980,-46.970,0.7850,1.0960
1457,17.6857,10.7458,0.8581,393216,830.47,12.67,1955198,-182.990,-109.980,-46.970,0.7850,1.0960
1458,17.6964,11.3684,0.8923,393216,830.47,12.67,1955198,-182.990,-109.980,-46.970,0.7850,1.0960
1459,17.7071,10.6230,0.8644,393216,830.47,12.67,1955198,-182.990,-109.980,-46.970,0.7850,1.0960
1460,17.7182,10.7018,0.8327,393216,830.47,12.67,1955198,-182.990,-109.980,-46.970,0.7850,1.0960
1461,17.7296,11.1816,0.9420,393216,830.47,12.67,1955198,-182.990,-109.980,-46.970,0.7850,1.0960
1462,17.7406,11.3951,0.7770,393216,830.47,12.67,1955198,-182.990,-109.980,-46.970,0.7850,1.0960
1463,17.7517,10.9115,0.9598,393216,830.47,12.67,1955198,-182.990,-109.980,-46.970,0.7850,1.0960
1464,17.7626,11.1585,0.9534,393216,830.47,12.67,1955198,-182.990,-109.980,-46.970,0.7850,1.0960
1465,17.7736,10.8647,0.7755,393216,830.47,12.67,1955198,-182.990,-109.980,-46.970,0.7850,1.0960
1466,17.7846,11.0685,0.8901,393216,830.47,12.67,1955198,-182.990,-109.980,-46.970,0.7850,1.0960
1467,17.7958,11.0082,0.8903,393216,830.47,12.67,1955198,-182.990,-109.980,-46.970,0.7850,1.0960
1468,17.8069,11.1689,0.7563,393216,830.47,12.67,1955198,-182.990,-109.980,-46.970,0.7850,1.0960
1469,17.8183,11.1072,0.8641,393216,830.47,12.67,1955198,-182.990,-109.980,-46.970,0.7850,1.0960
1470,17.8293,11.4273,0.9786,393216,830.47,12.67,1955198,-182.990,-109.980,-46.970,0.7850,1.0960
1471,17.8401,10.8975,0.7628,393216,830.47,12.67,1955198,-182.990,-109.980,-46.970,0.7850,1.0960
1472,17.8514,10.9450,0.7822,393216,830.47,12.67,1955198,-182.990,-109.980,-46.970,0.7850,1.0960
1473,17.8624,11.2220,0.9089,393216,830.47,12.67,1955198,-182.990,-109.980,-46.970,0.7850,1.0960
1474,17.8727,10.9429,0.8416,393216,830.47,12.67,1955198,-182.990,-109.980,-46.970,0.7850,1.0960
1475,17.8838,10.2982,0.8054,393216,830.47,12.67,1955198,-182.990,-109.980,-46.970,0.7850,1.0960
1476,17.8953,11.1480,1.1679,393216,830.47,12.67,1955198,-182.990,-109.980,-46.970,0.7850,1.0960
1477,17.9058,11.4951,0.7592,393216,830.47,12.67,1955198,-182.990,-109.980,-46.970,0.7850,1.0960
1478,17.9171,10.4622,0.8295,393216,830.47,12.67,1955198,-182.990,-109.980,-46.970,0.7850,1.0960
1479,17.9287,11.3311,1.1547,393216,830.47,12.67,1955198,-182.990,-109.980,-46.970,0.7850,1.0960
1480,17.9396,11.6269,1.1786,393216,830.47,12.67,1955198,-182.990,-109.980,-46.970,0.7850,1.0960
1481,17.9503,10.8736,0.8869,393216,830.47,12.67,1955198,-182.990,-109.980,-46.970,0.7850,1.0960
1482,17.9615,10.7180,0.8978,393216,830.47,12.67,1955198,-182.990,-109.980,-46.970,0.7850,1.0960
1483,17.9725,11.2194,0.8719,393216,830.47,12.67,1955198,-182.990,-109.980,-46.970,0.7850,1.0960
1484,17.9836,10.9646,0.8446,393216,830.47,12.67,1955198,-182.990,-109.980,-46.970,0.7850,1.0960
1485,17.9946,11.1376,0.8495,393216,830.47,12.67,1955198,-182.990,-109.980,-46.970,0.7850,1.0960
1486,18.0060,11.0201,0.8680,393216,830.47,12.67,1955198,-182.990,-109.980,-46.970,0.7850,1.0960
1487,18.0174,11.3098,1.0031,393216,830.47,12.67,1955198,-182.990,-109.980,-46.970,0.7850,1.0960
1488,18.0282,11.4011,0.8981,393216,830.47,12.67,1955198,-182.990,-109.980,-46.970,0.7850,1.0960
1489,18.0395,10.8181,0.9489,393216,830.47,12.67,1955198,-182.990,-109.980,-46.970,0.7850,1.0960
1490,18.0500,11.2912,0.9674,393216,830.47,12.67,1955198,-182.990,-109.980,-46.970,0.7850,1.0960
1491,18.0608,10.4836,0.8773,393216,830.47,12.67,1955198,-182.990,-109.980,-46.970,0.7850,1.0960
1492,18.0719,10.8102,0.8439,393216,830.47,12.67,1955198,-182.990,-109.980,-46.970,0.7850,1.0960
1493,18.0831,11.1191,0.8264,393216,830.47,12.67,1955198,-182.990,-109.980,-46.970,0.7850,1.0960
1494,18.0938,11.1757,0.8094,393216,830.47,12.67,1955198,-182.990,-109.980,-46.970,0.7850,1.0960
1495,18.1051,10.7903,1.0344,393216,830.47,12.67,1955198,-182.990,-109.980,-46.970,0.7850,1.0960
1496,18.1160,11.2537,0.7697,393216,830.47,12.67,1955198,-182.990,-109.980,-46.970,0.7850,1.0960
1497,18.1273,10.8690,0.8702,393216,830.47,12.67,1955198,-182.990,-109.980,-46.970,0.7850,1.0960
1498,18.1382,11.3175,0.9713,393216,830.47,12.67,1955198,-182.990,-109.980,-46.970,0.7850,1.0960
1499,18.1494,10.9542,0.7899,393216,830.47,12.67,1955198,-182.990,-109.980,-46.970,0.7850,1.0960
1500,18.1607,11.1093,0.7684,393216,830.47,12.67,1955198,-182.990,-109.980,-46.970,0.7850,1.0960
1501,18.1720,11.3036,0.9037,393216,830.47,12.67,1955198,-182.990,-109.980,-46.970,0.7850,1.0960
1502,18.1826,11.3606,0.7403,393216,830.47,12.67,1955198,-182.990,-109.980,-46.970,0.7850,1.0960
1503,18.1939,10.5656,0.8521,393216,830.47,12.67,1955198,-182.990,-109.980,-46.970,0.7850,1.0960
1504,18.2052,11.3674,0.8757,393216,830.47,12.67,1955198,-182.990,-109.980,-46.970,0.7850,1.0960
1505,18.2159,11.2364,0.8743,393216,830.47,12.67,1955198,-182.990,-109.980,-46.970,0.7850,1.0960
1506,18.2264,10.7282,0.8559,393216,830.47,12.67,1955198,-182.990,-109.980,-46.970,0.7850,1.0960
1507,18.2376,10.4424,0.9515,393216,830.47,12.67,1955198,-182.990,-109.980,-46.970,0.7850,1.0960
1508,18.2483,11.2466,0.7901,393216,830.47,12.67,1955198,-182.990,-109.980,-46.970,0.7850,1.0960
1509,18.2595,10.6775,0.8308,393216,830.47,12.67,1955198,-182.990,-109.980,-46.970,0.7850,1.0960
1510,18.2710,11.1825,0.9625,393216,830.47,12.67,1955198,-182.990,-109.980,-46.970,0.7850,1.0960
1511,18.2819,11.5266,0.7736,393216,830.47,12.67,1955198,-182.990,-109.980,-46.970,0.7850,1.0960
1512,18.2928,10.9271,0.7831,393216,830.47,12.67,1955198,-182.990,-109.980,-46.970,0.7850,1.0960
1513,18.3039,10.9254,0.7861,393216,830.47,12.67,1955198,-182.990,-109.980,-46.970,0.7850,1.0960
1514,18.3153,11.0948,0.8663,393216,830.47,12.67,1955198,-182.990,-109.980,-46.970,0.7850,1.0960
1515,18.3261,11.3412,0.8684,393216,830.47,12.67,1955198,-182.990,-109.980,-46.970,0.7850,1.0960
1516,18.3372,10.7832,0.8701,393216,830.47,12.67,1955198,-182.990,-109.980,-46.970,0.7850,1.0960
1517,18.3484,11.1810,0.8536,393216,830.47,12.67,1955198,-182.990,-109.980,-46.970,0.7850,1.0960
1518,18.3596,11.1437,0.8209,393216,830.47,12.67,1955198,-182.990,-109.980,-46.970,0.7850,1.0960
1519,18.3705,11.1687,0.9418,393216,830.47,12.67,1955198,-182.990,-109.980,-46.970,0.7850,1.0960
1520,18.3815,10.9613,0.8169,393216,830.47,12.67,1955198,-182.990,-109.980,-46.970,0.7850,1.0960
1521,18.3929,10.9662,0.8279,393216,830.47,12.67,1955198,-182.990,-109.980,-46.970,0.7850,1.0960
1522,18.4030,11.4133,0.8199,393216,830.47,12.67,1955198,-182.990,-109.980,-46.970,0.7850,1.0960
1523,18.4140,10.1201,0.8158,393216,830.47,12.67,1955198,-182.990,-109.980,-46.970,0.7850,1.0960
1524,18.4253,10.9468,0.8036,393216,830.47,12.67,1955198,-182.990,-109.980,-46.970,0.7850,1.0960
1525,18.4364,11.3154,0.8007,393216,830.47,12.67,1955198,-182.990,-109.980,-46.970,0.7850,1.0960
1526,18.4473,11.1576,0.8050,393216,830.47,12.67,1955198,-182.990,-109.980,-46.970,0.7850,1.0960
1527,18.4586,10.8712,0.7922,393216,830.47,12.67,1955198,-182.990,-109.980,-46.970,0.7850,1.0960
1528,18.4697,11.2635,0.7698,393216,830.47,12.67,1955198,-182.990,-109.980,-46.970,0.7850,1.0960
1529,18.4807,11.1044,0.8537,393216,830.47,12.67,1955198,-182.990,-109.980,-46.970,0.7850,1.0960
1530,18.4919,10.9885,0.8223,393216,830.47,12.67,1955198,-182.990,-109.980,-46.970,0.7850,1.0960
1531,18.5030,11.2381,0.7597,393216,830.47,12.67,1955198,-182.990,-109.980,-46.970,0.7850,1.0960
1532,18.5141,11.0440,0.8143,393216,830.47,12.67,1955198,-182.990,-109.980,-46.970,0.7850,1.0960
1533,18.5248,11.1702,0.7471,393216,830.47,12.67,1955198,-182.990,-109.980,-46.970,0.7850,1.0960
1534,18.5361,10.7207,0.7747,393216,830.47,12.67,1955198,-182.990,-109.980,-46.970,0.7850,1.0960
1535,18.5474,11.2234,0.8151,393216,830.47,12.67,1955198,-182.990,-109.980,-46.970,0.7850,1.0960
1536,18.5582,11.3280,0.8066,393216,830.47,12.67,1955198,-182.990,-109.980,-46.970,0.7850,1.0960
1537,18.5694,10.8144,0.8362,393216,830.47,12.67,1955198,-182.990,-109.980,-46.970,0.7850,1.0960
1538,18.5803,11.2068,1.0740,393216,830.47,12.67,1955198,-182.990,-109.980,-46.970,0.7850,1.0960
1539,18.5910,10.8884,0.8352,393216,830.47,12.67,1955198,-182.990,-109.980,-46.970,0.7850,1.0960
1540,18.6019,10.7116,0.8497,393216,830.47,12.67,1955198,-182.990,-109.980,-46.970,0.7850,1.0960
1541,18.6134,10.8568,0.9225,393216,830.47,12.67,1955198,-182.990,-109.980,-46.970,0.7850,1.0960
1542,18.6241,11.4855,0.7297,393216,830.47,12.67,1955198,-182.990,-109.980,-46.970,0.7850,1.0960
1543,18.6349,10.7430,0.7786,393216,830.47,12.67,1955198,-182.990,-109.980,-46.970,0.7850,1.0960
1544,18.6465,10.8287,1.1660,393216,830.47,12.67,1955198,-182.990,-109.980,-46.970,0.7850,1.0960
1545,18.6574,11.5479,0.7858,393216,830.47,12.67,1955198,-182.990,-109.980,-46.970,0.7850,1.0960
1546,18.6686,10.9148,0.8148,393216,830.47,12.67,1955198,-182.990,-109.980,-46.970,0.7850,1.0960
1547,18.6796,11.2172,1.0166,393216,830.47,12.67,1955198,-182.990,-109.980,-46.970,0.7850,1.0960
1548,18.6906,10.9914,0.7409,393216,830.47,12.67,1955198,-182.990,-109.980,-46.970,0.7850,1.0960
1549,18.7019,10.9882,0.8442,393216,830.47,12.67,1955198,-182.990,-109.980,-46.970,0.7850,1.0960
1550,18.7130,11.3125,1.0796,393216,830.47,12.67,1955198,-182.990,-109.980,-46.970,0.7850,1.0960
1551,18.7238,11.0569,0.7769,393216,830.47,12.67,1955198,-182.990,-109.980,-46.970,0.7850,1.0960
1552,18.7350,10.8112,0.8318,393216,830.47,12.67,1955198,-182.990,-109.980,-46.970,0.7850,1.0960
1553,18.7467,11.1889,1.3338,393216,830.47,12.67,1955198,-182.990,-109.980,-46.970,0.7850,1.0960
1554,18.7562,11.7225,0.7817,393216,830.47,12.67,1955198,-182.990,-109.980,-46.970,0.7850,1.0960
1555,18.7676,9.5854,0.8905,393216,830.47,12.67,1955198,-182.990,-109.980,-46.970,0.7850,1.0960
1556,18.7789,11.3463,0.9307,393216,830.47,12.67,1955198,-182.990,-109.980,-46.970,0.7850,1.0960
1557,18.7897,11.3782,0.8581,393216,830.47,12.67,1955198,-182.990,-109.980,-46.970,0.7850,1.0960
1558,18.8007,10.6676,0.8595,393216,830.47,12.67,1955198,-182.990,-109.980,-46.970,0.7850,1.0960
1559,18.8123,11.0817,1.0282,393216,830.47,12.67,1955198,-182.990,-109.980,-46.970,0.7850,1.0960
1560,18.8232,11.5970,0.8772,393216,830.47,12.67,1955198,-182.990,-109.980,-46.970,0.7850,1.0960
1561,18.8339,10.8169,0.8109,393216,830.47,12.67,1955198,-182.990,-109.980,-46.970,0.7850,1.0960
1562,18.8453,10.7152,0.9741,393216,830.47,12.67,1955198,-182.990,-109.980,-46.970,0.7850,1.0960
1563,18.8565,11.5067,0.8347,393216,830.47,12.67,1955198,-182.990,-109.980,-46.970,0.7850,1.0960
1564,18.8674,11.1361,0.8671,393216,830.47,12.67,1955198,-182.990,-109.980,-46.970,0.7850,1.0960
1565,18.8786,10.8815,0.8210,393216,830.47,12.67,1955198,-182.990,-109.980,-46.970,0.7850,1.0960
1566,18.8899,11.2265,0.8136,393216,830.47,12.67,1955198,-182.990,-109.980,-46.970,0.7850,1.0960
1567,18.9010,11.3423,0.7863,393216,830.47,12.67,1955198,-182.990,-109.980,-46.970,0.7850,1.0960
1568,18.9119,11.0512,0.8238,393216,830.47,12.67,1955198,-182.990,-109.980,-46.970,0.7850,1.0960
1569,18.9231,10.9115,0.7759,393216,830.47,12.67,1955198,-182.990,-109.980,-46.970,0.7850,1.0960
1570,18.9335,11.1557,0.7383,393216,830.47,12.67,1955198,-182.990,-109.980,-46.970,0.7850,1.0960
1571,18.9446,10.4693,0.9247,393216,830.47,12.67,1955198,-182.990,-109.980,-46.970,0.7850,1.0960
1572,18.9555,11.1018,0.7737,393216,830.47,12.67,1955198,-182.990,-109.980,-46.970,0.7850,1.0960
1573,18.9669,10.7999,0.8867,393216,830.47,12.67,1955198,-182.990,-109.980,-46.970,0.7850,1.0960
1574,18.9780,11.4140,0.7842,393216,830.47,12.67,1955198,-182.990,-109.980,-46.970,0.7850,1.0960
1575,18.9888,11.1177,0.7664,393216,830.47,12.67,1955198,-182.990,-109.980,-46.970,0.7850,1.0960
1576,19.0000,10.7759,0.8113,393216,830.47,12.67,1955198,-182.990,-109.980,-46.970,0.7850,1.0960
1577,19.0113,11.2909,0.8303,393216,830.47,12.67,1955198,-182.990,-109.980,-46.970,0.7850,1.0960
1578,19.0221,11.2314,0.8488,393216,830.47,12.67,1955198,-182.990,-109.980,-46.970,0.7850,1.0960
1579,19.0332,10.7796,0.8346,393216,830.47,12.67,1955198,-182.990,-109.980,-46.970,0.7850,1.0960
1580,19.0444,11.1520,0.8870,393216,830.47,12.67,1955198,-182.990,-109.980,-46.970,0.7850,1.0960
1581,19.0556,11.2099,0.8292,393216,830.47,12.67,1955198,-182.990,-109.980,-46.970,0.7850,1.0960
1582,19.0664,11.2069,0.7653,393216,830.47,12.67,1955198,-182.990,-109.980,-46.970,0.7850,1.0960
1583,19.0775,10.7381,0.7439,393216,830.47,12.67,1955198,-182.990,-109.980,-46.970,0.7850,1.0960
1584,19.0889,11.1245,0.7699,393216,830.47,12.67,1955198,-182.990,-109.980,-46.970,0.7850,1.0960
1585,19.1002,11.3727,0.9133,393216,830.47,12.67,1955198,-182.990,-109.980,-46.970,0.7850,1.0960
1586,19.1105,11.4122,0.8599,393216,830.47,12.67,1955198,-182.990,-109.980,-46.970,0.7850,1.0960
1587,19.1219,10.1738,0.9903,393216,830.47,12.67,1955198,-182.990,-109.980,-46.970,0.7850,1.0960
1588,19.1329,11.4404,0.8234,393216,830.47,12.67,1955198,-182.990,-109.980,-46.970,0.7850,1.0960
1589,19.1439,11.0244,0.8664,393216,830.47,12.67,1955198,-182.990,-109.980,-46.970,0.7850,1.0960
1590,19.1552,10.9413,0.9347,393216,830.47,12.67,1955198,-182.990,-109.980,-46.970,0.7850,1.0960
1591,19.1662,11.3041,0.8637,393216,830.47,12.67,1955198,-182.990,-109.980,-46.970,0.7850,1.0960
1592,19.1772,11.0516,0.9919,393216,830.47,12.67,1955198,-182.990,-109.980,-46.970,0.7850,1.0960
1593,19.1885,11.0346,1.0979,393216,830.47,12.67,1955198,-182.990,-109.980,-46.970,0.7850,1.0960
1594,19.1996,11.2747,0.9131,393216,830.47,12.67,1955198,-182.990,-109.980,-46.970,0.7850,1.0960
1595,19.2108,11.1008,0.8906,393216,830.47,12.67,1955198,-182.990,-109.980,-46.970,0.7850,1.0960
1596,19.2218,11.1368,1.0168,393216,830.47,12.67,1955198,-182.990,-109.980,-46.970,0.7850,1.0960
1597,19.2329,11.0329,0.8609,393216,830.47,12.67,1955198,-182.990,-109.980,-46.970,0.7850,1.0960
1598,19.2442,11.1711,0.8869,393216,830.47,12.67,1955198,-182.990,-109.980,-46.970,0.7850,1.0960
1599,19.2551,11.2121,1.0145,393216,830.47,12.67,1955198,-182.990,-109.980,-46.970,0.7850,1.0960
1600,19.2661,10.9292,0.8994,393216,830.47,12.67,1955198,-182.990,-109.980,-46.970,0.7850,1.0960
1601,19.2774,11.0073,0.9621,393216,830.47,12.67,1955198,-182.990,-109.980,-46.970,0.7850,1.0960
1602,19.2882,11.2935,1.1702,393216,830.47,12.67,1955198,-182.990,-109.980,-46.970,0.7850,1.0960
1603,19.2987,10.8331,0.8502,393216,830.47,12.67,1955198,-182.990,-109.980,-46.970,0.7850,1.0960
1604,19.3099,10.4747,0.8440,393216,830.47,12.67,1955198,-182.990,-109.980,-46.970,0.7850,1.0960
1605,19.3214,11.2284,1.1358,393216,830.47,12.67,1955198,-182.990,-109.980,-46.970,0.7850,1.0960
1606,19.3320,11.4982,0.8227,393216,830.47,12.67,1955198,-182.990,-109.980,-46.970,0.7850,1.0960
1607,19.3432,10.5824,0.8292,393216,830.47,12.67,1955198,-182.990,-109.980,-46.970,0.7850,1.0960
1608,19.3545,11.1304,1.0358,393216,830.47,12.67,1955198,-182.990,-109.980,-46.970,0.7850,1.0960
1609,19.3655,11.3629,0.7677,393216,830.47,12.67,1955198,-182.990,-109.980,-46.970,0.7850,1.0960
1610,19.3765,11.0074,0.8611,393216,830.47,12.67,1955198,-182.990,-109.980,-46.970,0.7850,1.0960
1611,19.3876,10.9422,1.0315,393216,830.47,12.67,1955198,-182.990,-109.980,-46.970,0.7850,1.0960
1612,19.3987,11.1601,0.8206,393216,830.47,12.67,1955198,-182.990,-109.980,-46.970,0.7850,1.0960
1613,19.4097,11.1204,0.9594,393216,830.47,12.67,1955198,-182.990,-109.980,-46.970,0.7850,1.0960
1614,19.4211,10.9715,0.9571,393216,830.47,12.67,1955198,-182.990,-109.980,-46.970,0.7850,1.0960
1615,19.4322,11.3596,0.8557,393216,830.47,12.67,1955198,-182.990,-109.980,-46.970,0.7850,1.0960
1616,19.4432,11.0761,0.8866,393216,830.47,12.67,1955198,-182.990,-109.980,-46.970,0.7850,1.0960
1617,19.4541,11.0920,0.9379,393216,830.47,12.67,1955198,-182.990,-109.980,-46.970,0.7850,1.0960
1618,19.4645,10.8812,0.8329,393216,830.47,12.67,1955198,-182.990,-109.980,-46.970,0.7850,1.0960
1619,19.4757,10.3793,0.7900,393216,830.47,12.67,1955198,-182.990,-109.980,-46.970,0.7850,1.0960
1620,19.4866,11.1471,0.9174,393216,830.47,12.67,1955198,-182.990,-109.980,-46.970,0.7850,1.0960
1621,19.4975,10.9312,0.8763,393216,830.47,12.67,1955198,-182.990,-109.980,-46.970,0.7850,1.0960
1622,19.5090,10.9561,0.9203,393216,830.47,12.67,1955198,-182.990,-109.980,-46.970,0.7850,1.0960
1623,19.5203,11.4360,1.0411,393216,830.47,12.67,1955198,-182.990,-109.980,-46.970,0.7850,1.0960
1624,19.5309,11.3212,0.8777,393216,830.47,12.67,1955198,-182.990,-109.980,-46.970,0.7850,1.0960
1625,19.5422,10.6390,0.8843,393216,830.47,12.67,1955198,-182.990,-109.980,-46.970,0.7850,1.0960
1626,19.5537,11.3046,0.9508,393216,830.47,12.67,1955198,-182.990,-109.980,-46.970,0.7850,1.0960
1627,19.5646,11.4635,0.9569,393216,830.47,12.67,1955198,-182.990,-109.980,-46.970,0.7850,1.0960
1628,19.5755,10.8558,0.7780,393216,830.47,12.67,1955198,-182.990,-109.980,-46.970,0.7850,1.0960
1629,19.5868,10.9001,0.8376,393216,830.47,12.67,1955198,-182.990,-109.980,-46.970,0.7850,1.0960
1630,19.5979,11.3407,0.7921,393216,830.47,12.67,1955198,-182.990,-109.980,-46.970,0.7850,1.0960
1631,19.6086,11.1065,0.7424,393216,830.47,12.67,1955198,-182.990,-109.980,-46.970,0.7850,1.0960
1632,19.6198,10.7011,0.8319,393216,830.47,12.67,1955198,-182.990,-109.980,-46.970,0.7850,1.0960
1633,19.6311,11.2421,0.7961,393216,830.47,12.67,1955198,-182.990,-109.980,-46.970,0.7850,1.0960
1634,19.6412,11.2660,0.7883,393216,830.47,12.67,1955198,-182.990,-109.980,-46.970,0.7850,1.0960
1635,19.6524,10.0865,0.8860,393216,830.47,12.67,1955198,-182.990,-109.980,-46.970,0.7850,1.0960
1636,19.6637,11.2305,0.8458,393216,830.47,12.67,1955198,-182.990,-109.980,-46.970,0.7850,1.0960
1637,19.6750,11.2718,0.8641,393216,830.47,12.67,1955198,-182.990,-109.980,-46.970,0.7850,1.0960
1638,19.6858,11.2526,0.8116,393216,830.47,12.67,1955198,-182.990,-109.980,-46.970,0.7850,1.0960
1639,19.6971,10.8770,0.8166,393216,830.47,12.67,1955198,-182.990,-109.980,-46.970,0.7850,1.0960
1640,19.7082,11.2427,0.7759,393216,830.47,12.67,1955198,-182.990,-109.980,-46.970,0.7850,1.0960
1641,19.7191,11.1545,0.8359,393216,830.47,12.67,1955198,-182.990,-109.980,-46.970,0.7850,1.0960
1642,19.7305,10.8671,0.9600,393216,830.47,12.67,1955198,-182.990,-109.980,-46.970,0.7850,1.0960
1643,19.7415,11.4386,0.8020,393216,830.47,12.67,1955198,-182.990,-109.980,-46.970,0.7850,1.0960
1644,19.7528,10.9496,0.8356,393216,830.47,12.67,1955198,-182.990,-109.980,-46.970,0.7850,1.0960
1645,19.7637,11.3251,0.8202,393216,830.47,12.67,1955198,-182.990,-109.980,-46.970,0.7850,1.0960
1646,19.7748,10.8959,0.7745,393216,830.47,12.67,1955198,-182.990,-109.980,-46.970,0.7850,1.0960
1647,19.7861,11.1223,0.7803,393216,830.47,12.67,1955198,-182.990,-109.980,-46.970,0.7850,1.0960
1648,19.7976,11.2825,0.9371,393216,830.47,12.67,1955198,-182.990,-109.980,-46.970,0.7850,1.0960
1649,19.8084,11.4418,0.7992,393216,830.47,12.67,1955198,-182.990,-109.980,-46.970,0.7850,1.0960
1650,19.8188,10.8423,0.8446,393216,830.47,12.67,1955198,-182.990,-109.980,-46.970,0.7850,1.0960
1651,19.8302,10.4291,1.0866,393216,830.47,12.67,1955198,-182.990,-109.980,-46.970,0.7850,1.0960
1652,19.8409,11.4021,0.8476,393216,830.47,12.67,1955198,-182.990,-109.980,-46.970,0.7850,1.0960
1653,19.8521,10.7174,0.8102,393216,830.47,12.67,1955198,-182.990,-109.980,-46.970,0.7850,1.0960
1654,19.8635,11.2120,0.9674,393216,830.47,12.67,1955198,-182.990,-109.980,-46.970,0.7850,1.0960
1655,19.8742,11.4032,0.7924,393216,830.47,12.67,1955198,-182.990,-109.980,-46.970,0.7850,1.0960
1656,19.8854,10.6714,0.8812,393216,830.47,12.67,1955198,-182.990,-109.980,-46.970,0.7850,1.0960
1657,19.8969,11.1921,1.0650,393216,830.47,12.67,1955198,-182.990,-109.980,-46.970,0.7850,1.0960
1658,19.9078,11.4413,0.7639,393216,830.47,12.67,1955198,-182.990,-109.980,-46.970,0.7850,1.0960
1659,19.9186,10.9035,0.7783,393216,830.47,12.67,1955198,-182.990,-109.980,-46.970,0.7850,1.0960
1660,19.9299,10.8503,0.8924,393216,830.47,12.67,1955198,-182.990,-109.980,-46.970,0.7850,1.0960
1661,19.9413,11.3295,0.8757,393216,830.47,12.67,1955198,-182.990,-109.980,-46.970,0.7850,1.0960
1662,19.9526,11.3456,0.9718,393216,830.47,12.67,1955198,-182.990,-109.980,-46.970,0.7850,1.0960
1663,19.9636,11.3548,1.0208,393216,830.47,12.67,1955198,-182.990,-109.980,-46.970,0.7850,1.0960
1664,19.9748,10.9809,0.8417,393216,830.47,12.67,1955198,-182.990,-109.980,-46.970,0.7850,1.0960
1665,19.9859,11.1874,0.7651,393216,830.47,12.67,1955198,-182.990,-109.980,-46.970,0.7850,1.0960
1666,19.9962,11.0979,0.7916,393216,830.47,12.67,1955198,-182.990,-109.980,-46.970,0.7850,1.0960
1667,20.0074,10.3140,0.7845,393216,830.47,12.67,1955198,-182.990,-109.980,-46.970,0.7850,1.0960
1668,20.0188,11.2056,0.8498,393216,830.47,12.67,1955198,-182.990,-109.980,-46.970,0.7850,1.0960
1669,20.0298,11.3472,0.9321,393216,830.47,12.67,1955198,-182.990,-109.980,-46.970,0.7850,1.0960
1670,20.0407,10.9905,0.8418,393216,830.47,12.67,1955198,-182.990,-109.980,-46.970,0.7850,1.0960
1671,20.0518,10.8869,0.8160,393216,830.47,12.67,1955198,-182.990,-109.980,-46.970,0.7850,1.0960
1672,20.0632,11.1779,0.9425,393216,830.47,12.67,1955198,-182.990,-109.980,-46.970,0.7850,1.0960
1673,20.0739,11.3821,0.7893,393216,830.47,12.67,1955198,-182.990,-109.980,-46.970,0.7850,1.0960
1674,20.0852,10.7200,0.8149,393216,830.47,12.67,1955198,-182.990,-109.980,-46.970,0.7850,1.0960
1675,20.0969,11.2808,1.0679,393216,830.47,12.67,1955198,-182.990,-109.980,-46.970,0.7850,1.0960
1676,20.1078,11.7427,0.8551,393216,830.47,12.67,1955198,-182.990,-109.980,-46.970,0.7850,1.0960
1677,20.1188,10.8812,0.8401,393216,830.47,12.67,1955198,-182.990,-109.980,-46.970,0.7850,1.0960
1678,20.1305,10.9357,1.2144,393216,830.47,12.67,1955198,-182.990,-109.980,-46.970,0.7850,1.0960
1679,20.1412,11.7603,0.8271,393216,830.47,12.67,1955198,-182.990,-109.980,-46.970,0.7850,1.0960
1680,20.1521,10.6224,0.8330,393216,830.47,12.67,1955198,-182.990,-109.980,-46.970,0.7850,1.0960
1681,20.1636,10.9007,1.1048,393216,830.47,12.67,1955198,-182.990,-109.980,-46.970,0.7850,1.0960
1682,20.1739,11.5608,0.8712,393216,830.47,12.67,1955198,-182.990,-109.980,-46.970,0.7850,1.0960
1683,20.1849,10.2845,0.8938,393216,830.47,12.67,1955198,-182.990,-109.980,-46.970,0.7850,1.0960
1684,20.1960,10.9559,0.9189,393216,830.47,12.67,1955198,-182.990,-109.980,-46.970,0.7850,1.0960
1685,20.2073,11.1807,0.9068,393216,830.47,12.67,1955198,-182.990,-109.980,-46.970,0.7850,1.0960
1686,20.2185,11.2447,0.8645,393216,830.47,12.67,1955198,-182.990,-109.980,-46.970,0.7850,1.0960
1687,20.2294,11.2257,0.8907,393216,830.47,12.67,1955198,-182.990,-109.980,-46.970,0.7850,1.0960
1688,20.2407,10.9255,0.9022,393216,830.47,12.67,1955198,-182.990,-109.980,-46.970,0.7850,1.0960
1689,20.2520,11.2290,0.9287,393216,830.47,12.67,1955198,-182.990,-109.980,-46.970,0.7850,1.0960
1690,20.2630,11.3108,0.9932,393216,830.47,12.67,1955198,-182.990,-109.980,-46.970,0.7850,1.0960
1691,20.2741,10.9839,0.8598,393216,830.47,12.67,1955198,-182.990,-109.980,-46.970,0.7850,1.0960
1692,20.2853,11.1548,0.9016,393216,830.47,12.67,1955198,-182.990,-109.980,-46.970,0.7850,1.0960
1693,20.2966,11.1852,0.9865,393216,830.47,12.67,1955198,-182.990,-109.980,-46.970,0.7850,1.0960
1694,20.3075,11.2916,0.9525,393216,830.47,12.67,1955198,-182.990,-109.980,-46.970,0.7850,1.0960
1695,20.3185,10.8650,0.8741,393216,830.47,12.67,1955198,-182.990,-109.980,-46.970,0.7850,1.0960
1696,20.3297,11.0135,0.9197,393216,830.47,12.67,1955198,-182.990,-109.980,-46.970,0.7850,1.0960
1697,20.3404,11.2799,0.8291,393216,830.47,12.67,1955198,-182.990,-109.980,-46.970,0.7850,1.0960
1698,20.3510,10.6949,0.7686,393216,830.47,12.67,1955198,-182.990,-109.980,-46.970,0.7850,1.0960
1699,20.3624,10.5273,0.8479,393216,830.47,12.67,1955198,-182.990,-109.980,-46.970,0.7850,1.0960
1700,20.3736,11.4122,0.8881,393216,830.47,12.67,1955198,-182.990,-109.980,-46.970,0.7850,1.0960
1701,20.3845,11.2540,0.7557,393216,830.47,12.67,1955198,-182.990,-109.980,-46.970,0.7850,1.0960
1702,20.3959,10.8403,0.8583,393216,830.47,12.67,1955198,-182.990,-109.980,-46.970,0.7850,1.0960
1703,20.4071,11.3863,0.8637,393216,830.47,12.67,1955198,-182.990,-109.980,-46.970,0.7850,1.0960
1704,20.4181,11.1948,0.8957,393216,830.47,12.67,1955198,-182.990,-109.980,-46.970,0.7850,1.0960
1705,20.4289,11.0374,0.8249,393216,830.47,12.67,1955198,-182.990,-109.980,-46.970,0.7850,1.0960
1706,20.4401,10.8295,0.8179,393216,830.47,12.67,1955198,-182.990,-109.980,-46.970,0.7850,1.0960
1707,20.4516,11.1873,0.9764,393216,830.47,12.67,1955198,-182.990,-109.980,-46.970,0.7850,1.0960
1708,20.4622,11.5016,0.8408,393216,830.47,12.67,1955198,-182.990,-109.980,-46.970,0.7850,1.0960
1709,20.4734,10.5508,0.8147,393216,830.47,12.67,1955198,-182.990,-109.980,-46.970,0.7850,1.0960
1710,20.4848,11.1811,0.8275,393216,830.47,12.67,1955198,-182.990,-109.980,-46.970,0.7850,1.0960
1711,20.4957,11.5147,0.8520,393216,830.47,12.67,1955198,-182.990,-109.980,-46.970,0.7850,1.0960
1712,20.5069,10.7862,0.8503,393216,830.47,12.67,1955198,-182.990,-109.980,-46.970,0.7850,1.0960
1713,20.5186,11.2495,1.2460,393216,830.47,12.67,1955198,-182.990,-109.980,-46.970,0.7850,1.0960
1714,20.5285,11.7648,0.8395,393216,830.47,12.67,1955198,-182.990,-109.980,-46.970,0.7850,1.0960
1715,20.5392,9.8140,0.7405,393216,830.47,12.67,1955198,-182.990,-109.980,-46.970,0.7850,1.0960
1716,20.5506,10.7238,0.8194,393216,830.47,12.67,1955198,-182.990,-109.980,-46.970,0.7850,1.0960
1717,20.5619,11.4328,0.8336,393216,830.47,12.67,1955198,-182.990,-109.980,-46.970,0.7850,1.0960
1718,20.5728,11.2917,0.8304,393216,830.47,12.67,1955198,-182.990,-109.980,-46.970,0.7850,1.0960
1719,20.5839,10.8566,0.7813,393216,830.47,12.67,1955198,-182.990,-109.980,-46.970,0.7850,1.0960
1720,20.5952,11.1434,0.8597,393216,830.47,12.67,1955198,-182.990,-109.980,-46.970,0.7850,1.0960
1721,20.6063,11.2383,0.7990,393216,830.47,12.67,1955198,-182.990,-109.980,-46.970,0.7850,1.0960
1722,20.6172,11.1758,0.7897,393216,830.47,12.67,1955198,-182.990,-109.980,-46.970,0.7850,1.0960
1723,20.6283,10.8537,0.7617,393216,830.47,12.67,1955198,-182.990,-109.980,-46.970,0.7850,1.0960
1724,20.6395,11.0793,0.7931,393216,830.47,12.67,1955198,-182.990,-109.980,-46.970,0.7850,1.0960
1725,20.6509,11.2717,0.9508,393216,830.47,12.67,1955198,-182.990,-109.980,-46.970,0.7850,1.0960
1726,20.6620,11.4136,0.9920,393216,830.47,12.67,1955198,-182.990,-109.980,-46.970,0.7850,1.0960
1727,20.6730,11.0552,0.7780,393216,830.47,12.67,1955198,-182.990,-109.980,-46.970,0.7850,1.0960
1728,20.6842,10.9574,0.8275,393216,830.47,12.67,1955198,-182.990,-109.980,-46.970,0.7850,1.0960
1729,20.6952,11.1899,0.9151,393216,830.47,12.67,1955198,-182.990,-109.980,-46.970,0.7850,1.0960
1730,20.7056,11.0377,0.8332,393216,830.47,12.67,1955198,-182.990,-109.980,-46.970,0.7850,1.0960
1731,20.7169,10.4202,0.8210,393216,830.47,12.67,1955198,-182.990,-109.980,-46.970,0.7850,1.0960
1732,20.7279,11.2636,0.9865,393216,830.47,12.67,1955198,-182.990,-109.980,-46.970,0.7850,1.0960
1733,20.7388,11.0034,0.7734,393216,830.47,12.67,1955198,-182.990,-109.980,-46.970,0.7850,1.0960
1734,20.7500,10.8830,0.7900,393216,830.47,12.67,1955198,-182.990,-109.980,-46.970,0.7850,1.0960
1735,20.7616,11.1927,1.2245,393216,830.47,12.67,1955198,-182.990,-109.980,-46.970,0.7850,1.0960
1736,20.7719,11.6046,0.7542,393216,830.47,12.67,1955198,-182.990,-109.980,-46.970,0.7850,1.0960
1737,20.7833,10.3559,0.8046,393216,830.47,12.67,1955198,-182.990,-109.980,-46.970,0.7850,1.0960
1738,20.7950,11.3407,1.1521,393216,830.47,12.67,1955198,-182.990,-109.980,-46.970,0.7850,1.0960
1739,20.8056,11.7399,0.8970,393216,830.47,12.67,1955198,-182.990,-109.980,-46.970,0.7850,1.0960
1740,20.8168,10.5707,0.8052,393216,830.47,12.67,1955198,-182.990,-109.980,-46.970,0.7850,1.0960
1741,20.8287,11.2345,1.1188,393216,830.47,12.67,1955198,-182.990,-109.980,-46.970,0.7850,1.0960
1742,20.8393,11.8557,0.7647,393216,830.47,12.67,1955198,-182.990,-109.980,-46.970,0.7850,1.0960
1743,20.8502,10.5895,0.8780,393216,830.47,12.67,1955198,-182.990,-109.980,-46.970,0.7850,1.0960
1744,20.8615,10.9726,1.1012,393216,830.47,12.67,1955198,-182.990,-109.980,-46.970,0.7850,1.0960
1745,20.8725,11.2250,0.7762,393216,830.47,12.67,1955198,-182.990,-109.980,-46.970,0.7850,1.0960
1746,20.8826,11.0459,0.7541,393216,830.47,12.67,1955198,-182.990,-109.980,-46.970,0.7850,1.0960
1747,20.8939,10.0922,0.8820,393216,830.47,12.67,1955198,-182.990,-109.980,-46.970,0.7850,1.0960
1748,20.9052,11.3358,0.8855,393216,830.47,12.67,1955198,-182.990,-109.980,-46.970,0.7850,1.0960
1749,20.9165,11.2268,0.9230,393216,830.47,12.67,1955198,-182.990,-109.980,-46.970,0.7850,1.0960
1750,20.9274,11.3942,0.8728,393216,830.47,12.67,1955198,-182.990,-109.980,-46.970,0.7850,1.0960
1751,20.9387,10.8681,0.8949,393216,830.47,12.67,1955198,-182.990,-109.980,-46.970,0.7850,1.0960
1752,20.9498,11.2888,0.8499,393216,830.47,12.67,1955198,-182.990,-109.980,-46.970,0.7850,1.0960
1753,20.9609,11.1248,0.9404,393216,830.47,12.67,1955198,-182.990,-109.980,-46.970,0.7850,1.0960
1754,20.9719,11.0731,0.8679,393216,830.47,12.67,1955198,-182.990,-109.980,-46.970,0.7850,1.0960
1755,20.9833,10.9538,0.9247,393216,830.47,12.67,1955198,-182.990,-109.980,-46.970,0.7850,1.0960
1756,20.9945,11.4267,0.9131,393216,830.47,12.67,1955198,-182.990,-109.980,-46.970,0.7850,1.0960
1757,21.0052,11.2265,0.7810,393216,830.47,12.67,1955198,-182.990,-109.980,-46.970,0.7850,1.0960
1758,21.0165,10.6550,0.9006,393216,830.47,12.67,1955198,-182.990,-109.980,-46.970,0.7850,1.0960
1759,21.0279,11.3835,0.9662,393216,830.47,12.67,1955198,-182.990,-109.980,-46.970,0.7850,1.0960
1760,21.0387,11.3400,0.9334,393216,830.47,12.67,1955198,-182.990,-109.980,-46.970,0.7850,1.0960
1761,21.0500,10.8615,0.9037,393216,830.47,12.67,1955198,-182.990,-109.980,-46.970,0.7850,1.0960
1762,21.0605,11.2382,0.8014,393216,830.47,12.67,1955198,-182.990,-109.980,-46.970,0.7850,1.0960
1763,21.0717,10.5208,0.9271,393216,830.47,12.67,1955198,-182.990,-109.980,-46.970,0.7850,1.0960
1764,21.0825,11.2050,0.8365,393216,830.47,12.67,1955198,-182.990,-109.980,-46.970,0.7850,1.0960
1765,21.0938,10.8050,0.7901,393216,830.47,12.67,1955198,-182.990,-109.980,-46.970,0.7850,1.0960
1766,21.1052,11.2829,0.8045,393216,830.47,12.67,1955198,-182.990,-109.980,-46.970,0.7850,1.0960
1767,21.1160,11.4102,0.8689,393216,830.47,12.67,1955198,-182.990,-109.980,-46.970,0.7850,1.0960
1768,21.1273,10.8239,0.9234,393216,830.47,12.67,1955198,-182.990,-109.980,-46.970,0.7850,1.0960
1769,21.1386,11.2764,0.8855,393216,830.47,12.67,1955198,-182.990,-109.980,-46.970,0.7850,1.0960
1770,21.1498,11.2673,0.8889,393216,830.47,12.67,1955198,-182.990,-109.980,-46.970,0.7850,1.0960
1771,21.1606,11.2377,0.7709,393216,830.47,12.67,1955198,-182.990,-109.980,-46.970,0.7850,1.0960
1772,21.1718,10.7369,0.8061,393216,830.47,12.67,1955198,-182.990,-109.980,-46.970,0.7850,1.0960
1773,21.1832,11.2290,0.8133,393216,830.47,12.67,1955198,-182.990,-109.980,-46.970,0.7850,1.0960
1774,21.1948,11.4251,1.3340,393216,830.47,12.67,1955198,-182.990,-109.980,-46.970,0.7850,1.0960
1775,21.2052,11.6319,0.8260,393216,830.47,12.67,1955198,-182.990,-109.980,-46.970,0.7850,1.0960
1776,21.2165,10.3782,0.8613,393216,830.47,12.67,1955198,-182.990,-109.980,-46.970,0.7850,1.0960
1777,21.2279,11.3295,0.9449,393216,830.47,12.67,1955198,-182.990,-109.980,-46.970,0.7850,1.0960
1778,21.2379,11.3565,0.7831,393216,830.47,12.67,1955198,-182.990,-109.980,-46.970,0.7850,1.0960
1779,21.2493,9.9655,0.8439,393216,830.47,12.67,1955198,-182.990,-109.980,-46.970,0.7850,1.0960
1780,21.2605,11.4361,0.8330,393216,830.47,12.67,1955198,-182.990,-109.980,-46.970,0.7850,1.0960
1781,21.2713,11.2491,0.7973,393216,830.47,12.67,1955198,-182.990,-109.980,-46.970,0.7850,1.0960
1782,21.2825,10.7802,0.7901,393216,830.47,12.67,1955198,-182.990,-109.980,-46.970,0.7850,1.0960
1783,21.2937,11.1301,0.8346,393216,830.47,12.67,1955198,-182.990,-109.980,-46.970,0.7850,1.0960
1784,21.3048,11.2757,0.7728,393216,830.47,12.67,1955198,-182.990,-109.980,-46.970,0.7850,1.0960
1785,21.3156,11.0481,0.7887,393216,830.47,12.67,1955198,-182.990,-109.980,-46.970,0.7850,1.0960
1786,21.3269,10.8228,0.7974,393216,830.47,12.67,1955198,-182.990,-109.980,-46.970,0.7850,1.0960
1787,21.3382,11.2824,0.7999,393216,830.47,12.67,1955198,-182.990,-109.980,-46.970,0.7850,1.0960
1788,21.3490,11.2794,0.8283,393216,830.47,12.67,1955198,-182.990,-109.980,-46.970,0.7850,1.0960
1789,21.3606,10.8504,1.0277,393216,830.47,12.67,1955198,-182.990,-109.980,-46.970,0.7850,1.0960
1790,21.3715,11.5336,0.7819,393216,830.47,12.67,1955198,-182.990,-109.980,-46.970,0.7850,1.0960
1791,21.3828,10.9332,0.7688,393216,830.47,12.67,1955198,-182.990,-109.980,-46.970,0.7850,1.0960
1792,21.3938,11.2752,0.8643,393216,830.47,12.67,1955198,-182.990,-109.980,-46.970,0.7850,1.0960
1793,21.4048,11.0499,0.8207,393216,830.47,12.67,1955198,-182.990,-109.980,-46.970,0.7850,1.0960
1794,21.4153,10.9781,0.8249,393216,830.47,12.67,1955198,-182.990,-109.980,-46.970,0.7850,1.0960
1795,21.4261,10.4957,0.7780,393216,830.47,12.67,1955198,-182.990,-109.980,-46.970,0.7850,1.0960
1796,21.4373,10.7790,0.8956,393216,830.47,12.67,1955198,-182.990,-109.980,-46.970,0.7850,1.0960
1797,21.4486,11.2287,0.7858,393216,830.47,12.67,1955198,-182.990,-109.980,-46.970,0.7850,1.0960
1798,21.4600,11.3308,0.8780,393216,830.47,12.67,1955198,-182.990,-109.980,-46.970,0.7850,1.0960
1799,21.4708,11.3423,0.9213,393216,830.47,12.67,1955198,-182.990,-109.980,-46.970,0.7850,1.0960
1800,21.4819,10.8422,0.7771,393216,830.47,12.67,1955198,-182.990,-109.980,-46.970,0.7850,1.0960
1801,21.4933,11.0784,0.8262,393216,830.47,12.67,1955198,-182.990,-109.980,-46.970,0.7850,1.0960
1802,21.5046,11.4313,0.8562,393216,830.47,12.67,1955198,-182.990,-109.980,-46.970,0.7850,1.0960
1803,21.5154,11.2783,0.8236,393216,830.47,12.67,1955198,-182.990,-109.980,-46.970,0.7850,1.0960
1804,21.5267,10.8131,0.8313,393216,830.47,12.67,1955198,-182.990,-109.980,-46.970,0.7850,1.0960
1805,21.5379,11.2833,0.8580,393216,830.47,12.67,1955198,-182.990,-109.980,-46.970,0.7850,1.0960
1806,21.5488,11.2334,0.7440,393216,830.47,12.67,1955198,-182.990,-109.980,-46.970,0.7850,1.0960
1807,21.5600,10.8215,0.7935,393216,830.47,12.67,1955198,-182.990,-109.980,-46.970,0.7850,1.0960
1808,21.5715,11.2222,0.8941,393216,830.47,12.67,1955198,-182.990,-109.980,-46.970,0.7850,1.0960
1809,21.5826,11.5169,0.8667,393216,830.47,12.67,1955198,-182.990,-109.980,-46.970,0.7850,1.0960
1810,21.5928,11.0926,0.7986,393216,830.47,12.67,1955198,-182.990,-109.980,-46.970,0.7850,1.0960
1811,21.6046,10.2459,1.1072,393216,830.47,12.67,1955198,-182.990,-109.980,-46.970,0.7850,1.0960
1812,21.6153,11.7330,0.8098,393216,830.47,12.67,1955198,-182.990,-109.980,-46.970,0.7850,1.0960
1813,21.6262,10.7045,0.8051,393216,830.47,12.67,1955198,-182.990,-109.980,-46.970,0.7850,1.0960
1814,21.6378,10.9783,0.9998,393216,830.47,12.67,1955198,-182.990,-109.980,-46.970,0.7850,1.0960
1815,21.6488,11.5885,0.9309,393216,830.47,12.67,1955198,-182.990,-109.980,-46.970,0.7850,1.0960
1816,21.6597,10.9895,0.9267,393216,830.47,12.67,1955198,-182.990,-109.980,-46.970,0.7850,1.0960
1817,21.6710,10.8467,1.0682,393216,830.47,12.67,1955198,-182.990,-109.980,-46.970,0.7850,1.0960
1818,21.6820,11.3112,0.8176,393216,830.47,12.67,1955198,-182.990,-109.980,-46.970,0.7850,1.0960
1819,21.6932,11.0374,0.8497,393216,830.47,12.67,1955198,-182.990,-109.980,-46.970,0.7850,1.0960
1820,21.7042,11.1684,0.9486,393216,830.47,12.67,1955198,-182.990,-109.980,-46.970,0.7850,1.0960
1821,21.7154,11.0135,0.8693,393216,830.47,12.67,1955198,-182.990,-109.980,-46.970,0.7850,1.0960
1822,21.7267,11.1877,0.9362,393216,830.47,12.67,1955198,-182.990,-109.980,-46.970,0.7850,1.0960
1823,21.7380,11.3202,1.0493,393216,830.47,12.67,1955198,-182.990,-109.980,-46.970,0.7850,1.0960
1824,21.7488,11.2852,0.8870,393216,830.47,12.67,1955198,-182.990,-109.980,-46.970,0.7850,1.0960
1825,21.7600,10.7740,0.8975,393216,830.47,12.67,1955198,-182.990,-109.980,-46.970,0.7850,1.0960
1826,21.7707,11.2190,1.0642,393216,830.47,12.67,1955198,-182.990,-109.980,-46.970,0.7850,1.0960
1827,21.7813,10.7371,0.7696,393216,830.47,12.67,1955198,-182.990,-109.980,-46.970,0.7850,1.0960
1828,21.7927,10.5784,0.8917,393216,830.47,12.67,1955198,-182.990,-109.980,-46.970,0.7850,1.0960
1829,21.8041,11.4218,1.0795,393216,830.47,12.67,1955198,-182.990,-109.980,-46.970,0.7850,1.0960
1830,21.8147,11.4014,0.8412,393216,830.47,12.67,1955198,-182.990,-109.980,-46.970,0.7850,1.0960
1831,21.8260,10.6217,0.8257,393216,830.47,12.67,1955198,-182.990,-109.980,-46.970,0.7850,1.0960
1832,21.8375,11.2437,1.1062,393216,830.47,12.67,1955198,-182.990,-109.980,-46.970,0.7850,1.0960
1833,21.8484,11.4857,0.7908,393216,830.47,12.67,1955198,-182.990,-109.980,-46.970,0.7850,1.0960
1834,21.8592,10.9116,0.7435,393216,830.47,12.67,1955198,-182.990,-109.980,-46.970,0.7850,1.0960
1835,21.8705,10.8507,0.9067,393216,830.47,12.67,1955198,-182.990,-109.980,-46.970,0.7850,1.0960
1836,21.8817,11.3229,0.8466,393216,830.47,12.67,1955198,-182.990,-109.980,-46.970,0.7850,1.0960
1837,21.8926,11.1487,0.9308,393216,830.47,12.67,1955198,-182.990,-109.980,-46.970,0.7850,1.0960
1838,21.9040,10.8961,1.0614,393216,830.47,12.67,1955198,-182.990,-109.980,-46.970,0.7850,1.0960
1839,21.9150,11.3756,0.8245,393216,830.47,12.67,1955198,-182.990,-109.980,-46.970,0.7850,1.0960
1840,21.9261,11.0432,0.7478,393216,830.47,12.67,1955198,-182.990,-109.980,-46.970,0.7850,1.0960
1841,21.9373,11.1047,0.9680,393216,830.47,12.67,1955198,-182.990,-109.980,-46.970,0.7850,1.0960
1842,21.9476,11.1890,0.7980,393216,830.47,12.67,1955198,-182.990,-109.980,-46.970,0.7850,1.0960
1843,21.9589,10.3108,0.8101,393216,830.47,12.67,1955198,-182.990,-109.980,-46.970,0.7850,1.0960
1844,21.9701,11.2802,1.0782,393216,830.47,12.67,1955198,-182.990,-109.980,-46.970,0.7850,1.0960
1845,21.9808,11.2202,0.8080,393216,830.47,12.67,1955198,-182.990,-109.980,-46.970,0.7850,1.0960
1846,21.9921,10.6588,0.8400,393216,830.47,12.67,1955198,-182.990,-109.980,-46.970,0.7850,1.0960
1847,22.0035,11.3293,1.0339,393216,830.47,12.67,1955198,-182.990,-109.980,-46.970,0.7850,1.0960
1848,22.0142,11.4090,0.7704,393216,830.47,12.67,1955198,-182.990,-109.980,-46.970,0.7850,1.0960
1849,22.0254,10.6542,0.8149,393216,830.47,12.67,1955198,-182.990,-109.980,-46.970,0.7850,1.0960
1850,22.0370,11.2205,1.0539,393216,830.47,12.67,1955198,-182.990,-109.980,-46.970,0.7850,1.0960
1851,22.0480,11.6021,0.8627,393216,830.47,12.67,1955198,-182.990,-109.980,-46.970,0.7850,1.0960
1852,22.0589,10.9758,0.7926,393216,830.47,12.67,1955198,-182.990,-109.980,-46.970,0.7850,1.0960
1853,22.0704,10.8821,1.0248,393216,830.47,12.67,1955198,-182.990,-109.980,-46.970,0.7850,1.0960
1854,22.0814,11.6078,0.8303,393216,830.47,12.67,1955198,-182.990,-109.980,-46.970,0.7850,1.0960
1855,22.0922,10.9220,0.7092,393216,830.47,12.67,1955198,-182.990,-109.980,-46.970,0.7850,1.0960
1856,22.1036,10.7684,0.9740,393216,830.47,12.67,1955198,-182.990,-109.980,-46.970,0.7850,1.0960
1857,22.1148,11.4144,0.8115,393216,830.47,12.67,1955198,-182.990,-109.980,-46.970,0.7850,1.0960
1858,22.1250,11.2324,0.7819,393216,830.47,12.67,1955198,-182.990,-109.980,-46.970,0.7850,1.0960
1859,22.1363,10.1928,0.8620,393216,830.47,12.67,1955198,-182.990,-109.980,-46.970,0.7850,1.0960
1860,22.1476,11.4033,0.8842,393216,830.47,12.67,1955198,-182.990,-109.980,-46.970,0.7850,1.0960
1861,22.1588,11.2357,0.8001,393216,830.47,12.67,1955198,-182.990,-109.980,-46.970,0.7850,1.0960
1862,22.1698,11.1656,0.8949,393216,830.47,12.67,1955198,-182.990,-109.980,-46.970,0.7850,1.0960
1863,22.1809,10.9821,0.8109,393216,830.47,12.67,1955198,-182.990,-109.980,-46.970,0.7850,1.0960
1864,22.1923,11.1523,0.8092,393216,830.47,12.67,1955198,-182.990,-109.980,-46.970,0.7850,1.0960
1865,22.2037,11.3396,1.0349,393216,830.47,12.67,1955198,-182.990,-109.980,-46.970,0.7850,1.0960
1866,22.2143,11.4532,0.7705,393216,830.47,12.67,1955198,-182.990,-109.980,-46.970,0.7850,1.0960
1867,22.2257,10.5976,0.8537,393216,830.47,12.67,1955198,-182.990,-109.980,-46.970,0.7850,1.0960
1868,22.2372,11.3695,1.0999,393216,830.47,12.67,1955198,-182.990,-109.980,-46.970,0.7850,1.0960
1869,22.2476,11.4993,0.7042,393216,830.47,12.67,1955198,-182.990,-109.980,-46.970,0.7850,1.0960
1870,22.2590,10.3784,0.8895,393216,830.47,12.67,1955198,-182.990,-109.980,-46.970,0.7850,1.0960
1871,22.2704,11.4677,1.0118,393216,830.47,12.67,1955198,-182.990,-109.980,-46.970,0.7850,1.0960
1872,22.2810,11.4030,0.8108,393216,830.47,12.67,1955198,-182.990,-109.980,-46.970,0.7850,1.0960
1873,22.2924,10.5755,0.8598,393216,830.47,12.67,1955198,-182.990,-109.980,-46.970,0.7850,1.0960
1874,22.3033,11.3462,0.9483,393216,830.47,12.67,1955198,-182.990,-109.980,-46.970,0.7850,1.0960
1875,22.3141,10.8870,0.8493,393216,830.47,12.67,1955198,-182.990,-109.980,-46.970,0.7850,1.0960
1876,22.3248,10.8597,0.7735,393216,830.47,12.67,1955198,-182.990,-109.980,-46.970,0.7850,1.0960
1877,22.3364,10.6899,0.8873,393216,830.47,12.67,1955198,-182.990,-109.980,-46.970,0.7850,1.0960
1878,22.3475,11.6020,0.8264,393216,830.47,12.67,1955198,-182.990,-109.980,-46.970,0.7850,1.0960
1879,22.3582,11.0530,0.8189,393216,830.47,12.67,1955198,-182.990,-109.980,-46.970,0.7850,1.0960
1880,22.3695,10.7035,0.8882,393216,830.47,12.67,1955198,-182.990,-109.980,-46.970,0.7850,1.0960
1881,22.3807,11.4052,0.8875,393216,830.47,12.67,1955198,-182.990,-109.980,-46.970,0.7850,1.0960
1882,22.3919,11.1589,0.8906,393216,830.47,12.67,1955198,-182.990,-109.980,-46.970,0.7850,1.0960
1883,22.4029,11.2349,0.9184,393216,830.47,12.67,1955198,-182.990,-109.980,-46.970,0.7850,1.0960
1884,22.4140,10.9476,0.8567,393216,830.47,12.67,1955198,-182.990,-109.980,-46.970,0.7850,1.0960
1885,22.4251,11.0650,0.8557,393216,830.47,12.67,1955198,-182.990,-109.980,-46.970,0.7850,1.0960
1886,22.4364,11.1663,0.8855,393216,830.47,12.67,1955198,-182.990,-109.980,-46.970,0.7850,1.0960
1887,22.4475,11.2980,0.9915,393216,830.47,12.67,1955198,-182.990,-109.980,-46.970,0.7850,1.0960
1888,22.4586,11.0458,0.8556,393216,830.47,12.67,1955198,-182.990,-109.980,-46.970,0.7850,1.0960
1889,22.4699,11.1620,0.8838,393216,830.47,12.67,1955198,-182.990,-109.980,-46.970,0.7850,1.0960
1890,22.4803,11.3040,0.9628,393216,830.47,12.67,1955198,-182.990,-109.980,-46.970,0.7850,1.0960
1891,22.4915,10.3129,0.8838,393216,830.47,12.67,1955198,-182.990,-109.980,-46.970,0.7850,1.0960
1892,22.5028,11.1970,0.9418,393216,830.47,12.67,1955198,-182.990,-109.980,-46.970,0.7850,1.0960
1893,22.5137,11.3160,0.9873,393216,830.47,12.67,1955198,-182.990,-109.980,-46.970,0.7850,1.0960
1894,22.5246,10.9259,0.8691,393216,830.47,12.67,1955198,-182.990,-109.980,-46.970,0.7850,1.0960
1895,22.5357,10.9274,0.7330,393216,830.47,12.67,1955198,-182.990,-109.980,-46.970,0.7850,1.0960
1896,22.5472,11.1618,0.9087,393216,830.47,12.67,1955198,-182.990,-109.980,-46.970,0.7850,1.0960
1897,22.5579,11.4892,0.8194,393216,830.47,12.67,1955198,-182.990,-109.980,-46.970,0.7850,1.0960
1898,22.5691,10.6355,0.7946,393216,830.47,12.67,1955198,-182.990,-109.980,-46.970,0.7850,1.0960
1899,22.5805,11.1779,0.8751,393216,830.47,12.67,1955198,-182.990,-109.980,-46.970,0.7850,1.0960
1900,22.5913,11.4523,0.8755,393216,830.47,12.67,1955198,-182.990,-109.980,-46.970,0.7850,1.0960
1901,22.6026,10.7441,0.8039,393216,830.47,12.67,1955198,-182.990,-109.980,-46.970,0.7850,1.0960
1902,22.6139,11.2718,0.9988,393216,830.47,12.67,1955198,-182.990,-109.980,-46.970,0.7850,1.0960
1903,22.6249,11.3833,0.7678,393216,830.47,12.67,1955198,-182.990,-109.980,-46.970,0.7850,1.0960
1904,22.6359,10.9913,0.8043,393216,830.47,12.67,1955198,-182.990,-109.980,-46.970,0.7850,1.0960
1905,22.6470,10.9735,0.8559,393216,830.47,12.67,1955198,-182.990,-109.980,-46.970,0.7850,1.0960
1906,22.6575,11.0693,0.7483,393216,830.47,12.67,1955198,-182.990,-109.980,-46.970,0.7850,1.0960
1907,22.6687,10.4730,0.9958,393216,830.47,12.67,1955198,-182.990,-109.980,-46.970,0.7850,1.0960
1908,22.6794,11.2016,0.7366,393216,830.47,12.67,1955198,-182.990,-109.980,-46.970,0.7850,1.0960
1909,22.6908,10.7568,0.7694,393216,830.47,12.67,1955198,-182.990,-109.980,-46.970,0.7850,1.0960
1910,22.7022,11.3967,0.8935,393216,830.47,12.67,1955198,-182.990,-109.980,-46.970,0.7850,1.0960
1911,22.7130,11.3552,0.8289,393216,830.47,12.67,1955198,-182.990,-109.980,-46.970,0.7850,1.0960
1912,22.7241,10.8682,0.8338,393216,830.47,12.67,1955198,-182.990,-109.980,-46.970,0.7850,1.0960
1913,22.7354,11.0868,0.8126,393216,830.47,12.67,1955198,-182.990,-109.980,-46.970,0.7850,1.0960
1914,22.7466,11.2558,1.0662,393216,830.47,12.67,1955198,-182.990,-109.980,-46.970,0.7850,1.0960
1915,22.7573,11.1834,0.7668,393216,830.47,12.67,1955198,-182.990,-109.980,-46.970,0.7850,1.0960
1916,22.7687,10.7004,0.8764,393216,830.47,12.67,1955198,-182.990,-109.980,-46.970,0.7850,1.0960
1917,22.7801,11.4023,1.1104,393216,830.47,12.67,1955198,-182.990,-109.980,-46.970,0.7850,1.0960
1918,22.7907,11.4968,0.7713,393216,830.47,12.67,1955198,-182.990,-109.980,-46.970,0.7850,1.0960
1919,22.8018,10.5196,0.7648,393216,830.47,12.67,1955198,-182.990,-109.980,-46.970,0.7850,1.0960
1920,22.8136,11.1374,1.2339,393216,830.47,12.67,1955198,-182.990,-109.980,-46.970,0.7850,1.0960
1921,22.8245,11.8127,0.9184,393216,830.47,12.67,1955198,-182.990,-109.980,-46.970,0.7850,1.0960
1922,22.8347,10.9016,0.8525,393216,830.47,12.67,1955198,-182.990,-109.980,-46.970,0.7850,1.0960
1923,22.8464,10.2029,1.0903,393216,830.47,12.67,1955198,-182.990,-109.980,-46.970,0.7850,1.0960
1924,22.8572,11.6365,0.8726,393216,830.47,12.67,1955198,-182.990,-109.980,-46.970,0.7850,1.0960
1925,22.8680,10.7931,0.8250,393216,830.47,12.67,1955198,-182.990,-109.980,-46.970,0.7850,1.0960
1926,22.8794,10.8390,0.9012,393216,830.47,12.67,1955198,-182.990,-109.980,-46.970,0.7850,1.0960
1927,22.8905,11.4483,0.8323,393216,830.47,12.67,1955198,-182.990,-109.980,-46.970,0.7850,1.0960
1928,22.9013,11.0619,0.7982,393216,830.47,12.67,1955198,-182.990,-109.980,-46.970,0.7850,1.0960
1929,22.9126,10.7358,0.8477,393216,830.47,12.67,1955198,-182.990,-109.980,-46.970,0.7850,1.0960
1930,22.9238,11.3970,0.8275,393216,830.47,12.67,1955198,-182.990,-109.980,-46.970,0.7850,1.0960
1931,22.9349,11.1589,0.8099,393216,830.47,12.67,1955198,-182.990,-109.980,-46.970,0.7850,1.0960
1932,22.9459,11.1357,0.9375,393216,830.47,12.67,1955198,-182.990,-109.980,-46.970,0.7850,1.0960
1933,22.9570,11.0114,0.8132,393216,830.47,12.67,1955198,-182.990,-109.980,-46.970,0.7850,1.0960
1934,22.9684,11.0542,0.8267,393216,830.47,12.67,1955198,-182.990,-109.980,-46.970,0.7850,1.0960
1935,22.9793,11.3673,0.9029,393216,830.47,12.67,1955198,-182.990,-109.980,-46.970,0.7850,1.0960
1936,22.9903,11.1002,0.7732,393216,830.47,12.67,1955198,-182.990,-109.980,-46.970,0.7850,1.0960
1937,23.0017,10.8302,0.8891,393216,830.47,12.67,1955198,-182.990,-109.980,-46.970,0.7850,1.0960
1938,23.0121,11.4107,0.7527,393216,830.47,12.67,1955198,-182.990,-109.980,-46.970,0.7850,1.0960
1939,23.0231,10.3730,0.7872,393216,830.47,12.67,1955198,-182.990,-109.980,-46.970,0.7850,1.0960
1940,23.0343,10.9700,0.8140,393216,830.47,12.67,1955198,-182.990,-109.980,-46.970,0.7850,1.0960
1941,23.0456,11.2213,0.8443,393216,830.47,12.67,1955198,-182.990,-109.980,-46.970,0.7850,1.0960
1942,23.0563,11.3290,0.8084,393216,830.47,12.67,1955198,-182.990,-109.980,-46.970,0.7850,1.0960
1943,23.0675,10.6725,0.8626,393216,830.47,12.67,1955198,-182.990,-109.980,-46.970,0.7850,1.0960
1944,23.0788,11.2665,0.8760,393216,830.47,12.67,1955198,-182.990,-109.980,-46.970,0.7850,1.0960
1945,23.0898,11.2390,0.7846,393216,830.47,12.67,1955198,-182.990,-109.980,-46.970,0.7850,1.0960
1946,23.1007,11.0316,0.7872,393216,830.47,12.67,1955198,-182.990,-109.980,-46.970,0.7850,1.0960
1947,23.1119,10.9114,0.8147,393216,830.47,12.67,1955198,-182.990,-109.980,-46.970,0.7850,1.0960
1948,23.1232,11.1877,0.8194,393216,830.47,12.67,1955198,-182.990,-109.980,-46.970,0.7850,1.0960
1949,23.1343,11.3132,1.0139,393216,830.47,12.67,1955198,-182.990,-109.980,-46.970,0.7850,1.0960
1950,23.1455,11.0515,0.8540,393216,830.47,12.67,1955198,-182.990,-109.980,-46.970,0.7850,1.0960
1951,23.1567,11.1863,0.8799,393216,830.47,12.67,1955198,-182.990,-109.980,-46.970,0.7850,1.0960
1952,23.1680,11.1912,0.8568,393216,830.47,12.67,1955198,-182.990,-109.980,-46.970,0.7850,1.0960
1953,23.1789,11.3059,0.8627,393216,830.47,12.67,1955198,-182.990,-109.980,-46.970,0.7850,1.0960
1954,23.1893,10.8994,0.8663,393216,830.47,12.67,1955198,-182.990,-109.980,-46.970,0.7850,1.0960
1955,23.2005,10.4046,0.8829,393216,830.47,12.67,1955198,-182.990,-109.980,-46.970,0.7850,1.0960
1956,23.2113,11.1924,0.9862,393216,830.47,12.67,1955198,-182.990,-109.980,-46.970,0.7850,1.0960
1957,23.2227,10.8878,1.1049,393216,830.47,12.67,1955198,-182.990,-109.980,-46.970,0.7850,1.0960
1958,23.2337,11.3162,0.8423,393216,830.47,12.67,1955198,-182.990,-109.980,-46.970,0.7850,1.0960
1959,23.2450,11.0221,0.9028,393216,830.47,12.67,1955198,-182.990,-109.980,-46.970,0.7850,1.0960
1960,23.2557,11.3013,0.8791,393216,830.47,12.67,1955198,-182.990,-109.980,-46.970,0.7850,1.0960
1961,23.2672,10.7459,0.9458,393216,830.47,12.67,1955198,-182.990,-109.980,-46.970,0.7850,1.0960
1962,23.2785,11.4196,0.8713,393216,830.47,12.67,1955198,-182.990,-109.980,-46.970,0.7850,1.0960
1963,23.2893,11.3067,0.9727,393216,830.47,12.67,1955198,-182.990,-109.980,-46.970,0.7850,1.0960
1964,23.3003,10.8817,0.8013,393216,830.47,12.67,1955198,-182.990,-109.980,-46.970,0.7850,1.0960
1965,23.3115,10.9771,0.7811,393216,830.47,12.67,1955198,-182.990,-109.980,-46.970,0.7850,1.0960
1966,23.3228,11.1703,0.8286,393216,830.47,12.67,1955198,-182.990,-109.980,-46.970,0.7850,1.0960
1967,23.3336,11.3594,0.7460,393216,830.47,12.67,1955198,-182.990,-109.980,-46.970,0.7850,1.0960
1968,23.3448,10.7082,0.8264,393216,830.47,12.67,1955198,-182.990,-109.980,-46.970,0.7850,1.0960
1969,23.3562,11.2372,0.8743,393216,830.47,12.67,1955198,-182.990,-109.980,-46.970,0.7850,1.0960
1970,23.3662,11.4179,0.7480,393216,830.47,12.67,1955198,-182.990,-109.980,-46.970,0.7850,1.0960
1971,23.3777,10.0076,0.9412,393216,830.47,12.67,1955198,-182.990,-109.980,-46.970,0.7850,1.0960
1972,23.3891,11.4439,1.1018,393216,830.47,12.67,1955198,-182.990,-109.980,-46.970,0.7850,1.0960
1973,23.4000,11.4633,0.8077,393216,830.47,12.67,1955198,-182.990,-109.980,-46.970,0.7850,1.0960
1974,23.4110,10.8566,0.9048,393216,830.47,12.67,1955198,-182.990,-109.980,-46.970,0.7850,1.0960
1975,23.4220,10.9770,0.8799,393216,830.47,12.67,1955198,-182.990,-109.980,-46.970,0.7850,1.0960
1976,23.4333,11.0512,0.7948,393216,830.47,12.67,1955198,-182.990,-109.980,-46.970,0.7850,1.0960
1977,23.4441,11.2556,0.8240,393216,830.47,12.67,1955198,-182.990,-109.980,-46.970,0.7850,1.0960
1978,23.4555,10.8425,1.0377,393216,830.47,12.67,1955198,-182.990,-109.980,-46.970,0.7850,1.0960
1979,23.4666,11.4170,0.8376,393216,830.47,12.67,1955198,-182.990,-109.980,-46.970,0.7850,1.0960
1980,23.4776,11.0463,0.7664,393216,830.47,12.67,1955198,-182.990,-109.980,-46.970,0.7850,1.0960
1981,23.4887,11.0729,0.9436,393216,830.47,12.67,1955198,-182.990,-109.980,-46.970,0.7850,1.0960
1982,23.4998,11.1715,0.8081,393216,830.47,12.67,1955198,-182.990,-109.980,-46.970,0.7850,1.0960
1983,23.5111,10.9627,0.8782,393216,830.47,12.67,1955198,-182.990,-109.980,-46.970,0.7850,1.0960
1984,23.5222,11.3252,1.0112,393216,830.47,12.67,1955198,-182.990,-109.980,-46.970,0.7850,1.0960
1985,23.5329,11.0595,0.7428,393216,830.47,12.67,1955198,-182.990,-109.980,-46.970,0.7850,1.0960
1986,23.5436,10.7802,0.8012,393216,830.47,12.67,1955198,-182.990,-109.980,-46.970,0.7850,1.0960
1987,23.5551,10.6123,1.0954,393216,830.47,12.67,1955198,-182.990,-109.980,-46.970,0.7850,1.0960
1988,23.5655,11.5291,0.7490,393216,830.47,12.67,1955198,-182.990,-109.980,-46.970,0.7850,1.0960
1989,23.5769,10.4337,0.8191,393216,830.47,12.67,1955198,-182.990,-109.980,-46.970,0.7850,1.0960
1990,23.5885,11.4095,1.0680,393216,830.47,12.67,1955198,-182.990,-109.980,-46.970,0.7850,1.0960
1991,23.5990,11.6136,0.7792,393216,830.47,12.67,1955198,-182.990,-109.980,-46.970,0.7850,1.0960
1992,23.6102,10.4334,0.7832,393216,830.47,12.67,1955198,-182.990,-109.980,-46.970,0.7850,1.0960
1993,23.6216,11.2117,0.8651,393216,830.47,12.67,1955198,-182.990,-109.980,-46.970,0.7850,1.0960
1994,23.6325,11.4674,0.7795,393216,830.47,12.67,1955198,-182.990,-109.980,-46.970,0.7850,1.0960
1995,23.6434,10.8401,0.7970,393216,830.47,12.67,1955198,-182.990,-109.980,-46.970,0.7850,1.0960
1996,23.6546,10.9069,0.8234,393216,830.47,12.67,1955198,-182.990,-109.980,-46.970,0.7850,1.0960
1997,23.6659,11.2073,0.7888,393216,830.47,12.67,1955198,-182.990,-109.980,-46.970,0.7850,1.0960
1998,23.6772,11.3033,0.8921,393216,830.47,12.67,1955198,-182.990,-109.980,-46.970,0.7850,1.0960
1999,23.6880,11.2765,0.7936,393216,830.47,12.67,1955198,-182.990,-109.980,-46.970,0.7850,1.0960
2000,23.6992,10.8071,0.7895,393216,830.47,12.67,1955198,-182.990,-109.980,-46.970,0.7850,1.0960
2001,23.7105,11.2470,0.8371,393216,830.47,12.67,1955198,-182.990,-109.980,-46.970,0.7850,1.0960
2002,23.7206,11.2467,0.7491,393216,830.47,12.67,1955198,-182.990,-109.980,-46.970,0.7850,1.0960
2003,23.7319,10.1178,0.7951,393216,830.47,12.67,1955198,-182.990,-109.980,-46.970,0.7850,1.0960
2004,23.7430,11.2718,0.8362,393216,830.47,12.67,1955198,-182.990,-109.980,-46.970,0.7850,1.0960
2005,23.7538,11.1462,0.7635,393216,830.47,12.67,1955198,-182.990,-109.980,-46.970,0.7850,1.0960
2006,23.7653,10.8198,1.0855,393216,830.47,12.67,1955198,-182.990,-109.980,-46.970,0.7850,1.0960
2007,23.7763,11.4547,0.8218,393216,830.47,12.67,1955198,-182.990,-109.980,-46.970,0.7850,1.0960
2008,23.7875,10.9542,0.8781,393216,830.47,12.67,1955198,-182.990,-109.980,-46.970,0.7850,1.0960
2009,23.7984,11.2407,0.9478,393216,830.47,12.67,1955198,-182.990,-109.980,-46.970,0.7850,1.0960
2010,23.8095,10.9246,0.7803,393216,830.47,12.67,1955198,-182.990,-109.980,-46.970,0.7850,1.0960
2011,23.8211,11.1253,0.8696,393216,830.47,12.67,1955198,-182.990,-109.980,-46.970,0.7850,1.0960
2012,23.8321,11.5281,1.0841,393216,830.47,12.67,1955198,-182.990,-109.980,-46.970,0.7850,1.0960
2013,23.8431,11.0138,0.8239,393216,830.47,12.67,1955198,-182.990,-109.980,-46.970,0.7850,1.0960
2014,23.8543,11.0051,0.8473,393216,830.47,12.67,1955198,-182.990,-109.980,-46.970,0.7850,1.0960
2015,23.8656,11.2528,0.9313,393216,830.47,12.67,1955198,-182.990,-109.980,-46.970,0.7850,1.0960
2016,23.8763,11.2887,0.8492,393216,830.47,12.67,1955198,-182.990,-109.980,-46.970,0.7850,1.0960
2017,23.8876,10.7104,0.8291,393216,830.47,12.67,1955198,-182.990,-109.980,-46.970,0.7850,1.0960
2018,23.8986,11.3067,1.1883,393216,830.47,12.67,1955198,-182.990,-109.980,-46.970,0.7850,1.0960
2019,23.9090,10.9563,0.7677,393216,830.47,12.67,1955198,-182.990,-109.980,-46.970,0.7850,1.0960
2020,23.9202,10.4093,0.8182,393216,830.47,12.67,1955198,-182.990,-109.980,-46.970,0.7850,1.0960
2021,23.9318,11.1576,1.0585,393216,830.47,12.67,1955198,-182.990,-109.980,-46.970,0.7850,1.0960
2022,23.9429,11.6274,0.8516,393216,830.47,12.67,1955198,-182.990,-109.980,-46.970,0.7850,1.0960
2023,23.9536,11.0920,0.7692,393216,830.47,12.67,1955198,-182.990,-109.980,-46.970,0.7850,1.0960
2024,23.9649,10.7183,0.9204,393216,830.47,12.67,1955198,-182.990,-109.980,-46.970,0.7850,1.0960
2025,23.9761,11.3043,0.8389,393216,830.47,12.67,1955198,-182.990,-109.980,-46.970,0.7850,1.0960
2026,23.9870,11.2277,0.8495,393216,830.47,12.67,1955198,-182.990,-109.980,-46.970,0.7850,1.0960
2027,23.9982,10.8535,0.9336,393216,830.47,12.67,1955198,-182.990,-109.980,-46.970,0.7850,1.0960
2028,24.0094,11.2485,0.7871,393216,830.47,12.67,1955198,-182.990,-109.980,-46.970,0.7850,1.0960
2029,24.0206,11.1126,0.7984,393216,830.47,12.67,1955198,-182.990,-109.980,-46.970,0.7850,1.0960
2030,24.0319,11.2499,1.2128,393216,830.47,12.67,1955198,-182.990,-109.980,-46.970,0.7850,1.0960
2031,24.0426,11.2764,0.7548,393216,830.47,12.67,1955198,-182.990,-109.980,-46.970,0.7850,1.0960
2032,24.0541,10.7416,0.8201,393216,830.47,12.67,1955198,-182.990,-109.980,-46.970,0.7850,1.0960
2033,24.0655,11.4661,1.1429,393216,830.47,12.67,1955198,-182.990,-109.980,-46.970,0.7850,1.0960
2034,24.0754,11.4270,0.8041,393216,830.47,12.67,1955198,-182.990,-109.980,-46.970,0.7850,1.0960
2035,24.0868,9.8939,0.8124,393216,830.47,12.67,1955198,-182.990,-109.980,-46.970,0.7850,1.0960
2036,24.0982,11.3400,1.0558,393216,830.47,12.67,1955198,-182.990,-109.980,-46.970,0.7850,1.0960
2037,24.1087,11.4203,0.7352,393216,830.47,12.67,1955198,-182.990,-109.980,-46.970,0.7850,1.0960
2038,24.1200,10.5104,0.8404,393216,830.47,12.67,1955198,-182.990,-109.980,-46.970,0.7850,1.0960
2039,24.1315,11.3286,1.0156,393216,830.47,12.67,1955198,-182.990,-109.980,-46.970,0.7850,1.0960
2040,24.1421,11.4629,0.8354,393216,830.47,12.67,1955198,-182.990,-109.980,-46.970,0.7850,1.0960
2041,24.1532,10.5931,0.8311,393216,830.47,12.67,1955198,-182.990,-109.980,-46.970,0.7850,1.0960
2042,24.1651,11.1540,1.3909,393216,830.47,12.67,1955198,-182.990,-109.980,-46.970,0.7850,1.0960
2043,24.1758,11.9036,0.9434,393216,830.47,12.67,1955198,-182.990,-109.980,-46.970,0.7850,1.0960
2044,24.1864,10.6326,0.7773,393216,830.47,12.67,1955198,-182.990,-109.980,-46.970,0.7850,1.0960
2045,24.1980,10.6160,0.9983,393216,830.47,12.67,1955198,-182.990,-109.980,-46.970,0.7850,1.0960
2046,24.2092,11.6510,0.8264,393216,830.47,12.67,1955198,-182.990,-109.980,-46.970,0.7850,1.0960
2047,24.2200,11.1356,0.8063,393216,830.47,12.67,1955198,-182.990,-109.980,-46.970,0.7850,1.0960
2048,24.2314,10.8026,0.8437,393216,830.47,12.67,1955198,-182.990,-109.980,-46.970,0.7850,1.0960
2049,24.2423,11.4010,0.7618,393216,830.47,12.67,1955198,-182.990,-109.980,-46.970,0.7850,1.0960
2050,24.2530,10.9599,0.8851,393216,830.47,12.67,1955198,-182.990,-109.980,-46.970,0.7850,1.0960
2051,24.2637,10.6773,0.7272,393216,830.47,12.67,1955198,-182.990,-109.980,-46.970,0.7850,1.0960
2052,24.2752,10.7039,0.8635,393216,830.47,12.67,1955198,-182.990,-109.980,-46.970,0.7850,1.0960
2053,24.2863,11.4552,0.7889,393216,830.47,12.67,1955198,-182.990,-109.980,-46.970,0.7850,1.0960
2054,24.2971,11.1427,0.8223,393216,830.47,12.67,1955198,-182.990,-109.980,-46.970,0.7850,1.0960
2055,24.3083,10.8134,0.9279,393216,830.47,12.67,1955198,-182.990,-109.980,-46.970,0.7850,1.0960
2056,24.3194,11.2268,0.8488,393216,830.47,12.67,1955198,-182.990,-109.980,-46.970,0.7850,1.0960
2057,24.3307,11.0817,0.8225,393216,830.47,12.67,1955198,-182.990,-109.980,-46.970,0.7850,1.0960
2058,24.3415,11.2453,0.8731,393216,830.47,12.67,1955198,-182.990,-109.980,-46.970,0.7850,1.0960
2059,24.3526,10.8414,0.7483,393216,830.47,12.67,1955198,-182.990,-109.980,-46.970,0.7850,1.0960
2060,24.3640,11.0734,0.8399,393216,830.47,12.67,1955198,-182.990,-109.980,-46.970,0.7850,1.0960
2061,24.3754,11.4027,0.9743,393216,830.47,12.67,1955198,-182.990,-109.980,-46.970,0.7850,1.0960
2062,24.3862,11.4291,0.8149,393216,830.47,12.67,1955198,-182.990,-109.980,-46.970,0.7850,1.0960
2063,24.3973,10.7707,0.7858,393216,830.47,12.67,1955198,-182.990,-109.980,-46.970,0.7850,1.0960
2064,24.4087,11.1175,0.9287,393216,830.47,12.67,1955198,-182.990,-109.980,-46.970,0.7850,1.0960
2065,24.4194,11.3941,0.8025,393216,830.47,12.67,1955198,-182.990,-109.980,-46.970,0.7850,1.0960
2066,24.4299,10.7230,0.7908,393216,830.47,12.67,1955198,-182.990,-109.980,-46.970,0.7850,1.0960
2067,24.4415,10.5072,1.0606,393216,830.47,12.67,1955198,-182.990,-109.980,-46.970,0.7850,1.0960
2068,24.4520,11.6037,0.7809,393216,830.47,12.67,1955198,-182.990,-109.980,-46.970,0.7850,1.0960
2069,24.4632,10.4883,0.8457,393216,830.47,12.67,1955198,-182.990,-109.980,-46.970,0.7850,1.0960
2070,24.4746,11.1859,1.0573,393216,830.47,12.67,1955198,-182.990,-109.980,-46.970,0.7850,1.0960
2071,24.4856,11.3846,0.7870,393216,830.47,12.67,1955198,-182.990,-109.980,-46.970,0.7850,1.0960
2072,24.4965,11.0060,0.8323,393216,830.47,12.67,1955198,-182.990,-109.980,-46.970,0.7850,1.0960
2073,24.5076,10.8604,0.8808,393216,830.47,12.67,1955198,-182.990,-109.980,-46.970,0.7850,1.0960
2074,24.5190,11.1889,0.8621,393216,830.47,12.67,1955198,-182.990,-109.980,-46.970,0.7850,1.0960
2075,24.5303,11.3096,0.9180,393216,830.47,12.67,1955198,-182.990,-109.980,-46.970,0.7850,1.0960
2076,24.5413,11.3340,1.0233,393216,830.47,12.67,1955198,-182.990,-109.980,-46.970,0.7850,1.0960
2077,24.5523,11.0552,0.7797,393216,830.47,12.67,1955198,-182.990,-109.980,-46.970,0.7850,1.0960
2078,24.5636,10.9990,0.7530,393216,830.47,12.67,1955198,-182.990,-109.980,-46.970,0.7850,1.0960
2079,24.5747,11.2179,1.0388,393216,830.47,12.67,1955198,-182.990,-109.980,-46.970,0.7850,1.0960
2080,24.5856,11.1057,0.7947,393216,830.47,12.67,1955198,-182.990,-109.980,-46.970,0.7850,1.0960
2081,24.5971,10.8864,0.8907,393216,830.47,12.67,1955198,-182.990,-109.980,-46.970,0.7850,1.0960
2082,24.6072,11.5764,0.8234,393216,830.47,12.67,1955198,-182.990,-109.980,-46.970,0.7850,1.0960
2083,24.6182,10.1471,0.7858,393216,830.47,12.67,1955198,-182.990,-109.980,-46.970,0.7850,1.0960
2084,24.6295,10.8729,0.7648,393216,830.47,12.67,1955198,-182.990,-109.980,-46.970,0.7850,1.0960
2085,24.6411,11.2963,1.1467,393216,830.47,12.67,1955198,-182.990,-109.980,-46.970,0.7850,1.0960
2086,24.6516,11.6901,0.7882,393216,830.47,12.67,1955198,-182.990,-109.980,-46.970,0.7850,1.0960
2087,24.6629,10.4670,0.8537,393216,830.47,12.67,1955198,-182.990,-109.980,-46.970,0.7850,1.0960
2088,24.6746,11.2754,1.1704,393216,830.47,12.67,1955198,-182.990,-109.980,-46.970,0.7850,1.0960
2089,24.6850,11.7349,0.7831,393216,830.47,12.67,1955198,-182.990,-109.980,-46.970,0.7850,1.0960
2090,24.6964,10.4306,0.8124,393216,830.47,12.67,1955198,-182.990,-109.980,-46.970,0.7850,1.0960
2091,24.7080,11.3645,1.1642,393216,830.47,12.67,1955198,-182.990,-109.980,-46.970,0.7850,1.0960
2092,24.7188,11.5465,0.7500,393216,830.47,12.67,1955198,-182.990,-109.980,-46.970,0.7850,1.0960
2093,24.7297,10.8474,0.7328,393216,830.47,12.67,1955198,-182.990,-109.980,-46.970,0.7850,1.0960
2094,24.7407,10.8583,0.7469,393216,830.47,12.67,1955198,-182.990,-109.980,-46.970,0.7850,1.0960
2095,24.7520,11.0453,0.7635,393216,830.47,12.67,1955198,-182.990,-109.980,-46.970,0.7850,1.0960
2096,24.7633,11.2887,0.8170,393216,830.47,12.67,1955198,-182.990,-109.980,-46.970,0.7850,1.0960
2097,24.7743,11.3108,0.7995,393216,830.47,12.67,1955198,-182.990,-109.980,-46.970,0.7850,1.0960
2098,24.7848,11.0049,0.7928,393216,830.47,12.67,1955198,-182.990,-109.980,-46.970,0.7850,1.0960
2099,24.7962,10.5004,0.9556,393216,830.47,12.67,1955198,-182.990,-109.980,-46.970,0.7850,1.0960
2100,24.8071,11.4461,0.9126,393216,830.47,12.67,1955198,-182.990,-109.980,-46.970,0.7850,1.0960
2101,24.8184,10.8444,0.9184,393216,830.47,12.67,1955198,-182.990,-109.980,-46.970,0.7850,1.0960
2102,24.8296,11.2851,0.9072,393216,830.47,12.67,1955198,-182.990,-109.980,-46.970,0.7850,1.0960
2103,24.8406,11.1704,1.0381,393216,830.47,12.67,1955198,-182.990,-109.980,-46.970,0.7850,1.0960
2104,24.8515,11.0176,0.8686,393216,830.47,12.67,1955198,-182.990,-109.980,-46.970,0.7850,1.0960
2105,24.8628,10.9120,0.8192,393216,830.47,12.67,1955198,-182.990,-109.980,-46.970,0.7850,1.0960
2106,24.8743,11.3434,0.9539,393216,830.47,12.67,1955198,-182.990,-109.980,-46.970,0.7850,1.0960
2107,24.8850,11.4480,0.8443,393216,830.47,12.67,1955198,-182.990,-109.980,-46.970,0.7850,1.0960
2108,24.8962,10.6993,0.8856,393216,830.47,12.67,1955198,-182.990,-109.980,-46.970,0.7850,1.0960
2109,24.9079,11.2653,1.0998,393216,830.47,12.67,1955198,-182.990,-109.980,-46.970,0.7850,1.0960
2110,24.9190,11.6865,0.9693,393216,830.47,12.67,1955198,-182.990,-109.980,-46.970,0.7850,1.0960
2111,24.9297,11.0423,0.8333,393216,830.47,12.67,1955198,-182.990,-109.980,-46.970,0.7850,1.0960
2112,24.9412,10.7750,1.0004,393216,830.47,12.67,1955198,-182.990,-109.980,-46.970,0.7850,1.0960
2113,24.9521,11.4868,0.8682,393216,830.47,12.67,1955198,-182.990,-109.980,-46.970,0.7850,1.0960
2114,24.9623,10.8829,0.8531,393216,830.47,12.67,1955198,-182.990,-109.980,-46.970,0.7850,1.0960
2115,24.9738,10.2017,0.9292,393216,830.47,12.67,1955198,-182.990,-109.980,-46.970,0.7850,1.0960
2116,24.9848,11.6024,0.8277,393216,830.47,12.67,1955198,-182.990,-109.980,-46.970,0.7850,1.0960
2117,24.9956,10.8934,0.8471,393216,830.47,12.67,1955198,-182.990,-109.980,-46.970,0.7850,1.0960
2118,25.0068,10.8313,0.8186,393216,830.47,12.67,1955198,-182.990,-109.980,-46.970,0.7850,1.0960
2119,25.0181,11.2533,0.7671,393216,830.47,12.67,1955198,-182.990,-109.980,-46.970,0.7850,1.0960
2120,25.0293,11.1584,0.7648,393216,830.47,12.67,1955198,-182.990,-109.980,-46.970,0.7850,1.0960
2121,25.0404,11.2266,0.7916,393216,830.47,12.67,1955198,-182.990,-109.980,-46.970,0.7850,1.0960
2122,25.0514,11.1606,0.7707,393216,830.47,12.67,1955198,-182.990,-109.980,-46.970,0.7850,1.0960
2123,25.0628,10.9627,0.8412,393216,830.47,12.67,1955198,-182.990,-109.980,-46.970,0.7850,1.0960
2124,25.0742,11.4234,1.0474,393216,830.47,12.67,1955198,-182.990,-109.980,-46.970,0.7850,1.0960
2125,25.0848,11.3656,0.7769,393216,830.47,12.67,1955198,-182.990,-109.980,-46.970,0.7850,1.0960
2126,25.0962,10.6118,0.8125,393216,830.47,12.67,1955198,-182.990,-109.980,-46.970,0.7850,1.0960
2127,25.1075,11.3545,0.9951,393216,830.47,12.67,1955198,-182.990,-109.980,-46.970,0.7850,1.0960
2128,25.1182,11.3302,0.8485,393216,830.47,12.67,1955198,-182.990,-109.980,-46.970,0.7850,1.0960
2129,25.1294,10.7102,0.8051,393216,830.47,12.67,1955198,-182.990,-109.980,-46.970,0.7850,1.0960
2130,25.1402,11.2239,0.9771,393216,830.47,12.67,1955198,-182.990,-109.980,-46.970,0.7850,1.0960
2131,25.1509,10.8314,0.8398,393216,830.47,12.67,1955198,-182.990,-109.980,-46.970,0.7850,1.0960
2132,25.1620,10.6320,0.7787,393216,830.47,12.67,1955198,-182.990,-109.980,-46.970,0.7850,1.0960
2133,25.1736,11.0788,0.9696,393216,830.47,12.67,1955198,-182.990,-109.980,-46.970,0.7850,1.0960
2134,25.1846,11.6582,0.9086,393216,830.47,12.67,1955198,-182.990,-109.980,-46.970,0.7850,1.0960
2135,25.1954,11.0091,0.7965,393216,830.47,12.67,1955198,-182.990,-109.980,-46.970,0.7850,1.0960
2136,25.2067,10.7320,0.8032,393216,830.47,12.67,1955198,-182.990,-109.980,-46.970,0.7850,1.0960
2137,25.2181,11.2922,0.8177,393216,830.47,12.67,1955198,-182.990,-109.980,-46.970,0.7850,1.0960
2138,25.2289,11.4288,0.7800,393216,830.47,12.67,1955198,-182.990,-109.980,-46.970,0.7850,1.0960
2139,25.2403,10.7726,0.7700,393216,830.47,12.67,1955198,-182.990,-109.980,-46.970,0.7850,1.0960
2140,25.2515,11.4140,0.7994,393216,830.47,12.67,1955198,-182.990,-109.980,-46.970,0.7850,1.0960
2141,25.2628,11.2553,0.8618,393216,830.47,12.67,1955198,-182.990,-109.980,-46.970,0.7850,1.0960
2142,25.2736,11.2535,0.8323,393216,830.47,12.67,1955198,-182.990,-109.980,-46.970,0.7850,1.0960
2143,25.2848,10.8306,0.8120,393216,830.47,12.67,1955198,-182.990,-109.980,-46.970,0.7850,1.0960
2144,25.2961,11.1349,0.8363,393216,830.47,12.67,1955198,-182.990,-109.980,-46.970,0.7850,1.0960
2145,25.3073,11.3796,0.9787,393216,830.47,12.67,1955198,-182.990,-109.980,-46.970,0.7850,1.0960
2146,25.3173,11.1720,0.7649,393216,830.47,12.67,1955198,-182.990,-109.980,-46.970,0.7850,1.0960
2147,25.3288,10.0303,0.8250,393216,830.47,12.67,1955198,-182.990,-109.980,-46.970,0.7850,1.0960
2148,25.3405,11.4967,0.9109,393216,830.47,12.67,1955198,-182.990,-109.980,-46.970,0.7850,1.0960
2149,25.3509,11.6865,0.7575,393216,830.47,12.67,1955198,-182.990,-109.980,-46.970,0.7850,1.0960
2150,25.3623,10.3429,0.8485,393216,830.47,12.67,1955198,-182.990,-109.980,-46.970,0.7850,1.0960
2151,25.3736,11.4700,0.8827,393216,830.47,12.67,1955198,-182.990,-109.980,-46.970,0.7850,1.0960
2152,25.3844,11.2369,0.8735,393216,830.47,12.67,1955198,-182.990,-109.980,-46.970,0.7850,1.0960
2153,25.3955,10.8955,0.7762,393216,830.47,12.67,1955198,-182.990,-109.980,-46.970,0.7850,1.0960
2154,25.4072,11.0500,1.0817,393216,830.47,12.67,1955198,-182.990,-109.980,-46.970,0.7850,1.0960
2155,25.4180,11.6822,0.7833,393216,830.47,12.67,1955198,-182.990,-109.980,-46.970,0.7850,1.0960
2156,25.4290,10.7674,0.9233,393216,830.47,12.67,1955198,-182.990,-109.980,-46.970,0.7850,1.0960
2157,25.4404,11.0359,1.0037,393216,830.47,12.67,1955198,-182.990,-109.980,-46.970,0.7850,1.0960
2158,25.4515,11.3858,0.8261,393216,830.47,12.67,1955198,-182.990,-109.980,-46.970,0.7850,1.0960
2159,25.4627,11.0845,0.8176,393216,830.47,12.67,1955198,-182.990,-109.980,-46.970,0.7850,1.0960
2160,25.4737,11.1911,0.9284,393216,830.47,12.67,1955198,-182.990,-109.980,-46.970,0.7850,1.0960
2161,25.4849,11.0370,0.8155,393216,830.47,12.67,1955198,-182.990,-109.980,-46.970,0.7850,1.0960
2162,25.4956,11.2104,0.9026,393216,830.47,12.67,1955198,-182.990,-109.980,-46.970,0.7850,1.0960
2163,25.5063,10.6529,0.7900,393216,830.47,12.67,1955198,-182.990,-109.980,-46.970,0.7850,1.0960
2164,25.5177,10.7259,0.8770,393216,830.47,12.67,1955198,-182.990,-109.980,-46.970,0.7850,1.0960
2165,25.5288,11.4044,0.7977,393216,830.47,12.67,1955198,-182.990,-109.980,-46.970,0.7850,1.0960
2166,25.5397,11.1367,0.8144,393216,830.47,12.67,1955198,-182.990,-109.980,-46.970,0.7850,1.0960
2167,25.5508,10.8951,0.8247,393216,830.47,12.67,1955198,-182.990,-109.980,-46.970,0.7850,1.0960
2168,25.5620,11.0838,0.8094,393216,830.47,12.67,1955198,-182.990,-109.980,-46.970,0.7850,1.0960
2169,25.5737,11.1650,0.9540,393216,830.47,12.67,1955198,-182.990,-109.980,-46.970,0.7850,1.0960
2170,25.5842,11.7386,0.8486,393216,830.47,12.67,1955198,-182.990,-109.980,-46.970,0.7850,1.0960
2171,25.5954,10.4989,0.8580,393216,830.47,12.67,1955198,-182.990,-109.980,-46.970,0.7850,1.0960
2172,25.6069,11.1723,0.9041,393216,830.47,12.67,1955198,-182.990,-109.980,-46.970,0.7850,1.0960
2173,25.6181,11.5783,0.8972,393216,830.47,12.67,1955198,-182.990,-109.980,-46.970,0.7850,1.0960
2174,25.6289,11.1024,0.8604,393216,830.47,12.67,1955198,-182.990,-109.980,-46.970,0.7850,1.0960
2175,25.6403,10.8877,0.8814,393216,830.47,12.67,1955198,-182.990,-109.980,-46.970,0.7850,1.0960
2176,25.6513,11.3560,0.8037,393216,830.47,12.67,1955198,-182.990,-109.980,-46.970,0.7850,1.0960
2177,25.6621,10.9901,0.8199,393216,830.47,12.67,1955198,-182.990,-109.980,-46.970,0.7850,1.0960
2178,25.6726,10.8320,0.7508,393216,830.47,12.67,1955198,-182.990,-109.980,-46.970,0.7850,1.0960
2179,25.6839,10.5163,0.8259,393216,830.47,12.67,1955198,-182.990,-109.980,-46.970,0.7850,1.0960
2180,25.6946,11.2993,0.7519,393216,830.47,12.67,1955198,-182.990,-109.980,-46.970,0.7850,1.0960
2181,25.7059,10.6989,0.8263,393216,830.47,12.67,1955198,-182.990,-109.980,-46.970,0.7850,1.0960
2182,25.7171,11.2356,0.8207,393216,830.47,12.67,1955198,-182.990,-109.980,-46.970,0.7850,1.0960
2183,25.7284,11.2420,0.8381,393216,830.47,12.67,1955198,-182.990,-109.980,-46.970,0.7850,1.0960
2184,25.7393,11.3136,0.8191,393216,830.47,12.67,1955198,-182.990,-109.980,-46.970,0.7850,1.0960
2185,25.7505,10.8942,0.7933,393216,830.47,12.67,1955198,-182.990,-109.980,-46.970,0.7850,1.0960
2186,25.7619,11.1590,0.8112,393216,830.47,12.67,1955198,-182.990,-109.980,-46.970,0.7850,1.0960
2187,25.7727,11.3891,0.8803,393216,830.47,12.67,1955198,-182.990,-109.980,-46.970,0.7850,1.0960
2188,25.7843,10.8757,0.9689,393216,830.47,12.67,1955198,-182.990,-109.980,-46.970,0.7850,1.0960
2189,25.7953,11.5422,0.8012,393216,830.47,12.67,1955198,-182.990,-109.980,-46.970,0.7850,1.0960
2190,25.8067,11.0220,0.8864,393216,830.47,12.67,1955198,-182.990,-109.980,-46.970,0.7850,1.0960
2191,25.8174,11.3413,0.8013,393216,830.47,12.67,1955198,-182.990,-109.980,-46.970,0.7850,1.0960
2192,25.8287,10.7323,0.8752,393216,830.47,12.67,1955198,-182.990,-109.980,-46.970,0.7850,1.0960
2193,25.8399,11.2644,0.8299,393216,830.47,12.67,1955198,-182.990,-109.980,-46.970,0.7850,1.0960
2194,25.8505,11.2951,1.1272,393216,830.47,12.67,1955198,-182.990,-109.980,-46.970,0.7850,1.0960
2195,25.8614,10.5921,0.8361,393216,830.47,12.67,1955198,-182.990,-109.980,-46.970,0.7850,1.0960
2196,25.8726,10.8553,0.7914,393216,830.47,12.67,1955198,-182.990,-109.980,-46.970,0.7850,1.0960
2197,25.8839,11.2159,0.8871,393216,830.47,12.67,1955198,-182.990,-109.980,-46.970,0.7850,1.0960
2198,25.8950,11.3068,1.1237,393216,830.47,12.67,1955198,-182.990,-109.980,-46.970,0.7850,1.0960
2199,25.9060,11.0750,0.8160,393216,830.47,12.67,1955198,-182.990,-109.980,-46.970,0.7850,1.0960
2200,25.9172,10.9813,0.7526,393216,830.47,12.67,1955198,-182.990,-109.980,-46.970,0.7850,1.0960
2201,25.9288,11.2434,1.0024,393216,830.47,12.67,1955198,-182.990,-109.980,-46.970,0.7850,1.0960
2202,25.9394,11.5942,0.7211,393216,830.47,12.67,1955198,-182.990,-109.980,-46.970,0.7850,1.0960
2203,25.9507,10.5522,0.8452,393216,830.47,12.67,1955198,-182.990,-109.980,-46.970,0.7850,1.0960
2204,25.9620,11.3439,0.9393,393216,830.47,12.67,1955198,-182.990,-109.980,-46.970,0.7850,1.0960
2205,25.9727,11.2800,0.7531,393216,830.47,12.67,1955198,-182.990,-109.980,-46.970,0.7850,1.0960
2206,25.9840,10.6780,0.8369,393216,830.47,12.67,1955198,-182.990,-109.980,-46.970,0.7850,1.0960
2207,25.9954,11.3548,0.8380,393216,830.47,12.67,1955198,-182.990,-109.980,-46.970,0.7850,1.0960
2208,26.0068,11.3703,1.0156,393216,830.47,12.67,1955198,-182.990,-109.980,-46.970,0.7850,1.0960
2209,26.0177,11.4068,0.8820,393216,830.47,12.67,1955198,-182.990,-109.980,-46.970,0.7850,1.0960
2210,26.0284,10.8670,1.0146,393216,830.47,12.67,1955198,-182.990,-109.980,-46.970,0.7850,1.0960
2211,26.0396,10.7434,0.9359,393216,830.47,12.67,1955198,-182.990,-109.980,-46.970,0.7850,1.0960
2212,26.0503,11.2289,0.7890,393216,830.47,12.67,1955198,-182.990,-109.980,-46.970,0.7850,1.0960
2213,26.0619,10.6800,1.0464,393216,830.47,12.67,1955198,-182.990,-109.980,-46.970,0.7850,1.0960
2214,26.0730,11.6167,0.8910,393216,830.47,12.67,1955198,-182.990,-109.980,-46.970,0.7850,1.0960
2215,26.0840,11.0773,1.0293,393216,830.47,12.67,1955198,-182.990,-109.980,-46.970,0.7850,1.0960
2216,26.0952,11.0164,0.9885,393216,830.47,12.67,1955198,-182.990,-109.980,-46.970,0.7850,1.0960
2217,26.1063,11.2123,0.8425,393216,830.47,12.67,1955198,-182.990,-109.980,-46.970,0.7850,1.0960
2218,26.1176,11.0965,0.8473,393216,830.47,12.67,1955198,-182.990,-109.980,-46.970,0.7850,1.0960
2219,26.1286,11.2713,0.9459,393216,830.47,12.67,1955198,-182.990,-109.980,-46.970,0.7850,1.0960
2220,26.1397,10.9731,0.8832,393216,830.47,12.67,1955198,-182.990,-109.980,-46.970,0.7850,1.0960
2221,26.1511,11.1145,0.9372,393216,830.47,12.67,1955198,-182.990,-109.980,-46.970,0.7850,1.0960
2222,26.1625,11.4215,1.1114,393216,830.47,12.67,1955198,-182.990,-109.980,-46.970,0.7850,1.0960
2223,26.1730,11.4253,0.8148,393216,830.47,12.67,1955198,-182.990,-109.980,-46.970,0.7850,1.0960
2224,26.1844,10.5040,0.8928,393216,830.47,12.67,1955198,-182.990,-109.980,-46.970,0.7850,1.0960
2225,26.1958,11.3899,1.0267,393216,830.47,12.67,1955198,-182.990,-109.980,-46.970,0.7850,1.0960
2226,26.2059,11.3763,0.8735,393216,830.47,12.67,1955198,-182.990,-109.980,-46.970,0.7850,1.0960
2227,26.2173,10.0798,0.9241,393216,830.47,12.67,1955198,-182.990,-109.980,-46.970,0.7850,1.0960
2228,26.2287,11.4195,1.1235,393216,830.47,12.67,1955198,-182.990,-109.980,-46.970,0.7850,1.0960
2229,26.2393,11.3828,0.8589,393216,830.47,12.67,1955198,-182.990,-109.980,-46.970,0.7850,1.0960
2230,26.2505,10.5770,0.9201,393216,830.47,12.67,1955198,-182.990,-109.980,-46.970,0.7850,1.0960
2231,26.2619,11.2805,1.0449,393216,830.47,12.67,1955198,-182.990,-109.980,-46.970,0.7850,1.0960
2232,26.2727,11.3944,0.7748,393216,830.47,12.67,1955198,-182.990,-109.980,-46.970,0.7850,1.0960
2233,26.2836,10.7831,0.8274,393216,830.47,12.67,1955198,-182.990,-109.980,-46.970,0.7850,1.0960
2234,26.2953,10.9109,1.1331,393216,830.47,12.67,1955198,-182.990,-109.980,-46.970,0.7850,1.0960
2235,26.3063,11.6550,0.7870,393216,830.47,12.67,1955198,-182.990,-109.980,-46.970,0.7850,1.0960
2236,26.3176,10.9721,0.8648,393216,830.47,12.67,1955198,-182.990,-109.980,-46.970,0.7850,1.0960
2237,26.3287,11.2825,1.0432,393216,830.47,12.67,1955198,-182.990,-109.980,-46.970,0.7850,1.0960
2238,26.3398,11.2218,0.8250,393216,830.47,12.67,1955198,-182.990,-109.980,-46.970,0.7850,1.0960
2239,26.3510,11.0657,0.8159,393216,830.47,12.67,1955198,-182.990,-109.980,-46.970,0.7850,1.0960
2240,26.3622,11.1639,1.1264,393216,830.47,12.67,1955198,-182.990,-109.980,-46.970,0.7850,1.0960
2241,26.3730,11.2429,0.7872,393216,830.47,12.67,1955198,-182.990,-109.980,-46.970,0.7850,1.0960
2242,26.3838,10.7913,0.8371,393216,830.47,12.67,1955198,-182.990,-109.980,-46.970,0.7850,1.0960
2243,26.3946,10.7307,0.8042,393216,830.47,12.67,1955198,-182.990,-109.980,-46.970,0.7850,1.0960
2244,26.4056,10.8457,0.8040,393216,830.47,12.67,1955198,-182.990,-109.980,-46.970,0.7850,1.0960
2245,26.4168,10.9482,0.7886,393216,830.47,12.67,1955198,-182.990,-109.980,-46.970,0.7850,1.0960
2246,26.4291,11.2632,1.7155,393216,830.47,12.67,1955198,-182.990,-109.980,-46.970,0.7850,1.0960
2247,26.4390,12.3179,0.7881,393216,830.47,12.67,1955198,-182.990,-109.980,-46.970,0.7850,1.0960
2248,26.4502,9.8673,0.8446,393216,830.47,12.67,1955198,-182.990,-109.980,-46.970,0.7850,1.0960
2249,26.4619,11.1950,1.1965,393216,830.47,12.67,1955198,-182.990,-109.980,-46.970,0.7850,1.0960
2250,26.4728,11.7005,0.8293,393216,830.47,12.67,1955198,-182.990,-109.980,-46.970,0.7850,1.0960
2251,26.4837,10.8872,0.8052,393216,830.47,12.67,1955198,-182.990,-109.980,-46.970,0.7850,1.0960
2252,26.4954,10.8947,1.1952,393216,830.47,12.67,1955198,-182.990,-109.980,-46.970,0.7850,1.0960
2253,26.5060,11.7217,0.7687,393216,830.47,12.67,1955198,-182.990,-109.980,-46.970,0.7850,1.0960
2254,26.5169,10.6027,0.7709,393216,830.47,12.67,1955198,-182.990,-109.980,-46.970,0.7850,1.0960
2255,26.5283,10.8828,0.9221,393216,830.47,12.67,1955198,-182.990,-109.980,-46.970,0.7850,1.0960
2256,26.5395,11.3631,0.8367,393216,830.47,12.67,1955198,-182.990,-109.980,-46.970,0.7850,1.0960
2257,26.5508,11.2036,0.9297,393216,830.47,12.67,1955198,-182.990,-109.980,-46.970,0.7850,1.0960
2258,26.5609,11.3992,0.7656,393216,830.47,12.67,1955198,-182.990,-109.980,-46.970,0.7850,1.0960
2259,26.5723,10.0766,0.8287,393216,830.47,12.67,1955198,-182.990,-109.980,-46.970,0.7850,1.0960
2260,26.5835,11.3746,0.8538,393216,830.47,12.67,1955198,-182.990,-109.980,-46.970,0.7850,1.0960
2261,26.5945,11.2084,0.8994,393216,830.47,12.67,1955198,-182.990,-109.980,-46.970,0.7850,1.0960
2262,26.6057,10.9836,0.8019,393216,830.47,12.67,1955198,-182.990,-109.980,-46.970,0.7850,1.0960
2263,26.6169,11.1599,0.8122,393216,830.47,12.67,1955198,-182.990,-109.980,-46.970,0.7850,1.0960
2264,26.6278,11.2461,0.8311,393216,830.47,12.67,1955198,-182.990,-109.980,-46.970,0.7850,1.0960
2265,26.6388,10.8628,0.8115,393216,830.47,12.67,1955198,-182.990,-109.980,-46.970,0.7850,1.0960
2266,26.6501,11.0113,0.8338,393216,830.47,12.67,1955198,-182.990,-109.980,-46.970,0.7850,1.0960
2267,26.6616,11.3431,0.9430,393216,830.47,12.67,1955198,-182.990,-109.980,-46.970,0.7850,1.0960
2268,26.6722,11.4869,0.8008,393216,830.47,12.67,1955198,-182.990,-109.980,-46.970,0.7850,1.0960
2269,26.6834,10.6114,0.7980,393216,830.47,12.67,1955198,-182.990,-109.980,-46.970,0.7850,1.0960
2270,26.6952,11.1780,1.2062,393216,830.47,12.67,1955198,-182.990,-109.980,-46.970,0.7850,1.0960
2271,26.7056,11.7564,0.8640,393216,830.47,12.67,1955198,-182.990,-109.980,-46.970,0.7850,1.0960
2272,26.7169,10.4782,0.8456,393216,830.47,12.67,1955198,-182.990,-109.980,-46.970,0.7850,1.0960
2273,26.7284,11.2804,1.0168,393216,830.47,12.67,1955198,-182.990,-109.980,-46.970,0.7850,1.0960
2274,26.7386,11.4947,0.8134,393216,830.47,12.67,1955198,-182.990,-109.980,-46.970,0.7850,1.0960
2275,26.7494,10.2660,0.7438,393216,830.47,12.67,1955198,-182.990,-109.980,-46.970,0.7850,1.0960
2276,26.7607,10.6757,0.8230,393216,830.47,12.67,1955198,-182.990,-109.980,-46.970,0.7850,1.0960
2277,26.7720,11.3913,0.7607,393216,830.47,12.67,1955198,-182.990,-109.980,-46.970,0.7850,1.0960
2278,26.7828,11.2470,0.6997,393216,830.47,12.67,1955198,-182.990,-109.980,-46.970,0.7850,1.0960
2279,26.7940,10.8099,0.7906,393216,830.47,12.67,1955198,-182.990,-109.980,-46.970,0.7850,1.0960
2280,26.8053,11.2405,0.7859,393216,830.47,12.67,1955198,-182.990,-109.980,-46.970,0.7850,1.0960
2281,26.8166,11.2695,0.7516,393216,830.47,12.67,1955198,-182.990,-109.980,-46.970,0.7850,1.0960
2282,26.8276,11.2468,0.8018,393216,830.47,12.67,1955198,-182.990,-109.980,-46.970,0.7850,1.0960
2283,26.8387,11.0426,0.7669,393216,830.47,12.67,1955198,-182.990,-109.980,-46.970,0.7850,1.0960
2284,26.8500,11.0850,0.7599,393216,830.47,12.67,1955198,-182.990,-109.980,-46.970,0.7850,1.0960
2285,26.8614,11.2998,0.9311,393216,830.47,12.67,1955198,-182.990,-109.980,-46.970,0.7850,1.0960
2286,26.8723,11.4601,0.8034,393216,830.47,12.67,1955198,-182.990,-109.980,-46.970,0.7850,1.0960
2287,26.8835,10.8623,0.7703,393216,830.47,12.67,1955198,-182.990,-109.980,-46.970,0.7850,1.0960
2288,26.8948,11.1652,0.7970,393216,830.47,12.67,1955198,-182.990,-109.980,-46.970,0.7850,1.0960
2289,26.9057,11.3252,0.7879,393216,830.47,12.67,1955198,-182.990,-109.980,-46.970,0.7850,1.0960
2290,26.9163,10.8855,0.7680,393216,830.47,12.67,1955198,-182.990,-109.980,-46.970,0.7850,1.0960
2291,26.9275,10.5910,0.7768,393216,830.47,12.67,1955198,-182.990,-109.980,-46.970,0.7850,1.0960
2292,26.9386,11.2112,1.0427,393216,830.47,12.67,1955198,-182.990,-109.980,-46.970,0.7850,1.0960
2293,26.9496,11.1318,0.7475,393216,830.47,12.67,1955198,-182.990,-109.980,-46.970,0.7850,1.0960
2294,26.9606,10.9294,0.7132,393216,830.47,12.67,1955198,-182.990,-109.980,-46.970,0.7850,1.0960
2295,26.9722,11.0960,0.9591,393216,830.47,12.67,1955198,-182.990,-109.980,-46.970,0.7850,1.0960
2296,26.9828,11.5364,0.7471,393216,830.47,12.67,1955198,-182.990,-109.980,-46.970,0.7850,1.0960
2297,26.9940,10.5994,0.7339,393216,830.47,12.67,1955198,-182.990,-109.980,-46.970,0.7850,1.0960
2298,27.0057,11.2226,0.9093,393216,830.47,12.67,1955198,-182.990,-109.980,-46.970,0.7850,1.0960
2299,27.0167,11.6525,0.7811,393216,830.47,12.67,1955198,-182.990,-109.980,-46.970,0.7850,1.0960
2300,27.0276,11.0545,0.7528,393216,830.47,12.67,1955198,-182.990,-109.980,-46.970,0.7850,1.0960
2301,27.0392,10.9324,0.8855,393216,830.47,12.67,1955198,-182.990,-109.980,-46.970,0.7850,1.0960
2302,27.0503,11.5494,0.7497,393216,830.47,12.67,1955198,-182.990,-109.980,-46.970,0.7850,1.0960
2303,27.0612,11.0599,0.7833,393216,830.47,12.67,1955198,-182.990,-109.980,-46.970,0.7850,1.0960
2304,27.0725,10.9649,0.9402,393216,830.47,12.67,1955198,-182.990,-109.980,-46.970,0.7850,1.0960
2305,27.0836,11.2682,0.7432,393216,830.47,12.67,1955198,-182.990,-109.980,-46.970,0.7850,1.0960
2306,27.0939,11.1198,0.8051,393216,830.47,12.67,1955198,-182.990,-109.980,-46.970,0.7850,1.0960
2307,27.1051,10.3054,0.9111,393216,830.47,12.67,1955198,-182.990,-109.980,-46.970,0.7850,1.0960
2308,27.1163,11.1666,0.7498,393216,830.47,12.67,1955198,-182.990,-109.980,-46.970,0.7850,1.0960
2309,27.1277,11.2065,0.7842,393216,830.47,12.67,1955198,-182.990,-109.980,-46.970,0.7850,1.0960
2310,27.1387,11.4158,0.9052,393216,830.47,12.67,1955198,-182.990,-109.980,-46.970,0.7850,1.0960
2311,27.1499,11.0477,0.7830,393216,830.47,12.67,1955198,-182.990,-109.980,-46.970,0.7850,1.0960
2312,27.1612,11.1217,0.7879,393216,830.47,12.67,1955198,-182.990,-109.980,-46.970,0.7850,1.0960
2313,27.1725,11.2947,0.8542,393216,830.47,12.67,1955198,-182.990,-109.980,-46.970,0.7850,1.0960
2314,27.1836,11.3337,0.7420,393216,830.47,12.67,1955198,-182.990,-109.980,-46.970,0.7850,1.0960
2315,27.1946,11.1101,0.8028,393216,830.47,12.67,1955198,-182.990,-109.980,-46.970,0.7850,1.0960
2316,27.2060,11.0088,0.8801,393216,830.47,12.67,1955198,-182.990,-109.980,-46.970,0.7850,1.0960
2317,27.2168,11.3591,0.8241,393216,830.47,12.67,1955198,-182.990,-109.980,-46.970,0.7850,1.0960
2318,27.2281,10.7970,0.8280,393216,830.47,12.67,1955198,-182.990,-109.980,-46.970,0.7850,1.0960
2319,27.2393,11.3139,0.7810,393216,830.47,12.67,1955198,-182.990,-109.980,-46.970,0.7850,1.0960
2320,27.2507,11.2263,0.8476,393216,830.47,12.67,1955198,-182.990,-109.980,-46.970,0.7850,1.0960
2321,27.2616,11.3901,0.8115,393216,830.47,12.67,1955198,-182.990,-109.980,-46.970,0.7850,1.0960
2322,27.2724,10.9196,0.9893,393216,830.47,12.67,1955198,-182.990,-109.980,-46.970,0.7850,1.0960
2323,27.2835,10.8320,0.8379,393216,830.47,12.67,1955198,-182.990,-109.980,-46.970,0.7850,1.0960
2324,27.2944,11.0691,0.8464,393216,830.47,12.67,1955198,-182.990,-109.980,-46.970,0.7850,1.0960
2325,27.3058,10.8734,1.0012,393216,830.47,12.67,1955198,-182.990,-109.980,-46.970,0.7850,1.0960
2326,27.3169,11.4120,0.8846,393216,830.47,12.67,1955198,-182.990,-109.980,-46.970,0.7850,1.0960
2327,27.3279,11.1431,0.9980,393216,830.47,12.67,1955198,-182.990,-109.980,-46.970,0.7850,1.0960
2328,27.3391,10.9426,1.0572,393216,830.47,12.67,1955198,-182.990,-109.980,-46.970,0.7850,1.0960
2329,27.3501,11.2015,0.8237,393216,830.47,12.67,1955198,-182.990,-109.980,-46.970,0.7850,1.0960
2330,27.3615,11.0392,0.8294,393216,830.47,12.67,1955198,-182.990,-109.980,-46.970,0.7850,1.0960
2331,27.3724,11.3708,0.8666,393216,830.47,12.67,1955198,-182.990,-109.980,-46.970,0.7850,1.0960
2332,27.3837,10.9023,0.8690,393216,830.47,12.67,1955198,-182.990,-109.980,-46.970,0.7850,1.0960
2333,27.3951,11.2833,0.8599,393216,830.47,12.67,1955198,-182.990,-109.980,-46.970,0.7850,1.0960
2334,27.4065,11.3954,0.9515,393216,830.47,12.67,1955198,-182.990,-109.980,-46.970,0.7850,1.0960
2335,27.4172,11.4407,0.7573,393216,830.47,12.67,1955198,-182.990,-109.980,-46.970,0.7850,1.0960
2336,27.4286,10.7154,0.8418,393216,830.47,12.67,1955198,-182.990,-109.980,-46.970,0.7850,1.0960
2337,27.4400,11.3918,0.9121,393216,830.47,12.67,1955198,-182.990,-109.980,-46.970,0.7850,1.0960
2338,27.4501,11.3426,0.8710,393216,830.47,12.67,1955198,-182.990,-109.980,-46.970,0.7850,1.0960
2339,27.4613,10.1435,0.8217,393216,830.47,12.67,1955198,-182.990,-109.980,-46.970,0.7850,1.0960
2340,27.4727,11.2247,0.8712,393216,830.47,12.67,1955198,-182.990,-109.980,-46.970,0.7850,1.0960
2341,27.4836,11.3425,0.8482,393216,830.47,12.67,1955198,-182.990,-109.980,-46.970,0.7850,1.0960
2342,27.4950,10.8951,0.9742,393216,830.47,12.67,1955198,-182.990,-109.980,-46.970,0.7850,1.0960
2343,27.5063,11.4124,0.9475,393216,830.47,12.67,1955198,-182.990,-109.980,-46.970,0.7850,1.0960
2344,27.5175,11.3263,0.8797,393216,830.47,12.67,1955198,-182.990,-109.980,-46.970,0.7850,1.0960
2345,27.5283,11.2098,0.9065,393216,830.47,12.67,1955198,-182.990,-109.980,-46.970,0.7850,1.0960
2346,27.5396,10.8150,0.8792,393216,830.47,12.67,1955198,-182.990,-109.980,-46.970,0.7850,1.0960
2347,27.5509,11.2089,0.8735,393216,830.47,12.67,1955198,-182.990,-109.980,-46.970,0.7850,1.0960
2348,27.5624,11.3411,1.1098,393216,830.47,12.67,1955198,-182.990,-109.980,-46.970,0.7850,1.0960
2349,27.5733,11.4962,1.1124,393216,830.47,12.67,1955198,-182.990,-109.980,-46.970,0.7850,1.0960
2350,27.5844,10.9637,0.8201,393216,830.47,12.67,1955198,-182.990,-109.980,-46.970,0.7850,1.0960
2351,27.5958,11.0465,0.8793,393216,830.47,12.67,1955198,-182.990,-109.980,-46.970,0.7850,1.0960
2352,27.6067,11.3612,0.9483,393216,830.47,12.67,1955198,-182.990,-109.980,-46.970,0.7850,1.0960
2353,27.6180,10.9828,0.8474,393216,830.47,12.67,1955198,-182.990,-109.980,-46.970,0.7850,1.0960
2354,27.6286,11.2481,0.8849,393216,830.47,12.67,1955198,-182.990,-109.980,-46.970,0.7850,1.0960
2355,27.6396,10.5945,0.9927,393216,830.47,12.67,1955198,-182.990,-109.980,-46.970,0.7850,1.0960
2356,27.6505,10.9815,0.8295,393216,830.47,12.67,1955198,-182.990,-109.980,-46.970,0.7850,1.0960
2357,27.6618,10.9807,0.9498,393216,830.47,12.67,1955198,-182.990,-109.980,-46.970,0.7850,1.0960
2358,27.6734,11.2882,1.1303,393216,830.47,12.67,1955198,-182.990,-109.980,-46.970,0.7850,1.0960
2359,27.6839,11.5932,0.8341,393216,830.47,12.67,1955198,-182.990,-109.980,-46.970,0.7850,1.0960
2360,27.6952,10.4536,0.9580,393216,830.47,12.67,1955198,-182.990,-109.980,-46.970,0.7850,1.0960
2361,27.7070,11.3357,1.1445,393216,830.47,12.67,1955198,-182.990,-109.980,-46.970,0.7850,1.0960
2362,27.7179,11.7806,0.9184,393216,830.47,12.67,1955198,-182.990,-109.980,-46.970,0.7850,1.0960
2363,27.7287,10.9417,0.8140,393216,830.47,12.67,1955198,-182.990,-109.980,-46.970,0.7850,1.0960
2364,27.7404,10.7906,1.0406,393216,830.47,12.67,1955198,-182.990,-109.980,-46.970,0.7850,1.0960
2365,27.7514,11.6319,0.7697,393216,830.47,12.67,1955198,-182.990,-109.980,-46.970,0.7850,1.0960
2366,27.7623,11.0513,0.8624,393216,830.47,12.67,1955198,-182.990,-109.980,-46.970,0.7850,1.0960
2367,27.7735,10.8993,0.9414,393216,830.47,12.67,1955198,-182.990,-109.980,-46.970,0.7850,1.0960
2368,27.7848,11.2374,0.7825,393216,830.47,12.67,1955198,-182.990,-109.980,-46.970,0.7850,1.0960
2369,27.7963,11.2702,1.0171,393216,830.47,12.67,1955198,-182.990,-109.980,-46.970,0.7850,1.0960
2370,27.8066,11.4526,1.0296,393216,830.47,12.67,1955198,-182.990,-109.980,-46.970,0.7850,1.0960
2371,27.8178,10.3458,0.8129,393216,830.47,12.67,1955198,-182.990,-109.980,-46.970,0.7850,1.0960
2372,27.8291,11.1453,0.8154,393216,830.47,12.67,1955198,-182.990,-109.980,-46.970,0.7850,1.0960
2373,27.8400,11.3202,0.8975,393216,830.47,12.67,1955198,-182.990,-109.980,-46.970,0.7850,1.0960
2374,27.8513,10.9398,0.8363,393216,830.47,12.67,1955198,-182.990,-109.980,-46.970,0.7850,1.0960
2375,27.8626,11.2756,0.8348,393216,830.47,12.67,1955198,-182.990,-109.980,-46.970,0.7850,1.0960
2376,27.8736,11.2810,1.0170,393216,830.47,12.67,1955198,-182.990,-109.980,-46.970,0.7850,1.0960
2377,27.8846,10.9653,0.8259,393216,830.47,12.67,1955198,-182.990,-109.980,-46.970,0.7850,1.0960
2378,27.8960,11.0864,0.9026,393216,830.47,12.67,1955198,-182.990,-109.980,-46.970,0.7850,1.0960
2379,27.9072,11.3968,0.8664,393216,830.47,12.67,1955198,-182.990,-109.980,-46.970,0.7850,1.0960
2380,27.9180,11.1868,0.7864,393216,830.47,12.67,1955198,-182.990,-109.980,-46.970,0.7850,1.0960
2381,27.9292,10.7795,0.8372,393216,830.47,12.67,1955198,-182.990,-109.980,-46.970,0.7850,1.0960
2382,27.9407,11.2264,0.9109,393216,830.47,12.67,1955198,-182.990,-109.980,-46.970,0.7850,1.0960
2383,27.9516,11.4557,1.0067,393216,830.47,12.67,1955198,-182.990,-109.980,-46.970,0.7850,1.0960
2384,27.9627,10.9516,0.8033,393216,830.47,12.67,1955198,-182.990,-109.980,-46.970,0.7850,1.0960
2385,27.9741,11.0223,0.9158,393216,830.47,12.67,1955198,-182.990,-109.980,-46.970,0.7850,1.0960
2386,27.9846,11.4215,0.8110,393216,830.47,12.67,1955198,-182.990,-109.980,-46.970,0.7850,1.0960
2387,27.9955,10.5191,0.8152,393216,830.47,12.67,1955198,-182.990,-109.980,-46.970,0.7850,1.0960
2388,28.0068,10.8656,1.0194,393216,830.47,12.67,1955198,-182.990,-109.980,-46.970,0.7850,1.0960
2389,28.0179,11.3464,0.7930,393216,830.47,12.67,1955198,-182.990,-109.980,-46.970,0.7850,1.0960
2390,28.0287,11.0521,0.7972,393216,830.47,12.67,1955198,-182.990,-109.980,-46.970,0.7850,1.0960
2391,28.0401,10.8412,1.0620,393216,830.47,12.67,1955198,-182.990,-109.980,-46.970,0.7850,1.0960
2392,28.0512,11.3984,0.8490,393216,830.47,12.67,1955198,-182.990,-109.980,-46.970,0.7850,1.0960
2393,28.0624,11.0978,0.8656,393216,830.47,12.67,1955198,-182.990,-109.980,-46.970,0.7850,1.0960
2394,28.0736,11.1815,1.1409,393216,830.47,12.67,1955198,-182.990,-109.980,-46.970,0.7850,1.0960
2395,28.0845,11.2060,0.7806,393216,830.47,12.67,1955198,-182.990,-109.980,-46.970,0.7850,1.0960
2396,28.0958,10.8802,0.8290,393216,830.47,12.67,1955198,-182.990,-109.980,-46.970,0.7850,1.0960
2397,28.1071,11.3268,0.9226,393216,830.47,12.67,1955198,-182.990,-109.980,-46.970,0.7850,1.0960
2398,28.1177,11.3299,0.7787,393216,830.47,12.67,1955198,-182.990,-109.980,-46.970,0.7850,1.0960
2399,28.1290,10.5407,0.8353,393216,830.47,12.67,1955198,-182.990,-109.980,-46.970,0.7850,1.0960
2400,28.1404,11.3362,0.9747,393216,830.47,12.67,1955198,-182.990,-109.980,-46.970,0.7850,1.0960
2401,28.1510,11.4468,0.7164,393216,830.47,12.67,1955198,-182.990,-109.980,-46.970,0.7850,1.0960
2402,28.1616,10.5773,0.8363,393216,830.47,12.67,1955198,-182.990,-109.980,-46.970,0.7850,1.0960
2403,28.1732,10.5755,1.1319,393216,830.47,12.67,1955198,-182.990,-109.980,-46.970,0.7850,1.0960
2404,28.1837,11.5888,0.7978,393216,830.47,12.67,1955198,-182.990,-109.980,-46.970,0.7850,1.0960
2405,28.1949,10.4854,0.8392,393216,830.47,12.67,1955198,-182.990,-109.980,-46.970,0.7850,1.0960
2406,28.2066,11.1930,1.2845,393216,830.47,12.67,1955198,-182.990,-109.980,-46.970,0.7850,1.0960
2407,28.2173,11.7696,0.8143,393216,830.47,12.67,1955198,-182.990,-109.980,-46.970,0.7850,1.0960
2408,28.2282,10.6882,0.8455,393216,830.47,12.67,1955198,-182.990,-109.980,-46.970,0.7850,1.0960
2409,28.2397,10.9265,1.1364,393216,830.47,12.67,1955198,-182.990,-109.980,-46.970,0.7850,1.0960
2410,28.2508,11.4976,0.8412,393216,830.47,12.67,1955198,-182.990,-109.980,-46.970,0.7850,1.0960
2411,28.2619,11.0310,0.8366,393216,830.47,12.67,1955198,-182.990,-109.980,-46.970,0.7850,1.0960
2412,28.2730,11.1489,0.9757,393216,830.47,12.67,1955198,-182.990,-109.980,-46.970,0.7850,1.0960
2413,28.2841,11.1291,0.8352,393216,830.47,12.67,1955198,-182.990,-109.980,-46.970,0.7850,1.0960
2414,28.2954,11.0338,0.7973,393216,830.47,12.67,1955198,-182.990,-109.980,-46.970,0.7850,1.0960
2415,28.3065,11.2698,1.0952,393216,830.47,12.67,1955198,-182.990,-109.980,-46.970,0.7850,1.0960
2416,28.3174,11.1275,0.8682,393216,830.47,12.67,1955198,-182.990,-109.980,-46.970,0.7850,1.0960
2417,28.3289,10.9498,0.8942,393216,830.47,12.67,1955198,-182.990,-109.980,-46.970,0.7850,1.0960
2418,28.3394,11.4557,1.1274,393216,830.47,12.67,1955198,-182.990,-109.980,-46.970,0.7850,1.0960
2419,28.3501,10.5628,0.8685,393216,830.47,12.67,1955198,-182.990,-109.980,-46.970,0.7850,1.0960
2420,28.3615,10.6886,0.8801,393216,830.47,12.67,1955198,-182.990,-109.980,-46.970,0.7850,1.0960
2421,28.3733,11.3450,1.2737,393216,830.47,12.67,1955198,-182.990,-109.980,-46.970,0.7850,1.0960
2422,28.3837,11.8043,0.7935,393216,830.47,12.67,1955198,-182.990,-109.980,-46.970,0.7850,1.0960
2423,28.3951,10.4188,1.0152,393216,830.47,12.67,1955198,-182.990,-109.980,-46.970,0.7850,1.0960
2424,28.4067,11.4209,1.0699,393216,830.47,12.67,1955198,-182.990,-109.980,-46.970,0.7850,1.0960
2425,28.4180,11.5793,1.0115,393216,830.47,12.67,1955198,-182.990,-109.980,-46.970,0.7850,1.0960
2426,28.4289,11.3140,0.8951,393216,830.47,12.67,1955198,-182.990,-109.980,-46.970,0.7850,1.0960
2427,28.4404,10.8675,1.0729,393216,830.47,12.67,1955198,-182.990,-109.980,-46.970,0.7850,1.0960
2428,28.4515,11.5174,0.8656,393216,830.47,12.67,1955198,-182.990,-109.980,-46.970,0.7850,1.0960
2429,28.4625,11.1120,0.9148,393216,830.47,12.67,1955198,-182.990,-109.980,-46.970,0.7850,1.0960
2430,28.4736,11.0200,0.9034,393216,830.47,12.67,1955198,-182.990,-109.980,-46.970,0.7850,1.0960
2431,28.4850,11.1092,0.8654,393216,830.47,12.67,1955198,-182.990,-109.980,-46.970,0.7850,1.0960
2432,28.4964,11.3632,0.9230,393216,830.47,12.67,1955198,-182.990,-109.980,-46.970,0.7850,1.0960
2433,28.5073,11.3567,0.9203,393216,830.47,12.67,1955198,-182.990,-109.980,-46.970,0.7850,1.0960
2434,28.5180,10.9778,0.8604,393216,830.47,12.67,1955198,-182.990,-109.980,-46.970,0.7850,1.0960
2435,28.5293,10.6684,0.9018,393216,830.47,12.67,1955198,-182.990,-109.980,-46.970,0.7850,1.0960
2436,28.5404,11.2658,1.0406,393216,830.47,12.67,1955198,-182.990,-109.980,-46.970,0.7850,1.0960
2437,28.5514,11.0750,0.8300,393216,830.47,12.67,1955198,-182.990,-109.980,-46.970,0.7850,1.0960
2438,28.5629,11.0870,0.8464,393216,830.47,12.67,1955198,-182.990,-109.980,-46.970,0.7850,1.0960
2439,28.5745,11.4555,1.1290,393216,830.47,12.67,1955198,-182.990,-109.980,-46.970,0.7850,1.0960
2440,28.5852,11.6527,0.8845,393216,830.47,12.67,1955198,-182.990,-109.980,-46.970,0.7850,1.0960
2441,28.5964,10.6100,0.9198,393216,830.47,12.67,1955198,-182.990,-109.980,-46.970,0.7850,1.0960
2442,28.6078,11.3017,0.9173,393216,830.47,12.67,1955198,-182.990,-109.980,-46.970,0.7850,1.0960
2443,28.6186,11.3577,0.8942,393216,830.47,12.67,1955198,-182.990,-109.980,-46.970,0.7850,1.0960
2444,28.6298,10.8101,0.8638,393216,830.47,12.67,1955198,-182.990,-109.980,-46.970,0.7850,1.0960
2445,28.6413,11.1413,0.8806,393216,830.47,12.67,1955198,-182.990,-109.980,-46.970,0.7850,1.0960
2446,28.6528,11.5109,1.1101,393216,830.47,12.67,1955198,-182.990,-109.980,-46.970,0.7850,1.0960
2447,28.6635,11.5683,0.8565,393216,830.47,12.67,1955198,-182.990,-109.980,-46.970,0.7850,1.0960
2448,28.6749,10.7007,0.8767,393216,830.47,12.67,1955198,-182.990,-109.980,-46.970,0.7850,1.0960
2449,28.6863,11.3093,0.9573,393216,830.47,12.67,1955198,-182.990,-109.980,-46.970,0.7850,1.0960
2450,28.6965,11.4687,1.0039,393216,830.47,12.67,1955198,-182.990,-109.980,-46.970,0.7850,1.0960
2451,28.7078,10.2260,0.9449,393216,830.47,12.67,1955198,-182.990,-109.980,-46.970,0.7850,1.0960
2452,28.7189,11.2555,0.9240,393216,830.47,12.67,1955198,-182.990,-109.980,-46.970,0.7850,1.0960
2453,28.7298,11.1303,0.8928,393216,830.47,12.67,1955198,-182.990,-109.980,-46.970,0.7850,1.0960
2454,28.7413,10.8359,1.0466,393216,830.47,12.67,1955198,-182.990,-109.980,-46.970,0.7850,1.0960
2455,28.7525,11.4944,0.9557,393216,830.47,12.67,1955198,-182.990,-109.980,-46.970,0.7850,1.0960
2456,28.7638,11.2478,0.9142,393216,830.47,12.67,1955198,-182.990,-109.980,-46.970,0.7850,1.0960
2457,28.7747,11.2709,1.0352,393216,830.47,12.67,1955198,-182.990,-109.980,-46.970,0.7850,1.0960
2458,28.7860,10.9604,0.9625,393216,830.47,12.67,1955198,-182.990,-109.980,-46.970,0.7850,1.0960
2459,28.7973,11.2586,0.8718,393216,830.47,12.67,1955198,-182.990,-109.980,-46.970,0.7850,1.0960
2460,28.8088,11.3190,1.0412,393216,830.47,12.67,1955198,-182.990,-109.980,-46.970,0.7850,1.0960
2461,28.8196,11.4546,0.9614,393216,830.47,12.67,1955198,-182.990,-109.980,-46.970,0.7850,1.0960
2462,28.8308,10.8670,0.9098,393216,830.47,12.67,1955198,-182.990,-109.980,-46.970,0.7850,1.0960
2463,28.8420,11.1852,0.8634,393216,830.47,12.67,1955198,-182.990,-109.980,-46.970,0.7850,1.0960
2464,28.8529,11.1884,0.8855,393216,830.47,12.67,1955198,-182.990,-109.980,-46.970,0.7850,1.0960
2465,28.8641,10.9195,0.7859,393216,830.47,12.67,1955198,-182.990,-109.980,-46.970,0.7850,1.0960
2466,28.8748,11.1323,0.8770,393216,830.47,12.67,1955198,-182.990,-109.980,-46.970,0.7850,1.0960
2467,28.8855,10.7215,0.7589,393216,830.47,12.67,1955198,-182.990,-109.980,-46.970,0.7850,1.0960
2468,28.8968,10.7396,0.9553,393216,830.47,12.67,1955198,-182.990,-109.980,-46.970,0.7850,1.0960
2469,28.9081,11.3006,0.8776,393216,830.47,12.67,1955198,-182.990,-109.980,-46.970,0.7850,1.0960
2470,28.9193,11.2711,0.8489,393216,830.47,12.67,1955198,-182.990,-109.980,-46.970,0.7850,1.0960
2471,28.9301,11.1904,0.8338,393216,830.47,12.67,1955198,-182.990,-109.980,-46.970,0.7850,1.0960
2472,28.9414,10.8219,0.9544,393216,830.47,12.67,1955198,-182.990,-109.980,-46.970,0.7850,1.0960
2473,28.9527,11.2833,0.8427,393216,830.47,12.67,1955198,-182.990,-109.980,-46.970,0.7850,1.0960
2474,28.9637,11.2898,1.0289,393216,830.47,12.67,1955198,-182.990,-109.980,-46.970,0.7850,1.0960
2475,28.9749,10.9970,0.9380,393216,830.47,12.67,1955198,-182.990,-109.980,-46.970,0.7850,1.0960
2476,28.9861,11.2541,0.7772,393216,830.47,12.67,1955198,-182.990,-109.980,-46.970,0.7850,1.0960
2477,28.9974,11.1716,0.8750,393216,830.47,12.67,1955198,-182.990,-109.980,-46.970,0.7850,1.0960
2478,29.0083,11.2914,0.9128,393216,830.47,12.67,1955198,-182.990,-109.980,-46.970,0.7850,1.0960
2479,29.0194,10.9276,0.8135,393216,830.47,12.67,1955198,-182.990,-109.980,-46.970,0.7850,1.0960
2480,29.0308,11.0879,0.8204,393216,830.47,12.67,1955198,-182.990,-109.980,-46.970,0.7850,1.0960
2481,29.0423,11.3646,1.0519,393216,830.47,12.67,1955198,-182.990,-109.980,-46.970,0.7850,1.0960
2482,29.0523,11.4979,0.7780,393216,830.47,12.67,1955198,-182.990,-109.980,-46.970,0.7850,1.0960
2483,29.0634,9.9649,0.8190,393216,830.47,12.67,1955198,-182.990,-109.980,-46.970,0.7850,1.0960
2484,29.0750,11.1903,1.0306,393216,830.47,12.67,1955198,-182.990,-109.980,-46.970,0.7850,1.0960
2485,29.0857,11.5398,0.8472,393216,830.47,12.67,1955198,-182.990,-109.980,-46.970,0.7850,1.0960
2486,29.0969,10.7276,0.7480,393216,830.47,12.67,1955198,-182.990,-109.980,-46.970,0.7850,1.0960
2487,29.1086,11.2279,0.9762,393216,830.47,12.67,1955198,-182.990,-109.980,-46.970,0.7850,1.0960
2488,29.1194,11.6485,0.8829,393216,830.47,12.67,1955198,-182.990,-109.980,-46.970,0.7850,1.0960
2489,29.1306,10.7977,0.7613,393216,830.47,12.67,1955198,-182.990,-109.980,-46.970,0.7850,1.0960
2490,29.1419,11.1860,0.8459,393216,830.47,12.67,1955198,-182.990,-109.980,-46.970,0.7850,1.0960
2491,29.1531,11.3080,0.8048,393216,830.47,12.67,1955198,-182.990,-109.980,-46.970,0.7850,1.0960
2492,29.1640,11.1776,0.8408,393216,830.47,12.67,1955198,-182.990,-109.980,-46.970,0.7850,1.0960
2493,29.1752,10.8972,0.8279,393216,830.47,12.67,1955198,-182.990,-109.980,-46.970,0.7850,1.0960
2494,29.1864,11.3058,0.7362,393216,830.47,12.67,1955198,-182.990,-109.980,-46.970,0.7850,1.0960
2495,29.1978,11.1781,0.8390,393216,830.47,12.67,1955198,-182.990,-109.980,-46.970,0.7850,1.0960
2496,29.2089,11.3612,0.9340,393216,830.47,12.67,1955198,-182.990,-109.980,-46.970,0.7850,1.0960
2497,29.2200,11.1341,0.8112,393216,830.47,12.67,1955198,-182.990,-109.980,-46.970,0.7850,1.0960
2498,29.2307,11.0896,0.8951,393216,830.47,12.67,1955198,-182.990,-109.980,-46.970,0.7850,1.0960
2499,29.2416,10.6356,1.1107,393216,830.47,12.67,1955198,-182.990,-109.980,-46.970,0.7850,1.0960
2500,29.2526,10.9753,0.8250,393216,830.47,12.67,1955198,-182.990,-109.980,-46.970,0.7850,1.0960
2501,29.2639,11.0141,0.8088,393216,830.47,12.67,1955198,-182.990,-109.980,-46.970,0.7850,1.0960
2502,29.2749,11.2379,0.9032,393216,830.47,12.67,1955198,-182.990,-109.980,-46.970,0.7850,1.0960
2503,29.2857,10.9742,0.7666,393216,830.47,12.67,1955198,-182.990,-109.980,-46.970,0.7850,1.0960
2504,29.2970,10.8780,0.8405,393216,830.47,12.67,1955198,-182.990,-109.980,-46.970,0.7850,1.0960
2505,29.3087,11.2608,1.2831,393216,830.47,12.67,1955198,-182.990,-109.980,-46.970,0.7850,1.0960
2506,29.3191,11.6835,0.7853,393216,830.47,12.67,1955198,-182.990,-109.980,-46.970,0.7850,1.0960
2507,29.3302,10.3745,0.8672,393216,830.47,12.67,1955198,-182.990,-109.980,-46.970,0.7850,1.0960
2508,29.3418,11.1880,1.1013,393216,830.47,12.67,1955198,-182.990,-109.980,-46.970,0.7850,1.0960
2509,29.3528,11.5725,0.9139,393216,830.47,12.67,1955198,-182.990,-109.980,-46.970,0.7850,1.0960
2510,29.3637,11.0031,0.8175,393216,830.47,12.67,1955198,-182.990,-109.980,-46.970,0.7850,1.0960
2511,29.3749,10.8869,0.8045,393216,830.47,12.67,1955198,-182.990,-109.980,-46.970,0.7850,1.0960
2512,29.3860,11.1562,0.7998,393216,830.47,12.67,1955198,-182.990,-109.980,-46.970,0.7850,1.0960
2513,29.3969,11.1236,0.7698,393216,830.47,12.67,1955198,-182.990,-109.980,-46.970,0.7850,1.0960
2514,29.4075,10.8618,0.8795,393216,830.47,12.67,1955198,-182.990,-109.980,-46.970,0.7850,1.0960
2515,29.4193,10.6580,0.9877,393216,830.47,12.67,1955198,-182.990,-109.980,-46.970,0.7850,1.0960
2516,29.4296,11.7566,0.7861,393216,830.47,12.67,1955198,-182.990,-109.980,-46.970,0.7850,1.0960
2517,29.4409,10.3254,0.8100,393216,830.47,12.67,1955198,-182.990,-109.980,-46.970,0.7850,1.0960
2518,29.4526,11.2701,1.0850,393216,830.47,12.67,1955198,-182.990,-109.980,-46.970,0.7850,1.0960
2519,29.4633,11.6971,0.7703,393216,830.47,12.67,1955198,-182.990,-109.980,-46.970,0.7850,1.0960
2520,29.4742,10.7193,0.8683,393216,830.47,12.67,1955198,-182.990,-109.980,-46.970,0.7850,1.0960
2521,29.4856,10.9293,1.1010,393216,830.47,12.67,1955198,-182.990,-109.980,-46.970,0.7850,1.0960
2522,29.4967,11.3625,0.8215,393216,830.47,12.67,1955198,-182.990,-109.980,-46.970,0.7850,1.0960
2523,29.5076,11.1520,0.9350,393216,830.47,12.67,1955198,-182.990,-109.980,-46.970,0.7850,1.0960
2524,29.5189,10.8906,0.8993,393216,830.47,12.67,1955198,-182.990,-109.980,-46.970,0.7850,1.0960
2525,29.5301,11.2917,0.7835,393216,830.47,12.67,1955198,-182.990,-109.980,-46.970,0.7850,1.0960
2526,29.5414,11.1788,0.8732,393216,830.47,12.67,1955198,-182.990,-109.980,-46.970,0.7850,1.0960
2527,29.5523,11.2970,0.8440,393216,830.47,12.67,1955198,-182.990,-109.980,-46.970,0.7850,1.0960
2528,29.5633,10.9306,0.7880,393216,830.47,12.67,1955198,-182.990,-109.980,-46.970,0.7850,1.0960
2529,29.5746,11.0450,0.7776,393216,830.47,12.67,1955198,-182.990,-109.980,-46.970,0.7850,1.0960
2530,29.5851,11.2146,1.1405,393216,830.47,12.67,1955198,-182.990,-109.980,-46.970,0.7850,1.0960
2531,29.5958,10.5278,0.7886,393216,830.47,12.67,1955198,-182.990,-109.980,-46.970,0.7850,1.0960
2532,29.6071,10.7322,0.8511,393216,830.47,12.67,1955198,-182.990,-109.980,-46.970,0.7850,1.0960
2533,29.6185,11.3102,0.8981,393216,830.47,12.67,1955198,-182.990,-109.980,-46.970,0.7850,1.0960
2534,29.6295,11.3519,1.0546,393216,830.47,12.67,1955198,-182.990,-109.980,-46.970,0.7850,1.0960
2535,29.6405,11.0500,0.8282,393216,830.47,12.67,1955198,-182.990,-109.980,-46.970,0.7850,1.0960
2536,29.6518,11.0008,0.8440,393216,830.47,12.67,1955198,-182.990,-109.980,-46.970,0.7850,1.0960
2537,29.6630,11.2929,1.0990,393216,830.47,12.67,1955198,-182.990,-109.980,-46.970,0.7850,1.0960
2538,29.6737,11.1249,0.7888,393216,830.47,12.67,1955198,-182.990,-109.980,-46.970,0.7850,1.0960
2539,29.6850,10.7271,0.8448,393216,830.47,12.67,1955198,-182.990,-109.980,-46.970,0.7850,1.0960
2540,29.6966,11.3498,1.0546,393216,830.47,12.67,1955198,-182.990,-109.980,-46.970,0.7850,1.0960
2541,29.7073,11.5372,0.8494,393216,830.47,12.67,1955198,-182.990,-109.980,-46.970,0.7850,1.0960
2542,29.7183,10.6791,0.7976,393216,830.47,12.67,1955198,-182.990,-109.980,-46.970,0.7850,1.0960
2543,29.7300,11.0961,1.1129,393216,830.47,12.67,1955198,-182.990,-109.980,-46.970,0.7850,1.0960
2544,29.7406,11.6959,0.7850,393216,830.47,12.67,1955198,-182.990,-109.980,-46.970,0.7850,1.0960
2545,29.7520,10.5395,0.8495,393216,830.47,12.67,1955198,-182.990,-109.980,-46.970,0.7850,1.0960
2546,29.7625,11.3721,0.8471,393216,830.47,12.67,1955198,-182.990,-109.980,-46.970,0.7850,1.0960
2547,29.7737,10.5855,0.8415,393216,830.47,12.67,1955198,-182.990,-109.980,-46.970,0.7850,1.0960
2548,29.7845,11.1563,0.8282,393216,830.47,12.67,1955198,-182.990,-109.980,-46.970,0.7850,1.0960
2549,29.7959,10.8204,0.9972,393216,830.47,12.67,1955198,-182.990,-109.980,-46.970,0.7850,1.0960
2550,29.8069,11.3371,0.8148,393216,830.47,12.67,1955198,-182.990,-109.980,-46.970,0.7850,1.0960
2551,29.8176,11.0262,0.8125,393216,830.47,12.67,1955198,-182.990,-109.980,-46.970,0.7850,1.0960
2552,29.8288,10.7652,0.7887,393216,830.47,12.67,1955198,-182.990,-109.980,-46.970,0.7850,1.0960
2553,29.8401,11.1739,0.8099,393216,830.47,12.67,1955198,-182.990,-109.980,-46.970,0.7850,1.0960
2554,29.8513,11.2727,0.8281,393216,830.47,12.67,1955198,-182.990,-109.980,-46.970,0.7850,1.0960
2555,29.8622,11.1839,0.9205,393216,830.47,12.67,1955198,-182.990,-109.980,-46.970,0.7850,1.0960
2556,29.8735,10.9611,0.8177,393216,830.47,12.67,1955198,-182.990,-109.980,-46.970,0.7850,1.0960
2557,29.8847,11.2308,0.7317,393216,830.47,12.67,1955198,-182.990,-109.980,-46.970,0.7850,1.0960
2558,29.8966,11.2384,1.3407,393216,830.47,12.67,1955198,-182.990,-109.980,-46.970,0.7850,1.0960
2559,29.9070,11.9439,0.8935,393216,830.47,12.67,1955198,-182.990,-109.980,-46.970,0.7850,1.0960
2560,29.9182,10.3614,0.8688,393216,830.47,12.67,1955198,-182.990,-109.980,-46.970,0.7850,1.0960
2561,29.9297,11.1860,1.0338,393216,830.47,12.67,1955198,-182.990,-109.980,-46.970,0.7850,1.0960
2562,29.9396,11.4854,0.8529,393216,830.47,12.67,1955198,-182.990,-109.980,-46.970,0.7850,1.0960
2563,29.9509,9.9145,0.8495,393216,830.47,12.67,1955198,-182.990,-109.980,-46.970,0.7850,1.0960
2564,29.9625,11.3154,1.0416,393216,830.47,12.67,1955198,-182.990,-109.980,-46.970,0.7850,1.0960
2565,29.9732,11.5909,0.9022,393216,830.47,12.67,1955198,-182.990,-109.980,-46.970,0.7850,1.0960
2566,29.9843,10.6689,0.8647,393216,830.47,12.67,1955198,-182.990,-109.980,-46.970,0.7850,1.0960
2567,29.9955,11.1749,0.8820,393216,830.47,12.67,1955198,-182.990,-109.980,-46.970,0.7850,1.0960
2568,30.0065,11.1675,0.8517,393216,830.47,12.67,1955198,-182.990,-109.980,-46.970,0.7850,1.0960
2569,30.1340,11.0315,117.3645,393216,830.47,12.67,1955198,-182.990,-109.980,-46.970,0.7850,1.0960
2570,30.1351,127.4912,0.9064,393216,830.47,12.67,1955198,-182.990,-109.980,-46.970,0.7850,1.0960
2571,30.1359,1.0538,0.6925,393216,830.47,12.67,1955198,-182.990,-109.980,-46.970,0.7850,1.0960
2572,30.1463,0.8069,1.0072,393216,830.47,12.67,1955198,-182.990,-109.980,-46.970,0.7850,1.0960
2573,30.1574,10.4421,0.7618,393216,830.47,12.67,1955198,-182.990,-109.980,-46.970,0.7850,1.0960
2574,30.1687,11.0371,0.8098,393216,830.47,12.67,1955198,-182.990,-109.980,-46.970,0.7850,1.0960
2575,30.1796,11.3121,0.9030,393216,830.47,12.67,1955198,-182.990,-109.980,-46.970,0.7850,1.0960
2576,30.1907,10.9593,0.8140,393216,830.47,12.67,1955198,-182.990,-109.980,-46.970,0.7850,1.0960
2577,30.2020,11.0663,0.8129,393216,830.47,12.67,1955198,-182.990,-109.980,-46.970,0.7850,1.0960
2578,30.2128,11.2963,1.0980,393216,830.47,12.67,1955198,-182.990,-109.980,-46.970,0.7850,1.0960
2579,30.2232,10.7987,0.7538,393216,830.47,12.67,1955198,-182.990,-109.980,-46.970,0.7850,1.0960
2580,30.2346,10.3585,0.7807,393216,830.47,12.67,1955198,-182.990,-109.980,-46.970,0.7850,1.0960
2581,30.2463,11.4273,1.2412,393216,830.47,12.67,1955198,-182.990,-109.980,-46.970,0.7850,1.0960
2582,30.2567,11.7230,0.8019,393216,830.47,12.67,1955198,-182.990,-109.980,-46.970,0.7850,1.0960
2583,30.2679,10.3367,0.8366,393216,830.47,12.67,1955198,-182.990,-109.980,-46.970,0.7850,1.0960
2584,30.2796,11.2221,1.1733,393216,830.47,12.67,1955198,-182.990,-109.980,-46.970,0.7850,1.0960
2585,30.2905,11.6803,0.8371,393216,830.47,12.67,1955198,-182.990,-109.980,-46.970,0.7850,1.0960
2586,30.3014,10.9166,0.8828,393216,830.47,12.67,1955198,-182.990,-109.980,-46.970,0.7850,1.0960
2587,30.3130,10.9754,1.1397,393216,830.47,12.67,1955198,-182.990,-109.980,-46.970,0.7850,1.0960
2588,30.3238,11.5386,0.8048,393216,830.47,12.67,1955198,-182.990,-109.980,-46.970,0.7850,1.0960
2589,30.3346,10.8278,0.7263,393216,830.47,12.67,1955198,-182.990,-109.980,-46.970,0.7850,1.0960
2590,30.3460,10.7573,0.9886,393216,830.47,12.67,1955198,-182.990,-109.980,-46.970,0.7850,1.0960
2591,30.3572,11.4163,0.7710,393216,830.47,12.67,1955198,-182.990,-109.980,-46.970,0.7850,1.0960
2592,30.3685,11.2232,0.8709,393216,830.47,12.67,1955198,-182.990,-109.980,-46.970,0.7850,1.0960
2593,30.3795,11.2535,0.9460,393216,830.47,12.67,1955198,-182.990,-109.980,-46.970,0.7850,1.0960
2594,30.3899,11.0157,0.7885,393216,830.47,12.67,1955198,-182.990,-109.980,-46.970,0.7850,1.0960
2595,30.4010,10.4518,0.7421,393216,830.47,12.67,1955198,-182.990,-109.980,-46.970,0.7850,1.0960
2596,30.4120,11.0516,0.8604,393216,830.47,12.67,1955198,-182.990,-109.980,-46.970,0.7850,1.0960
2597,30.4232,11.0079,0.7920,393216,830.47,12.67,1955198,-182.990,-109.980,-46.970,0.7850,1.0960
2598,30.4344,11.1608,0.7905,393216,830.47,12.67,1955198,-182.990,-109.980,-46.970,0.7850,1.0960
2599,30.4457,11.2568,0.8536,393216,830.47,12.67,1955198,-182.990,-109.980,-46.970,0.7850,1.0960
2600,30.4565,11.2742,0.7918,393216,830.47,12.67,1955198,-182.990,-109.980,-46.970,0.7850,1.0960
2601,30.4680,10.7682,0.9372,393216,830.47,12.67,1955198,-182.990,-109.980,-46.970,0.7850,1.0960
2602,30.4791,11.5801,0.8481,393216,830.47,12.67,1955198,-182.990,-109.980,-46.970,0.7850,1.0960
2603,30.4899,11.1028,0.7997,393216,830.47,12.67,1955198,-182.990,-109.980,-46.970,0.7850,1.0960
2604,30.5012,10.7467,0.8222,393216,830.47,12.67,1955198,-182.990,-109.980,-46.970,0.7850,1.0960
2605,30.5127,11.3014,0.8575,393216,830.47,12.67,1955198,-182.990,-109.980,-46.970,0.7850,1.0960
2606,30.5239,11.5391,0.8603,393216,830.47,12.67,1955198,-182.990,-109.980,-46.970,0.7850,1.0960
2607,30.5348,11.1775,0.8353,393216,830.47,12.67,1955198,-182.990,-109.980,-46.970,0.7850,1.0960
2608,30.5460,10.8745,0.8201,393216,830.47,12.67,1955198,-182.990,-109.980,-46.970,0.7850,1.0960
2609,30.5572,11.2492,0.7923,393216,830.47,12.67,1955198,-182.990,-109.980,-46.970,0.7850,1.0960
2610,30.5673,11.1354,0.8172,393216,830.47,12.67,1955198,-182.990,-109.980,-46.970,0.7850,1.0960
2611,30.5785,10.1509,0.8619,393216,830.47,12.67,1955198,-182.990,-109.980,-46.970,0.7850,1.0960
2612,30.5898,11.1605,0.8252,393216,830.47,12.67,1955198,-182.990,-109.980,-46.970,0.7850,1.0960
2613,30.6011,11.3161,0.8762,393216,830.47,12.67,1955198,-182.990,-109.980,-46.970,0.7850,1.0960
2614,30.6121,11.3154,0.9205,393216,830.47,12.67,1955198,-182.990,-109.980,-46.970,0.7850,1.0960
2615,30.6231,10.9623,0.8008,393216,830.47,12.67,1955198,-182.990,-109.980,-46.970,0.7850,1.0960
2616,30.6345,11.0627,0.8275,393216,830.47,12.67,1955198,-182.990,-109.980,-46.970,0.7850,1.0960
2617,30.6453,11.3425,0.7990,393216,830.47,12.67,1955198,-182.990,-109.980,-46.970,0.7850,1.0960
2618,30.6564,10.7781,0.8243,393216,830.47,12.67,1955198,-182.990,-109.980,-46.970,0.7850,1.0960
2619,30.6677,11.1446,0.8538,393216,830.47,12.67,1955198,-182.990,-109.980,-46.970,0.7850,1.0960
2620,30.6789,11.3382,0.7973,393216,830.47,12.67,1955198,-182.990,-109.980,-46.970,0.7850,1.0960
2621,30.6897,11.1575,0.7786,393216,830.47,12.67,1955198,-182.990,-109.980,-46.970,0.7850,1.0960
2622,30.7011,10.8841,0.8138,393216,830.47,12.67,1955198,-182.990,-109.980,-46.970,0.7850,1.0960
2623,30.7124,11.3119,0.8897,393216,830.47,12.67,1955198,-182.990,-109.980,-46.970,0.7850,1.0960
2624,30.7231,11.3263,0.7840,393216,830.47,12.67,1955198,-182.990,-109.980,-46.970,0.7850,1.0960
2625,30.7345,10.7336,0.8929,393216,830.47,12.67,1955198,-182.990,-109.980,-46.970,0.7850,1.0960
2626,30.7451,11.3652,0.8153,393216,830.47,12.67,1955198,-182.990,-109.980,-46.970,0.7850,1.0960
2627,30.7562,10.5425,0.8778,393216,830.47,12.67,1955198,-182.990,-109.980,-46.970,0.7850,1.0960
2628,30.7669,11.1452,0.7682,393216,830.47,12.67,1955198,-182.990,-109.980,-46.970,0.7850,1.0960
2629,30.7783,10.6825,0.8388,393216,830.47,12.67,1955198,-182.990,-109.980,-46.970,0.7850,1.0960
2630,30.7896,11.4277,0.8128,393216,830.47,12.67,1955198,-182.990,-109.980,-46.970,0.7850,1.0960
2631,30.8003,11.2966,0.7377,393216,830.47,12.67,1955198,-182.990,-109.980,-46.970,0.7850,1.0960
2632,30.8117,10.7249,0.8524,393216,830.47,12.67,1955198,-182.990,-109.980,-46.970,0.7850,1.0960
2633,30.8230,11.3428,0.8400,393216,830.47,12.67,1955198,-182.990,-109.980,-46.970,0.7850,1.0960
2634,30.8344,11.3304,0.8743,393216,830.47,12.67,1955198,-182.990,-109.980,-46.970,0.7850,1.0960
2635,30.8451,11.3524,0.7954,393216,830.47,12.67,1955198,-182.990,-109.980,-46.970,0.7850,1.0960
2636,30.8563,10.7569,0.7831,393216,830.47,12.67,1955198,-182.990,-109.980,-46.970,0.7850,1.0960
2637,30.8678,11.1958,0.9003,393216,830.47,12.67,1955198,-182.990,-109.980,-46.970,0.7850,1.0960
2638,30.8785,11.4550,0.8141,393216,830.47,12.67,1955198,-182.990,-109.980,-46.970,0.7850,1.0960
2639,30.8895,10.7413,0.8665,393216,830.47,12.67,1955198,-182.990,-109.980,-46.970,0.7850,1.0960
2640,30.9009,11.0285,0.8378,393216,830.47,12.67,1955198,-182.990,-109.980,-46.970,0.7850,1.0960
2641,30.9122,11.3255,0.8541,393216,830.47,12.67,1955198,-182.990,-109.980,-46.970,0.7850,1.0960
2642,30.9224,11.3070,0.9617,393216,830.47,12.67,1955198,-182.990,-109.980,-46.970,0.7850,1.0960
2643,30.9337,10.1894,0.8156,393216,830.47,12.67,1955198,-182.990,-109.980,-46.970,0.7850,1.0960
2644,30.9449,11.2972,0.8474,393216,830.47,12.67,1955198,-182.990,-109.980,-46.970,0.7850,1.0960
2645,30.9557,11.2279,0.8243,393216,830.47,12.67,1955198,-182.990,-109.980,-46.970,0.7850,1.0960
2646,30.9670,10.8074,0.8748,393216,830.47,12.67,1955198,-182.990,-109.980,-46.970,0.7850,1.0960
2647,30.9782,11.2722,0.8328,393216,830.47,12.67,1955198,-182.990,-109.980,-46.970,0.7850,1.0960
2648,30.9895,11.2535,0.9972,393216,830.47,12.67,1955198,-182.990,-109.980,-46.970,0.7850,1.0960
2649,31.0008,11.2889,1.4028,393216,830.47,12.67,1955198,-182.990,-109.980,-46.970,0.7850,1.0960
2650,31.0115,11.3531,0.9033,393216,830.47,12.67,1955198,-182.990,-109.980,-46.970,0.7850,1.0960
2651,31.0227,10.6889,0.8516,393216,830.47,12.67,1955198,-182.990,-109.980,-46.970,0.7850,1.0960
2652,31.0335,11.1794,0.7987,393216,830.47,12.67,1955198,-182.990,-109.980,-46.970,0.7850,1.0960
2653,31.0448,10.8250,0.8585,393216,830.47,12.67,1955198,-182.990,-109.980,-46.970,0.7850,1.0960
2654,31.0562,11.2610,0.9257,393216,830.47,12.67,1955198,-182.990,-109.980,-46.970,0.7850,1.0960
2655,31.0674,11.3786,0.8855,393216,830.47,12.67,1955198,-182.990,-109.980,-46.970,0.7850,1.0960
2656,31.0782,11.2285,0.7925,393216,830.47,12.67,1955198,-182.990,-109.980,-46.970,0.7850,1.0960
2657,31.0897,10.7725,0.9534,393216,830.47,12.67,1955198,-182.990,-109.980,-46.970,0.7850,1.0960
2658,31.1000,11.4846,0.8721,393216,830.47,12.67,1955198,-182.990,-109.980,-46.970,0.7850,1.0960
2659,31.1108,10.2835,0.9513,393216,830.47,12.67,1955198,-182.990,-109.980,-46.970,0.7850,1.0960
2660,31.1222,10.8837,1.0863,393216,830.47,12.67,1955198,-182.990,-109.980,-46.970,0.7850,1.0960
2661,31.1333,11.3521,0.8119,393216,830.47,12.67,1955198,-182.990,-109.980,-46.970,0.7850,1.0960
2662,31.1446,11.1239,0.8799,393216,830.47,12.67,1955198,-182.990,-109.980,-46.970,0.7850,1.0960
2663,31.1557,11.3208,0.9766,393216,830.47,12.67,1955198,-182.990,-109.980,-46.970,0.7850,1.0960
2664,31.1667,11.0523,0.8600,393216,830.47,12.67,1955198,-182.990,-109.980,-46.970,0.7850,1.0960
2665,31.1780,11.1043,0.8549,393216,830.47,12.67,1955198,-182.990,-109.980,-46.970,0.7850,1.0960
2666,31.1889,11.2091,0.8886,393216,830.47,12.67,1955198,-182.990,-109.980,-46.970,0.7850,1.0960
2667,31.2000,10.9210,0.9048,393216,830.47,12.67,1955198,-182.990,-109.980,-46.970,0.7850,1.0960
2668,31.2113,11.0829,0.9509,393216,830.47,12.67,1955198,-182.990,-109.980,-46.970,0.7850,1.0960
2669,31.2226,11.3409,0.9643,393216,830.47,12.67,1955198,-182.990,-109.980,-46.970,0.7850,1.0960
2670,31.2332,11.2134,0.7505,393216,830.47,12.67,1955198,-182.990,-109.980,-46.970,0.7850,1.0960
2671,31.2446,10.6398,0.8521,393216,830.47,12.67,1955198,-182.990,-109.980,-46.970,0.7850,1.0960
2672,31.2560,11.4222,0.9591,393216,830.47,12.67,1955198,-182.990,-109.980,-46.970,0.7850,1.0960
2673,31.2668,11.3964,0.8417,393216,830.47,12.67,1955198,-182.990,-109.980,-46.970,0.7850,1.0960
2674,31.2772,10.7631,0.8419,393216,830.47,12.67,1955198,-182.990,-109.980,-46.970,0.7850,1.0960
2675,31.2886,10.4331,1.0284,393216,830.47,12.67,1955198,-182.990,-109.980,-46.970,0.7850,1.0960
2676,31.2998,11.3935,0.8620,393216,830.47,12.67,1955198,-182.990,-109.980,-46.970,0.7850,1.0960
2677,31.3106,11.1768,0.8473,393216,830.47,12.67,1955198,-182.990,-109.980,-46.970,0.7850,1.0960
2678,31.3221,10.8222,1.1034,393216,830.47,12.67,1955198,-182.990,-109.980,-46.970,0.7850,1.0960
2679,31.3332,11.5258,1.0426,393216,830.47,12.67,1955198,-182.990,-109.980,-46.970,0.7850,1.0960
2680,31.3438,11.0835,0.7915,393216,830.47,12.67,1955198,-182.990,-109.980,-46.970,0.7850,1.0960
2681,31.3553,10.5529,1.0445,393216,830.47,12.67,1955198,-182.990,-109.980,-46.970,0.7850,1.0960
2682,31.3663,11.5423,0.7626,393216,830.47,12.67,1955198,-182.990,-109.980,-46.970,0.7850,1.0960
2683,31.3777,11.0278,0.8703,393216,830.47,12.67,1955198,-182.990,-109.980,-46.970,0.7850,1.0960
2684,31.3890,11.3515,0.9361,393216,830.47,12.67,1955198,-182.990,-109.980,-46.970,0.7850,1.0960
2685,31.3998,11.3029,0.7685,393216,830.47,12.67,1955198,-182.990,-109.980,-46.970,0.7850,1.0960
2686,31.4112,10.8241,0.8539,393216,830.47,12.67,1955198,-182.990,-109.980,-46.970,0.7850,1.0960
2687,31.4220,11.3572,0.7662,393216,830.47,12.67,1955198,-182.990,-109.980,-46.970,0.7850,1.0960
2688,31.4331,10.8311,0.7685,393216,830.47,12.67,1955198,-182.990,-109.980,-46.970,0.7850,1.0960
2689,31.4445,11.0554,0.8350,393216,830.47,12.67,1955198,-182.990,-109.980,-46.970,0.7850,1.0960
2690,31.4553,11.4223,1.0516,393216,830.47,12.67,1955198,-182.990,-109.980,-46.970,0.7850,1.0960
2691,31.4658,10.7938,0.8444,393216,830.47,12.67,1955198,-182.990,-109.980,-46.970,0.7850,1.0960
2692,31.4772,10.5648,0.8499,393216,830.47,12.67,1955198,-182.990,-109.980,-46.970,0.7850,1.0960
2693,31.4888,11.3937,1.1076,393216,830.47,12.67,1955198,-182.990,-109.980,-46.970,0.7850,1.0960
2694,31.4992,11.5982,0.7500,393216,830.47,12.67,1955198,-182.990,-109.980,-46.970,0.7850,1.0960
2695,31.5106,10.3957,0.8907,393216,830.47,12.67,1955198,-182.990,-109.980,-46.970,0.7850,1.0960
2696,31.5220,11.3474,1.0369,393216,830.47,12.67,1955198,-182.990,-109.980,-46.970,0.7850,1.0960
2697,31.5330,11.4721,0.8370,393216,830.47,12.67,1955198,-182.990,-109.980,-46.970,0.7850,1.0960
2698,31.5439,10.9759,0.7735,393216,830.47,12.67,1955198,-182.990,-109.980,-46.970,0.7850,1.0960
2699,31.5553,10.8284,0.8696,393216,830.47,12.67,1955198,-182.990,-109.980,-46.970,0.7850,1.0960
2700,31.5662,11.4455,0.7794,393216,830.47,12.67,1955198,-182.990,-109.980,-46.970,0.7850,1.0960
2701,31.5771,10.8661,0.8627,393216,830.47,12.67,1955198,-182.990,-109.980,-46.970,0.7850,1.0960
2702,31.5885,10.9045,0.9847,393216,830.47,12.67,1955198,-182.990,-109.980,-46.970,0.7850,1.0960
2703,31.5996,11.4547,0.8175,393216,830.47,12.67,1955198,-182.990,-109.980,-46.970,0.7850,1.0960
2704,31.6109,11.1107,0.8605,393216,830.47,12.67,1955198,-182.990,-109.980,-46.970,0.7850,1.0960
2705,31.6220,11.3052,1.0631,393216,830.47,12.67,1955198,-182.990,-109.980,-46.970,0.7850,1.0960
2706,31.6322,11.0364,0.8266,393216,830.47,12.67,1955198,-182.990,-109.980,-46.970,0.7850,1.0960
2707,31.6435,10.2942,0.8393,393216,830.47,12.67,1955198,-182.990,-109.980,-46.970,0.7850,1.0960
2708,31.6542,11.1828,0.8195,393216,830.47,12.67,1955198,-182.990,-109.980,-46.970,0.7850,1.0960
2709,31.6656,10.7942,0.9334,393216,830.47,12.67,1955198,-182.990,-109.980,-46.970,0.7850,1.0960
2710,31.6766,11.3118,0.7950,393216,830.47,12.67,1955198,-182.990,-109.980,-46.970,0.7850,1.0960
2711,31.6878,11.0182,0.8436,393216,830.47,12.67,1955198,-182.990,-109.980,-46.970,0.7850,1.0960
2712,31.6987,11.2622,0.7850,393216,830.47,12.67,1955198,-182.990,-109.980,-46.970,0.7850,1.0960
2713,31.7100,10.8145,0.7930,393216,830.47,12.67,1955198,-182.990,-109.980,-46.970,0.7850,1.0960
2714,31.7212,11.3193,0.8024,393216,830.47,12.67,1955198,-182.990,-109.980,-46.970,0.7850,1.0960
2715,31.7320,11.2340,0.7664,393216,830.47,12.67,1955198,-182.990,-109.980,-46.970,0.7850,1.0960
2716,31.7433,10.8170,0.8163,393216,830.47,12.67,1955198,-182.990,-109.980,-46.970,0.7850,1.0960
2717,31.7546,11.2734,0.7752,393216,830.47,12.67,1955198,-182.990,-109.980,-46.970,0.7850,1.0960
2718,31.7658,11.3199,0.8336,393216,830.47,12.67,1955198,-182.990,-109.980,-46.970,0.7850,1.0960
2719,31.7767,11.1858,0.8751,393216,830.47,12.67,1955198,-182.990,-109.980,-46.970,0.7850,1.0960
2720,31.7879,10.9030,0.7956,393216,830.47,12.67,1955198,-182.990,-109.980,-46.970,0.7850,1.0960
2721,31.7992,11.1679,0.8165,393216,830.47,12.67,1955198,-182.990,-109.980,-46.970,0.7850,1.0960
2722,31.8093,11.3451,0.7320,393216,830.47,12.67,1955198,-182.990,-109.980,-46.970,0.7850,1.0960
2723,31.8206,10.0906,0.8159,393216,830.47,12.67,1955198,-182.990,-109.980,-46.970,0.7850,1.0960
2724,31.8320,11.3025,0.8360,393216,830.47,12.67,1955198,-182.990,-109.980,-46.970,0.7850,1.0960
2725,31.8436,11.3759,1.0817,393216,830.47,12.67,1955198,-182.990,-109.980,-46.970,0.7850,1.0960
2726,31.8544,11.5732,0.9980,393216,830.47,12.67,1955198,-182.990,-109.980,-46.970,0.7850,1.0960
2727,31.8656,10.8691,0.9076,393216,830.47,12.67,1955198,-182.990,-109.980,-46.970,0.7850,1.0960
2728,31.8766,11.1876,0.8540,393216,830.47,12.67,1955198,-182.990,-109.980,-46.970,0.7850,1.0960
2729,31.8876,10.9562,0.9858,393216,830.47,12.67,1955198,-182.990,-109.980,-46.970,0.7850,1.0960
2730,31.8988,11.0633,0.9595,393216,830.47,12.67,1955198,-182.990,-109.980,-46.970,0.7850,1.0960
2731,31.9100,11.1747,0.9161,393216,830.47,12.67,1955198,-182.990,-109.980,-46.970,0.7850,1.0960
2732,31.9213,11.2308,0.9116,393216,830.47,12.67,1955198,-182.990,-109.980,-46.970,0.7850,1.0960
2733,31.9322,11.2775,0.8605,393216,830.47,12.67,1955198,-182.990,-109.980,-46.970,0.7850,1.0960
2734,31.9434,10.8494,0.8427,393216,830.47,12.67,1955198,-182.990,-109.980,-46.970,0.7850,1.0960
2735,31.9547,11.2631,0.8869,393216,830.47,12.67,1955198,-182.990,-109.980,-46.970,0.7850,1.0960
2736,31.9655,11.2914,0.8730,393216,830.47,12.67,1955198,-182.990,-109.980,-46.970,0.7850,1.0960
2737,31.9766,10.8094,0.9046,393216,830.47,12.67,1955198,-182.990,-109.980,-46.970,0.7850,1.0960
2738,31.9872,11.0181,0.9426,393216,830.47,12.67,1955198,-182.990,-109.980,-46.970,0.7850,1.0960
2739,31.9985,10.6798,1.0296,393216,830.47,12.67,1955198,-182.990,-109.980,-46.970,0.7850,1.0960
2740,32.0094,11.2836,0.9960,393216,830.47,12.67,1955198,-182.990,-109.980,-46.970,0.7850,1.0960
2741,32.0206,10.8394,0.8541,393216,830.47,12.67,1955198,-182.990,-109.980,-46.970,0.7850,1.0960
2742,32.0318,11.1987,0.8565,393216,830.47,12.67,1955198,-182.990,-109.980,-46.970,0.7850,1.0960
2743,32.0426,11.2613,0.8531,393216,830.47,12.67,1955198,-182.990,-109.980,-46.970,0.7850,1.0960
2744,32.0538,10.7599,0.8559,393216,830.47,12.67,1955198,-182.990,-109.980,-46.970,0.7850,1.0960
2745,32.0652,11.2364,0.8568,393216,830.47,12.67,1955198,-182.990,-109.980,-46.970,0.7850,1.0960
2746,32.0763,11.3677,0.9321,393216,830.47,12.67,1955198,-182.990,-109.980,-46.970,0.7850,1.0960
2747,32.0870,11.1490,0.7404,393216,830.47,12.67,1955198,-182.990,-109.980,-46.970,0.7850,1.0960
2748,32.0984,10.6432,0.8241,393216,830.47,12.67,1955198,-182.990,-109.980,-46.970,0.7850,1.0960
2749,32.1096,11.4170,0.8466,393216,830.47,12.67,1955198,-182.990,-109.980,-46.970,0.7850,1.0960
2750,32.1204,11.3603,0.8253,393216,830.47,12.67,1955198,-182.990,-109.980,-46.970,0.7850,1.0960
2751,32.1316,10.6638,0.8353,393216,830.47,12.67,1955198,-182.990,-109.980,-46.970,0.7850,1.0960
2752,32.1430,11.2051,0.8793,393216,830.47,12.67,1955198,-182.990,-109.980,-46.970,0.7850,1.0960
2753,32.1542,11.3909,0.8353,393216,830.47,12.67,1955198,-182.990,-109.980,-46.970,0.7850,1.0960
2754,32.1643,11.2145,0.7689,393216,830.47,12.67,1955198,-182.990,-109.980,-46.970,0.7850,1.0960
2755,32.1760,10.0818,1.0742,393216,830.47,12.67,1955198,-182.990,-109.980,-46.970,0.7850,1.0960
2756,32.1868,11.7283,0.7566,393216,830.47,12.67,1955198,-182.990,-109.980,-46.970,0.7850,1.0960
2757,32.1976,10.7104,0.7410,393216,830.47,12.67,1955198,-182.990,-109.980,-46.970,0.7850,1.0960
2758,32.2098,10.8868,0.9214,393216,830.47,12.67,1955198,-182.990,-109.980,-46.970,0.7850,1.0960
2759,32.2204,12.1782,0.9111,393216,830.47,12.67,1955198,-182.990,-109.980,-46.970,0.7850,1.0960
2760,32.2314,10.5817,0.7792,393216,830.47,12.67,1955198,-182.990,-109.980,-46.970,0.7850,1.0960
2761,32.2425,11.0029,0.9460,393216,830.47,12.67,1955198,-182.990,-109.980,-46.970,0.7850,1.0960
2762,32.2537,11.0684,0.7666,393216,830.47,12.67,1955198,-182.990,-109.980,-46.970,0.7850,1.0960
2763,32.2649,11.2234,0.8595,393216,830.47,12.67,1955198,-182.990,-109.980,-46.970,0.7850,1.0960
2764,32.2759,11.2237,0.9596,393216,830.47,12.67,1955198,-182.990,-109.980,-46.970,0.7850,1.0960
2765,32.2870,10.9795,0.9054,393216,830.47,12.67,1955198,-182.990,-109.980,-46.970,0.7850,1.0960
2766,32.2983,11.1427,0.8499,393216,830.47,12.67,1955198,-182.990,-109.980,-46.970,0.7850,1.0960
2767,32.3095,11.3079,0.9074,393216,830.47,12.67,1955198,-182.990,-109.980,-46.970,0.7850,1.0960
2768,32.3203,11.1537,0.8145,393216,830.47,12.67,1955198,-182.990,-109.980,-46.970,0.7850,1.0960
2769,32.3316,10.8253,0.8252,393216,830.47,12.67,1955198,-182.990,-109.980,-46.970,0.7850,1.0960
2770,32.3423,11.2843,1.0347,393216,830.47,12.67,1955198,-182.990,-109.980,-46.970,0.7850,1.0960
2771,32.3529,10.7587,0.7911,393216,830.47,12.67,1955198,-182.990,-109.980,-46.970,0.7850,1.0960
2772,32.3641,10.5165,0.7796,393216,830.47,12.67,1955198,-182.990,-109.980,-46.970,0.7850,1.0960
2773,32.3757,11.2024,1.0530,393216,830.47,12.67,1955198,-182.990,-109.980,-46.970,0.7850,1.0960
2774,32.3867,11.5811,0.8634,393216,830.47,12.67,1955198,-182.990,-109.980,-46.970,0.7850,1.0960
2775,32.3975,11.0296,0.7797,393216,830.47,12.67,1955198,-182.990,-109.980,-46.970,0.7850,1.0960
2776,32.4089,10.7739,0.9083,393216,830.47,12.67,1955198,-182.990,-109.980,-46.970,0.7850,1.0960
2777,32.4201,11.4358,0.8527,393216,830.47,12.67,1955198,-182.990,-109.980,-46.970,0.7850,1.0960
2778,32.4308,11.1495,0.7656,393216,830.47,12.67,1955198,-182.990,-109.980,-46.970,0.7850,1.0960
2779,32.4422,10.7116,0.8957,393216,830.47,12.67,1955198,-182.990,-109.980,-46.970,0.7850,1.0960
2780,32.4535,11.3853,0.8053,393216,830.47,12.67,1955198,-182.990,-109.980,-46.970,0.7850,1.0960
2781,32.4647,11.3102,0.8383,393216,830.47,12.67,1955198,-182.990,-109.980,-46.970,0.7850,1.0960
2782,32.4757,11.2192,0.9954,393216,830.47,12.67,1955198,-182.990,-109.980,-46.970,0.7850,1.0960
2783,32.4869,11.0509,0.8782,393216,830.47,12.67,1955198,-182.990,-109.980,-46.970,0.7850,1.0960
2784,32.4980,11.1401,0.8324,393216,830.47,12.67,1955198,-182.990,-109.980,-46.970,0.7850,1.0960
2785,32.5091,11.1499,0.9834,393216,830.47,12.67,1955198,-182.990,-109.980,-46.970,0.7850,1.0960
2786,32.5193,11.0748,0.7971,393216,830.47,12.67,1955198,-182.990,-109.980,-46.970,0.7850,1.0960
2787,32.5305,10.1758,0.8195,393216,830.47,12.67,1955198,-182.990,-109.980,-46.970,0.7850,1.0960
2788,32.5419,11.2061,0.9472,393216,830.47,12.67,1955198,-182.990,-109.980,-46.970,0.7850,1.0960
2789,32.5525,11.3782,0.7972,393216,830.47,12.67,1955198,-182.990,-109.980,-46.970,0.7850,1.0960
2790,32.5638,10.6640,0.8022,393216,830.47,12.67,1955198,-182.990,-109.980,-46.970,0.7850,1.0960
2791,32.5750,11.2494,0.8010,393216,830.47,12.67,1955198,-182.990,-109.980,-46.970,0.7850,1.0960
2792,32.5859,11.2317,0.7799,393216,830.47,12.67,1955198,-182.990,-109.980,-46.970,0.7850,1.0960
2793,32.5970,10.8909,0.8285,393216,830.47,12.67,1955198,-182.990,-109.980,-46.970,0.7850,1.0960
2794,32.6084,11.1544,0.7528,393216,830.47,12.67,1955198,-182.990,-109.980,-46.970,0.7850,1.0960
2795,32.6197,11.3273,0.8859,393216,830.47,12.67,1955198,-182.990,-109.980,-46.970,0.7850,1.0960
2796,32.6308,11.3275,0.8966,393216,830.47,12.67,1955198,-182.990,-109.980,-46.970,0.7850,1.0960
2797,32.6418,11.1063,0.7817,393216,830.47,12.67,1955198,-182.990,-109.980,-46.970,0.7850,1.0960
2798,32.6531,11.0132,0.8535,393216,830.47,12.67,1955198,-182.990,-109.980,-46.970,0.7850,1.0960
2799,32.6641,11.3029,0.9887,393216,830.47,12.67,1955198,-182.990,-109.980,-46.970,0.7850,1.0960
2800,32.6751,10.9565,0.8271,393216,830.47,12.67,1955198,-182.990,-109.980,-46.970,0.7850,1.0960
2801,32.6864,10.9882,0.8359,393216,830.47,12.67,1955198,-182.990,-109.980,-46.970,0.7850,1.0960
2802,32.6965,11.3637,0.7668,393216,830.47,12.67,1955198,-182.990,-109.980,-46.970,0.7850,1.0960
2803,32.7074,10.0390,0.7459,393216,830.47,12.67,1955198,-182.990,-109.980,-46.970,0.7850,1.0960
2804,32.7189,10.9216,0.8106,393216,830.47,12.67,1955198,-182.990,-109.980,-46.970,0.7850,1.0960
2805,32.7302,11.5148,0.8725,393216,830.47,12.67,1955198,-182.990,-109.980,-46.970,0.7850,1.0960
2806,32.7410,11.2608,0.8479,393216,830.47,12.67,1955198,-182.990,-109.980,-46.970,0.7850,1.0960
2807,32.7521,10.8313,0.7836,393216,830.47,12.67,1955198,-182.990,-109.980,-46.970,0.7850,1.0960
2808,32.7633,11.1396,0.7882,393216,830.47,12.67,1955198,-182.990,-109.980,-46.970,0.7850,1.0960
2809,32.7743,11.2196,0.8329,393216,830.47,12.67,1955198,-182.990,-109.980,-46.970,0.7850,1.0960
2810,32.7853,10.9014,0.7712,393216,830.47,12.67,1955198,-182.990,-109.980,-46.970,0.7850,1.0960
2811,32.7965,11.0279,0.8015,393216,830.47,12.67,1955198,-182.990,-109.980,-46.970,0.7850,1.0960
2812,32.8077,11.2651,0.8054,393216,830.47,12.67,1955198,-182.990,-109.980,-46.970,0.7850,1.0960
2813,32.8186,11.1374,0.8145,393216,830.47,12.67,1955198,-182.990,-109.980,-46.970,0.7850,1.0960
2814,32.8298,10.8994,0.8741,393216,830.47,12.67,1955198,-182.990,-109.980,-46.970,0.7850,1.0960
2815,32.8412,11.2126,0.8376,393216,830.47,12.67,1955198,-182.990,-109.980,-46.970,0.7850,1.0960
2816,32.8524,11.4264,0.8596,393216,830.47,12.67,1955198,-182.990,-109.980,-46.970,0.7850,1.0960
2817,32.8634,11.1460,0.8748,393216,830.47,12.67,1955198,-182.990,-109.980,-46.970,0.7850,1.0960
2818,32.8738,11.0236,0.8660,393216,830.47,12.67,1955198,-182.990,-109.980,-46.970,0.7850,1.0960
2819,32.8849,10.4210,0.8263,393216,830.47,12.67,1955198,-182.990,-109.980,-46.970,0.7850,1.0960
2820,32.8958,11.0981,0.8290,393216,830.47,12.67,1955198,-182.990,-109.980,-46.970,0.7850,1.0960
2821,32.9071,10.8982,0.8201,393216,830.47,12.67,1955198,-182.990,-109.980,-46.970,0.7850,1.0960
2822,32.9182,11.2815,0.7899,393216,830.47,12.67,1955198,-182.990,-109.980,-46.970,0.7850,1.0960
2823,32.9291,11.1012,0.8929,393216,830.47,12.67,1955198,-182.990,-109.980,-46.970,0.7850,1.0960
2824,32.9401,10.9042,0.8690,393216,830.47,12.67,1955198,-182.990,-109.980,-46.970,0.7850,1.0960
2825,32.9514,10.9819,0.7697,393216,830.47,12.67,1955198,-182.990,-109.980,-46.970,0.7850,1.0960
2826,32.9627,11.2968,0.8825,393216,830.47,12.67,1955198,-182.990,-109.980,-46.970,0.7850,1.0960
2827,32.9733,11.3173,0.7899,393216,830.47,12.67,1955198,-182.990,-109.980,-46.970,0.7850,1.0960
2828,32.9846,10.6516,0.7752,393216,830.47,12.67,1955198,-182.990,-109.980,-46.970,0.7850,1.0960
2829,32.9961,11.2947,0.7814,393216,830.47,12.67,1955198,-182.990,-109.980,-46.970,0.7850,1.0960
2830,33.0071,11.4179,0.9780,393216,830.47,12.67,1955198,-182.990,-109.980,-46.970,0.7850,1.0960
2831,33.0182,11.0503,0.8945,393216,830.47,12.67,1955198,-182.990,-109.980,-46.970,0.7850,1.0960
2832,33.0293,11.0939,0.7869,393216,830.47,12.67,1955198,-182.990,-109.980,-46.970,0.7850,1.0960
2833,33.0409,11.1047,1.2033,393216,830.47,12.67,1955198,-182.990,-109.980,-46.970,0.7850,1.0960
2834,33.0507,11.6129,0.8716,393216,830.47,12.67,1955198,-182.990,-109.980,-46.970,0.7850,1.0960
2835,33.0621,9.8682,0.9662,393216,830.47,12.67,1955198,-182.990,-109.980,-46.970,0.7850,1.0960
2836,33.0734,11.2811,1.1145,393216,830.47,12.67,1955198,-182.990,-109.980,-46.970,0.7850,1.0960
2837,33.0838,11.3008,0.7765,393216,830.47,12.67,1955198,-182.990,-109.980,-46.970,0.7850,1.0960
2838,33.0951,10.4449,0.9061,393216,830.47,12.67,1955198,-182.990,-109.980,-46.970,0.7850,1.0960
2839,33.1069,11.3223,1.3308,393216,830.47,12.67,1955198,-182.990,-109.980,-46.970,0.7850,1.0960
2840,33.1175,11.7576,0.8946,393216,830.47,12.67,1955198,-182.990,-109.980,-46.970,0.7850,1.0960
2841,33.1283,10.5993,0.8498,393216,830.47,12.67,1955198,-182.990,-109.980,-46.970,0.7850,1.0960
2842,33.1398,10.8311,1.0321,393216,830.47,12.67,1955198,-182.990,-109.980,-46.970,0.7850,1.0960
2843,33.1510,11.4383,0.8779,393216,830.47,12.67,1955198,-182.990,-109.980,-46.970,0.7850,1.0960
2844,33.1621,11.2594,1.0530,393216,830.47,12.67,1955198,-182.990,-109.980,-46.970,0.7850,1.0960
2845,33.1736,11.0981,1.1638,393216,830.47,12.67,1955198,-182.990,-109.980,-46.970,0.7850,1.0960
2846,33.1845,11.5076,0.9269,393216,830.47,12.67,1955198,-182.990,-109.980,-46.970,0.7850,1.0960
2847,33.1955,10.8728,0.8236,393216,830.47,12.67,1955198,-182.990,-109.980,-46.970,0.7850,1.0960
2848,33.2066,11.0265,1.0723,393216,830.47,12.67,1955198,-182.990,-109.980,-46.970,0.7850,1.0960
2849,33.2175,11.0783,0.8001,393216,830.47,12.67,1955198,-182.990,-109.980,-46.970,0.7850,1.0960
2850,33.2281,10.9301,0.7680,393216,830.47,12.67,1955198,-182.990,-109.980,-46.970,0.7850,1.0960
2851,33.2389,10.5305,0.8170,393216,830.47,12.67,1955198,-182.990,-109.980,-46.970,0.7850,1.0960
2852,33.2499,10.8440,0.7789,393216,830.47,12.67,1955198,-182.990,-109.980,-46.970,0.7850,1.0960
2853,33.2613,10.9760,0.8291,393216,830.47,12.67,1955198,-182.990,-109.980,-46.970,0.7850,1.0960
2854,33.2728,11.4116,1.0225,393216,830.47,12.67,1955198,-182.990,-109.980,-46.970,0.7850,1.0960
2855,33.2834,11.5279,0.8555,393216,830.47,12.67,1955198,-182.990,-109.980,-46.970,0.7850,1.0960
2856,33.2948,10.5914,0.8971,393216,830.47,12.67,1955198,-182.990,-109.980,-46.970,0.7850,1.0960
2857,33.3059,11.3665,0.8079,393216,830.47,12.67,1955198,-182.990,-109.980,-46.970,0.7850,1.0960
2858,33.3167,11.2294,0.8614,393216,830.47,12.67,1955198,-182.990,-109.980,-46.970,0.7850,1.0960
2859,33.3280,10.6878,0.8461,393216,830.47,12.67,1955198,-182.990,-109.980,-46.970,0.7850,1.0960
2860,33.3397,11.2522,1.1494,393216,830.47,12.67,1955198,-182.990,-109.980,-46.970,0.7850,1.0960
2861,33.3506,11.7229,0.8664,393216,830.47,12.67,1955198,-182.990,-109.980,-46.970,0.7850,1.0960
2862,33.3613,10.8730,0.7588,393216,830.47,12.67,1955198,-182.990,-109.980,-46.970,0.7850,1.0960
2863,33.3725,10.7919,0.8241,393216,830.47,12.67,1955198,-182.990,-109.980,-46.970,0.7850,1.0960
2864,33.3837,11.2153,0.7771,393216,830.47,12.67,1955198,-182.990,-109.980,-46.970,0.7850,1.0960
2865,33.3946,11.1633,0.8288,393216,830.47,12.67,1955198,-182.990,-109.980,-46.970,0.7850,1.0960
2866,33.4050,10.8446,0.8221,393216,830.47,12.67,1955198,-182.990,-109.980,-46.970,0.7850,1.0960
2867,33.4161,10.4180,0.7650,393216,830.47,12.67,1955198,-182.990,-109.980,-46.970,0.7850,1.0960
2868,33.4272,11.1516,0.9849,393216,830.47,12.67,1955198,-182.990,-109.980,-46.970,0.7850,1.0960
2869,33.4383,11.0674,0.7785,393216,830.47,12.67,1955198,-182.990,-109.980,-46.970,0.7850,1.0960
2870,33.4496,11.0995,0.8882,393216,830.47,12.67,1955198,-182.990,-109.980,-46.970,0.7850,1.0960
2871,33.4607,11.2989,0.7701,393216,830.47,12.67,1955198,-182.990,-109.980,-46.970,0.7850,1.0960
2872,33.4716,11.1069,0.7812,393216,830.47,12.67,1955198,-182.990,-109.980,-46.970,0.7850,1.0960
2873,33.4827,10.9102,0.8015,393216,830.47,12.67,1955198,-182.990,-109.980,-46.970,0.7850,1.0960
2874,33.4941,11.1091,0.8432,393216,830.47,12.67,1955198,-182.990,-109.980,-46.970,0.7850,1.0960
2875,33.5054,11.3770,0.9049,393216,830.47,12.67,1955198,-182.990,-109.980,-46.970,0.7850,1.0960
2876,33.5164,11.2649,0.9466,393216,830.47,12.67,1955198,-182.990,-109.980,-46.970,0.7850,1.0960
2877,33.5278,11.0385,0.9733,393216,830.47,12.67,1955198,-182.990,-109.980,-46.970,0.7850,1.0960
2878,33.5389,11.4013,0.9059,393216,830.47,12.67,1955198,-182.990,-109.980,-46.970,0.7850,1.0960
2879,33.5498,11.0832,0.9750,393216,830.47,12.67,1955198,-182.990,-109.980,-46.970,0.7850,1.0960
2880,33.5609,10.8767,0.8967,393216,830.47,12.67,1955198,-182.990,-109.980,-46.970,0.7850,1.0960
2881,33.5722,11.0898,0.9133,393216,830.47,12.67,1955198,-182.990,-109.980,-46.970,0.7850,1.0960
2882,33.5827,11.3037,1.1107,393216,830.47,12.67,1955198,-182.990,-109.980,-46.970,0.7850,1.0960
2883,33.5931,10.5559,0.8203,393216,830.47,12.67,1955198,-182.990,-109.980,-46.970,0.7850,1.0960
2884,33.6045,10.3862,0.8844,393216,830.47,12.67,1955198,-182.990,-109.980,-46.970,0.7850,1.0960
2885,33.6159,11.3921,0.9604,393216,830.47,12.67,1955198,-182.990,-109.980,-46.970,0.7850,1.0960
2886,33.6265,11.4041,0.7604,393216,830.47,12.67,1955198,-182.990,-109.980,-46.970,0.7850,1.0960
2887,33.6379,10.6326,0.8251,393216,830.47,12.67,1955198,-182.990,-109.980,-46.970,0.7850,1.0960
2888,33.6495,11.3605,1.2602,393216,830.47,12.67,1955198,-182.990,-109.980,-46.970,0.7850,1.0960
2889,33.6599,11.6223,0.7513,393216,830.47,12.67,1955198,-182.990,-109.980,-46.970,0.7850,1.0960
2890,33.6711,10.3534,0.8189,393216,830.47,12.67,1955198,-182.990,-109.980,-46.970,0.7850,1.0960
2891,33.6826,11.2090,0.9750,393216,830.47,12.67,1955198,-182.990,-109.980,-46.970,0.7850,1.0960
2892,33.6936,11.5082,0.8082,393216,830.47,12.67,1955198,-182.990,-109.980,-46.970,0.7850,1.0960
2893,33.7045,11.0181,0.8241,393216,830.47,12.67,1955198,-182.990,-109.980,-46.970,0.7850,1.0960
2894,33.7160,10.8530,1.1306,393216,830.47,12.67,1955198,-182.990,-109.980,-46.970,0.7850,1.0960
2895,33.7268,11.5177,0.7702,393216,830.47,12.67,1955198,-182.990,-109.980,-46.970,0.7850,1.0960
2896,33.7375,10.7818,0.7898,393216,830.47,12.67,1955198,-182.990,-109.980,-46.970,0.7850,1.0960
2897,33.7490,10.7552,1.0940,393216,830.47,12.67,1955198,-182.990,-109.980,-46.970,0.7850,1.0960
2898,33.7593,11.4975,0.7865,393216,830.47,12.67,1955198,-182.990,-109.980,-46.970,0.7850,1.0960
2899,33.7706,10.2473,0.8916,393216,830.47,12.67,1955198,-182.990,-109.980,-46.970,0.7850,1.0960
2900,33.7814,11.2971,0.8003,393216,830.47,12.67,1955198,-182.990,-109.980,-46.970,0.7850,1.0960
2901,33.7926,10.8114,0.7922,393216,830.47,12.67,1955198,-182.990,-109.980,-46.970,0.7850,1.0960
2902,33.8038,11.2013,0.8561,393216,830.47,12.67,1955198,-182.990,-109.980,-46.970,0.7850,1.0960
2903,33.8146,11.2650,0.7612,393216,830.47,12.67,1955198,-182.990,-109.980,-46.970,0.7850,1.0960
2904,33.8257,10.7522,0.7862,393216,830.47,12.67,1955198,-182.990,-109.980,-46.970,0.7850,1.0960
2905,33.8371,11.1434,0.8760,393216,830.47,12.67,1955198,-182.990,-109.980,-46.970,0.7850,1.0960
2906,33.8484,11.3935,0.9600,393216,830.47,12.67,1955198,-182.990,-109.980,-46.970,0.7850,1.0960
2907,33.8594,11.3169,0.9710,393216,830.47,12.67,1955198,-182.990,-109.980,-46.970,0.7850,1.0960
2908,33.8703,10.9438,0.7872,393216,830.47,12.67,1955198,-182.990,-109.980,-46.970,0.7850,1.0960
2909,33.8815,10.9129,0.8099,393216,830.47,12.67,1955198,-182.990,-109.980,-46.970,0.7850,1.0960
2910,33.8924,11.2206,0.8737,393216,830.47,12.67,1955198,-182.990,-109.980,-46.970,0.7850,1.0960
2911,33.9035,10.9161,0.8198,393216,830.47,12.67,1955198,-182.990,-109.980,-46.970,0.7850,1.0960
2912,33.9148,11.1191,0.8114,393216,830.47,12.67,1955198,-182.990,-109.980,-46.970,0.7850,1.0960
2913,33.9261,11.2189,0.9646,393216,830.47,12.67,1955198,-182.990,-109.980,-46.970,0.7850,1.0960
2914,33.9361,11.3762,0.7388,393216,830.47,12.67,1955198,-182.990,-109.980,-46.970,0.7850,1.0960
2915,33.9474,9.9908,0.8255,393216,830.47,12.67,1955198,-182.990,-109.980,-46.970,0.7850,1.0960
2916,33.9590,11.3044,1.1117,393216,830.47,12.67,1955198,-182.990,-109.980,-46.970,0.7850,1.0960
2917,33.9695,11.5697,0.7578,393216,830.47,12.67,1955198,-182.990,-109.980,-46.970,0.7850,1.0960
2918,33.9810,10.5043,0.9326,393216,830.47,12.67,1955198,-182.990,-109.980,-46.970,0.7850,1.0960
2919,33.9925,11.5034,1.0927,393216,830.47,12.67,1955198,-182.990,-109.980,-46.970,0.7850,1.0960
2920,34.0030,11.4877,0.7732,393216,830.47,12.67,1955198,-182.990,-109.980,-46.970,0.7850,1.0960
