frame,t_s,full_ms,cpu_ms,heap_pages,heap_capacity_mb,heap_used_mb,heap_cap_pages,px,py,pz,yaw,pitch
0,0.2643,256886400.0000,263.1617,131072,276.82,0.00,1955198,-182.990,-109.980,-46.970,0.7850,1.0960
1,0.2746,272.4378,1.2540,131072,276.82,0.00,1955198,-182.990,-109.980,-46.970,0.7850,1.0960
2,0.2757,1.6417,0.7774,131072,276.82,0.00,1955198,-182.990,-109.980,-46.970,0.7850,1.0960
3,0.2980,0.9462,1.3635,131072,276.82,0.00,1955198,-182.990,-109.980,-46.970,0.7850,1.0960
4,0.3279,22.3371,3.8803,131072,276.82,0.00,1955198,-182.990,-109.980,-46.970,0.7850,1.0960
5,0.3547,29.8592,3.7902,131072,276.82,0.00,1955198,-182.990,-109.980,-46.970,0.7850,1.0960
6,0.3849,26.8342,5.4419,131072,276.82,7.91,1955198,-182.990,-109.980,-46.970,0.7850,1.0960
7,0.4097,30.2700,4.3282,393216,830.47,15.41,1955198,-182.990,-109.980,-46.970,0.7850,1.0960
8,0.4320,24.7460,1.3333,393216,830.47,24.08,1955198,-182.990,-109.980,-46.970,0.7850,1.0960
9,0.4670,22.2915,3.8434,393216,830.47,26.02,1955198,-182.990,-109.980,-46.970,0.7850,1.0960
10,0.4913,50.0752,1.7848,393216,830.47,26.16,1955198,-182.990,-109.980,-46.970,0.7850,1.0960
11,0.5197,9.2935,2.9089,393216,830.47,32.49,1955198,-182.990,-109.980,-46.970,0.7850,1.0960
12,0.5492,28.2959,4.5007,393216,830.47,34.05,1955198,-182.990,-109.980,-46.970,0.7850,1.0960
13,0.5770,29.5712,3.9948,393216,830.47,39.45,1955198,-182.990,-109.980,-46.970,0.7850,1.0960
14,0.6116,27.7495,7.1884,393216,830.47,49.31,1955198,-182.990,-109.980,-46.970,0.7850,1.0960
15,0.6351,34.6307,3.5753,393216,830.47,57.61,1955198,-182.990,-109.980,-46.970,0.7850,1.0960
16,0.6572,23.4930,1.2045,393216,830.47,73.34,1955198,-182.990,-109.980,-46.970,0.7850,1.0960
17,0.6816,22.0556,1.1317,393216,830.47,79.00,1955198,-182.990,-109.980,-46.970,0.7850,1.0960
18,0.7139,24.4773,4.0573,393216,830.47,79.00,1955198,-182.990,-109.980,-46.970,0.7850,1.0960
19,0.7388,32.2468,1.8180,393216,830.47,79.08,1955198,-182.990,-109.980,-46.970,0.7850,1.0960
20,0.7682,24.9547,3.1508,393216,830.47,87.64,1955198,-182.990,-109.980,-46.970,0.7850,1.0960
21,0.7935,29.3896,1.5665,393216,830.47,90.41,1955198,-182.990,-109.980,-46.970,0.7850,1.0960
22,0.8193,25.3052,1.2815,393216,830.47,94.81,1955198,-182.990,-109.980,-46.970,0.7850,1.0960
23,0.8523,25.7910,4.3930,393216,830.47,95.43,1955198,-182.990,-109.980,-46.970,0.7850,1.0960
24,0.8850,32.9304,5.5422,393216,830.47,95.61,1955198,-182.990,-109.980,-46.970,0.7850,1.0960
25,0.9081,32.7535,1.2706,393216,830.47,103.34,1955198,-182.990,-109.980,-46.970,0.7850,1.0960
26,0.9393,23.0905,3.0422,393216,830.47,115.43,1955198,-182.990,-109.980,-46.970,0.7850,1.0960
27,0.9663,31.2321,1.5761,393216,830.47,115.94,1955198,-182.990,-109.980,-46.970,0.7850,1.0960
28,0.9941,26.9646,1.4099,393216,830.47,121.41,1955198,-182.990,-109.980,-46.970,0.7850,1.0960
29,1.0266,27.7796,3.2461,393216,830.47,122.86,1955198,-182.990,-109.980,-46.970,0.7850,1.0960
30,1.0566,32.5801,2.5900,393216,830.47,122.86,1955198,-182.990,-109.980,-46.970,0.7850,1.0960
31,1.0877,29.9315,3.0228,393216,830.47,128.13,1955198,-182.990,-109.980,-46.970,0.7850,1.0960
32,1.1161,31.0597,2.1441,393216,830.47,132.56,1955198,-182.990,-109.980,-46.970,0.7850,1.0960
33,1.1462,28.4523,2.5581,393216,830.47,137.21,1955198,-182.990,-109.980,-46.970,0.7850,1.0960
34,1.1762,30.1361,2.4838,393216,830.47,145.66,1955198,-182.990,-109.980,-46.970,0.7850,1.0960
35,1.1879,30.0097,0.8655,393216,830.47,142.78,1955198,-182.990,-109.980,-46.970,0.7850,1.0960
36,1.2009,11.6377,0.8750,393216,830.47,145.66,1955198,-182.990,-109.980,-46.970,0.7850,1.0960
37,1.2137,13.0536,0.8177,393216,830.47,145.66,1955198,-182.990,-109.980,-46.970,0.7850,1.0960
38,1.2268,12.7972,1.2115,393216,830.47,145.66,1955198,-182.990,-109.980,-46.970,0.7850,1.0960
39,1.2394,13.1316,0.9177,393216,830.47,145.66,1955198,-182.990,-109.980,-46.970,0.7850,1.0960
40,1.2522,12.4853,0.9141,393216,830.47,145.66,1955198,-182.990,-109.980,-46.970,0.7850,1.0960
41,1.2651,12.8681,0.8744,393216,830.47,145.66,1955198,-182.990,-109.980,-46.970,0.7850,1.0960
42,1.2782,12.8921,0.9227,393216,830.47,145.66,1955198,-182.990,-109.980,-46.970,0.7850,1.0960
43,1.2910,13.2686,0.9520,393216,830.47,145.66,1955198,-182.990,-109.980,-46.970,0.7850,1.0960
44,1.3035,12.6677,0.9796,393216,830.47,145.66,1955198,-182.990,-109.980,-46.970,0.7850,1.0960
45,1.3160,12.4204,0.8871,393216,830.47,145.66,1955198,-182.990,-109.980,-46.970,0.7850,1.0960
46,1.3291,12.4865,1.1624,393216,830.47,145.66,1955198,-182.990,-109.980,-46.970,0.7850,1.0960
47,1.3416,13.1309,0.9414,393216,830.47,145.66,1955198,-182.990,-109.980,-46.970,0.7850,1.0960
48,1.3547,12.5634,1.0635,393216,830.47,145.66,1955198,-182.990,-109.980,-46.970,0.7850,1.0960
49,1.3676,13.0541,1.0116,393216,830.47,145.66,1955198,-182.990,-109.980,-46.970,0.7850,1.0960
50,1.3800,12.9280,0.9757,393216,830.47,145.66,1955198,-182.990,-109.980,-46.970,0.7850,1.0960
51,1.3927,12.3823,0.8897,393216,830.47,145.66,1955198,-182.990,-109.980,-46.970,0.7850,1.0960
52,1.4054,12.6644,0.8369,393216,830.47,145.66,1955198,-182.990,-109.980,-46.970,0.7850,1.0960
53,1.4183,12.7667,0.8727,393216,830.47,145.66,1955198,-182.990,-109.980,-46.970,0.7850,1.0960
54,1.4313,12.9071,0.9055,393216,830.47,145.66,1955198,-182.990,-109.980,-46.970,0.7850,1.0960
55,1.4441,12.9655,0.9148,393216,830.47,145.66,1955198,-182.990,-109.980,-46.970,0.7850,1.0960
56,1.4566,12.8169,0.9109,393216,830.47,145.66,1955198,-182.990,-109.980,-46.970,0.7850,1.0960
57,1.4693,12.4963,0.9023,393216,830.47,145.66,1955198,-182.990,-109.980,-46.970,0.7850,1.0960
58,1.4823,12.6895,0.8780,393216,830.47,145.66,1955198,-182.990,-109.980,-46.970,0.7850,1.0960
59,1.4949,12.9511,0.8566,393216,830.47,145.66,1955198,-182.990,-109.980,-46.970,0.7850,1.0960
60,1.5077,12.6055,0.8693,393216,830.47,145.66,1955198,-182.990,-109.980,-46.970,0.7850,1.0960
61,1.5207,12.8354,1.0200,393216,830.47,145.66,1955198,-182.990,-109.980,-46.970,0.7850,1.0960
62,1.5330,13.0297,0.9190,393216,830.47,145.66,1955198,-182.990,-109.980,-46.970,0.7850,1.0960
63,1.5457,12.2400,0.9858,393216,830.47,145.66,1955198,-182.990,-109.980,-46.970,0.7850,1.0960
64,1.5585,12.7300,0.9288,393216,830.47,145.66,1955198,-182.990,-109.980,-46.970,0.7850,1.0960
65,1.5714,12.7768,0.9650,393216,830.47,145.66,1955198,-182.990,-109.980,-46.970,0.7850,1.0960
66,1.5840,12.9352,0.9109,393216,830.47,145.66,1955198,-182.990,-109.980,-46.970,0.7850,1.0960
67,1.5969,12.5798,1.1401,393216,830.47,145.66,1955198,-182.990,-109.980,-46.970,0.7850,1.0960
68,1.6091,12.9326,0.9495,393216,830.47,145.66,1955198,-182.990,-109.980,-46.970,0.7850,1.0960
69,1.6218,12.2018,0.9299,393216,830.47,145.66,1955198,-182.990,-109.980,-46.970,0.7850,1.0960
70,1.6347,12.7068,0.8853,393216,830.47,145.66,1955198,-182.990,-109.980,-46.970,0.7850,1.0960
71,1.6476,12.8118,0.9668,393216,830.47,145.66,1955198,-182.990,-109.980,-46.970,0.7850,1.0960
72,1.6606,12.9878,1.0403,393216,830.47,145.66,1955198,-182.990,-109.980,-46.970,0.7850,1.0960
73,1.6734,12.9543,0.9984,393216,830.47,145.66,1955198,-182.990,-109.980,-46.970,0.7850,1.0960
74,1.6859,12.7783,0.9314,393216,830.47,145.66,1955198,-182.990,-109.980,-46.970,0.7850,1.0960
75,1.6986,12.5006,0.8380,393216,830.47,145.66,1955198,-182.990,-109.980,-46.970,0.7850,1.0960
76,1.7116,12.7360,0.9844,393216,830.47,145.66,1955198,-182.990,-109.980,-46.970,0.7850,1.0960
77,1.7244,12.9572,0.8774,393216,830.47,145.66,1955198,-182.990,-109.980,-46.970,0.7850,1.0960
78,1.7374,12.8169,1.1078,393216,830.47,145.66,1955198,-182.990,-109.980,-46.970,0.7850,1.0960
79,1.7501,13.0640,0.9961,393216,830.47,145.66,1955198,-182.990,-109.980,-46.970,0.7850,1.0960
80,1.7626,12.6451,0.9939,393216,830.47,145.66,1955198,-182.990,-109.980,-46.970,0.7850,1.0960
81,1.7754,12.4743,0.9560,393216,830.47,145.66,1955198,-182.990,-109.980,-46.970,0.7850,1.0960
82,1.7880,12.7963,1.1085,393216,830.47,145.66,1955198,-182.990,-109.980,-46.970,0.7850,1.0960
83,1.8005,12.6171,0.8833,393216,830.47,145.66,1955198,-182.990,-109.980,-46.970,0.7850,1.0960
84,1.8133,12.5360,0.9919,393216,830.47,145.66,1955198,-182.990,-109.980,-46.970,0.7850,1.0960
85,1.8257,12.7970,0.9563,393216,830.47,145.66,1955198,-182.990,-109.980,-46.970,0.7850,1.0960
86,1.8385,12.4462,0.9587,393216,830.47,145.66,1955198,-182.990,-109.980,-46.970,0.7850,1.0960
87,1.8512,12.7825,0.9481,393216,830.47,145.66,1955198,-182.990,-109.980,-46.970,0.7850,1.0960
88,1.8639,12.6285,0.9862,393216,830.47,145.66,1955198,-182.990,-109.980,-46.970,0.7850,1.0960
89,1.8767,12.7108,0.9211,393216,830.47,145.66,1955198,-182.990,-109.980,-46.970,0.7850,1.0960
90,1.8894,12.8490,0.9196,393216,830.47,145.66,1955198,-182.990,-109.980,-46.970,0.7850,1.0960
91,1.9018,12.6413,0.8704,393216,830.47,145.66,1955198,-182.990,-109.980,-46.970,0.7850,1.0960
92,1.9145,12.4737,0.9101,393216,830.47,145.66,1955198,-182.990,-109.980,-46.970,0.7850,1.0960
93,1.9272,12.6284,0.8692,393216,830.47,145.66,1955198,-182.990,-109.980,-46.970,0.7850,1.0960
94,1.9401,12.7275,0.9043,393216,830.47,145.66,1955198,-182.990,-109.980,-46.970,0.7850,1.0960
95,1.9529,12.8784,1.0384,393216,830.47,145.66,1955198,-182.990,-109.980,-46.970,0.7850,1.0960
96,1.9656,12.8277,0.9594,393216,830.47,145.66,1955198,-182.990,-109.980,-46.970,0.7850,1.0960
97,1.9779,12.7216,0.8757,393216,830.47,145.66,1955198,-182.990,-109.980,-46.970,0.7850,1.0960
98,1.9903,12.3048,0.8809,393216,830.47,145.66,1955198,-182.990,-109.980,-46.970,0.7850,1.0960
99,2.0032,12.3511,0.9822,393216,830.47,145.66,1955198,-182.990,-109.980,-46.970,0.7850,1.0960
100,2.0159,12.8802,0.9049,393216,830.47,145.66,1955198,-182.990,-109.980,-46.970,0.7850,1.0960
101,2.0287,12.7227,0.8285,393216,830.47,145.66,1955198,-182.990,-109.980,-46.970,0.7850,1.0960
102,2.0416,12.8058,1.0171,393216,830.47,145.66,1955198,-182.990,-109.980,-46.970,0.7850,1.0960
103,2.0539,12.8895,0.9577,393216,830.47,145.66,1955198,-182.990,-109.980,-46.970,0.7850,1.0960
104,2.0667,12.3143,0.9332,393216,830.47,145.66,1955198,-182.990,-109.980,-46.970,0.7850,1.0960
105,2.0797,12.7491,1.2495,393216,830.47,145.66,1955198,-182.990,-109.980,-46.970,0.7850,1.0960
106,2.0921,13.0556,0.8842,393216,830.47,145.66,1955198,-182.990,-109.980,-46.970,0.7850,1.0960
107,2.1053,12.4035,1.2900,393216,830.47,145.66,1955198,-182.990,-109.980,-46.970,0.7850,1.0960
108,2.1172,13.1499,0.8887,393216,830.47,145.66,1955198,-182.990,-109.980,-46.970,0.7850,1.0960
109,2.1299,11.9656,0.9708,393216,830.47,145.66,1955198,-182.990,-109.980,-46.970,0.7850,1.0960
110,2.1428,12.7102,0.9847,393216,830.47,145.66,1955198,-182.990,-109.980,-46.970,0.7850,1.0960
111,2.1558,12.8532,1.0559,393216,830.47,145.66,1955198,-182.990,-109.980,-46.970,0.7850,1.0960
112,2.1685,12.9619,0.8555,393216,830.47,145.66,1955198,-182.990,-109.980,-46.970,0.7850,1.0960
113,2.1814,12.7420,1.0814,393216,830.47,145.66,1955198,-182.990,-109.980,-46.970,0.7850,1.0960
114,2.1932,12.8700,0.9218,393216,830.47,145.66,1955198,-182.990,-109.980,-46.970,0.7850,1.0960
115,2.2060,11.7923,1.0883,393216,830.47,145.66,1955198,-182.990,-109.980,-46.970,0.7850,1.0960
116,2.2190,12.8617,1.1821,393216,830.47,145.66,1955198,-182.990,-109.980,-46.970,0.7850,1.0960
117,2.2315,12.9740,0.8990,393216,830.47,145.66,1955198,-182.990,-109.980,-46.970,0.7850,1.0960
118,2.2443,12.5249,0.8960,393216,830.47,145.66,1955198,-182.990,-109.980,-46.970,0.7850,1.0960
119,2.2572,12.7689,0.9826,393216,830.47,145.66,1955198,-182.990,-109.980,-46.970,0.7850,1.0960
120,2.2694,12.8684,0.9065,393216,830.47,145.66,1955198,-182.990,-109.980,-46.970,0.7850,1.0960
121,2.2822,12.2640,1.0805,393216,830.47,145.66,1955198,-182.990,-109.980,-46.970,0.7850,1.0960
122,2.2952,12.8179,1.0409,393216,830.47,145.66,1955198,-182.990,-109.980,-46.970,0.7850,1.0960
123,2.3080,12.9288,0.8943,393216,830.47,145.66,1955198,-182.990,-109.980,-46.970,0.7850,1.0960
124,2.3208,12.8190,0.8553,393216,830.47,145.66,1955198,-182.990,-109.980,-46.970,0.7850,1.0960
125,2.3331,12.7885,0.8868,393216,830.47,145.66,1955198,-182.990,-109.980,-46.970,0.7850,1.0960
126,2.3461,12.3515,1.0947,393216,830.47,145.66,1955198,-182.990,-109.980,-46.970,0.7850,1.0960
127,2.3586,12.9546,0.9087,393216,830.47,145.66,1955198,-182.990,-109.980,-46.970,0.7850,1.0960
128,2.3720,12.5395,1.5171,393216,830.47,145.66,1955198,-182.990,-109.980,-46.970,0.7850,1.0960
129,2.3841,13.3918,0.8933,393216,830.47,145.66,1955198,-182.990,-109.980,-46.970,0.7850,1.0960
130,2.3967,12.1595,1.0907,393216,830.47,145.66,1955198,-182.990,-109.980,-46.970,0.7850,1.0960
131,2.4089,12.5261,0.9725,393216,830.47,145.66,1955198,-182.990,-109.980,-46.970,0.7850,1.0960
132,2.4216,12.2351,0.9086,393216,830.47,145.66,1955198,-182.990,-109.980,-46.970,0.7850,1.0960
133,2.4346,12.6583,0.8925,393216,830.47,145.66,1955198,-182.990,-109.980,-46.970,0.7850,1.0960
134,2.4479,12.9872,1.2766,393216,830.47,145.66,1955198,-182.990,-109.980,-46.970,0.7850,1.0960
135,2.4603,13.2968,0.9225,393216,830.47,145.66,1955198,-182.990,-109.980,-46.970,0.7850,1.0960
136,2.4733,12.4662,1.1123,393216,830.47,145.66,1955198,-182.990,-109.980,-46.970,0.7850,1.0960
137,2.4855,12.9567,0.9152,393216,830.47,145.66,1955198,-182.990,-109.980,-46.970,0.7850,1.0960
138,2.4986,12.2301,1.0965,393216,830.47,145.66,1955198,-182.990,-109.980,-46.970,0.7850,1.0960
139,2.5114,13.0749,0.9652,393216,830.47,145.66,1955198,-182.990,-109.980,-46.970,0.7850,1.0960
140,2.5246,12.8130,0.9662,393216,830.47,145.66,1955198,-182.990,-109.980,-46.970,0.7850,1.0960
141,2.5377,13.1811,0.8569,393216,830.47,145.66,1955198,-182.990,-109.980,-46.970,0.7850,1.0960
142,2.5509,13.0896,0.9881,393216,830.47,145.66,1955198,-182.990,-109.980,-46.970,0.7850,1.0960
143,2.5637,13.2022,0.9703,393216,830.47,145.66,1955198,-182.990,-109.980,-46.970,0.7850,1.0960
144,2.5763,12.8238,0.9456,393216,830.47,145.66,1955198,-182.990,-109.980,-46.970,0.7850,1.0960
145,2.5896,12.5613,0.9422,393216,830.47,145.66,1955198,-182.990,-109.980,-46.970,0.7850,1.0960
146,2.6026,13.3704,1.0494,393216,830.47,145.66,1955198,-182.990,-109.980,-46.970,0.7850,1.0960
147,2.6160,12.9412,0.9448,393216,830.47,145.66,1955198,-182.990,-109.980,-46.970,0.7850,1.0960
148,2.6293,13.4028,0.9635,393216,830.47,145.66,1955198,-182.990,-109.980,-46.970,0.7850,1.0960
149,2.6427,13.3561,1.0271,393216,830.47,145.66,1955198,-182.990,-109.980,-46.970,0.7850,1.0960
150,2.6557,13.3747,1.3730,393216,830.47,145.66,1955198,-182.990,-109.980,-46.970,0.7850,1.0960
151,2.6681,12.9972,1.0817,393216,830.47,145.66,1955198,-182.990,-109.980,-46.970,0.7850,1.0960
152,2.6813,12.4062,1.3179,393216,830.47,145.66,1955198,-182.990,-109.980,-46.970,0.7850,1.0960
153,2.6939,13.1710,0.9581,393216,830.47,145.66,1955198,-182.990,-109.980,-46.970,0.7850,1.0960
154,2.7069,12.6110,0.9695,393216,830.47,145.66,1955198,-182.990,-109.980,-46.970,0.7850,1.0960
155,2.7198,13.0542,0.9440,393216,830.47,145.66,1955198,-182.990,-109.980,-46.970,0.7850,1.0960
156,2.7322,12.8720,0.9880,393216,830.47,145.66,1955198,-182.990,-109.980,-46.970,0.7850,1.0960
157,2.7450,12.4001,1.0155,393216,830.47,145.66,1955198,-182.990,-109.980,-46.970,0.7850,1.0960
158,2.7580,12.8111,0.9988,393216,830.47,145.66,1955198,-182.990,-109.980,-46.970,0.7850,1.0960
159,2.7706,12.9253,0.9722,393216,830.47,145.66,1955198,-182.990,-109.980,-46.970,0.7850,1.0960
160,2.7835,12.6837,0.9820,393216,830.47,145.66,1955198,-182.990,-109.980,-46.970,0.7850,1.0960
161,2.7963,12.8340,1.0343,393216,830.47,145.66,1955198,-182.990,-109.980,-46.970,0.7850,1.0960
162,2.8080,12.8599,0.9290,393216,830.47,145.66,1955198,-182.990,-109.980,-46.970,0.7850,1.0960
163,2.8207,11.6770,0.9597,393216,830.47,145.66,1955198,-182.990,-109.980,-46.970,0.7850,1.0960
164,2.8335,12.6907,0.9654,393216,830.47,145.66,1955198,-182.990,-109.980,-46.970,0.7850,1.0960
165,2.8465,12.8254,1.0475,393216,830.47,145.66,1955198,-182.990,-109.980,-46.970,0.7850,1.0960
166,2.8592,13.0308,1.0058,393216,830.47,145.66,1955198,-182.990,-109.980,-46.970,0.7850,1.0960
167,2.8720,12.6356,0.9867,393216,830.47,145.66,1955198,-182.990,-109.980,-46.970,0.7850,1.0960
168,2.8845,12.7812,1.0294,393216,830.47,145.66,1955198,-182.990,-109.980,-46.970,0.7850,1.0960
169,2.8973,12.4931,1.0047,393216,830.47,145.66,1955198,-182.990,-109.980,-46.970,0.7850,1.0960
170,2.9101,12.7882,0.9680,393216,830.47,145.66,1955198,-182.990,-109.980,-46.970,0.7850,1.0960
171,2.9231,12.8058,1.1338,393216,830.47,145.66,1955198,-182.990,-109.980,-46.970,0.7850,1.0960
172,2.9357,13.0074,0.9830,393216,830.47,145.66,1955198,-182.990,-109.980,-46.970,0.7850,1.0960
173,2.9491,12.7209,1.6098,393216,830.47,145.66,1955198,-182.990,-109.980,-46.970,0.7850,1.0960
174,2.9617,13.2943,1.6772,393216,830.47,145.66,1955198,-182.990,-109.980,-46.970,0.7850,1.0960
175,2.9740,12.6402,0.9927,393216,830.47,145.66,1955198,-182.990,-109.980,-46.970,0.7850,1.0960
176,2.9871,12.3196,0.9717,393216,830.47,145.66,1955198,-182.990,-109.980,-46.970,0.7850,1.0960
177,3.0002,13.0255,1.0708,393216,830.47,145.66,1955198,-182.990,-109.980,-46.970,0.7850,1.0960
178,3.0120,13.1692,0.9582,393216,830.47,145.66,1955198,-182.990,-109.980,-46.970,0.7850,1.0960
179,3.0246,11.7986,1.1078,393216,830.47,145.66,1955198,-182.990,-109.980,-46.970,0.7850,1.0960
180,3.0373,12.5276,1.1080,393216,830.47,145.66,1955198,-182.990,-109.980,-46.970,0.7850,1.0960
181,3.0500,12.7135,0.9884,393216,830.47,145.66,1955198,-182.990,-109.980,-46.970,0.7850,1.0960
182,3.0628,12.7504,0.8885,393216,830.47,145.66,1955198,-182.990,-109.980,-46.970,0.7850,1.0960
183,3.0759,12.7644,0.9374,393216,830.47,145.66,1955198,-182.990,-109.980,-46.970,0.7850,1.0960
184,3.0887,13.0653,0.9926,393216,830.47,145.66,1955198,-182.990,-109.980,-46.970,0.7850,1.0960
185,3.1013,12.8569,1.0170,393216,830.47,145.66,1955198,-182.990,-109.980,-46.970,0.7850,1.0960
186,3.1143,12.6043,0.9346,393216,830.47,145.66,1955198,-182.990,-109.980,-46.970,0.7850,1.0960
187,3.1273,12.9310,1.0317,393216,830.47,145.66,1955198,-182.990,-109.980,-46.970,0.7850,1.0960
188,3.1405,12.9954,1.0011,393216,830.47,145.66,1955198,-182.990,-109.980,-46.970,0.7850,1.0960
189,3.1539,13.2522,1.2012,393216,830.47,145.66,1955198,-182.990,-109.980,-46.970,0.7850,1.0960
190,3.1669,13.4346,0.9185,393216,830.47,145.66,1955198,-182.990,-109.980,-46.970,0.7850,1.0960
191,3.1800,12.9396,1.0179,393216,830.47,145.66,1955198,-182.990,-109.980,-46.970,0.7850,1.0960
192,3.1927,13.1128,0.8761,393216,830.47,145.66,1955198,-182.990,-109.980,-46.970,0.7850,1.0960
193,3.2060,12.7290,0.8796,393216,830.47,145.66,1955198,-182.990,-109.980,-46.970,0.7850,1.0960
194,3.2188,13.2595,1.1291,393216,830.47,145.66,1955198,-182.990,-109.980,-46.970,0.7850,1.0960
195,3.2317,12.8059,0.8865,393216,830.47,145.66,1955198,-182.990,-109.980,-46.970,0.7850,1.0960
196,3.2456,12.9243,1.3603,393216,830.47,145.66,1955198,-182.990,-109.980,-46.970,0.7850,1.0960
197,3.2583,13.8514,0.9350,393216,830.47,145.66,1955198,-182.990,-109.980,-46.970,0.7850,1.0960
198,3.2721,12.7594,1.0193,393216,830.47,145.66,1955198,-182.990,-109.980,-46.970,0.7850,1.0960
199,3.2855,13.7545,1.1457,393216,830.47,145.66,1955198,-182.990,-109.980,-46.970,0.7850,1.0960
200,3.2991,13.4609,1.0100,393216,830.47,145.66,1955198,-182.990,-109.980,-46.970,0.7850,1.0960
201,3.3129,13.5224,1.1679,393216,830.47,145.66,1955198,-182.990,-109.980,-46.970,0.7850,1.0960
202,3.3265,13.9321,1.0682,393216,830.47,145.66,1955198,-182.990,-109.980,-46.970,0.7850,1.0960
203,3.3402,13.4897,0.9883,393216,830.47,145.66,1955198,-182.990,-109.980,-46.970,0.7850,1.0960
204,3.3567,13.6954,0.9455,393216,830.47,145.66,1955198,-182.990,-109.980,-46.970,0.7850,1.0960
205,3.3744,16.4897,2.0294,393216,830.47,145.66,1955198,-182.990,-109.980,-46.970,0.7850,1.0960
206,3.3904,17.7064,1.2364,393216,830.47,145.66,1955198,-182.990,-109.980,-46.970,0.7850,1.0960
207,3.4070,15.9948,1.0251,393216,830.47,145.66,1955198,-182.990,-109.980,-46.970,0.7850,1.0960
208,3.4242,16.5968,1.0560,393216,830.47,145.66,1955198,-182.990,-109.980,-46.970,0.7850,1.0960
209,3.4409,17.2058,0.9713,393216,830.47,145.66,1955198,-182.990,-109.980,-46.970,0.7850,1.0960
210,3.4630,16.7500,1.0542,393216,830.47,145.66,1955198,-182.990,-109.980,-46.970,0.7850,1.0960
211,3.4858,22.0375,0.9304,393216,830.47,145.66,1955198,-182.990,-109.980,-46.970,0.7850,1.0960
212,3.5088,22.8753,1.0126,393216,830.47,145.66,1955198,-182.990,-109.980,-46.970,0.7850,1.0960
213,3.5319,22.9358,1.0807,393216,830.47,145.66,1955198,-182.990,-109.980,-46.970,0.7850,1.0960
214,3.5548,23.1041,1.0730,393216,830.47,145.66,1955198,-182.990,-109.980,-46.970,0.7850,1.0960
215,3.5782,22.9139,0.9812,393216,830.47,145.66,1955198,-182.990,-109.980,-46.970,0.7850,1.0960
216,3.5925,23.5077,1.0426,393216,830.47,145.66,1955198,-182.990,-109.980,-46.970,0.7850,1.0960
217,3.6068,14.2443,1.1046,393216,830.47,145.66,1955198,-182.990,-109.980,-46.970,0.7850,1.0960
218,3.6217,14.2493,0.8090,393216,830.47,145.66,1955198,-182.990,-109.980,-46.970,0.7850,1.0960
219,3.6369,14.9637,0.8500,393216,830.47,145.66,1955198,-182.990,-109.980,-46.970,0.7850,1.0960
220,3.6523,15.1615,0.8654,393216,830.47,145.66,1955198,-182.990,-109.980,-46.970,0.7850,1.0960
221,3.6676,15.3914,0.9017,393216,830.47,145.66,1955198,-182.990,-109.980,-46.970,0.7850,1.0960
222,3.6815,15.3089,0.9781,393216,830.47,145.66,1955198,-182.990,-109.980,-46.970,0.7850,1.0960
223,3.6953,13.8640,0.9579,393216,830.47,145.66,1955198,-182.990,-109.980,-46.970,0.7850,1.0960
224,3.7085,13.8916,0.8988,393216,830.47,145.66,1955198,-182.990,-109.980,-46.970,0.7850,1.0960
225,3.7221,13.1365,0.8847,393216,830.47,145.66,1955198,-182.990,-109.980,-46.970,0.7850,1.0960
226,3.7343,13.6270,0.8419,393216,830.47,145.66,1955198,-182.990,-109.980,-46.970,0.7850,1.0960
227,3.7478,12.1198,0.8859,393216,830.47,145.66,1955198,-182.990,-109.980,-46.970,0.7850,1.0960
228,3.7610,13.6043,0.9257,393216,830.47,145.66,1955198,-182.990,-109.980,-46.970,0.7850,1.0960
229,3.7745,13.1658,1.0990,393216,830.47,145.66,1955198,-182.990,-109.980,-46.970,0.7850,1.0960
230,3.7879,13.4771,1.0685,393216,830.47,145.66,1955198,-182.990,-109.980,-46.970,0.7850,1.0960
231,3.8006,13.4491,0.9519,393216,830.47,145.66,1955198,-182.990,-109.980,-46.970,0.7850,1.0960
232,3.8138,12.6549,0.9442,393216,830.47,145.66,1955198,-182.990,-109.980,-46.970,0.7850,1.0960
233,3.8270,13.2168,0.8182,393216,830.47,145.66,1955198,-182.990,-109.980,-46.970,0.7850,1.0960
234,3.8407,13.1830,1.0686,393216,830.47,145.66,1955198,-182.990,-109.980,-46.970,0.7850,1.0960
235,3.8536,13.6808,1.0331,393216,830.47,145.66,1955198,-182.990,-109.980,-46.970,0.7850,1.0960
236,3.8668,12.9198,1.2297,393216,830.47,145.66,1955198,-182.990,-109.980,-46.970,0.7850,1.0960
237,3.8790,13.1903,0.9120,393216,830.47,145.66,1955198,-182.990,-109.980,-46.970,0.7850,1.0960
238,3.8920,12.2420,0.9550,393216,830.47,145.66,1955198,-182.990,-109.980,-46.970,0.7850,1.0960
239,3.9050,13.0089,0.9730,393216,830.47,145.66,1955198,-182.990,-109.980,-46.970,0.7850,1.0960
240,3.9179,12.9613,0.8836,393216,830.47,145.66,1955198,-182.990,-109.980,-46.970,0.7850,1.0960
241,3.9312,12.9006,0.8587,393216,830.47,145.66,1955198,-182.990,-109.980,-46.970,0.7850,1.0960
242,3.9435,13.3001,0.8480,393216,830.47,145.66,1955198,-182.990,-109.980,-46.970,0.7850,1.0960
243,3.9567,12.3007,0.9673,393216,830.47,145.66,1955198,-182.990,-109.980,-46.970,0.7850,1.0960
244,3.9695,13.2095,0.8629,393216,830.47,145.66,1955198,-182.990,-109.980,-46.970,0.7850,1.0960
245,3.9828,12.7706,0.9682,393216,830.47,145.66,1955198,-182.990,-109.980,-46.970,0.7850,1.0960
246,3.9958,13.3264,0.8563,393216,830.47,145.66,1955198,-182.990,-109.980,-46.970,0.7850,1.0960
247,4.0097,13.0275,0.9366,393216,830.47,145.66,1955198,-182.990,-109.980,-46.970,0.7850,1.0960
248,4.0238,13.9069,0.8365,393216,830.47,145.66,1955198,-182.990,-109.980,-46.970,0.7850,1.0960
249,4.0378,14.0466,0.8877,393216,830.47,145.66,1955198,-182.990,-109.980,-46.970,0.7850,1.0960
250,4.0519,14.0447,0.9067,393216,830.47,145.66,1955198,-182.990,-109.980,-46.970,0.7850,1.0960
251,4.0660,14.0854,0.8615,393216,830.47,145.66,1955198,-182.990,-109.980,-46.970,0.7850,1.0960
252,4.0802,14.0374,1.0607,393216,830.47,145.66,1955198,-182.990,-109.980,-46.970,0.7850,1.0960
253,4.0964,14.2423,0.9275,393216,830.47,145.66,1955198,-182.990,-109.980,-46.970,0.7850,1.0960
254,4.1130,16.2211,0.9037,393216,830.47,145.66,1955198,-182.990,-109.980,-46.970,0.7850,1.0960
255,4.1295,16.5523,0.9460,393216,830.47,145.66,1955198,-182.990,-109.980,-46.970,0.7850,1.0960
256,4.1460,16.5409,0.9426,393216,830.47,145.66,1955198,-182.990,-109.980,-46.970,0.7850,1.0960
257,4.1625,16.4498,0.9091,393216,830.47,145.66,1955198,-182.990,-109.980,-46.970,0.7850,1.0960
258,4.1782,16.5107,0.8722,393216,830.47,145.66,1955198,-182.990,-109.980,-46.970,0.7850,1.0960
259,4.1916,15.7423,0.9155,393216,830.47,145.66,1955198,-182.990,-109.980,-46.970,0.7850,1.0960
260,4.2044,13.3906,0.8996,393216,830.47,145.66,1955198,-182.990,-109.980,-46.970,0.7850,1.0960
261,4.2176,12.7853,0.9723,393216,830.47,145.66,1955198,-182.990,-109.980,-46.970,0.7850,1.0960
262,4.2301,13.1701,0.8862,393216,830.47,145.66,1955198,-182.990,-109.980,-46.970,0.7850,1.0960
263,4.2431,12.4907,1.0102,393216,830.47,145.66,1955198,-182.990,-109.980,-46.970,0.7850,1.0960
264,4.2561,13.0595,0.9945,393216,830.47,145.66,1955198,-182.990,-109.980,-46.970,0.7850,1.0960
265,4.2691,12.9524,1.0141,393216,830.47,145.66,1955198,-182.990,-109.980,-46.970,0.7850,1.0960
266,4.2823,13.0433,0.9588,393216,830.47,145.66,1955198,-182.990,-109.980,-46.970,0.7850,1.0960
267,4.2952,13.1638,0.9456,393216,830.47,145.66,1955198,-182.990,-109.980,-46.970,0.7850,1.0960
268,4.3076,12.9311,0.8252,393216,830.47,145.66,1955198,-182.990,-109.980,-46.970,0.7850,1.0960
269,4.3204,12.3656,0.8567,393216,830.47,145.66,1955198,-182.990,-109.980,-46.970,0.7850,1.0960
270,4.3334,12.8563,0.8861,393216,830.47,145.66,1955198,-182.990,-109.980,-46.970,0.7850,1.0960
271,4.3463,12.9993,0.8732,393216,830.47,145.66,1955198,-182.990,-109.980,-46.970,0.7850,1.0960
272,4.3591,12.8688,0.7914,393216,830.47,145.66,1955198,-182.990,-109.980,-46.970,0.7850,1.0960
273,4.3722,12.7549,0.9690,393216,830.47,145.66,1955198,-182.990,-109.980,-46.970,0.7850,1.0960
274,4.3838,13.0965,0.9024,393216,830.47,145.66,1955198,-182.990,-109.980,-46.970,0.7850,1.0960
275,4.3964,11.6819,0.8754,393216,830.47,145.66,1955198,-182.990,-109.980,-46.970,0.7850,1.0960
276,4.4094,12.6126,0.8818,393216,830.47,145.66,1955198,-182.990,-109.980,-46.970,0.7850,1.0960
277,4.4224,12.9385,0.8849,393216,830.47,145.66,1955198,-182.990,-109.980,-46.970,0.7850,1.0960
278,4.4355,13.0078,1.1028,393216,830.47,145.66,1955198,-182.990,-109.980,-46.970,0.7850,1.0960
279,4.4481,13.0770,0.9297,393216,830.47,145.66,1955198,-182.990,-109.980,-46.970,0.7850,1.0960
280,4.4607,12.6743,1.0399,393216,830.47,145.66,1955198,-182.990,-109.980,-46.970,0.7850,1.0960
281,4.4735,12.5922,0.9762,393216,830.47,145.66,1955198,-182.990,-109.980,-46.970,0.7850,1.0960
282,4.4863,12.8028,0.9225,393216,830.47,145.66,1955198,-182.990,-109.980,-46.970,0.7850,1.0960
283,4.4992,12.7237,0.9263,393216,830.47,145.66,1955198,-182.990,-109.980,-46.970,0.7850,1.0960
284,4.5119,12.9528,0.9470,393216,830.47,145.66,1955198,-182.990,-109.980,-46.970,0.7850,1.0960
285,4.5250,12.7328,1.0754,393216,830.47,145.66,1955198,-182.990,-109.980,-46.970,0.7850,1.0960
286,4.5373,13.0805,0.8580,393216,830.47,145.66,1955198,-182.990,-109.980,-46.970,0.7850,1.0960
287,4.5502,12.3274,0.9537,393216,830.47,145.66,1955198,-182.990,-109.980,-46.970,0.7850,1.0960
288,4.5630,12.8938,0.9377,393216,830.47,145.66,1955198,-182.990,-109.980,-46.970,0.7850,1.0960
289,4.5761,12.7771,0.9537,393216,830.47,145.66,1955198,-182.990,-109.980,-46.970,0.7850,1.0960
290,4.5879,13.1066,0.8549,393216,830.47,145.66,1955198,-182.990,-109.980,-46.970,0.7850,1.0960
291,4.6008,11.7456,0.9630,393216,830.47,145.66,1955198,-182.990,-109.980,-46.970,0.7850,1.0960
292,4.6132,12.9060,0.9187,393216,830.47,145.66,1955198,-182.990,-109.980,-46.970,0.7850,1.0960
293,4.6259,12.4864,0.8291,393216,830.47,145.66,1955198,-182.990,-109.980,-46.970,0.7850,1.0960
294,4.6387,12.6475,0.8665,393216,830.47,145.66,1955198,-182.990,-109.980,-46.970,0.7850,1.0960
295,4.6515,12.8116,0.8359,393216,830.47,145.66,1955198,-182.990,-109.980,-46.970,0.7850,1.0960
296,4.6644,12.8163,0.8878,393216,830.47,145.66,1955198,-182.990,-109.980,-46.970,0.7850,1.0960
297,4.6768,12.8691,0.8862,393216,830.47,145.66,1955198,-182.990,-109.980,-46.970,0.7850,1.0960
298,4.6894,12.3666,0.9470,393216,830.47,145.66,1955198,-182.990,-109.980,-46.970,0.7850,1.0960
299,4.7023,12.6392,0.9639,393216,830.47,145.66,1955198,-182.990,-109.980,-46.970,0.7850,1.0960
300,4.7151,12.8770,0.9454,393216,830.47,145.66,1955198,-182.990,-109.980,-46.970,0.7850,1.0960
301,4.7282,12.7945,1.0133,393216,830.47,145.66,1955198,-182.990,-109.980,-46.970,0.7850,1.0960
302,4.7409,13.0808,0.9036,393216,830.47,145.66,1955198,-182.990,-109.980,-46.970,0.7850,1.0960
303,4.7534,12.7318,0.9520,393216,830.47,145.66,1955198,-182.990,-109.980,-46.970,0.7850,1.0960
304,4.7660,12.4492,0.9248,393216,830.47,145.66,1955198,-182.990,-109.980,-46.970,0.7850,1.0960
305,4.7788,12.6827,0.8584,393216,830.47,145.66,1955198,-182.990,-109.980,-46.970,0.7850,1.0960
306,4.7909,12.7747,0.8974,393216,830.47,145.66,1955198,-182.990,-109.980,-46.970,0.7850,1.0960
307,4.8039,12.0514,1.0331,393216,830.47,145.66,1955198,-182.990,-109.980,-46.970,0.7850,1.0960
308,4.8167,12.9997,1.0160,393216,830.47,145.66,1955198,-182.990,-109.980,-46.970,0.7850,1.0960
309,4.8290,12.8176,0.9178,393216,830.47,145.66,1955198,-182.990,-109.980,-46.970,0.7850,1.0960
310,4.8417,12.3646,0.8114,393216,830.47,145.66,1955198,-182.990,-109.980,-46.970,0.7850,1.0960
311,4.8548,12.6211,1.1077,393216,830.47,145.66,1955198,-182.990,-109.980,-46.970,0.7850,1.0960
312,4.8673,13.1481,0.9185,393216,830.47,145.66,1955198,-182.990,-109.980,-46.970,0.7850,1.0960
313,4.8804,12.4926,1.1556,393216,830.47,145.66,1955198,-182.990,-109.980,-46.970,0.7850,1.0960
314,4.8929,13.0930,0.8977,393216,830.47,145.66,1955198,-182.990,-109.980,-46.970,0.7850,1.0960
315,4.9054,12.4779,0.8485,393216,830.47,145.66,1955198,-182.990,-109.980,-46.970,0.7850,1.0960
316,4.9182,12.5094,0.8635,393216,830.47,145.66,1955198,-182.990,-109.980,-46.970,0.7850,1.0960
317,4.9312,12.8500,0.8663,393216,830.47,145.66,1955198,-182.990,-109.980,-46.970,0.7850,1.0960
318,4.9441,12.9635,0.8050,393216,830.47,145.66,1955198,-182.990,-109.980,-46.970,0.7850,1.0960
319,4.9569,12.8740,0.8306,393216,830.47,145.66,1955198,-182.990,-109.980,-46.970,0.7850,1.0960
320,4.9693,12.7881,0.8636,393216,830.47,145.66,1955198,-182.990,-109.980,-46.970,0.7850,1.0960
321,4.9822,12.4437,0.8425,393216,830.47,145.66,1955198,-182.990,-109.980,-46.970,0.7850,1.0960
322,4.9942,12.9335,0.8303,393216,830.47,145.66,1955198,-182.990,-109.980,-46.970,0.7850,1.0960
323,5.0071,11.9530,0.7828,393216,830.47,145.66,1955198,-182.990,-109.980,-46.970,0.7850,1.0960
324,5.0200,12.8948,0.8386,393216,830.47,145.66,1955198,-182.990,-109.980,-46.970,0.7850,1.0960
325,5.0327,12.8604,0.8432,393216,830.47,145.66,1955198,-182.990,-109.980,-46.970,0.7850,1.0960
326,5.0453,12.8066,0.8223,393216,830.47,145.66,1955198,-182.990,-109.980,-46.970,0.7850,1.0960
327,5.0580,12.5037,0.8169,393216,830.47,145.66,1955198,-182.990,-109.980,-46.970,0.7850,1.0960
328,5.0709,12.7115,0.8387,393216,830.47,145.66,1955198,-182.990,-109.980,-46.970,0.7850,1.0960
329,5.0838,12.9264,0.7967,393216,830.47,145.66,1955198,-182.990,-109.980,-46.970,0.7850,1.0960
330,5.0971,12.9345,1.2450,393216,830.47,145.66,1955198,-182.990,-109.980,-46.970,0.7850,1.0960
331,5.1095,13.2642,0.8514,393216,830.47,145.66,1955198,-182.990,-109.980,-46.970,0.7850,1.0960
332,5.1221,12.3545,1.0111,393216,830.47,145.66,1955198,-182.990,-109.980,-46.970,0.7850,1.0960
333,5.1349,12.6657,0.9454,393216,830.47,145.66,1955198,-182.990,-109.980,-46.970,0.7850,1.0960
334,5.1475,12.7788,0.8286,393216,830.47,145.66,1955198,-182.990,-109.980,-46.970,0.7850,1.0960
335,5.1605,12.5939,0.8124,393216,830.47,145.66,1955198,-182.990,-109.980,-46.970,0.7850,1.0960
336,5.1733,13.0159,0.8172,393216,830.47,145.66,1955198,-182.990,-109.980,-46.970,0.7850,1.0960
337,5.1864,12.7578,0.9414,393216,830.47,145.66,1955198,-182.990,-109.980,-46.970,0.7850,1.0960
338,5.1979,13.1595,0.9031,393216,830.47,145.66,1955198,-182.990,-109.980,-46.970,0.7850,1.0960
339,5.2108,11.5107,0.9768,393216,830.47,145.66,1955198,-182.990,-109.980,-46.970,0.7850,1.0960
340,5.2235,12.8900,0.8803,393216,830.47,145.66,1955198,-182.990,-109.980,-46.970,0.7850,1.0960
341,5.2365,12.7136,0.8608,393216,830.47,145.66,1955198,-182.990,-109.980,-46.970,0.7850,1.0960
342,5.2492,13.0030,0.8345,393216,830.47,145.66,1955198,-182.990,-109.980,-46.970,0.7850,1.0960
343,5.2616,12.6775,0.8279,393216,830.47,145.66,1955198,-182.990,-109.980,-46.970,0.7850,1.0960
344,5.2749,12.3944,0.7861,393216,830.47,145.66,1955198,-182.990,-109.980,-46.970,0.7850,1.0960
345,5.2874,13.2613,0.8804,393216,830.47,145.66,1955198,-182.990,-109.980,-46.970,0.7850,1.0960
346,5.3004,12.5201,0.9853,393216,830.47,145.66,1955198,-182.990,-109.980,-46.970,0.7850,1.0960
347,5.3132,13.0411,0.8867,393216,830.47,145.66,1955198,-182.990,-109.980,-46.970,0.7850,1.0960
348,5.3261,12.7955,0.9145,393216,830.47,145.66,1955198,-182.990,-109.980,-46.970,0.7850,1.0960
349,5.3388,12.9063,1.0235,393216,830.47,145.66,1955198,-182.990,-109.980,-46.970,0.7850,1.0960
350,5.3513,12.6616,0.8590,393216,830.47,145.66,1955198,-182.990,-109.980,-46.970,0.7850,1.0960
351,5.3641,12.4717,0.9427,393216,830.47,145.66,1955198,-182.990,-109.980,-46.970,0.7850,1.0960
352,5.3771,12.8870,1.0247,393216,830.47,145.66,1955198,-182.990,-109.980,-46.970,0.7850,1.0960
353,5.3901,12.9650,1.0522,393216,830.47,145.66,1955198,-182.990,-109.980,-46.970,0.7850,1.0960
354,5.4019,12.9637,0.8693,393216,830.47,145.66,1955198,-182.990,-109.980,-46.970,0.7850,1.0960
355,5.4145,11.7977,0.9274,393216,830.47,145.66,1955198,-182.990,-109.980,-46.970,0.7850,1.0960
356,5.4271,12.5733,0.8746,393216,830.47,145.66,1955198,-182.990,-109.980,-46.970,0.7850,1.0960
357,5.4400,12.6837,0.9681,393216,830.47,145.66,1955198,-182.990,-109.980,-46.970,0.7850,1.0960
358,5.4529,12.8338,0.8669,393216,830.47,145.66,1955198,-182.990,-109.980,-46.970,0.7850,1.0960
359,5.4658,12.9338,0.8934,393216,830.47,145.66,1955198,-182.990,-109.980,-46.970,0.7850,1.0960
360,5.4786,12.8528,1.0098,393216,830.47,145.66,1955198,-182.990,-109.980,-46.970,0.7850,1.0960
361,5.4911,12.8657,0.9178,393216,830.47,145.66,1955198,-182.990,-109.980,-46.970,0.7850,1.0960
362,5.5039,12.4487,0.9504,393216,830.47,145.66,1955198,-182.990,-109.980,-46.970,0.7850,1.0960
363,5.5166,12.7841,0.8851,393216,830.47,145.66,1955198,-182.990,-109.980,-46.970,0.7850,1.0960
364,5.5296,12.8643,0.8693,393216,830.47,145.66,1955198,-182.990,-109.980,-46.970,0.7850,1.0960
365,5.5423,12.8701,0.8821,393216,830.47,145.66,1955198,-182.990,-109.980,-46.970,0.7850,1.0960
366,5.5559,12.7507,0.9937,393216,830.47,145.66,1955198,-182.990,-109.980,-46.970,0.7850,1.0960
367,5.5677,13.5658,0.8786,393216,830.47,145.66,1955198,-182.990,-109.980,-46.970,0.7850,1.0960
368,5.5806,11.8088,0.9152,393216,830.47,145.66,1955198,-182.990,-109.980,-46.970,0.7850,1.0960
369,5.5934,12.9047,0.8461,393216,830.47,145.66,1955198,-182.990,-109.980,-46.970,0.7850,1.0960
370,5.6057,12.7421,1.0217,393216,830.47,145.66,1955198,-182.990,-109.980,-46.970,0.7850,1.0960
371,5.6187,12.3665,0.8881,393216,830.47,145.66,1955198,-182.990,-109.980,-46.970,0.7850,1.0960
372,5.6315,12.9613,1.1890,393216,830.47,145.66,1955198,-182.990,-109.980,-46.970,0.7850,1.0960
373,5.6435,12.8049,0.8195,393216,830.47,145.66,1955198,-182.990,-109.980,-46.970,0.7850,1.0960
374,5.6566,11.9777,1.1085,393216,830.47,145.66,1955198,-182.990,-109.980,-46.970,0.7850,1.0960
375,5.6692,13.1219,0.8617,393216,830.47,145.66,1955198,-182.990,-109.980,-46.970,0.7850,1.0960
376,5.6822,12.5849,0.9523,393216,830.47,145.66,1955198,-182.990,-109.980,-46.970,0.7850,1.0960
377,5.6949,12.9726,0.8989,393216,830.47,145.66,1955198,-182.990,-109.980,-46.970,0.7850,1.0960
378,5.7078,12.7580,0.8912,393216,830.47,145.66,1955198,-182.990,-109.980,-46.970,0.7850,1.0960
379,5.7204,12.8478,0.9407,393216,830.47,145.66,1955198,-182.990,-109.980,-46.970,0.7850,1.0960
380,5.7331,12.6292,0.8316,393216,830.47,145.66,1955198,-182.990,-109.980,-46.970,0.7850,1.0960
381,5.7459,12.6618,0.8998,393216,830.47,145.66,1955198,-182.990,-109.980,-46.970,0.7850,1.0960
382,5.7588,12.8318,0.8501,393216,830.47,145.66,1955198,-182.990,-109.980,-46.970,0.7850,1.0960
383,5.7717,12.9544,0.8784,393216,830.47,145.66,1955198,-182.990,-109.980,-46.970,0.7850,1.0960
384,5.7841,12.8523,0.8081,393216,830.47,145.66,1955198,-182.990,-109.980,-46.970,0.7850,1.0960
385,5.7969,12.3653,0.7790,393216,830.47,145.66,1955198,-182.990,-109.980,-46.970,0.7850,1.0960
386,5.8090,12.8118,0.8606,393216,830.47,145.66,1955198,-182.990,-109.980,-46.970,0.7850,1.0960
387,5.8220,12.1576,0.9771,393216,830.47,145.66,1955198,-182.990,-109.980,-46.970,0.7850,1.0960
388,5.8347,13.0324,0.8810,393216,830.47,145.66,1955198,-182.990,-109.980,-46.970,0.7850,1.0960
389,5.8476,12.6396,0.9434,393216,830.47,145.66,1955198,-182.990,-109.980,-46.970,0.7850,1.0960
390,5.8599,12.9434,0.8574,393216,830.47,145.66,1955198,-182.990,-109.980,-46.970,0.7850,1.0960
391,5.8729,12.2832,0.9436,393216,830.47,145.66,1955198,-182.990,-109.980,-46.970,0.7850,1.0960
392,5.8856,12.9851,0.9261,393216,830.47,145.66,1955198,-182.990,-109.980,-46.970,0.7850,1.0960
393,5.8988,12.7010,1.1553,393216,830.47,145.66,1955198,-182.990,-109.980,-46.970,0.7850,1.0960
394,5.9113,13.1886,0.8353,393216,830.47,145.66,1955198,-182.990,-109.980,-46.970,0.7850,1.0960
395,5.9242,12.5036,0.9969,393216,830.47,145.66,1955198,-182.990,-109.980,-46.970,0.7850,1.0960
396,5.9365,12.9076,0.8115,393216,830.47,145.66,1955198,-182.990,-109.980,-46.970,0.7850,1.0960
397,5.9493,12.2884,0.8832,393216,830.47,145.66,1955198,-182.990,-109.980,-46.970,0.7850,1.0960
398,5.9622,12.8284,0.8111,393216,830.47,145.66,1955198,-182.990,-109.980,-46.970,0.7850,1.0960
399,5.9752,12.8591,0.8738,393216,830.47,145.66,1955198,-182.990,-109.980,-46.970,0.7850,1.0960
400,5.9878,12.9841,0.7922,393216,830.47,145.66,1955198,-182.990,-109.980,-46.970,0.7850,1.0960
401,6.0008,12.6653,0.8908,393216,830.47,145.66,1955198,-182.990,-109.980,-46.970,0.7850,1.0960
402,6.0125,13.0029,0.8414,393216,830.47,145.66,1955198,-182.990,-109.980,-46.970,0.7850,1.0960
403,6.0252,11.6298,0.8495,393216,830.47,145.66,1955198,-182.990,-109.980,-46.970,0.7850,1.0960
404,6.0380,12.6983,0.8261,393216,830.47,145.66,1955198,-182.990,-109.980,-46.970,0.7850,1.0960
405,6.0511,12.8100,0.8426,393216,830.47,145.66,1955198,-182.990,-109.980,-46.970,0.7850,1.0960
406,6.0638,13.0763,0.8490,393216,830.47,145.66,1955198,-182.990,-109.980,-46.970,0.7850,1.0960
407,6.0765,12.7669,0.9598,393216,830.47,145.66,1955198,-182.990,-109.980,-46.970,0.7850,1.0960
408,6.0891,12.6957,0.8248,393216,830.47,145.66,1955198,-182.990,-109.980,-46.970,0.7850,1.0960
409,6.1019,12.5962,0.9059,393216,830.47,145.66,1955198,-182.990,-109.980,-46.970,0.7850,1.0960
410,6.1151,12.8300,1.1911,393216,830.47,145.66,1955198,-182.990,-109.980,-46.970,0.7850,1.0960
411,6.1276,13.1499,0.9622,393216,830.47,145.66,1955198,-182.990,-109.980,-46.970,0.7850,1.0960
412,6.1408,12.5345,1.2422,393216,830.47,145.66,1955198,-182.990,-109.980,-46.970,0.7850,1.0960
413,6.1529,13.2871,0.9251,393216,830.47,145.66,1955198,-182.990,-109.980,-46.970,0.7850,1.0960
414,6.1658,12.0098,1.0635,393216,830.47,145.66,1955198,-182.990,-109.980,-46.970,0.7850,1.0960
415,6.1785,12.8534,0.9382,393216,830.47,145.66,1955198,-182.990,-109.980,-46.970,0.7850,1.0960
416,6.1915,12.7296,1.0758,393216,830.47,145.66,1955198,-182.990,-109.980,-46.970,0.7850,1.0960
417,6.2042,12.9537,0.9650,393216,830.47,145.66,1955198,-182.990,-109.980,-46.970,0.7850,1.0960
418,6.2164,12.7314,1.0652,393216,830.47,145.66,1955198,-182.990,-109.980,-46.970,0.7850,1.0960
419,6.2286,12.2541,0.8811,393216,830.47,145.66,1955198,-182.990,-109.980,-46.970,0.7850,1.0960
420,6.2415,12.1654,0.9269,393216,830.47,145.66,1955198,-182.990,-109.980,-46.970,0.7850,1.0960
421,6.2544,12.9155,0.9607,393216,830.47,145.66,1955198,-182.990,-109.980,-46.970,0.7850,1.0960
422,6.2673,12.8594,0.9765,393216,830.47,145.66,1955198,-182.990,-109.980,-46.970,0.7850,1.0960
423,6.2801,12.9596,0.9615,393216,830.47,145.66,1955198,-182.990,-109.980,-46.970,0.7850,1.0960
424,6.2930,12.7978,1.1266,393216,830.47,145.66,1955198,-182.990,-109.980,-46.970,0.7850,1.0960
425,6.3052,12.8397,0.8372,393216,830.47,145.66,1955198,-182.990,-109.980,-46.970,0.7850,1.0960
426,6.3181,12.2127,0.9971,393216,830.47,145.66,1955198,-182.990,-109.980,-46.970,0.7850,1.0960
427,6.3308,12.9457,0.7938,393216,830.47,145.66,1955198,-182.990,-109.980,-46.970,0.7850,1.0960
428,6.3438,12.6765,0.8436,393216,830.47,145.66,1955198,-182.990,-109.980,-46.970,0.7850,1.0960
429,6.3566,12.9818,0.8425,393216,830.47,145.66,1955198,-182.990,-109.980,-46.970,0.7850,1.0960
430,6.3695,12.7842,0.8997,393216,830.47,145.66,1955198,-182.990,-109.980,-46.970,0.7850,1.0960
431,6.3819,12.9026,0.9165,393216,830.47,145.66,1955198,-182.990,-109.980,-46.970,0.7850,1.0960
432,6.3946,12.4928,0.8602,393216,830.47,145.66,1955198,-182.990,-109.980,-46.970,0.7850,1.0960
433,6.4073,12.6039,0.8327,393216,830.47,145.66,1955198,-182.990,-109.980,-46.970,0.7850,1.0960
434,6.4194,12.7181,0.8017,393216,830.47,145.66,1955198,-182.990,-109.980,-46.970,0.7850,1.0960
435,6.4322,12.0739,0.8358,393216,830.47,145.66,1955198,-182.990,-109.980,-46.970,0.7850,1.0960
436,6.4448,12.8381,0.8981,393216,830.47,145.66,1955198,-182.990,-109.980,-46.970,0.7850,1.0960
437,6.4574,12.5440,0.7825,393216,830.47,145.66,1955198,-182.990,-109.980,-46.970,0.7850,1.0960
438,6.4703,12.6187,0.8772,393216,830.47,145.66,1955198,-182.990,-109.980,-46.970,0.7850,1.0960
439,6.4830,12.9478,0.8614,393216,830.47,145.66,1955198,-182.990,-109.980,-46.970,0.7850,1.0960
440,6.4961,12.6553,0.9560,393216,830.47,145.66,1955198,-182.990,-109.980,-46.970,0.7850,1.0960
441,6.5089,13.1065,0.9865,393216,830.47,145.66,1955198,-182.990,-109.980,-46.970,0.7850,1.0960
442,6.5213,12.8610,0.9124,393216,830.47,145.66,1955198,-182.990,-109.980,-46.970,0.7850,1.0960
443,6.5342,12.4001,1.0829,393216,830.47,145.66,1955198,-182.990,-109.980,-46.970,0.7850,1.0960
444,6.5470,12.8380,1.0044,393216,830.47,145.66,1955198,-182.990,-109.980,-46.970,0.7850,1.0960
445,6.5599,12.7980,1.0621,393216,830.47,145.66,1955198,-182.990,-109.980,-46.970,0.7850,1.0960
446,6.5730,12.9144,1.1647,393216,830.47,145.66,1955198,-182.990,-109.980,-46.970,0.7850,1.0960
447,6.5855,13.0945,0.9855,393216,830.47,145.66,1955198,-182.990,-109.980,-46.970,0.7850,1.0960
448,6.5979,12.4975,0.9570,393216,830.47,145.66,1955198,-182.990,-109.980,-46.970,0.7850,1.0960
449,6.6107,12.4539,0.9436,393216,830.47,145.66,1955198,-182.990,-109.980,-46.970,0.7850,1.0960
450,6.6229,12.7949,0.9783,393216,830.47,145.66,1955198,-182.990,-109.980,-46.970,0.7850,1.0960
451,6.6360,12.1992,0.9503,393216,830.47,145.66,1955198,-182.990,-109.980,-46.970,0.7850,1.0960
452,6.6489,13.0446,1.0543,393216,830.47,145.66,1955198,-182.990,-109.980,-46.970,0.7850,1.0960
453,6.6617,12.9625,0.9516,393216,830.47,145.66,1955198,-182.990,-109.980,-46.970,0.7850,1.0960
454,6.6742,12.7206,0.9436,393216,830.47,145.66,1955198,-182.990,-109.980,-46.970,0.7850,1.0960
455,6.6868,12.5709,0.8792,393216,830.47,145.66,1955198,-182.990,-109.980,-46.970,0.7850,1.0960
456,6.6999,12.5821,1.0261,393216,830.47,145.66,1955198,-182.990,-109.980,-46.970,0.7850,1.0960
457,6.7129,13.1880,1.0418,393216,830.47,145.66,1955198,-182.990,-109.980,-46.970,0.7850,1.0960
458,6.7261,12.9391,1.1351,393216,830.47,145.66,1955198,-182.990,-109.980,-46.970,0.7850,1.0960
459,6.7387,13.1935,1.0490,393216,830.47,145.66,1955198,-182.990,-109.980,-46.970,0.7850,1.0960
460,6.7514,12.5479,1.1394,393216,830.47,145.66,1955198,-182.990,-109.980,-46.970,0.7850,1.0960
461,6.7638,12.7660,0.8973,393216,830.47,145.66,1955198,-182.990,-109.980,-46.970,0.7850,1.0960
462,6.7768,12.3720,0.9072,393216,830.47,145.66,1955198,-182.990,-109.980,-46.970,0.7850,1.0960
463,6.7896,12.9475,0.8855,393216,830.47,145.66,1955198,-182.990,-109.980,-46.970,0.7850,1.0960
464,6.8025,12.8286,0.8783,393216,830.47,145.66,1955198,-182.990,-109.980,-46.970,0.7850,1.0960
465,6.8153,12.9335,0.9135,393216,830.47,145.66,1955198,-182.990,-109.980,-46.970,0.7850,1.0960
466,6.8271,12.7899,0.9804,393216,830.47,145.66,1955198,-182.990,-109.980,-46.970,0.7850,1.0960
467,6.8400,11.8006,0.9878,393216,830.47,145.66,1955198,-182.990,-109.980,-46.970,0.7850,1.0960
468,6.8528,12.8477,0.8985,393216,830.47,145.66,1955198,-182.990,-109.980,-46.970,0.7850,1.0960
469,6.8657,12.7974,0.8762,393216,830.47,145.66,1955198,-182.990,-109.980,-46.970,0.7850,1.0960
470,6.8786,12.9020,0.9970,393216,830.47,145.66,1955198,-182.990,-109.980,-46.970,0.7850,1.0960
471,6.8914,12.9435,0.9564,393216,830.47,145.66,1955198,-182.990,-109.980,-46.970,0.7850,1.0960
472,6.9039,12.7998,0.9329,393216,830.47,145.66,1955198,-182.990,-109.980,-46.970,0.7850,1.0960
473,6.9167,12.5095,0.9293,393216,830.47,145.66,1955198,-182.990,-109.980,-46.970,0.7850,1.0960
474,6.9297,12.8055,0.9411,393216,830.47,145.66,1955198,-182.990,-109.980,-46.970,0.7850,1.0960
475,6.9430,13.0290,1.2530,393216,830.47,145.66,1955198,-182.990,-109.980,-46.970,0.7850,1.0960
476,6.9555,13.2670,0.8592,393216,830.47,145.66,1955198,-182.990,-109.980,-46.970,0.7850,1.0960
477,6.9687,12.4321,1.0942,393216,830.47,145.66,1955198,-182.990,-109.980,-46.970,0.7850,1.0960
478,6.9808,13.2557,0.8116,393216,830.47,145.66,1955198,-182.990,-109.980,-46.970,0.7850,1.0960
479,6.9937,12.0491,0.9492,393216,830.47,145.66,1955198,-182.990,-109.980,-46.970,0.7850,1.0960
480,7.0067,12.9489,0.9189,393216,830.47,145.66,1955198,-182.990,-109.980,-46.970,0.7850,1.0960
481,7.0198,13.0296,0.9980,393216,830.47,145.66,1955198,-182.990,-109.980,-46.970,0.7850,1.0960
482,7.0318,13.0762,0.8867,393216,830.47,145.66,1955198,-182.990,-109.980,-46.970,0.7850,1.0960
483,7.0448,11.9724,0.9467,393216,830.47,145.66,1955198,-182.990,-109.980,-46.970,0.7850,1.0960
484,7.0571,12.9750,0.8661,393216,830.47,145.66,1955198,-182.990,-109.980,-46.970,0.7850,1.0960
485,7.0699,12.3089,0.8720,393216,830.47,145.66,1955198,-182.990,-109.980,-46.970,0.7850,1.0960
486,7.0830,12.8053,0.9292,393216,830.47,145.66,1955198,-182.990,-109.980,-46.970,0.7850,1.0960
487,7.0959,13.1392,0.8554,393216,830.47,145.66,1955198,-182.990,-109.980,-46.970,0.7850,1.0960
488,7.1091,12.9163,1.0990,393216,830.47,145.66,1955198,-182.990,-109.980,-46.970,0.7850,1.0960
489,7.1219,13.1641,1.1234,393216,830.47,145.66,1955198,-182.990,-109.980,-46.970,0.7850,1.0960
490,7.1345,12.8539,1.1771,393216,830.47,145.66,1955198,-182.990,-109.980,-46.970,0.7850,1.0960
491,7.1472,12.5350,0.9482,393216,830.47,145.66,1955198,-182.990,-109.980,-46.970,0.7850,1.0960
492,7.1603,12.7080,1.1245,393216,830.47,145.66,1955198,-182.990,-109.980,-46.970,0.7850,1.0960
493,7.1730,13.1110,0.9195,393216,830.47,145.66,1955198,-182.990,-109.980,-46.970,0.7850,1.0960
494,7.1860,12.7189,0.9421,393216,830.47,145.66,1955198,-182.990,-109.980,-46.970,0.7850,1.0960
495,7.1989,12.9383,0.9455,393216,830.47,145.66,1955198,-182.990,-109.980,-46.970,0.7850,1.0960
496,7.2114,12.9524,0.8992,393216,830.47,145.66,1955198,-182.990,-109.980,-46.970,0.7850,1.0960
497,7.2243,12.4867,0.9586,393216,830.47,145.66,1955198,-182.990,-109.980,-46.970,0.7850,1.0960
498,7.2365,12.9498,0.9028,393216,830.47,145.66,1955198,-182.990,-109.980,-46.970,0.7850,1.0960
499,7.2495,12.1203,0.8673,393216,830.47,145.66,1955198,-182.990,-109.980,-46.970,0.7850,1.0960
500,7.2624,13.0197,0.9443,393216,830.47,145.66,1955198,-182.990,-109.980,-46.970,0.7850,1.0960
501,7.2754,12.9114,1.0704,393216,830.47,145.66,1955198,-182.990,-109.980,-46.970,0.7850,1.0960
502,7.2878,13.0233,0.9223,393216,830.47,145.66,1955198,-182.990,-109.980,-46.970,0.7850,1.0960
503,7.3008,12.4236,0.9683,393216,830.47,145.66,1955198,-182.990,-109.980,-46.970,0.7850,1.0960
504,7.3136,12.9151,0.9409,393216,830.47,145.66,1955198,-182.990,-109.980,-46.970,0.7850,1.0960
505,7.3266,12.8838,0.9429,393216,830.47,145.66,1955198,-182.990,-109.980,-46.970,0.7850,1.0960
506,7.3395,12.9500,0.9851,393216,830.47,145.66,1955198,-182.990,-109.980,-46.970,0.7850,1.0960
507,7.3524,12.8972,1.0652,393216,830.47,145.66,1955198,-182.990,-109.980,-46.970,0.7850,1.0960
508,7.3649,12.8772,1.0912,393216,830.47,145.66,1955198,-182.990,-109.980,-46.970,0.7850,1.0960
509,7.3777,12.5624,1.0239,393216,830.47,145.66,1955198,-182.990,-109.980,-46.970,0.7850,1.0960
510,7.3907,12.8157,1.0810,393216,830.47,145.66,1955198,-182.990,-109.980,-46.970,0.7850,1.0960
511,7.4035,12.9578,1.0249,393216,830.47,145.66,1955198,-182.990,-109.980,-46.970,0.7850,1.0960
512,7.4163,12.7936,0.9956,393216,830.47,145.66,1955198,-182.990,-109.980,-46.970,0.7850,1.0960
513,7.4293,12.7999,1.0374,393216,830.47,145.66,1955198,-182.990,-109.980,-46.970,0.7850,1.0960
514,7.4411,13.0278,1.0217,393216,830.47,145.66,1955198,-182.990,-109.980,-46.970,0.7850,1.0960
515,7.4539,11.7682,0.9797,393216,830.47,145.66,1955198,-182.990,-109.980,-46.970,0.7850,1.0960
516,7.4668,12.7905,0.9628,393216,830.47,145.66,1955198,-182.990,-109.980,-46.970,0.7850,1.0960
517,7.4796,12.8829,0.9469,393216,830.47,145.66,1955198,-182.990,-109.980,-46.970,0.7850,1.0960
518,7.4926,12.9056,0.9097,393216,830.47,145.66,1955198,-182.990,-109.980,-46.970,0.7850,1.0960
519,7.5053,12.8893,1.1005,393216,830.47,145.66,1955198,-182.990,-109.980,-46.970,0.7850,1.0960
520,7.5178,12.7771,0.9228,393216,830.47,145.66,1955198,-182.990,-109.980,-46.970,0.7850,1.0960
521,7.5311,12.5041,1.2369,393216,830.47,145.66,1955198,-182.990,-109.980,-46.970,0.7850,1.0960
522,7.5437,13.2322,0.9286,393216,830.47,145.66,1955198,-182.990,-109.980,-46.970,0.7850,1.0960
523,7.5568,12.6441,1.0154,393216,830.47,145.66,1955198,-182.990,-109.980,-46.970,0.7850,1.0960
524,7.5695,13.0556,0.9352,393216,830.47,145.66,1955198,-182.990,-109.980,-46.970,0.7850,1.0960
525,7.5823,12.7247,1.1440,393216,830.47,145.66,1955198,-182.990,-109.980,-46.970,0.7850,1.0960
526,7.5950,12.7702,0.9421,393216,830.47,145.66,1955198,-182.990,-109.980,-46.970,0.7850,1.0960
527,7.6076,12.6835,0.8877,393216,830.47,145.66,1955198,-182.990,-109.980,-46.970,0.7850,1.0960
528,7.6205,12.6599,0.9015,393216,830.47,145.66,1955198,-182.990,-109.980,-46.970,0.7850,1.0960
529,7.6335,12.9112,0.9737,393216,830.47,145.66,1955198,-182.990,-109.980,-46.970,0.7850,1.0960
530,7.6454,12.9385,0.8697,393216,830.47,145.66,1955198,-182.990,-109.980,-46.970,0.7850,1.0960
531,7.6580,11.9675,0.9185,393216,830.47,145.66,1955198,-182.990,-109.980,-46.970,0.7850,1.0960
532,7.6708,12.5976,0.9771,393216,830.47,145.66,1955198,-182.990,-109.980,-46.970,0.7850,1.0960
533,7.6837,12.7420,0.8839,393216,830.47,145.66,1955198,-182.990,-109.980,-46.970,0.7850,1.0960
534,7.6966,12.8909,0.9158,393216,830.47,145.66,1955198,-182.990,-109.980,-46.970,0.7850,1.0960
535,7.7094,12.9953,0.9262,393216,830.47,145.66,1955198,-182.990,-109.980,-46.970,0.7850,1.0960
536,7.7225,12.7285,1.2156,393216,830.47,145.66,1955198,-182.990,-109.980,-46.970,0.7850,1.0960
537,7.7347,13.1143,0.9976,393216,830.47,145.66,1955198,-182.990,-109.980,-46.970,0.7850,1.0960
538,7.7478,12.2477,1.1778,393216,830.47,145.66,1955198,-182.990,-109.980,-46.970,0.7850,1.0960
539,7.7605,13.0344,1.0022,393216,830.47,145.66,1955198,-182.990,-109.980,-46.970,0.7850,1.0960
540,7.7738,12.7040,1.2955,393216,830.47,145.66,1955198,-182.990,-109.980,-46.970,0.7850,1.0960
541,7.7863,13.2793,0.9426,393216,830.47,145.66,1955198,-182.990,-109.980,-46.970,0.7850,1.0960
542,7.7991,12.5150,0.9748,393216,830.47,145.66,1955198,-182.990,-109.980,-46.970,0.7850,1.0960
543,7.8118,12.8572,1.1777,393216,830.47,145.66,1955198,-182.990,-109.980,-46.970,0.7850,1.0960
544,7.8244,12.6882,1.0027,393216,830.47,145.66,1955198,-182.990,-109.980,-46.970,0.7850,1.0960
545,7.8375,12.5619,1.0407,393216,830.47,145.66,1955198,-182.990,-109.980,-46.970,0.7850,1.0960
546,7.8496,13.0753,0.9939,393216,830.47,145.66,1955198,-182.990,-109.980,-46.970,0.7850,1.0960
547,7.8624,12.1410,0.9478,393216,830.47,145.66,1955198,-182.990,-109.980,-46.970,0.7850,1.0960
548,7.8754,12.8269,0.9915,393216,830.47,145.66,1955198,-182.990,-109.980,-46.970,0.7850,1.0960
549,7.8879,12.9643,0.9710,393216,830.47,145.66,1955198,-182.990,-109.980,-46.970,0.7850,1.0960
550,7.9006,12.4916,0.9139,393216,830.47,145.66,1955198,-182.990,-109.980,-46.970,0.7850,1.0960
551,7.9134,12.7313,0.8519,393216,830.47,145.66,1955198,-182.990,-109.980,-46.970,0.7850,1.0960
552,7.9265,12.8249,0.9645,393216,830.47,145.66,1955198,-182.990,-109.980,-46.970,0.7850,1.0960
553,7.9398,13.1097,1.2179,393216,830.47,145.66,1955198,-182.990,-109.980,-46.970,0.7850,1.0960
554,7.9525,13.2516,1.0713,393216,830.47,145.66,1955198,-182.990,-109.980,-46.970,0.7850,1.0960
555,7.9651,12.6741,1.0995,393216,830.47,145.66,1955198,-182.990,-109.980,-46.970,0.7850,1.0960
556,7.9778,12.6161,0.9684,393216,830.47,145.66,1955198,-182.990,-109.980,-46.970,0.7850,1.0960
557,7.9906,12.7317,0.8759,393216,830.47,145.66,1955198,-182.990,-109.980,-46.970,0.7850,1.0960
558,8.0037,12.7804,0.8696,393216,830.47,145.66,1955198,-182.990,-109.980,-46.970,0.7850,1.0960
559,8.0166,13.0877,0.9079,393216,830.47,145.66,1955198,-182.990,-109.980,-46.970,0.7850,1.0960
560,8.0296,12.9456,1.0180,393216,830.47,145.66,1955198,-182.990,-109.980,-46.970,0.7850,1.0960
561,8.0421,13.0265,0.9336,393216,830.47,145.66,1955198,-182.990,-109.980,-46.970,0.7850,1.0960
562,8.0543,12.5075,0.9895,393216,830.47,145.66,1955198,-182.990,-109.980,-46.970,0.7850,1.0960
563,8.0677,12.1023,1.0465,393216,830.47,145.66,1955198,-182.990,-109.980,-46.970,0.7850,1.0960
564,8.0800,13.4765,0.9275,393216,830.47,145.66,1955198,-182.990,-109.980,-46.970,0.7850,1.0960
565,8.0928,12.2547,0.8802,393216,830.47,145.66,1955198,-182.990,-109.980,-46.970,0.7850,1.0960
566,8.1058,12.7933,0.8806,393216,830.47,145.66,1955198,-182.990,-109.980,-46.970,0.7850,1.0960
567,8.1183,13.0207,0.9019,393216,830.47,145.66,1955198,-182.990,-109.980,-46.970,0.7850,1.0960
568,8.1311,12.4973,0.9549,393216,830.47,145.66,1955198,-182.990,-109.980,-46.970,0.7850,1.0960
569,8.1443,12.8151,0.9510,393216,830.47,145.66,1955198,-182.990,-109.980,-46.970,0.7850,1.0960
570,8.1573,13.1350,0.8975,393216,830.47,145.66,1955198,-182.990,-109.980,-46.970,0.7850,1.0960
571,8.1702,13.0192,0.8756,393216,830.47,145.66,1955198,-182.990,-109.980,-46.970,0.7850,1.0960
572,8.1835,12.9481,1.1803,393216,830.47,145.66,1955198,-182.990,-109.980,-46.970,0.7850,1.0960
573,8.1958,13.2681,0.9582,393216,830.47,145.66,1955198,-182.990,-109.980,-46.970,0.7850,1.0960
574,8.2090,12.3347,1.1255,393216,830.47,145.66,1955198,-182.990,-109.980,-46.970,0.7850,1.0960
575,8.2221,13.1384,0.9800,393216,830.47,145.66,1955198,-182.990,-109.980,-46.970,0.7850,1.0960
576,8.2353,13.1162,0.9497,393216,830.47,145.66,1955198,-182.990,-109.980,-46.970,0.7850,1.0960
577,8.2488,13.2088,0.9302,393216,830.47,145.66,1955198,-182.990,-109.980,-46.970,0.7850,1.0960
578,8.2612,13.5030,0.9091,393216,830.47,145.66,1955198,-182.990,-109.980,-46.970,0.7850,1.0960
579,8.2746,12.3994,0.9689,393216,830.47,145.66,1955198,-182.990,-109.980,-46.970,0.7850,1.0960
580,8.2875,13.3943,0.9375,393216,830.47,145.66,1955198,-182.990,-109.980,-46.970,0.7850,1.0960
581,8.3012,12.9078,1.1526,393216,830.47,145.66,1955198,-182.990,-109.980,-46.970,0.7850,1.0960
582,8.3146,13.6992,0.9169,393216,830.47,145.66,1955198,-182.990,-109.980,-46.970,0.7850,1.0960
583,8.3284,13.3471,0.9727,393216,830.47,145.66,1955198,-182.990,-109.980,-46.970,0.7850,1.0960
584,8.3421,13.8189,1.0221,393216,830.47,145.66,1955198,-182.990,-109.980,-46.970,0.7850,1.0960
585,8.3554,13.7115,0.8941,393216,830.47,145.66,1955198,-182.990,-109.980,-46.970,0.7850,1.0960
586,8.3692,13.2900,0.9371,393216,830.47,145.66,1955198,-182.990,-109.980,-46.970,0.7850,1.0960
587,8.3884,13.7827,0.9657,393216,830.47,145.66,1955198,-182.990,-109.980,-46.970,0.7850,1.0960
588,8.4078,19.2608,0.9917,393216,830.47,145.66,1955198,-182.990,-109.980,-46.970,0.7850,1.0960
589,8.4281,19.4180,1.0792,393216,830.47,145.66,1955198,-182.990,-109.980,-46.970,0.7850,1.0960
590,8.4479,20.2392,0.9359,393216,830.47,145.66,1955198,-182.990,-109.980,-46.970,0.7850,1.0960
591,8.4679,19.8715,0.9926,393216,830.47,145.66,1955198,-182.990,-109.980,-46.970,0.7850,1.0960
592,8.4883,19.9682,1.1270,393216,830.47,145.66,1955198,-182.990,-109.980,-46.970,0.7850,1.0960
593,8.5058,20.4222,0.9684,393216,830.47,145.66,1955198,-182.990,-109.980,-46.970,0.7850,1.0960
594,8.5232,17.4636,1.0301,393216,830.47,145.66,1955198,-182.990,-109.980,-46.970,0.7850,1.0960
595,8.5417,17.4159,1.0642,393216,830.47,145.66,1955198,-182.990,-109.980,-46.970,0.7850,1.0960
596,8.5602,18.4935,1.0306,393216,830.47,145.66,1955198,-182.990,-109.980,-46.970,0.7850,1.0960
597,8.5792,18.4621,1.3611,393216,830.47,145.66,1955198,-182.990,-109.980,-46.970,0.7850,1.0960
598,8.5974,19.0665,1.0338,393216,830.47,145.66,1955198,-182.990,-109.980,-46.970,0.7850,1.0960
599,8.6138,18.1868,0.9561,393216,830.47,145.66,1955198,-182.990,-109.980,-46.970,0.7850,1.0960
600,8.6310,16.4163,1.0290,393216,830.47,145.66,1955198,-182.990,-109.980,-46.970,0.7850,1.0960
601,8.6482,17.1728,0.9202,393216,830.47,145.66,1955198,-182.990,-109.980,-46.970,0.7850,1.0960
602,8.6654,17.1755,0.9585,393216,830.47,145.66,1955198,-182.990,-109.980,-46.970,0.7850,1.0960
603,8.6827,17.2033,0.9971,393216,830.47,145.66,1955198,-182.990,-109.980,-46.970,0.7850,1.0960
604,8.6998,17.3089,1.0061,393216,830.47,145.66,1955198,-182.990,-109.980,-46.970,0.7850,1.0960
605,8.7150,17.1479,1.0047,393216,830.47,145.66,1955198,-182.990,-109.980,-46.970,0.7850,1.0960
606,8.7282,15.2065,0.9841,393216,830.47,145.66,1955198,-182.990,-109.980,-46.970,0.7850,1.0960
607,8.7413,13.1356,0.9296,393216,830.47,145.66,1955198,-182.990,-109.980,-46.970,0.7850,1.0960
608,8.7547,13.1652,0.9068,393216,830.47,145.66,1955198,-182.990,-109.980,-46.970,0.7850,1.0960
609,8.7687,13.3811,1.4883,393216,830.47,145.66,1955198,-182.990,-109.980,-46.970,0.7850,1.0960
610,8.7805,13.9572,1.0246,393216,830.47,145.66,1955198,-182.990,-109.980,-46.970,0.7850,1.0960
611,8.7937,11.8185,1.0307,393216,830.47,145.66,1955198,-182.990,-109.980,-46.970,0.7850,1.0960
612,8.8062,13.2423,0.9768,393216,830.47,145.66,1955198,-182.990,-109.980,-46.970,0.7850,1.0960
613,8.8193,12.4245,1.1847,393216,830.47,145.66,1955198,-182.990,-109.980,-46.970,0.7850,1.0960
614,8.8321,13.1651,0.9593,393216,830.47,145.66,1955198,-182.990,-109.980,-46.970,0.7850,1.0960
615,8.8453,12.7360,1.0004,393216,830.47,145.66,1955198,-182.990,-109.980,-46.970,0.7850,1.0960
616,8.8582,13.1820,0.9403,393216,830.47,145.66,1955198,-182.990,-109.980,-46.970,0.7850,1.0960
617,8.8710,12.9287,0.8827,393216,830.47,145.66,1955198,-182.990,-109.980,-46.970,0.7850,1.0960
618,8.8838,12.8247,0.9833,393216,830.47,145.66,1955198,-182.990,-109.980,-46.970,0.7850,1.0960
619,8.8968,12.8649,0.9252,393216,830.47,145.66,1955198,-182.990,-109.980,-46.970,0.7850,1.0960
620,8.9099,12.8727,1.0026,393216,830.47,145.66,1955198,-182.990,-109.980,-46.970,0.7850,1.0960
621,8.9230,13.1098,1.0161,393216,830.47,145.66,1955198,-182.990,-109.980,-46.970,0.7850,1.0960
622,8.9366,13.0995,1.4494,393216,830.47,145.66,1955198,-182.990,-109.980,-46.970,0.7850,1.0960
623,8.9491,13.7019,0.9769,393216,830.47,145.66,1955198,-182.990,-109.980,-46.970,0.7850,1.0960
624,8.9621,12.4478,0.9959,393216,830.47,145.66,1955198,-182.990,-109.980,-46.970,0.7850,1.0960
625,8.9746,12.9536,0.8713,393216,830.47,145.66,1955198,-182.990,-109.980,-46.970,0.7850,1.0960
626,8.9869,12.5247,0.9743,393216,830.47,145.66,1955198,-182.990,-109.980,-46.970,0.7850,1.0960
627,9.0001,12.2943,0.9403,393216,830.47,145.66,1955198,-182.990,-109.980,-46.970,0.7850,1.0960
628,9.0132,13.1934,0.8829,393216,830.47,145.66,1955198,-182.990,-109.980,-46.970,0.7850,1.0960
629,9.0263,13.1318,0.9687,393216,830.47,145.66,1955198,-182.990,-109.980,-46.970,0.7850,1.0960
630,9.0396,13.1396,1.1860,393216,830.47,145.66,1955198,-182.990,-109.980,-46.970,0.7850,1.0960
631,9.0519,13.2789,0.9370,393216,830.47,145.66,1955198,-182.990,-109.980,-46.970,0.7850,1.0960
632,9.0649,12.3132,1.0204,393216,830.47,145.66,1955198,-182.990,-109.980,-46.970,0.7850,1.0960
633,9.0779,12.9379,1.2160,393216,830.47,145.66,1955198,-182.990,-109.980,-46.970,0.7850,1.0960
634,9.0908,13.0542,0.9344,393216,830.47,145.66,1955198,-182.990,-109.980,-46.970,0.7850,1.0960
635,9.1038,12.8834,0.9093,393216,830.47,145.66,1955198,-182.990,-109.980,-46.970,0.7850,1.0960
636,9.1169,12.9709,0.9682,393216,830.47,145.66,1955198,-182.990,-109.980,-46.970,0.7850,1.0960
637,9.1294,13.1164,0.8342,393216,830.47,145.66,1955198,-182.990,-109.980,-46.970,0.7850,1.0960
638,9.1423,12.5489,0.9147,393216,830.47,145.66,1955198,-182.990,-109.980,-46.970,0.7850,1.0960
639,9.1556,12.8953,0.9829,393216,830.47,145.66,1955198,-182.990,-109.980,-46.970,0.7850,1.0960
640,9.1684,13.2165,0.9488,393216,830.47,145.66,1955198,-182.990,-109.980,-46.970,0.7850,1.0960
641,9.1816,12.8786,0.8751,393216,830.47,145.66,1955198,-182.990,-109.980,-46.970,0.7850,1.0960
642,9.1943,13.1745,1.2189,393216,830.47,145.66,1955198,-182.990,-109.980,-46.970,0.7850,1.0960
643,9.2069,12.7000,1.0440,393216,830.47,145.66,1955198,-182.990,-109.980,-46.970,0.7850,1.0960
644,9.2199,12.5498,0.9613,393216,830.47,145.66,1955198,-182.990,-109.980,-46.970,0.7850,1.0960
645,9.2333,13.0370,1.1324,393216,830.47,145.66,1955198,-182.990,-109.980,-46.970,0.7850,1.0960
646,9.2463,13.3542,1.0116,393216,830.47,145.66,1955198,-182.990,-109.980,-46.970,0.7850,1.0960
647,9.2593,13.0499,0.9626,393216,830.47,145.66,1955198,-182.990,-109.980,-46.970,0.7850,1.0960
648,9.2725,13.0576,0.9428,393216,830.47,145.66,1955198,-182.990,-109.980,-46.970,0.7850,1.0960
649,9.2857,13.0986,1.0032,393216,830.47,145.66,1955198,-182.990,-109.980,-46.970,0.7850,1.0960
650,9.2985,13.2564,1.0536,393216,830.47,145.66,1955198,-182.990,-109.980,-46.970,0.7850,1.0960
651,9.3116,12.8310,1.0713,393216,830.47,145.66,1955198,-182.990,-109.980,-46.970,0.7850,1.0960
652,9.3247,13.0701,1.0792,393216,830.47,145.66,1955198,-182.990,-109.980,-46.970,0.7850,1.0960
653,9.3378,13.1146,0.9892,393216,830.47,145.66,1955198,-182.990,-109.980,-46.970,0.7850,1.0960
654,9.3512,13.0703,1.1157,393216,830.47,145.66,1955198,-182.990,-109.980,-46.970,0.7850,1.0960
655,9.3642,13.4091,0.9965,393216,830.47,145.66,1955198,-182.990,-109.980,-46.970,0.7850,1.0960
656,9.3775,13.0159,1.1237,393216,830.47,145.66,1955198,-182.990,-109.980,-46.970,0.7850,1.0960
657,9.3902,13.2987,1.0987,393216,830.47,145.66,1955198,-182.990,-109.980,-46.970,0.7850,1.0960
658,9.4023,12.6755,0.9546,393216,830.47,145.66,1955198,-182.990,-109.980,-46.970,0.7850,1.0960
659,9.4157,12.1450,1.0228,393216,830.47,145.66,1955198,-182.990,-109.980,-46.970,0.7850,1.0960
660,9.4289,13.3071,1.2044,393216,830.47,145.66,1955198,-182.990,-109.980,-46.970,0.7850,1.0960
661,9.4417,13.2896,0.9385,393216,830.47,145.66,1955198,-182.990,-109.980,-46.970,0.7850,1.0960
662,9.4548,12.7262,1.0210,393216,830.47,145.66,1955198,-182.990,-109.980,-46.970,0.7850,1.0960
663,9.4672,13.0815,0.8793,393216,830.47,145.66,1955198,-182.990,-109.980,-46.970,0.7850,1.0960
664,9.4801,12.4503,0.9468,393216,830.47,145.66,1955198,-182.990,-109.980,-46.970,0.7850,1.0960
665,9.4932,12.9443,0.9727,393216,830.47,145.66,1955198,-182.990,-109.980,-46.970,0.7850,1.0960
666,9.5061,13.0302,0.9757,393216,830.47,145.66,1955198,-182.990,-109.980,-46.970,0.7850,1.0960
667,9.5191,12.9598,0.9306,393216,830.47,145.66,1955198,-182.990,-109.980,-46.970,0.7850,1.0960
668,9.5321,12.9599,1.0446,393216,830.47,145.66,1955198,-182.990,-109.980,-46.970,0.7850,1.0960
669,9.5448,13.0671,1.2671,393216,830.47,145.66,1955198,-182.990,-109.980,-46.970,0.7850,1.0960
670,9.5573,12.6344,1.0314,393216,830.47,145.66,1955198,-182.990,-109.980,-46.970,0.7850,1.0960
671,9.5701,12.5492,0.9934,393216,830.47,145.66,1955198,-182.990,-109.980,-46.970,0.7850,1.0960
672,9.5830,12.7212,1.0183,393216,830.47,145.66,1955198,-182.990,-109.980,-46.970,0.7850,1.0960
673,9.5959,12.9318,0.9487,393216,830.47,145.66,1955198,-182.990,-109.980,-46.970,0.7850,1.0960
674,9.6080,12.9219,0.9609,393216,830.47,145.66,1955198,-182.990,-109.980,-46.970,0.7850,1.0960
675,9.6207,12.0581,1.0869,393216,830.47,145.66,1955198,-182.990,-109.980,-46.970,0.7850,1.0960
676,9.6334,12.6750,1.0569,393216,830.47,145.66,1955198,-182.990,-109.980,-46.970,0.7850,1.0960
677,9.6464,12.7659,1.1825,393216,830.47,145.66,1955198,-182.990,-109.980,-46.970,0.7850,1.0960
678,9.6592,13.0524,1.0315,393216,830.47,145.66,1955198,-182.990,-109.980,-46.970,0.7850,1.0960
679,9.6720,12.7254,0.9036,393216,830.47,145.66,1955198,-182.990,-109.980,-46.970,0.7850,1.0960
680,9.6849,12.8187,1.0078,393216,830.47,145.66,1955198,-182.990,-109.980,-46.970,0.7850,1.0960
681,9.6973,12.8780,0.8459,393216,830.47,145.66,1955198,-182.990,-109.980,-46.970,0.7850,1.0960
682,9.7102,12.3551,0.9726,393216,830.47,145.66,1955198,-182.990,-109.980,-46.970,0.7850,1.0960
683,9.7231,12.9602,0.9345,393216,830.47,145.66,1955198,-182.990,-109.980,-46.970,0.7850,1.0960
684,9.7364,12.8577,1.3047,393216,830.47,145.66,1955198,-182.990,-109.980,-46.970,0.7850,1.0960
685,9.7487,13.3086,0.9112,393216,830.47,145.66,1955198,-182.990,-109.980,-46.970,0.7850,1.0960
686,9.7619,12.3580,1.1924,393216,830.47,145.66,1955198,-182.990,-109.980,-46.970,0.7850,1.0960
687,9.7741,13.2129,0.9269,393216,830.47,145.66,1955198,-182.990,-109.980,-46.970,0.7850,1.0960
688,9.7870,12.1453,1.0282,393216,830.47,145.66,1955198,-182.990,-109.980,-46.970,0.7850,1.0960
689,9.7998,12.9094,0.9521,393216,830.47,145.66,1955198,-182.990,-109.980,-46.970,0.7850,1.0960
690,9.8121,12.8076,1.0603,393216,830.47,145.66,1955198,-182.990,-109.980,-46.970,0.7850,1.0960
691,9.8248,12.4091,0.9510,393216,830.47,145.66,1955198,-182.990,-109.980,-46.970,0.7850,1.0960
692,9.8378,12.6159,1.2480,393216,830.47,145.66,1955198,-182.990,-109.980,-46.970,0.7850,1.0960
693,9.8500,13.0046,0.9255,393216,830.47,145.66,1955198,-182.990,-109.980,-46.970,0.7850,1.0960
694,9.8629,12.1652,1.0026,393216,830.47,145.66,1955198,-182.990,-109.980,-46.970,0.7850,1.0960
695,9.8759,12.8943,1.0037,393216,830.47,145.66,1955198,-182.990,-109.980,-46.970,0.7850,1.0960
696,9.8888,12.9751,0.9165,393216,830.47,145.66,1955198,-182.990,-109.980,-46.970,0.7850,1.0960
697,9.9017,12.8844,0.9657,393216,830.47,145.66,1955198,-182.990,-109.980,-46.970,0.7850,1.0960
698,9.9146,12.9148,0.9790,393216,830.47,145.66,1955198,-182.990,-109.980,-46.970,0.7850,1.0960
699,9.9271,12.8979,0.9838,393216,830.47,145.66,1955198,-182.990,-109.980,-46.970,0.7850,1.0960
700,9.9397,12.5211,0.9041,393216,830.47,145.66,1955198,-182.990,-109.980,-46.970,0.7850,1.0960
701,9.9527,12.5595,0.9113,393216,830.47,145.66,1955198,-182.990,-109.980,-46.970,0.7850,1.0960
702,9.9657,13.0011,0.8733,393216,830.47,145.66,1955198,-182.990,-109.980,-46.970,0.7850,1.0960
703,9.9787,13.0009,1.0661,393216,830.47,145.66,1955198,-182.990,-109.980,-46.970,0.7850,1.0960
704,9.9916,13.0890,1.0024,393216,830.47,145.66,1955198,-182.990,-109.980,-46.970,0.7850,1.0960
705,10.0040,12.8852,1.0187,393216,830.47,145.66,1955198,-182.990,-109.980,-46.970,0.7850,1.0960
706,10.0160,12.3760,0.9490,393216,830.47,145.66,1955198,-182.990,-109.980,-46.970,0.7850,1.0960
707,10.0293,12.0259,1.3082,393216,830.47,145.66,1955198,-182.990,-109.980,-46.970,0.7850,1.0960
708,10.0418,13.2809,0.9034,393216,830.47,145.66,1955198,-182.990,-109.980,-46.970,0.7850,1.0960
709,10.0547,12.4428,0.9979,393216,830.47,145.66,1955198,-182.990,-109.980,-46.970,0.7850,1.0960
710,10.0676,12.9853,1.0153,393216,830.47,145.66,1955198,-182.990,-109.980,-46.970,0.7850,1.0960
711,10.0801,12.9018,0.9105,393216,830.47,145.66,1955198,-182.990,-109.980,-46.970,0.7850,1.0960
712,10.0929,12.4570,0.9585,393216,830.47,145.66,1955198,-182.990,-109.980,-46.970,0.7850,1.0960
713,10.1059,12.8128,0.8678,393216,830.47,145.66,1955198,-182.990,-109.980,-46.970,0.7850,1.0960
714,10.1190,12.9831,0.9231,393216,830.47,145.66,1955198,-182.990,-109.980,-46.970,0.7850,1.0960
715,10.1317,13.1033,0.8622,393216,830.47,145.66,1955198,-182.990,-109.980,-46.970,0.7850,1.0960
716,10.1450,12.7277,1.0714,393216,830.47,145.66,1955198,-182.990,-109.980,-46.970,0.7850,1.0960
717,10.1573,13.2322,0.9469,393216,830.47,145.66,1955198,-182.990,-109.980,-46.970,0.7850,1.0960
718,10.1701,12.3115,0.8983,393216,830.47,145.66,1955198,-182.990,-109.980,-46.970,0.7850,1.0960
719,10.1831,12.7869,0.9521,393216,830.47,145.66,1955198,-182.990,-109.980,-46.970,0.7850,1.0960
720,10.1961,13.0443,0.9535,393216,830.47,145.66,1955198,-182.990,-109.980,-46.970,0.7850,1.0960
721,10.2089,13.0165,0.9143,393216,830.47,145.66,1955198,-182.990,-109.980,-46.970,0.7850,1.0960
722,10.2208,12.7778,1.0229,393216,830.47,145.66,1955198,-182.990,-109.980,-46.970,0.7850,1.0960
723,10.2331,11.8796,0.8600,393216,830.47,145.66,1955198,-182.990,-109.980,-46.970,0.7850,1.0960
724,10.2461,12.3426,1.0311,393216,830.47,145.66,1955198,-182.990,-109.980,-46.970,0.7850,1.0960
725,10.2590,13.0215,0.8944,393216,830.47,145.66,1955198,-182.990,-109.980,-46.970,0.7850,1.0960
726,10.2724,12.8113,1.3207,393216,830.47,145.66,1955198,-182.990,-109.980,-46.970,0.7850,1.0960
727,10.2848,13.5180,0.8918,393216,830.47,145.66,1955198,-182.990,-109.980,-46.970,0.7850,1.0960
728,10.2974,12.3685,0.9643,393216,830.47,145.66,1955198,-182.990,-109.980,-46.970,0.7850,1.0960
729,10.3101,12.5354,0.9849,393216,830.47,145.66,1955198,-182.990,-109.980,-46.970,0.7850,1.0960
730,10.3229,12.7383,0.9022,393216,830.47,145.66,1955198,-182.990,-109.980,-46.970,0.7850,1.0960
731,10.3359,12.7394,0.8980,393216,830.47,145.66,1955198,-182.990,-109.980,-46.970,0.7850,1.0960
732,10.3490,13.0719,0.9162,393216,830.47,145.66,1955198,-182.990,-109.980,-46.970,0.7850,1.0960
733,10.3620,13.0383,1.0058,393216,830.47,145.66,1955198,-182.990,-109.980,-46.970,0.7850,1.0960
734,10.3744,13.0900,0.9197,393216,830.47,145.66,1955198,-182.990,-109.980,-46.970,0.7850,1.0960
735,10.3873,12.4015,1.0225,393216,830.47,145.66,1955198,-182.990,-109.980,-46.970,0.7850,1.0960
736,10.4003,12.9001,1.0250,393216,830.47,145.66,1955198,-182.990,-109.980,-46.970,0.7850,1.0960
737,10.4135,12.9834,1.2451,393216,830.47,145.66,1955198,-182.990,-109.980,-46.970,0.7850,1.0960
738,10.4252,13.2059,0.8972,393216,830.47,145.66,1955198,-182.990,-109.980,-46.970,0.7850,1.0960
739,10.4385,11.6068,1.1435,393216,830.47,145.66,1955198,-182.990,-109.980,-46.970,0.7850,1.0960
740,10.4507,13.4243,0.9758,393216,830.47,145.66,1955198,-182.990,-109.980,-46.970,0.7850,1.0960
741,10.4636,12.1518,1.0038,393216,830.47,145.66,1955198,-182.990,-109.980,-46.970,0.7850,1.0960
742,10.4764,12.8573,0.9403,393216,830.47,145.66,1955198,-182.990,-109.980,-46.970,0.7850,1.0960
743,10.4895,12.8663,1.0231,393216,830.47,145.66,1955198,-182.990,-109.980,-46.970,0.7850,1.0960
744,10.5025,13.0956,0.9800,393216,830.47,145.66,1955198,-182.990,-109.980,-46.970,0.7850,1.0960
745,10.5154,13.0046,1.0386,393216,830.47,145.66,1955198,-182.990,-109.980,-46.970,0.7850,1.0960
746,10.5280,12.8970,1.0361,393216,830.47,145.66,1955198,-182.990,-109.980,-46.970,0.7850,1.0960
747,10.5408,12.5321,0.9629,393216,830.47,145.66,1955198,-182.990,-109.980,-46.970,0.7850,1.0960
748,10.5537,12.7826,0.9675,393216,830.47,145.66,1955198,-182.990,-109.980,-46.970,0.7850,1.0960
749,10.5668,12.9870,0.9794,393216,830.47,145.66,1955198,-182.990,-109.980,-46.970,0.7850,1.0960
750,10.5797,13.0130,0.9966,393216,830.47,145.66,1955198,-182.990,-109.980,-46.970,0.7850,1.0960
751,10.5926,12.9955,0.9035,393216,830.47,145.66,1955198,-182.990,-109.980,-46.970,0.7850,1.0960
752,10.6053,12.8116,1.1568,393216,830.47,145.66,1955198,-182.990,-109.980,-46.970,0.7850,1.0960
753,10.6179,12.7753,0.9722,393216,830.47,145.66,1955198,-182.990,-109.980,-46.970,0.7850,1.0960
754,10.6304,12.5309,1.0944,393216,830.47,145.66,1955198,-182.990,-109.980,-46.970,0.7850,1.0960
755,10.6431,12.5308,0.8751,393216,830.47,145.66,1955198,-182.990,-109.980,-46.970,0.7850,1.0960
756,10.6565,12.6888,1.0343,393216,830.47,145.66,1955198,-182.990,-109.980,-46.970,0.7850,1.0960
757,10.6692,13.3973,0.9856,393216,830.47,145.66,1955198,-182.990,-109.980,-46.970,0.7850,1.0960
758,10.6815,12.6791,0.8900,393216,830.47,145.66,1955198,-182.990,-109.980,-46.970,0.7850,1.0960
759,10.6944,12.3702,0.8959,393216,830.47,145.66,1955198,-182.990,-109.980,-46.970,0.7850,1.0960
760,10.7074,12.8575,0.9055,393216,830.47,145.66,1955198,-182.990,-109.980,-46.970,0.7850,1.0960
761,10.7202,12.9760,0.9508,393216,830.47,145.66,1955198,-182.990,-109.980,-46.970,0.7850,1.0960
762,10.7332,12.8330,0.8661,393216,830.47,145.66,1955198,-182.990,-109.980,-46.970,0.7850,1.0960
763,10.7464,12.9597,1.0465,393216,830.47,145.66,1955198,-182.990,-109.980,-46.970,0.7850,1.0960
764,10.7588,13.2131,0.9448,393216,830.47,145.66,1955198,-182.990,-109.980,-46.970,0.7850,1.0960
765,10.7719,12.3786,1.1335,393216,830.47,145.66,1955198,-182.990,-109.980,-46.970,0.7850,1.0960
766,10.7846,13.1062,0.9329,393216,830.47,145.66,1955198,-182.990,-109.980,-46.970,0.7850,1.0960
767,10.7977,12.7249,1.1131,393216,830.47,145.66,1955198,-182.990,-109.980,-46.970,0.7850,1.0960
768,10.8103,13.1546,0.8744,393216,830.47,145.66,1955198,-182.990,-109.980,-46.970,0.7850,1.0960
769,10.8236,12.5939,1.1585,393216,830.47,145.66,1955198,-182.990,-109.980,-46.970,0.7850,1.0960
770,10.8351,13.2507,0.8810,393216,830.47,145.66,1955198,-182.990,-109.980,-46.970,0.7850,1.0960
771,10.8481,11.5354,1.1122,393216,830.47,145.66,1955198,-182.990,-109.980,-46.970,0.7850,1.0960
772,10.8609,13.0148,0.8876,393216,830.47,145.66,1955198,-182.990,-109.980,-46.970,0.7850,1.0960
773,10.8739,12.7883,1.0262,393216,830.47,145.66,1955198,-182.990,-109.980,-46.970,0.7850,1.0960
774,10.8870,12.9924,1.0322,393216,830.47,145.66,1955198,-182.990,-109.980,-46.970,0.7850,1.0960
775,10.8997,13.0349,0.9330,393216,830.47,145.66,1955198,-182.990,-109.980,-46.970,0.7850,1.0960
776,10.9122,12.8181,0.9426,393216,830.47,145.66,1955198,-182.990,-109.980,-46.970,0.7850,1.0960
777,10.9251,12.3859,0.9589,393216,830.47,145.66,1955198,-182.990,-109.980,-46.970,0.7850,1.0960
778,10.9380,12.9224,0.9283,393216,830.47,145.66,1955198,-182.990,-109.980,-46.970,0.7850,1.0960
779,10.9509,12.8736,0.9319,393216,830.47,145.66,1955198,-182.990,-109.980,-46.970,0.7850,1.0960
780,10.9642,12.9270,1.1634,393216,830.47,145.66,1955198,-182.990,-109.980,-46.970,0.7850,1.0960
781,10.9768,13.3544,0.9629,393216,830.47,145.66,1955198,-182.990,-109.980,-46.970,0.7850,1.0960
782,10.9895,12.6027,1.0502,393216,830.47,145.66,1955198,-182.990,-109.980,-46.970,0.7850,1.0960
783,11.0022,12.7164,0.9445,393216,830.47,145.66,1955198,-182.990,-109.980,-46.970,0.7850,1.0960
784,11.0153,12.5959,1.1305,393216,830.47,145.66,1955198,-182.990,-109.980,-46.970,0.7850,1.0960
785,11.0279,13.1099,0.9336,393216,830.47,145.66,1955198,-182.990,-109.980,-46.970,0.7850,1.0960
786,11.0403,12.6393,0.9562,393216,830.47,145.66,1955198,-182.990,-109.980,-46.970,0.7850,1.0960
787,11.0532,12.4190,0.9635,393216,830.47,145.66,1955198,-182.990,-109.980,-46.970,0.7850,1.0960
788,11.0657,12.8964,0.9305,393216,830.47,145.66,1955198,-182.990,-109.980,-46.970,0.7850,1.0960
789,11.0785,12.4411,0.9062,393216,830.47,145.66,1955198,-182.990,-109.980,-46.970,0.7850,1.0960
790,11.0914,12.7989,0.9238,393216,830.47,145.66,1955198,-182.990,-109.980,-46.970,0.7850,1.0960
791,11.1042,12.9240,0.9541,393216,830.47,145.66,1955198,-182.990,-109.980,-46.970,0.7850,1.0960
792,11.1172,12.8474,0.9154,393216,830.47,145.66,1955198,-182.990,-109.980,-46.970,0.7850,1.0960
793,11.1302,12.9718,0.9937,393216,830.47,145.66,1955198,-182.990,-109.980,-46.970,0.7850,1.0960
794,11.1427,13.0124,1.0244,393216,830.47,145.66,1955198,-182.990,-109.980,-46.970,0.7850,1.0960
795,11.1556,12.5309,0.9298,393216,830.47,145.66,1955198,-182.990,-109.980,-46.970,0.7850,1.0960
796,11.1683,12.8689,0.8746,393216,830.47,145.66,1955198,-182.990,-109.980,-46.970,0.7850,1.0960
797,11.1816,12.7014,1.1776,393216,830.47,145.66,1955198,-182.990,-109.980,-46.970,0.7850,1.0960
798,11.1942,13.3191,0.8727,393216,830.47,145.66,1955198,-182.990,-109.980,-46.970,0.7850,1.0960
799,11.2078,12.5216,1.4800,393216,830.47,145.66,1955198,-182.990,-109.980,-46.970,0.7850,1.0960
800,11.2198,13.6183,1.0539,393216,830.47,145.66,1955198,-182.990,-109.980,-46.970,0.7850,1.0960
801,11.2327,12.0853,1.0376,393216,830.47,145.66,1955198,-182.990,-109.980,-46.970,0.7850,1.0960
802,11.2448,12.8268,0.9653,393216,830.47,145.66,1955198,-182.990,-109.980,-46.970,0.7850,1.0960
803,11.2579,12.1005,1.1019,393216,830.47,145.66,1955198,-182.990,-109.980,-46.970,0.7850,1.0960
804,11.2709,13.1234,0.9534,393216,830.47,145.66,1955198,-182.990,-109.980,-46.970,0.7850,1.0960
805,11.2838,12.9809,1.0497,393216,830.47,145.66,1955198,-182.990,-109.980,-46.970,0.7850,1.0960
806,11.2963,12.9190,0.9903,393216,830.47,145.66,1955198,-182.990,-109.980,-46.970,0.7850,1.0960
807,11.3091,12.5271,0.9503,393216,830.47,145.66,1955198,-182.990,-109.980,-46.970,0.7850,1.0960
808,11.3221,12.7236,1.0412,393216,830.47,145.66,1955198,-182.990,-109.980,-46.970,0.7850,1.0960
809,11.3350,13.0803,0.9399,393216,830.47,145.66,1955198,-182.990,-109.980,-46.970,0.7850,1.0960
810,11.3480,12.8635,0.9275,393216,830.47,145.66,1955198,-182.990,-109.980,-46.970,0.7850,1.0960
811,11.3610,12.9958,1.0419,393216,830.47,145.66,1955198,-182.990,-109.980,-46.970,0.7850,1.0960
812,11.3738,13.0370,1.1427,393216,830.47,145.66,1955198,-182.990,-109.980,-46.970,0.7850,1.0960
813,11.3862,12.7890,1.0016,393216,830.47,145.66,1955198,-182.990,-109.980,-46.970,0.7850,1.0960
814,11.3996,12.4012,1.4707,393216,830.47,145.66,1955198,-182.990,-109.980,-46.970,0.7850,1.0960
815,11.4121,13.4172,0.9147,393216,830.47,145.66,1955198,-182.990,-109.980,-46.970,0.7850,1.0960
816,11.4250,12.4213,0.8990,393216,830.47,145.66,1955198,-182.990,-109.980,-46.970,0.7850,1.0960
817,11.4379,12.9301,0.9023,393216,830.47,145.66,1955198,-182.990,-109.980,-46.970,0.7850,1.0960
818,11.4499,12.9111,1.0504,393216,830.47,145.66,1955198,-182.990,-109.980,-46.970,0.7850,1.0960
819,11.4626,12.0273,0.9397,393216,830.47,145.66,1955198,-182.990,-109.980,-46.970,0.7850,1.0960
820,11.4755,12.6794,0.9272,393216,830.47,145.66,1955198,-182.990,-109.980,-46.970,0.7850,1.0960
821,11.4883,12.9015,0.8620,393216,830.47,145.66,1955198,-182.990,-109.980,-46.970,0.7850,1.0960
822,11.5014,12.8244,0.8950,393216,830.47,145.66,1955198,-182.990,-109.980,-46.970,0.7850,1.0960
823,11.5143,13.1046,0.8142,393216,830.47,145.66,1955198,-182.990,-109.980,-46.970,0.7850,1.0960
824,11.5269,12.8476,0.9110,393216,830.47,145.66,1955198,-182.990,-109.980,-46.970,0.7850,1.0960
825,11.5397,12.6040,0.9273,393216,830.47,145.66,1955198,-182.990,-109.980,-46.970,0.7850,1.0960
826,11.5527,12.8647,0.9878,393216,830.47,145.66,1955198,-182.990,-109.980,-46.970,0.7850,1.0960
827,11.5659,12.9903,1.1178,393216,830.47,145.66,1955198,-182.990,-109.980,-46.970,0.7850,1.0960
828,11.5786,13.1378,0.8934,393216,830.47,145.66,1955198,-182.990,-109.980,-46.970,0.7850,1.0960
829,11.5918,12.6750,1.1151,393216,830.47,145.66,1955198,-182.990,-109.980,-46.970,0.7850,1.0960
830,11.6040,13.1957,0.8731,393216,830.47,145.66,1955198,-182.990,-109.980,-46.970,0.7850,1.0960
831,11.6172,12.2235,1.1425,393216,830.47,145.66,1955198,-182.990,-109.980,-46.970,0.7850,1.0960
832,11.6299,13.1744,0.9815,393216,830.47,145.66,1955198,-182.990,-109.980,-46.970,0.7850,1.0960
833,11.6428,12.7548,0.9467,393216,830.47,145.66,1955198,-182.990,-109.980,-46.970,0.7850,1.0960
834,11.6549,12.8987,0.9461,393216,830.47,145.66,1955198,-182.990,-109.980,-46.970,0.7850,1.0960
835,11.6678,12.1223,0.9545,393216,830.47,145.66,1955198,-182.990,-109.980,-46.970,0.7850,1.0960
836,11.6802,12.8899,0.9201,393216,830.47,145.66,1955198,-182.990,-109.980,-46.970,0.7850,1.0960
837,11.6930,12.4190,0.9037,393216,830.47,145.66,1955198,-182.990,-109.980,-46.970,0.7850,1.0960
838,11.7062,12.7898,1.0682,393216,830.47,145.66,1955198,-182.990,-109.980,-46.970,0.7850,1.0960
839,11.7190,13.1918,1.1334,393216,830.47,145.66,1955198,-182.990,-109.980,-46.970,0.7850,1.0960
840,11.7318,12.7940,0.9481,393216,830.47,145.66,1955198,-182.990,-109.980,-46.970,0.7850,1.0960
841,11.7450,12.8037,1.1963,393216,830.47,145.66,1955198,-182.990,-109.980,-46.970,0.7850,1.0960
842,11.7574,13.2360,1.0521,393216,830.47,145.66,1955198,-182.990,-109.980,-46.970,0.7850,1.0960
843,11.7704,12.3512,1.2718,393216,830.47,145.66,1955198,-182.990,-109.980,-46.970,0.7850,1.0960
844,11.7831,13.0347,1.0371,393216,830.47,145.66,1955198,-182.990,-109.980,-46.970,0.7850,1.0960
845,11.7960,12.6686,0.9401,393216,830.47,145.66,1955198,-182.990,-109.980,-46.970,0.7850,1.0960
846,11.8090,12.8851,0.9625,393216,830.47,145.66,1955198,-182.990,-109.980,-46.970,0.7850,1.0960
847,11.8218,13.0588,0.8951,393216,830.47,145.66,1955198,-182.990,-109.980,-46.970,0.7850,1.0960
848,11.8344,12.7341,0.9940,393216,830.47,145.66,1955198,-182.990,-109.980,-46.970,0.7850,1.0960
849,11.8472,12.6223,0.9749,393216,830.47,145.66,1955198,-182.990,-109.980,-46.970,0.7850,1.0960
850,11.8593,12.8168,0.8874,393216,830.47,145.66,1955198,-182.990,-109.980,-46.970,0.7850,1.0960
851,11.8722,12.0533,0.8775,393216,830.47,145.66,1955198,-182.990,-109.980,-46.970,0.7850,1.0960
852,11.8854,12.9445,0.9737,393216,830.47,145.66,1955198,-182.990,-109.980,-46.970,0.7850,1.0960
853,11.8985,13.2026,1.0194,393216,830.47,145.66,1955198,-182.990,-109.980,-46.970,0.7850,1.0960
854,11.9111,13.0358,1.0850,393216,830.47,145.66,1955198,-182.990,-109.980,-46.970,0.7850,1.0960
855,11.9236,12.7015,1.0373,393216,830.47,145.66,1955198,-182.990,-109.980,-46.970,0.7850,1.0960
856,11.9366,12.4745,1.0500,393216,830.47,145.66,1955198,-182.990,-109.980,-46.970,0.7850,1.0960
857,11.9494,13.0132,0.9190,393216,830.47,145.66,1955198,-182.990,-109.980,-46.970,0.7850,1.0960
858,11.9625,12.7937,0.9568,393216,830.47,145.66,1955198,-182.990,-109.980,-46.970,0.7850,1.0960
859,11.9756,13.0710,0.9879,393216,830.47,145.66,1955198,-182.990,-109.980,-46.970,0.7850,1.0960
860,11.9880,13.0889,0.8952,393216,830.47,145.66,1955198,-182.990,-109.980,-46.970,0.7850,1.0960
861,12.0010,12.3767,1.0626,393216,830.47,145.66,1955198,-182.990,-109.980,-46.970,0.7850,1.0960
862,12.0137,13.0572,0.9130,393216,830.47,145.66,1955198,-182.990,-109.980,-46.970,0.7850,1.0960
863,12.0266,12.6810,0.9652,393216,830.47,145.66,1955198,-182.990,-109.980,-46.970,0.7850,1.0960
864,12.0395,12.8925,0.8676,393216,830.47,145.66,1955198,-182.990,-109.980,-46.970,0.7850,1.0960
865,12.0526,12.9211,0.9722,393216,830.47,145.66,1955198,-182.990,-109.980,-46.970,0.7850,1.0960
866,12.0643,13.0835,0.8729,393216,830.47,145.66,1955198,-182.990,-109.980,-46.970,0.7850,1.0960
867,12.0774,11.6386,0.9399,393216,830.47,145.66,1955198,-182.990,-109.980,-46.970,0.7850,1.0960
868,12.0902,13.1111,0.9328,393216,830.47,145.66,1955198,-182.990,-109.980,-46.970,0.7850,1.0960
869,12.1034,12.8017,1.2145,393216,830.47,145.66,1955198,-182.990,-109.980,-46.970,0.7850,1.0960
870,12.1160,13.2717,0.8727,393216,830.47,145.66,1955198,-182.990,-109.980,-46.970,0.7850,1.0960
871,12.1292,12.6062,1.0525,393216,830.47,145.66,1955198,-182.990,-109.980,-46.970,0.7850,1.0960
872,12.1417,13.1898,0.9515,393216,830.47,145.66,1955198,-182.990,-109.980,-46.970,0.7850,1.0960
873,12.1548,12.5056,1.1936,393216,830.47,145.66,1955198,-182.990,-109.980,-46.970,0.7850,1.0960
874,12.1676,13.0553,0.8411,393216,830.47,145.66,1955198,-182.990,-109.980,-46.970,0.7850,1.0960
875,12.1808,12.8476,0.8593,393216,830.47,145.66,1955198,-182.990,-109.980,-46.970,0.7850,1.0960
876,12.1941,13.1107,0.8491,393216,830.47,145.66,1955198,-182.990,-109.980,-46.970,0.7850,1.0960
877,12.2072,13.3086,0.9886,393216,830.47,145.66,1955198,-182.990,-109.980,-46.970,0.7850,1.0960
878,12.2205,13.1931,0.9585,393216,830.47,145.66,1955198,-182.990,-109.980,-46.970,0.7850,1.0960
879,12.2332,13.2363,0.9114,393216,830.47,145.66,1955198,-182.990,-109.980,-46.970,0.7850,1.0960
880,12.2467,12.7089,1.2280,393216,830.47,145.66,1955198,-182.990,-109.980,-46.970,0.7850,1.0960
881,12.2596,13.4630,0.9148,393216,830.47,145.66,1955198,-182.990,-109.980,-46.970,0.7850,1.0960
882,12.2725,12.9355,0.9084,393216,830.47,145.66,1955198,-182.990,-109.980,-46.970,0.7850,1.0960
883,12.2862,12.9010,0.9032,393216,830.47,145.66,1955198,-182.990,-109.980,-46.970,0.7850,1.0960
884,12.2997,13.6556,0.9718,393216,830.47,145.66,1955198,-182.990,-109.980,-46.970,0.7850,1.0960
885,12.3143,13.5871,1.7216,393216,830.47,145.66,1955198,-182.990,-109.980,-46.970,0.7850,1.0960
886,12.3273,14.5567,1.1287,393216,830.47,145.66,1955198,-182.990,-109.980,-46.970,0.7850,1.0960
887,12.3423,13.0344,1.1264,393216,830.47,145.66,1955198,-182.990,-109.980,-46.970,0.7850,1.0960
888,12.3571,14.9409,1.3708,393216,830.47,145.66,1955198,-182.990,-109.980,-46.970,0.7850,1.0960
889,12.3716,14.7964,1.1561,393216,830.47,145.66,1955198,-182.990,-109.980,-46.970,0.7850,1.0960
890,12.3861,14.5645,1.0469,393216,830.47,145.66,1955198,-182.990,-109.980,-46.970,0.7850,1.0960
891,12.4009,14.4585,1.0198,393216,830.47,145.66,1955198,-182.990,-109.980,-46.970,0.7850,1.0960
892,12.4156,14.7652,0.9981,393216,830.47,145.66,1955198,-182.990,-109.980,-46.970,0.7850,1.0960
893,12.4286,14.6898,1.0284,393216,830.47,145.66,1955198,-182.990,-109.980,-46.970,0.7850,1.0960
894,12.4418,13.0813,0.9311,393216,830.47,145.66,1955198,-182.990,-109.980,-46.970,0.7850,1.0960
895,12.4551,13.1305,0.9539,393216,830.47,145.66,1955198,-182.990,-109.980,-46.970,0.7850,1.0960
896,12.4680,13.4086,1.0388,393216,830.47,145.66,1955198,-182.990,-109.980,-46.970,0.7850,1.0960
897,12.4812,12.8743,1.1086,393216,830.47,145.66,1955198,-182.990,-109.980,-46.970,0.7850,1.0960
898,12.4928,13.1893,0.9760,393216,830.47,145.66,1955198,-182.990,-109.980,-46.970,0.7850,1.0960
899,12.5058,11.6124,1.0408,393216,830.47,145.66,1955198,-182.990,-109.980,-46.970,0.7850,1.0960
900,12.5187,12.9970,0.9874,393216,830.47,145.66,1955198,-182.990,-109.980,-46.970,0.7850,1.0960
901,12.5322,12.8262,1.3847,393216,830.47,145.66,1955198,-182.990,-109.980,-46.970,0.7850,1.0960
902,12.5445,13.5665,0.9661,393216,830.47,145.66,1955198,-182.990,-109.980,-46.970,0.7850,1.0960
903,12.5575,12.2843,1.0290,393216,830.47,145.66,1955198,-182.990,-109.980,-46.970,0.7850,1.0960
904,12.5699,13.0301,0.9292,393216,830.47,145.66,1955198,-182.990,-109.980,-46.970,0.7850,1.0960
905,12.5828,12.3870,0.9580,393216,830.47,145.66,1955198,-182.990,-109.980,-46.970,0.7850,1.0960
906,12.5958,12.8953,0.8846,393216,830.47,145.66,1955198,-182.990,-109.980,-46.970,0.7850,1.0960
907,12.6088,12.9665,0.9223,393216,830.47,145.66,1955198,-182.990,-109.980,-46.970,0.7850,1.0960
908,12.6218,12.9696,0.8627,393216,830.47,145.66,1955198,-182.990,-109.980,-46.970,0.7850,1.0960
909,12.6350,13.0139,1.1599,393216,830.47,145.66,1955198,-182.990,-109.980,-46.970,0.7850,1.0960
910,12.6473,13.2422,0.9295,393216,830.47,145.66,1955198,-182.990,-109.980,-46.970,0.7850,1.0960
911,12.6605,12.2880,1.1501,393216,830.47,145.66,1955198,-182.990,-109.980,-46.970,0.7850,1.0960
912,12.6732,13.1875,0.8859,393216,830.47,145.66,1955198,-182.990,-109.980,-46.970,0.7850,1.0960
913,12.6862,12.6802,0.9243,393216,830.47,145.66,1955198,-182.990,-109.980,-46.970,0.7850,1.0960
914,12.6985,12.9824,0.9549,393216,830.47,145.66,1955198,-182.990,-109.980,-46.970,0.7850,1.0960
915,12.7114,12.3500,0.9858,393216,830.47,145.66,1955198,-182.990,-109.980,-46.970,0.7850,1.0960
916,12.7239,12.8989,0.9265,393216,830.47,145.66,1955198,-182.990,-109.980,-46.970,0.7850,1.0960
917,12.7367,12.4658,0.9428,393216,830.47,145.66,1955198,-182.990,-109.980,-46.970,0.7850,1.0960
918,12.7497,12.8389,0.9515,393216,830.47,145.66,1955198,-182.990,-109.980,-46.970,0.7850,1.0960
919,12.7626,12.9811,0.9027,393216,830.47,145.66,1955198,-182.990,-109.980,-46.970,0.7850,1.0960
920,12.7756,12.8642,0.8757,393216,830.47,145.66,1955198,-182.990,-109.980,-46.970,0.7850,1.0960
921,12.7886,13.0027,0.9653,393216,830.47,145.66,1955198,-182.990,-109.980,-46.970,0.7850,1.0960
922,12.8013,13.0112,1.1038,393216,830.47,145.66,1955198,-182.990,-109.980,-46.970,0.7850,1.0960
923,12.8138,12.7193,0.8950,393216,830.47,145.66,1955198,-182.990,-109.980,-46.970,0.7850,1.0960
924,12.8271,12.5400,1.1538,393216,830.47,145.66,1955198,-182.990,-109.980,-46.970,0.7850,1.0960
925,12.8397,13.2208,0.8427,393216,830.47,145.66,1955198,-182.990,-109.980,-46.970,0.7850,1.0960
926,12.8529,12.5967,1.0440,393216,830.47,145.66,1955198,-182.990,-109.980,-46.970,0.7850,1.0960
927,12.8657,13.2057,0.9142,393216,830.47,145.66,1955198,-182.990,-109.980,-46.970,0.7850,1.0960
928,12.8783,12.8090,0.9761,393216,830.47,145.66,1955198,-182.990,-109.980,-46.970,0.7850,1.0960
929,12.8914,12.6668,0.9904,393216,830.47,145.66,1955198,-182.990,-109.980,-46.970,0.7850,1.0960
930,12.9035,13.0253,0.9286,393216,830.47,145.66,1955198,-182.990,-109.980,-46.970,0.7850,1.0960
931,12.9163,12.1303,0.9157,393216,830.47,145.66,1955198,-182.990,-109.980,-46.970,0.7850,1.0960
932,12.9294,12.8051,0.9362,393216,830.47,145.66,1955198,-182.990,-109.980,-46.970,0.7850,1.0960
933,12.9424,13.0962,1.0069,393216,830.47,145.66,1955198,-182.990,-109.980,-46.970,0.7850,1.0960
934,12.9550,13.0204,0.9994,393216,830.47,145.66,1955198,-182.990,-109.980,-46.970,0.7850,1.0960
935,12.9681,12.6216,1.0362,393216,830.47,145.66,1955198,-182.990,-109.980,-46.970,0.7850,1.0960
936,12.9809,13.0204,0.9312,393216,830.47,145.66,1955198,-182.990,-109.980,-46.970,0.7850,1.0960
937,12.9939,12.8277,0.9556,393216,830.47,145.66,1955198,-182.990,-109.980,-46.970,0.7850,1.0960
938,13.0069,12.9729,0.9889,393216,830.47,145.66,1955198,-182.990,-109.980,-46.970,0.7850,1.0960
939,13.0200,12.9913,1.0399,393216,830.47,145.66,1955198,-182.990,-109.980,-46.970,0.7850,1.0960
940,13.0329,13.1134,1.0260,393216,830.47,145.66,1955198,-182.990,-109.980,-46.970,0.7850,1.0960
941,13.0454,12.9935,0.8743,393216,830.47,145.66,1955198,-182.990,-109.980,-46.970,0.7850,1.0960
942,13.0586,12.4894,1.0323,393216,830.47,145.66,1955198,-182.990,-109.980,-46.970,0.7850,1.0960
943,13.0714,13.2261,0.9238,393216,830.47,145.66,1955198,-182.990,-109.980,-46.970,0.7850,1.0960
944,13.0845,12.7666,0.9229,393216,830.47,145.66,1955198,-182.990,-109.980,-46.970,0.7850,1.0960
945,13.0972,13.0168,0.9257,393216,830.47,145.66,1955198,-182.990,-109.980,-46.970,0.7850,1.0960
946,13.1097,12.7988,1.0921,393216,830.47,145.66,1955198,-182.990,-109.980,-46.970,0.7850,1.0960
947,13.1220,12.4433,0.9405,393216,830.47,145.66,1955198,-182.990,-109.980,-46.970,0.7850,1.0960
948,13.1350,12.3315,0.9994,393216,830.47,145.66,1955198,-182.990,-109.980,-46.970,0.7850,1.0960
949,13.1479,12.9738,0.9493,393216,830.47,145.66,1955198,-182.990,-109.980,-46.970,0.7850,1.0960
950,13.1613,12.9480,1.2262,393216,830.47,145.66,1955198,-182.990,-109.980,-46.970,0.7850,1.0960
951,13.1738,13.3218,0.8407,393216,830.47,145.66,1955198,-182.990,-109.980,-46.970,0.7850,1.0960
952,13.1869,12.5285,1.1867,393216,830.47,145.66,1955198,-182.990,-109.980,-46.970,0.7850,1.0960
953,13.1993,13.1174,0.9490,393216,830.47,145.66,1955198,-182.990,-109.980,-46.970,0.7850,1.0960
954,13.2124,12.3638,1.1874,393216,830.47,145.66,1955198,-182.990,-109.980,-46.970,0.7850,1.0960
955,13.2251,13.1268,0.8625,393216,830.47,145.66,1955198,-182.990,-109.980,-46.970,0.7850,1.0960
956,13.2382,12.6550,0.8981,393216,830.47,145.66,1955198,-182.990,-109.980,-46.970,0.7850,1.0960
957,13.2511,13.1251,0.9608,393216,830.47,145.66,1955198,-182.990,-109.980,-46.970,0.7850,1.0960
958,13.2642,12.9418,1.0577,393216,830.47,145.66,1955198,-182.990,-109.980,-46.970,0.7850,1.0960
959,13.2766,13.0481,0.8655,393216,830.47,145.66,1955198,-182.990,-109.980,-46.970,0.7850,1.0960
960,13.2894,12.3790,0.8995,393216,830.47,145.66,1955198,-182.990,-109.980,-46.970,0.7850,1.0960
961,13.3023,12.8416,0.9437,393216,830.47,145.66,1955198,-182.990,-109.980,-46.970,0.7850,1.0960
962,13.3146,12.9265,1.0055,393216,830.47,145.66,1955198,-182.990,-109.980,-46.970,0.7850,1.0960
963,13.3275,12.3195,0.9825,393216,830.47,145.66,1955198,-182.990,-109.980,-46.970,0.7850,1.0960
964,13.3405,12.9638,1.1226,393216,830.47,145.66,1955198,-182.990,-109.980,-46.970,0.7850,1.0960
965,13.3532,12.9356,1.1613,393216,830.47,145.66,1955198,-182.990,-109.980,-46.970,0.7850,1.0960
966,13.3659,12.6303,0.9059,393216,830.47,145.66,1955198,-182.990,-109.980,-46.970,0.7850,1.0960
967,13.3790,12.7083,0.9811,393216,830.47,145.66,1955198,-182.990,-109.980,-46.970,0.7850,1.0960
968,13.3918,13.1226,0.9378,393216,830.47,145.66,1955198,-182.990,-109.980,-46.970,0.7850,1.0960
969,13.4050,12.8338,1.0992,393216,830.47,145.66,1955198,-182.990,-109.980,-46.970,0.7850,1.0960
970,13.4177,13.1117,0.9791,393216,830.47,145.66,1955198,-182.990,-109.980,-46.970,0.7850,1.0960
971,13.4301,12.7557,0.8750,393216,830.47,145.66,1955198,-182.990,-109.980,-46.970,0.7850,1.0960
972,13.4430,12.4183,0.9382,393216,830.47,145.66,1955198,-182.990,-109.980,-46.970,0.7850,1.0960
973,13.4561,12.8878,1.0009,393216,830.47,145.66,1955198,-182.990,-109.980,-46.970,0.7850,1.0960
974,13.4691,13.0736,0.9896,393216,830.47,145.66,1955198,-182.990,-109.980,-46.970,0.7850,1.0960
975,13.4818,12.9962,0.8882,393216,830.47,145.66,1955198,-182.990,-109.980,-46.970,0.7850,1.0960
976,13.4947,12.7384,0.9214,393216,830.47,145.66,1955198,-182.990,-109.980,-46.970,0.7850,1.0960
977,13.5073,12.9122,0.8661,393216,830.47,145.66,1955198,-182.990,-109.980,-46.970,0.7850,1.0960
978,13.5194,12.5614,0.9323,393216,830.47,145.66,1955198,-182.990,-109.980,-46.970,0.7850,1.0960
979,13.5324,12.1406,0.9218,393216,830.47,145.66,1955198,-182.990,-109.980,-46.970,0.7850,1.0960
980,13.5455,12.9682,1.0176,393216,830.47,145.66,1955198,-182.990,-109.980,-46.970,0.7850,1.0960
981,13.5582,13.0778,0.8978,393216,830.47,145.66,1955198,-182.990,-109.980,-46.970,0.7850,1.0960
982,13.5711,12.7211,1.1374,393216,830.47,145.66,1955198,-182.990,-109.980,-46.970,0.7850,1.0960
983,13.5837,12.8996,0.9413,393216,830.47,145.66,1955198,-182.990,-109.980,-46.970,0.7850,1.0960
984,13.5970,12.5876,1.3452,393216,830.47,145.66,1955198,-182.990,-109.980,-46.970,0.7850,1.0960
985,13.6095,13.2689,0.9220,393216,830.47,145.66,1955198,-182.990,-109.980,-46.970,0.7850,1.0960
986,13.6229,12.5041,1.1067,393216,830.47,145.66,1955198,-182.990,-109.980,-46.970,0.7850,1.0960
987,13.6355,13.4622,1.0339,393216,830.47,145.66,1955198,-182.990,-109.980,-46.970,0.7850,1.0960
988,13.6481,12.6219,1.0619,393216,830.47,145.66,1955198,-182.990,-109.980,-46.970,0.7850,1.0960
989,13.6608,12.5976,0.9546,393216,830.47,145.66,1955198,-182.990,-109.980,-46.970,0.7850,1.0960
990,13.6737,12.7140,0.9473,393216,830.47,145.66,1955198,-182.990,-109.980,-46.970,0.7850,1.0960
991,13.6864,12.8544,0.9217,393216,830.47,145.66,1955198,-182.990,-109.980,-46.970,0.7850,1.0960
992,13.6994,12.7420,0.9316,393216,830.47,145.66,1955198,-182.990,-109.980,-46.970,0.7850,1.0960
993,13.7124,12.9368,1.0137,393216,830.47,145.66,1955198,-182.990,-109.980,-46.970,0.7850,1.0960
994,13.7242,13.0026,0.9831,393216,830.47,145.66,1955198,-182.990,-109.980,-46.970,0.7850,1.0960
995,13.7371,11.8152,1.0208,393216,830.47,145.66,1955198,-182.990,-109.980,-46.970,0.7850,1.0960
996,13.7499,12.8839,0.9784,393216,830.47,145.66,1955198,-182.990,-109.980,-46.970,0.7850,1.0960
997,13.7633,12.8263,1.2768,393216,830.47,145.66,1955198,-182.990,-109.980,-46.970,0.7850,1.0960
998,13.7759,13.3405,0.9734,393216,830.47,145.66,1955198,-182.990,-109.980,-46.970,0.7850,1.0960
999,13.7890,12.6225,1.1293,393216,830.47,145.66,1955198,-182.990,-109.980,-46.970,0.7850,1.0960
1000,13.8013,13.1505,1.0016,393216,830.47,145.66,1955198,-182.990,-109.980,-46.970,0.7850,1.0960
1001,13.8142,12.3190,1.0953,393216,830.47,145.66,1955198,-182.990,-109.980,-46.970,0.7850,1.0960
1002,13.8270,12.8624,0.9462,393216,830.47,145.66,1955198,-182.990,-109.980,-46.970,0.7850,1.0960
1003,13.8400,12.7898,1.0482,393216,830.47,145.66,1955198,-182.990,-109.980,-46.970,0.7850,1.0960
1004,13.8529,13.0087,0.9088,393216,830.47,145.66,1955198,-182.990,-109.980,-46.970,0.7850,1.0960
1005,13.8657,12.8425,0.9120,393216,830.47,145.66,1955198,-182.990,-109.980,-46.970,0.7850,1.0960
1006,13.8782,12.8694,0.8839,393216,830.47,145.66,1955198,-182.990,-109.980,-46.970,0.7850,1.0960
1007,13.8910,12.4871,0.8759,393216,830.47,145.66,1955198,-182.990,-109.980,-46.970,0.7850,1.0960
1008,13.9040,12.7954,0.9532,393216,830.47,145.66,1955198,-182.990,-109.980,-46.970,0.7850,1.0960
1009,13.9170,13.0213,0.9116,393216,830.47,145.66,1955198,-182.990,-109.980,-46.970,0.7850,1.0960
1010,13.9291,12.9884,0.8674,393216,830.47,145.66,1955198,-182.990,-109.980,-46.970,0.7850,1.0960
1011,13.9421,12.0802,0.9129,393216,830.47,145.66,1955198,-182.990,-109.980,-46.970,0.7850,1.0960
1012,13.9547,13.0248,0.9922,393216,830.47,145.66,1955198,-182.990,-109.980,-46.970,0.7850,1.0960
1013,13.9673,12.6548,0.9161,393216,830.47,145.66,1955198,-182.990,-109.980,-46.970,0.7850,1.0960
1014,13.9805,12.5076,1.1772,393216,830.47,145.66,1955198,-182.990,-109.980,-46.970,0.7850,1.0960
1015,13.9932,13.2511,0.9500,393216,830.47,145.66,1955198,-182.990,-109.980,-46.970,0.7850,1.0960
1016,14.0065,12.6440,1.1005,393216,830.47,145.66,1955198,-182.990,-109.980,-46.970,0.7850,1.0960
1017,14.0192,13.2847,0.9298,393216,830.47,145.66,1955198,-182.990,-109.980,-46.970,0.7850,1.0960
1018,14.0317,12.7111,0.9344,393216,830.47,145.66,1955198,-182.990,-109.980,-46.970,0.7850,1.0960
1019,14.0445,12.4883,0.9074,393216,830.47,145.66,1955198,-182.990,-109.980,-46.970,0.7850,1.0960
1020,14.0572,12.7977,0.8562,393216,830.47,145.66,1955198,-182.990,-109.980,-46.970,0.7850,1.0960
1021,14.0701,12.7447,0.8787,393216,830.47,145.66,1955198,-182.990,-109.980,-46.970,0.7850,1.0960
1022,14.0832,12.9156,0.8851,393216,830.47,145.66,1955198,-182.990,-109.980,-46.970,0.7850,1.0960
1023,14.0961,13.0827,0.8300,393216,830.47,145.66,1955198,-182.990,-109.980,-46.970,0.7850,1.0960
1024,14.1088,12.8866,0.9546,393216,830.47,145.66,1955198,-182.990,-109.980,-46.970,0.7850,1.0960
1025,14.1218,12.7196,0.9870,393216,830.47,145.66,1955198,-182.990,-109.980,-46.970,0.7850,1.0960
1026,14.1339,13.0599,0.8690,393216,830.47,145.66,1955198,-182.990,-109.980,-46.970,0.7850,1.0960
1027,14.1471,11.9803,1.1378,393216,830.47,145.66,1955198,-182.990,-109.980,-46.970,0.7850,1.0960
1028,14.1600,13.2548,0.9806,393216,830.47,145.66,1955198,-182.990,-109.980,-46.970,0.7850,1.0960
1029,14.1733,12.8552,1.2491,393216,830.47,145.66,1955198,-182.990,-109.980,-46.970,0.7850,1.0960
1030,14.1853,13.3234,0.8342,393216,830.47,145.66,1955198,-182.990,-109.980,-46.970,0.7850,1.0960
1031,14.1985,12.0357,1.2314,393216,830.47,145.66,1955198,-182.990,-109.980,-46.970,0.7850,1.0960
1032,14.2111,13.2580,0.9373,393216,830.47,145.66,1955198,-182.990,-109.980,-46.970,0.7850,1.0960
1033,14.2243,12.5159,1.0733,393216,830.47,145.66,1955198,-182.990,-109.980,-46.970,0.7850,1.0960
1034,14.2371,13.1683,0.9614,393216,830.47,145.66,1955198,-182.990,-109.980,-46.970,0.7850,1.0960
1035,14.2498,12.8660,0.8417,393216,830.47,145.66,1955198,-182.990,-109.980,-46.970,0.7850,1.0960
1036,14.2624,12.7069,0.9370,393216,830.47,145.66,1955198,-182.990,-109.980,-46.970,0.7850,1.0960
1037,14.2752,12.5910,0.8611,393216,830.47,145.66,1955198,-182.990,-109.980,-46.970,0.7850,1.0960
1038,14.2882,12.7654,0.8813,393216,830.47,145.66,1955198,-182.990,-109.980,-46.970,0.7850,1.0960
1039,14.3011,12.9844,0.8743,393216,830.47,145.66,1955198,-182.990,-109.980,-46.970,0.7850,1.0960
1040,14.3143,12.9622,1.0170,393216,830.47,145.66,1955198,-182.990,-109.980,-46.970,0.7850,1.0960
1041,14.3269,13.1552,0.8466,393216,830.47,145.66,1955198,-182.990,-109.980,-46.970,0.7850,1.0960
1042,14.3387,12.6214,0.8706,393216,830.47,145.66,1955198,-182.990,-109.980,-46.970,0.7850,1.0960
1043,14.3516,11.7999,0.9403,393216,830.47,145.66,1955198,-182.990,-109.980,-46.970,0.7850,1.0960
1044,14.3648,12.9029,1.1517,393216,830.47,145.66,1955198,-182.990,-109.980,-46.970,0.7850,1.0960
1045,14.3775,13.1410,0.8947,393216,830.47,145.66,1955198,-182.990,-109.980,-46.970,0.7850,1.0960
1046,14.3907,12.7559,0.9782,393216,830.47,145.66,1955198,-182.990,-109.980,-46.970,0.7850,1.0960
1047,14.4035,13.2200,0.9014,393216,830.47,145.66,1955198,-182.990,-109.980,-46.970,0.7850,1.0960
1048,14.4159,12.7213,0.9142,393216,830.47,145.66,1955198,-182.990,-109.980,-46.970,0.7850,1.0960
1049,14.4288,12.4949,0.9058,393216,830.47,145.66,1955198,-182.990,-109.980,-46.970,0.7850,1.0960
1050,14.4419,12.8331,0.9182,393216,830.47,145.66,1955198,-182.990,-109.980,-46.970,0.7850,1.0960
1051,14.4547,13.0660,0.9480,393216,830.47,145.66,1955198,-182.990,-109.980,-46.970,0.7850,1.0960
1052,14.4678,12.8105,0.9750,393216,830.47,145.66,1955198,-182.990,-109.980,-46.970,0.7850,1.0960
1053,14.4806,13.1197,0.9403,393216,830.47,145.66,1955198,-182.990,-109.980,-46.970,0.7850,1.0960
1054,14.4932,12.8674,0.9748,393216,830.47,145.66,1955198,-182.990,-109.980,-46.970,0.7850,1.0960
1055,14.5060,12.5806,0.9118,393216,830.47,145.66,1955198,-182.990,-109.980,-46.970,0.7850,1.0960
1056,14.5188,12.7752,0.8861,393216,830.47,145.66,1955198,-182.990,-109.980,-46.970,0.7850,1.0960
1057,14.5327,12.8321,1.1636,393216,830.47,145.66,1955198,-182.990,-109.980,-46.970,0.7850,1.0960
1058,14.5439,13.8938,0.9701,393216,830.47,145.66,1955198,-182.990,-109.980,-46.970,0.7850,1.0960
1059,14.5569,11.2060,0.8527,393216,830.47,145.66,1955198,-182.990,-109.980,-46.970,0.7850,1.0960
1060,14.5693,12.9534,0.7827,393216,830.47,145.66,1955198,-182.990,-109.980,-46.970,0.7850,1.0960
1061,14.5821,12.3702,0.7790,393216,830.47,145.66,1955198,-182.990,-109.980,-46.970,0.7850,1.0960
1062,14.5951,12.8744,0.8246,393216,830.47,145.66,1955198,-182.990,-109.980,-46.970,0.7850,1.0960
1063,14.6082,12.9813,0.9332,393216,830.47,145.66,1955198,-182.990,-109.980,-46.970,0.7850,1.0960
1064,14.6210,13.0833,0.7379,393216,830.47,145.66,1955198,-182.990,-109.980,-46.970,0.7850,1.0960
1065,14.6339,12.7852,0.7875,393216,830.47,145.66,1955198,-182.990,-109.980,-46.970,0.7850,1.0960
1066,14.6463,12.8729,0.7359,393216,830.47,145.66,1955198,-182.990,-109.980,-46.970,0.7850,1.0960
1067,14.6592,12.4346,0.8124,393216,830.47,145.66,1955198,-182.990,-109.980,-46.970,0.7850,1.0960
1068,14.6722,12.9031,0.7769,393216,830.47,145.66,1955198,-182.990,-109.980,-46.970,0.7850,1.0960
1069,14.6850,12.9479,0.7286,393216,830.47,145.66,1955198,-182.990,-109.980,-46.970,0.7850,1.0960
1070,14.6979,12.8890,0.7545,393216,830.47,145.66,1955198,-182.990,-109.980,-46.970,0.7850,1.0960
1071,14.7110,12.8993,0.7663,393216,830.47,145.66,1955198,-182.990,-109.980,-46.970,0.7850,1.0960
1072,14.7236,13.0250,0.8148,393216,830.47,145.66,1955198,-182.990,-109.980,-46.970,0.7850,1.0960
1073,14.7362,12.6617,0.8081,393216,830.47,145.66,1955198,-182.990,-109.980,-46.970,0.7850,1.0960
1074,14.7485,12.6387,0.7687,393216,830.47,145.66,1955198,-182.990,-109.980,-46.970,0.7850,1.0960
1075,14.7612,12.2053,0.7363,393216,830.47,145.66,1955198,-182.990,-109.980,-46.970,0.7850,1.0960
1076,14.7745,12.7720,1.0909,393216,830.47,145.66,1955198,-182.990,-109.980,-46.970,0.7850,1.0960
1077,14.7871,13.2658,0.8662,393216,830.47,145.66,1955198,-182.990,-109.980,-46.970,0.7850,1.0960
1078,14.7997,12.6354,0.8877,393216,830.47,145.66,1955198,-182.990,-109.980,-46.970,0.7850,1.0960
1079,14.8124,12.5810,0.7308,393216,830.47,145.66,1955198,-182.990,-109.980,-46.970,0.7850,1.0960
1080,14.8254,12.6550,0.9267,393216,830.47,145.66,1955198,-182.990,-109.980,-46.970,0.7850,1.0960
1081,14.8384,12.9764,0.8653,393216,830.47,145.66,1955198,-182.990,-109.980,-46.970,0.7850,1.0960
1082,14.8515,13.0553,0.7932,393216,830.47,145.66,1955198,-182.990,-109.980,-46.970,0.7850,1.0960
1083,14.8643,13.0503,0.8348,393216,830.47,145.66,1955198,-182.990,-109.980,-46.970,0.7850,1.0960
1084,14.8769,12.8795,0.8132,393216,830.47,145.66,1955198,-182.990,-109.980,-46.970,0.7850,1.0960
1085,14.8898,12.5511,0.8993,393216,830.47,145.66,1955198,-182.990,-109.980,-46.970,0.7850,1.0960
1086,14.9027,12.9420,0.8044,393216,830.47,145.66,1955198,-182.990,-109.980,-46.970,0.7850,1.0960
1087,14.9160,12.8901,1.0291,393216,830.47,145.66,1955198,-182.990,-109.980,-46.970,0.7850,1.0960
1088,14.9285,13.2897,0.8516,393216,830.47,145.66,1955198,-182.990,-109.980,-46.970,0.7850,1.0960
1089,14.9415,12.5002,0.9523,393216,830.47,145.66,1955198,-182.990,-109.980,-46.970,0.7850,1.0960
1090,14.9533,13.0137,0.9395,393216,830.47,145.66,1955198,-182.990,-109.980,-46.970,0.7850,1.0960
1091,14.9660,11.8229,0.8110,393216,830.47,145.66,1955198,-182.990,-109.980,-46.970,0.7850,1.0960
1092,14.9790,12.6286,0.8552,393216,830.47,145.66,1955198,-182.990,-109.980,-46.970,0.7850,1.0960
1093,14.9921,13.0555,1.0382,393216,830.47,145.66,1955198,-182.990,-109.980,-46.970,0.7850,1.0960
1094,15.0046,13.1123,0.6824,393216,830.47,145.66,1955198,-182.990,-109.980,-46.970,0.7850,1.0960
1095,15.0178,12.4634,0.9699,393216,830.47,145.66,1955198,-182.990,-109.980,-46.970,0.7850,1.0960
1096,15.0301,13.2602,0.7403,393216,830.47,145.66,1955198,-182.990,-109.980,-46.970,0.7850,1.0960
1097,15.0432,12.2166,0.9806,393216,830.47,145.66,1955198,-182.990,-109.980,-46.970,0.7850,1.0960
1098,15.0559,13.1011,0.7818,393216,830.47,145.66,1955198,-182.990,-109.980,-46.970,0.7850,1.0960
1099,15.0690,12.6937,0.9451,393216,830.47,145.66,1955198,-182.990,-109.980,-46.970,0.7850,1.0960
1100,15.0819,13.1555,0.7874,393216,830.47,145.66,1955198,-182.990,-109.980,-46.970,0.7850,1.0960
1101,15.0949,12.9085,0.9258,393216,830.47,145.66,1955198,-182.990,-109.980,-46.970,0.7850,1.0960
1102,15.1073,12.9166,0.7814,393216,830.47,145.66,1955198,-182.990,-109.980,-46.970,0.7850,1.0960
1103,15.1201,12.4006,0.8107,393216,830.47,145.66,1955198,-182.990,-109.980,-46.970,0.7850,1.0960
1104,15.1330,12.8637,0.7786,393216,830.47,145.66,1955198,-182.990,-109.980,-46.970,0.7850,1.0960
1105,15.1460,12.9196,0.8274,393216,830.47,145.66,1955198,-182.990,-109.980,-46.970,0.7850,1.0960
1106,15.1583,12.9871,0.8406,393216,830.47,145.66,1955198,-182.990,-109.980,-46.970,0.7850,1.0960
1107,15.1713,12.2314,0.9018,393216,830.47,145.66,1955198,-182.990,-109.980,-46.970,0.7850,1.0960
1108,15.1837,13.0027,0.7791,393216,830.47,145.66,1955198,-182.990,-109.980,-46.970,0.7850,1.0960
1109,15.1964,12.4203,0.8075,393216,830.47,145.66,1955198,-182.990,-109.980,-46.970,0.7850,1.0960
1110,15.2097,12.6871,0.9992,393216,830.47,145.66,1955198,-182.990,-109.980,-46.970,0.7850,1.0960
1111,15.2225,13.3927,0.8985,393216,830.47,145.66,1955198,-182.990,-109.980,-46.970,0.7850,1.0960
1112,15.2356,12.7179,0.9471,393216,830.47,145.66,1955198,-182.990,-109.980,-46.970,0.7850,1.0960
1113,15.2484,13.1371,0.9157,393216,830.47,145.66,1955198,-182.990,-109.980,-46.970,0.7850,1.0960
1114,15.2610,12.8213,0.8733,393216,830.47,145.66,1955198,-182.990,-109.980,-46.970,0.7850,1.0960
1115,15.2738,12.5283,0.8804,393216,830.47,145.66,1955198,-182.990,-109.980,-46.970,0.7850,1.0960
1116,15.2867,12.8228,0.8170,393216,830.47,145.66,1955198,-182.990,-109.980,-46.970,0.7850,1.0960
1117,15.2995,12.8717,0.8150,393216,830.47,145.66,1955198,-182.990,-109.980,-46.970,0.7850,1.0960
1118,15.3125,12.8007,0.7887,393216,830.47,145.66,1955198,-182.990,-109.980,-46.970,0.7850,1.0960
1119,15.3255,13.0222,0.8660,393216,830.47,145.66,1955198,-182.990,-109.980,-46.970,0.7850,1.0960
1120,15.3382,13.0175,0.9293,393216,830.47,145.66,1955198,-182.990,-109.980,-46.970,0.7850,1.0960
1121,15.3510,12.7245,0.8701,393216,830.47,145.66,1955198,-182.990,-109.980,-46.970,0.7850,1.0960
1122,15.3631,12.7307,0.8026,393216,830.47,145.66,1955198,-182.990,-109.980,-46.970,0.7850,1.0960
1123,15.3764,12.1090,1.0857,393216,830.47,145.66,1955198,-182.990,-109.980,-46.970,0.7850,1.0960
1124,15.3892,13.2997,0.8878,393216,830.47,145.66,1955198,-182.990,-109.980,-46.970,0.7850,1.0960
1125,15.4024,12.8045,1.1709,393216,830.47,145.66,1955198,-182.990,-109.980,-46.970,0.7850,1.0960
1126,15.4146,13.2652,0.7860,393216,830.47,145.66,1955198,-182.990,-109.980,-46.970,0.7850,1.0960
1127,15.4276,12.1359,0.9939,393216,830.47,145.66,1955198,-182.990,-109.980,-46.970,0.7850,1.0960
1128,15.4405,13.0787,0.9053,393216,830.47,145.66,1955198,-182.990,-109.980,-46.970,0.7850,1.0960
1129,15.4535,12.8202,0.8974,393216,830.47,145.66,1955198,-182.990,-109.980,-46.970,0.7850,1.0960
1130,15.4666,12.9895,0.9660,393216,830.47,145.66,1955198,-182.990,-109.980,-46.970,0.7850,1.0960
1131,15.4794,13.1830,0.9178,393216,830.47,145.66,1955198,-182.990,-109.980,-46.970,0.7850,1.0960
1132,15.4918,12.7578,0.8388,393216,830.47,145.66,1955198,-182.990,-109.980,-46.970,0.7850,1.0960
1133,15.5047,12.4065,0.8398,393216,830.47,145.66,1955198,-182.990,-109.980,-46.970,0.7850,1.0960
1134,15.5176,12.9047,0.7987,393216,830.47,145.66,1955198,-182.990,-109.980,-46.970,0.7850,1.0960
1135,15.5307,12.9197,0.8555,393216,830.47,145.66,1955198,-182.990,-109.980,-46.970,0.7850,1.0960
1136,15.5440,13.0556,1.0550,393216,830.47,145.66,1955198,-182.990,-109.980,-46.970,0.7850,1.0960
1137,15.5566,13.3004,0.8122,393216,830.47,145.66,1955198,-182.990,-109.980,-46.970,0.7850,1.0960
1138,15.5685,12.5920,0.8473,393216,830.47,145.66,1955198,-182.990,-109.980,-46.970,0.7850,1.0960
1139,15.5812,11.8930,0.8847,393216,830.47,145.66,1955198,-182.990,-109.980,-46.970,0.7850,1.0960
1140,15.5945,12.7498,1.1708,393216,830.47,145.66,1955198,-182.990,-109.980,-46.970,0.7850,1.0960
1141,15.6072,13.2595,0.8817,393216,830.47,145.66,1955198,-182.990,-109.980,-46.970,0.7850,1.0960
1142,15.6203,12.7114,0.9377,393216,830.47,145.66,1955198,-182.990,-109.980,-46.970,0.7850,1.0960
1143,15.6331,13.0993,0.8068,393216,830.47,145.66,1955198,-182.990,-109.980,-46.970,0.7850,1.0960
1144,15.6456,12.7921,0.8209,393216,830.47,145.66,1955198,-182.990,-109.980,-46.970,0.7850,1.0960
1145,15.6583,12.5258,0.7811,393216,830.47,145.66,1955198,-182.990,-109.980,-46.970,0.7850,1.0960
1146,15.6714,12.7055,0.8755,393216,830.47,145.66,1955198,-182.990,-109.980,-46.970,0.7850,1.0960
1147,15.6841,13.0469,0.8430,393216,830.47,145.66,1955198,-182.990,-109.980,-46.970,0.7850,1.0960
1148,15.6969,12.6865,0.8447,393216,830.47,145.66,1955198,-182.990,-109.980,-46.970,0.7850,1.0960
1149,15.7098,12.8731,0.9110,393216,830.47,145.66,1955198,-182.990,-109.980,-46.970,0.7850,1.0960
1150,15.7222,12.8624,0.8228,393216,830.47,145.66,1955198,-182.990,-109.980,-46.970,0.7850,1.0960
1151,15.7351,12.4128,0.8829,393216,830.47,145.66,1955198,-182.990,-109.980,-46.970,0.7850,1.0960
1152,15.7479,12.8672,0.8682,393216,830.47,145.66,1955198,-182.990,-109.980,-46.970,0.7850,1.0960
1153,15.7610,12.8655,1.0193,393216,830.47,145.66,1955198,-182.990,-109.980,-46.970,0.7850,1.0960
1154,15.7729,13.0820,0.8703,393216,830.47,145.66,1955198,-182.990,-109.980,-46.970,0.7850,1.0960
1155,15.7858,11.9245,0.8741,393216,830.47,145.66,1955198,-182.990,-109.980,-46.970,0.7850,1.0960
1156,15.7983,12.9178,0.8285,393216,830.47,145.66,1955198,-182.990,-109.980,-46.970,0.7850,1.0960
1157,15.8112,12.4298,0.8462,393216,830.47,145.66,1955198,-182.990,-109.980,-46.970,0.7850,1.0960
1158,15.8242,12.9104,0.9388,393216,830.47,145.66,1955198,-182.990,-109.980,-46.970,0.7850,1.0960
1159,15.8372,13.0630,0.9669,393216,830.47,145.66,1955198,-182.990,-109.980,-46.970,0.7850,1.0960
1160,15.8498,12.9484,0.8752,393216,830.47,145.66,1955198,-182.990,-109.980,-46.970,0.7850,1.0960
1161,15.8628,12.6359,0.9146,393216,830.47,145.66,1955198,-182.990,-109.980,-46.970,0.7850,1.0960
1162,15.8751,12.9154,0.8439,393216,830.47,145.66,1955198,-182.990,-109.980,-46.970,0.7850,1.0960
1163,15.8879,12.3553,0.8821,393216,830.47,145.66,1955198,-182.990,-109.980,-46.970,0.7850,1.0960
1164,15.9007,12.8198,0.8143,393216,830.47,145.66,1955198,-182.990,-109.980,-46.970,0.7850,1.0960
1165,15.9139,12.8109,0.8666,393216,830.47,145.66,1955198,-182.990,-109.980,-46.970,0.7850,1.0960
1166,15.9266,13.1533,0.8718,393216,830.47,145.66,1955198,-182.990,-109.980,-46.970,0.7850,1.0960
1167,15.9396,12.7472,0.9076,393216,830.47,145.66,1955198,-182.990,-109.980,-46.970,0.7850,1.0960
1168,15.9519,12.9486,0.8321,393216,830.47,145.66,1955198,-182.990,-109.980,-46.970,0.7850,1.0960
1169,15.9647,12.3375,0.8527,393216,830.47,145.66,1955198,-182.990,-109.980,-46.970,0.7850,1.0960
1170,15.9769,12.7383,0.8981,393216,830.47,145.66,1955198,-182.990,-109.980,-46.970,0.7850,1.0960
1171,15.9897,12.2029,0.8658,393216,830.47,145.66,1955198,-182.990,-109.980,-46.970,0.7850,1.0960
1172,16.0025,12.8720,0.8514,393216,830.47,145.66,1955198,-182.990,-109.980,-46.970,0.7850,1.0960
1173,16.0153,12.7274,0.8613,393216,830.47,145.66,1955198,-182.990,-109.980,-46.970,0.7850,1.0960
1174,16.0278,12.8350,0.8002,393216,830.47,145.66,1955198,-182.990,-109.980,-46.970,0.7850,1.0960
1175,16.0409,12.5101,0.9427,393216,830.47,145.66,1955198,-182.990,-109.980,-46.970,0.7850,1.0960
1176,16.0539,13.0714,1.1153,393216,830.47,145.66,1955198,-182.990,-109.980,-46.970,0.7850,1.0960
1177,16.0666,13.0448,0.8895,393216,830.47,145.66,1955198,-182.990,-109.980,-46.970,0.7850,1.0960
1178,16.0796,12.7102,1.0552,393216,830.47,145.66,1955198,-182.990,-109.980,-46.970,0.7850,1.0960
1179,16.0923,12.9515,0.9484,393216,830.47,145.66,1955198,-182.990,-109.980,-46.970,0.7850,1.0960
1180,16.1048,12.7506,0.9273,393216,830.47,145.66,1955198,-182.990,-109.980,-46.970,0.7850,1.0960
1181,16.1177,12.4930,0.8798,393216,830.47,145.66,1955198,-182.990,-109.980,-46.970,0.7850,1.0960
1182,16.1308,12.8905,0.9445,393216,830.47,145.66,1955198,-182.990,-109.980,-46.970,0.7850,1.0960
1183,16.1438,13.0383,0.9806,393216,830.47,145.66,1955198,-182.990,-109.980,-46.970,0.7850,1.0960
1184,16.1563,13.0510,0.8543,393216,830.47,145.66,1955198,-182.990,-109.980,-46.970,0.7850,1.0960
1185,16.1696,12.5086,1.2350,393216,830.47,145.66,1955198,-182.990,-109.980,-46.970,0.7850,1.0960
1186,16.1812,13.3047,0.9966,393216,830.47,145.66,1955198,-182.990,-109.980,-46.970,0.7850,1.0960
1187,16.1941,11.5514,0.9962,393216,830.47,145.66,1955198,-182.990,-109.980,-46.970,0.7850,1.0960
1188,16.2070,12.9533,0.8912,393216,830.47,145.66,1955198,-182.990,-109.980,-46.970,0.7850,1.0960
1189,16.2199,12.8798,0.9310,393216,830.47,145.66,1955198,-182.990,-109.980,-46.970,0.7850,1.0960
1190,16.2328,12.9218,0.9246,393216,830.47,145.66,1955198,-182.990,-109.980,-46.970,0.7850,1.0960
1191,16.2451,12.8474,0.8633,393216,830.47,145.66,1955198,-182.990,-109.980,-46.970,0.7850,1.0960
1192,16.2578,12.3478,0.8587,393216,830.47,145.66,1955198,-182.990,-109.980,-46.970,0.7850,1.0960
1193,16.2708,12.6641,0.9824,393216,830.47,145.66,1955198,-182.990,-109.980,-46.970,0.7850,1.0960
1194,16.2836,13.0047,0.9011,393216,830.47,145.66,1955198,-182.990,-109.980,-46.970,0.7850,1.0960
1195,16.2966,12.8042,1.0508,393216,830.47,145.66,1955198,-182.990,-109.980,-46.970,0.7850,1.0960
1196,16.3092,13.0084,0.8634,393216,830.47,145.66,1955198,-182.990,-109.980,-46.970,0.7850,1.0960
1197,16.3217,12.5444,0.8300,393216,830.47,145.66,1955198,-182.990,-109.980,-46.970,0.7850,1.0960
1198,16.3345,12.5197,0.8461,393216,830.47,145.66,1955198,-182.990,-109.980,-46.970,0.7850,1.0960
1199,16.3472,12.8089,0.8387,393216,830.47,145.66,1955198,-182.990,-109.980,-46.970,0.7850,1.0960
1200,16.3603,12.7423,0.8857,393216,830.47,145.66,1955198,-182.990,-109.980,-46.970,0.7850,1.0960
1201,16.3731,13.1150,0.8670,393216,830.47,145.66,1955198,-182.990,-109.980,-46.970,0.7850,1.0960
1202,16.3854,12.7869,0.9255,393216,830.47,145.66,1955198,-182.990,-109.980,-46.970,0.7850,1.0960
1203,16.3978,12.2195,0.8357,393216,830.47,145.66,1955198,-182.990,-109.980,-46.970,0.7850,1.0960
1204,16.4107,12.4507,0.8496,393216,830.47,145.66,1955198,-182.990,-109.980,-46.970,0.7850,1.0960
1205,16.4235,12.9115,0.8231,393216,830.47,145.66,1955198,-182.990,-109.980,-46.970,0.7850,1.0960
1206,16.4365,12.8248,0.7943,393216,830.47,145.66,1955198,-182.990,-109.980,-46.970,0.7850,1.0960
1207,16.4494,12.9534,0.8414,393216,830.47,145.66,1955198,-182.990,-109.980,-46.970,0.7850,1.0960
1208,16.4622,12.8624,0.8692,393216,830.47,145.66,1955198,-182.990,-109.980,-46.970,0.7850,1.0960
1209,16.4747,12.8709,0.8164,393216,830.47,145.66,1955198,-182.990,-109.980,-46.970,0.7850,1.0960
1210,16.4877,12.4918,0.8839,393216,830.47,145.66,1955198,-182.990,-109.980,-46.970,0.7850,1.0960
1211,16.5007,12.9962,0.8627,393216,830.47,145.66,1955198,-182.990,-109.980,-46.970,0.7850,1.0960
1212,16.5138,12.9740,1.0592,393216,830.47,145.66,1955198,-182.990,-109.980,-46.970,0.7850,1.0960
1213,16.5265,13.1123,0.7888,393216,830.47,145.66,1955198,-182.990,-109.980,-46.970,0.7850,1.0960
1214,16.5394,12.6610,0.9128,393216,830.47,145.66,1955198,-182.990,-109.980,-46.970,0.7850,1.0960
1215,16.5519,12.8913,0.7722,393216,830.47,145.66,1955198,-182.990,-109.980,-46.970,0.7850,1.0960
1216,16.5648,12.5322,0.8209,393216,830.47,145.66,1955198,-182.990,-109.980,-46.970,0.7850,1.0960
1217,16.5779,12.9608,0.8417,393216,830.47,145.66,1955198,-182.990,-109.980,-46.970,0.7850,1.0960
1218,16.5901,13.0861,0.7818,393216,830.47,145.66,1955198,-182.990,-109.980,-46.970,0.7850,1.0960
1219,16.6031,12.1801,0.8262,393216,830.47,145.66,1955198,-182.990,-109.980,-46.970,0.7850,1.0960
1220,16.6165,12.9708,0.8801,393216,830.47,145.66,1955198,-182.990,-109.980,-46.970,0.7850,1.0960
1221,16.6297,13.4259,0.9797,393216,830.47,145.66,1955198,-182.990,-109.980,-46.970,0.7850,1.0960
1222,16.6426,13.1886,0.8550,393216,830.47,145.66,1955198,-182.990,-109.980,-46.970,0.7850,1.0960
1223,16.6561,12.8774,0.8896,393216,830.47,145.66,1955198,-182.990,-109.980,-46.970,0.7850,1.0960
1224,16.6695,13.4899,0.8574,393216,830.47,145.66,1955198,-182.990,-109.980,-46.970,0.7850,1.0960
1225,16.6836,13.4401,0.8687,393216,830.47,145.66,1955198,-182.990,-109.980,-46.970,0.7850,1.0960
1226,16.6978,14.0849,0.8872,393216,830.47,145.66,1955198,-182.990,-109.980,-46.970,0.7850,1.0960
1227,16.7120,14.1900,0.8485,393216,830.47,145.66,1955198,-182.990,-109.980,-46.970,0.7850,1.0960
1228,16.7260,14.2047,0.8075,393216,830.47,145.66,1955198,-182.990,-109.980,-46.970,0.7850,1.0960
1229,16.7400,14.0441,0.8088,393216,830.47,145.66,1955198,-182.990,-109.980,-46.970,0.7850,1.0960
1230,16.7528,13.9523,1.0182,393216,830.47,145.66,1955198,-182.990,-109.980,-46.970,0.7850,1.0960
1231,16.7655,12.8088,0.7886,393216,830.47,145.66,1955198,-182.990,-109.980,-46.970,0.7850,1.0960
1232,16.7785,12.7149,0.9272,393216,830.47,145.66,1955198,-182.990,-109.980,-46.970,0.7850,1.0960
1233,16.7913,12.9810,0.8382,393216,830.47,145.66,1955198,-182.990,-109.980,-46.970,0.7850,1.0960
1234,16.8034,12.8335,0.8039,393216,830.47,145.66,1955198,-182.990,-109.980,-46.970,0.7850,1.0960
1235,16.8163,12.0482,0.8436,393216,830.47,145.66,1955198,-182.990,-109.980,-46.970,0.7850,1.0960
1236,16.8287,12.9857,0.8336,393216,830.47,145.66,1955198,-182.990,-109.980,-46.970,0.7850,1.0960
1237,16.8414,12.3610,0.8756,393216,830.47,145.66,1955198,-182.990,-109.980,-46.970,0.7850,1.0960
1238,16.8543,12.6900,0.7752,393216,830.47,145.66,1955198,-182.990,-109.980,-46.970,0.7850,1.0960
1239,16.8674,12.8761,0.9156,393216,830.47,145.66,1955198,-182.990,-109.980,-46.970,0.7850,1.0960
1240,16.8805,13.1584,1.1444,393216,830.47,145.66,1955198,-182.990,-109.980,-46.970,0.7850,1.0960
1241,16.8930,13.0573,0.9241,393216,830.47,145.66,1955198,-182.990,-109.980,-46.970,0.7850,1.0960
1242,16.9056,12.5325,0.9341,393216,830.47,145.66,1955198,-182.990,-109.980,-46.970,0.7850,1.0960
1243,16.9184,12.6387,0.8714,393216,830.47,145.66,1955198,-182.990,-109.980,-46.970,0.7850,1.0960
1244,16.9310,12.7670,0.8208,393216,830.47,145.66,1955198,-182.990,-109.980,-46.970,0.7850,1.0960
1245,16.9441,12.5897,0.8695,393216,830.47,145.66,1955198,-182.990,-109.980,-46.970,0.7850,1.0960
1246,16.9568,13.0685,0.8093,393216,830.47,145.66,1955198,-182.990,-109.980,-46.970,0.7850,1.0960
1247,16.9697,12.7009,0.8552,393216,830.47,145.66,1955198,-182.990,-109.980,-46.970,0.7850,1.0960
1248,16.9821,12.8945,0.8249,393216,830.47,145.66,1955198,-182.990,-109.980,-46.970,0.7850,1.0960
1249,16.9952,12.4520,0.9538,393216,830.47,145.66,1955198,-182.990,-109.980,-46.970,0.7850,1.0960
1250,17.0072,13.0217,0.8530,393216,830.47,145.66,1955198,-182.990,-109.980,-46.970,0.7850,1.0960
1251,17.0200,12.0647,0.8090,393216,830.47,145.66,1955198,-182.990,-109.980,-46.970,0.7850,1.0960
1252,17.0327,12.8234,0.7702,393216,830.47,145.66,1955198,-182.990,-109.980,-46.970,0.7850,1.0960
1253,17.0457,12.6905,0.8478,393216,830.47,145.66,1955198,-182.990,-109.980,-46.970,0.7850,1.0960
1254,17.0582,12.9680,0.7997,393216,830.47,145.66,1955198,-182.990,-109.980,-46.970,0.7850,1.0960
1255,17.0711,12.5000,0.8371,393216,830.47,145.66,1955198,-182.990,-109.980,-46.970,0.7850,1.0960
1256,17.0839,12.8817,0.8069,393216,830.47,145.66,1955198,-182.990,-109.980,-46.970,0.7850,1.0960
1257,17.0969,12.8172,0.8633,393216,830.47,145.66,1955198,-182.990,-109.980,-46.970,0.7850,1.0960
1258,17.1097,13.1125,0.8213,393216,830.47,145.66,1955198,-182.990,-109.980,-46.970,0.7850,1.0960
1259,17.1230,12.6819,1.2382,393216,830.47,145.66,1955198,-182.990,-109.980,-46.970,0.7850,1.0960
1260,17.1350,13.2982,0.8364,393216,830.47,145.66,1955198,-182.990,-109.980,-46.970,0.7850,1.0960
1261,17.1480,12.0092,1.1232,393216,830.47,145.66,1955198,-182.990,-109.980,-46.970,0.7850,1.0960
1262,17.1607,13.0022,0.8506,393216,830.47,145.66,1955198,-182.990,-109.980,-46.970,0.7850,1.0960
1263,17.1737,12.6524,0.8300,393216,830.47,145.66,1955198,-182.990,-109.980,-46.970,0.7850,1.0960
1264,17.1865,13.0295,0.7981,393216,830.47,145.66,1955198,-182.990,-109.980,-46.970,0.7850,1.0960
1265,17.1994,12.7965,0.8834,393216,830.47,145.66,1955198,-182.990,-109.980,-46.970,0.7850,1.0960
1266,17.2111,12.8613,0.8192,393216,830.47,145.66,1955198,-182.990,-109.980,-46.970,0.7850,1.0960
1267,17.2240,11.7702,0.8099,393216,830.47,145.66,1955198,-182.990,-109.980,-46.970,0.7850,1.0960
1268,17.2370,12.8971,0.9499,393216,830.47,145.66,1955198,-182.990,-109.980,-46.970,0.7850,1.0960
1269,17.2498,12.9840,0.8626,393216,830.47,145.66,1955198,-182.990,-109.980,-46.970,0.7850,1.0960
1270,17.2626,12.7708,0.8915,393216,830.47,145.66,1955198,-182.990,-109.980,-46.970,0.7850,1.0960
1271,17.2751,12.8298,0.8626,393216,830.47,145.66,1955198,-182.990,-109.980,-46.970,0.7850,1.0960
1272,17.2878,12.4628,0.8650,393216,830.47,145.66,1955198,-182.990,-109.980,-46.970,0.7850,1.0960
1273,17.3008,12.7404,0.9284,393216,830.47,145.66,1955198,-182.990,-109.980,-46.970,0.7850,1.0960
1274,17.3139,13.0123,1.0055,393216,830.47,145.66,1955198,-182.990,-109.980,-46.970,0.7850,1.0960
1275,17.3264,13.0902,0.8507,393216,830.47,145.66,1955198,-182.990,-109.980,-46.970,0.7850,1.0960
1276,17.3392,12.4780,0.9372,393216,830.47,145.66,1955198,-182.990,-109.980,-46.970,0.7850,1.0960
1277,17.3516,12.8731,0.8366,393216,830.47,145.66,1955198,-182.990,-109.980,-46.970,0.7850,1.0960
1278,17.3646,12.3870,0.9227,393216,830.47,145.66,1955198,-182.990,-109.980,-46.970,0.7850,1.0960
1279,17.3775,12.9918,0.9292,393216,830.47,145.66,1955198,-182.990,-109.980,-46.970,0.7850,1.0960
1280,17.3906,12.8221,1.1040,393216,830.47,145.66,1955198,-182.990,-109.980,-46.970,0.7850,1.0960
1281,17.4032,13.1118,0.8472,393216,830.47,145.66,1955198,-182.990,-109.980,-46.970,0.7850,1.0960
1282,17.4154,12.6096,1.0728,393216,830.47,145.66,1955198,-182.990,-109.980,-46.970,0.7850,1.0960
1283,17.4275,12.2557,0.7638,393216,830.47,145.66,1955198,-182.990,-109.980,-46.970,0.7850,1.0960
1284,17.4406,12.0864,0.9554,393216,830.47,145.66,1955198,-182.990,-109.980,-46.970,0.7850,1.0960
1285,17.4534,13.1029,0.8492,393216,830.47,145.66,1955198,-182.990,-109.980,-46.970,0.7850,1.0960
1286,17.4663,12.7480,0.8542,393216,830.47,145.66,1955198,-182.990,-109.980,-46.970,0.7850,1.0960
1287,17.4791,12.9028,0.8281,393216,830.47,145.66,1955198,-182.990,-109.980,-46.970,0.7850,1.0960
1288,17.4920,12.7846,0.9023,393216,830.47,145.66,1955198,-182.990,-109.980,-46.970,0.7850,1.0960
1289,17.5045,12.9355,0.8752,393216,830.47,145.66,1955198,-182.990,-109.980,-46.970,0.7850,1.0960
1290,17.5171,12.5233,0.8014,393216,830.47,145.66,1955198,-182.990,-109.980,-46.970,0.7850,1.0960
1291,17.5300,12.5918,0.8585,393216,830.47,145.66,1955198,-182.990,-109.980,-46.970,0.7850,1.0960
1292,17.5429,12.9145,0.7875,393216,830.47,145.66,1955198,-182.990,-109.980,-46.970,0.7850,1.0960
1293,17.5560,12.9247,0.9805,393216,830.47,145.66,1955198,-182.990,-109.980,-46.970,0.7850,1.0960
1294,17.5688,13.0958,0.9094,393216,830.47,145.66,1955198,-182.990,-109.980,-46.970,0.7850,1.0960
1295,17.5816,12.7208,1.1250,393216,830.47,145.66,1955198,-182.990,-109.980,-46.970,0.7850,1.0960
1296,17.5941,12.8688,0.8671,393216,830.47,145.66,1955198,-182.990,-109.980,-46.970,0.7850,1.0960
1297,17.6072,12.5072,1.0598,393216,830.47,145.66,1955198,-182.990,-109.980,-46.970,0.7850,1.0960
1298,17.6192,13.0481,0.9382,393216,830.47,145.66,1955198,-182.990,-109.980,-46.970,0.7850,1.0960
1299,17.6321,11.9961,1.0052,393216,830.47,145.66,1955198,-182.990,-109.980,-46.970,0.7850,1.0960
1300,17.6442,12.9640,0.8318,393216,830.47,145.66,1955198,-182.990,-109.980,-46.970,0.7850,1.0960
1301,17.6573,12.0981,1.0539,393216,830.47,145.66,1955198,-182.990,-109.980,-46.970,0.7850,1.0960
1302,17.6699,13.0453,0.8607,393216,830.47,145.66,1955198,-182.990,-109.980,-46.970,0.7850,1.0960
1303,17.6831,12.6131,0.9737,393216,830.47,145.66,1955198,-182.990,-109.980,-46.970,0.7850,1.0960
1304,17.6956,13.1953,0.7606,393216,830.47,145.66,1955198,-182.990,-109.980,-46.970,0.7850,1.0960
1305,17.7087,12.4740,1.0193,393216,830.47,145.66,1955198,-182.990,-109.980,-46.970,0.7850,1.0960
1306,17.7210,13.0780,0.8424,393216,830.47,145.66,1955198,-182.990,-109.980,-46.970,0.7850,1.0960
1307,17.7338,12.3176,0.8609,393216,830.47,145.66,1955198,-182.990,-109.980,-46.970,0.7850,1.0960
1308,17.7467,12.8077,0.8908,393216,830.47,145.66,1955198,-182.990,-109.980,-46.970,0.7850,1.0960
1309,17.7597,12.9177,0.8803,393216,830.47,145.66,1955198,-182.990,-109.980,-46.970,0.7850,1.0960
1310,17.7727,12.9633,0.9426,393216,830.47,145.66,1955198,-182.990,-109.980,-46.970,0.7850,1.0960
1311,17.7859,13.0298,1.3454,393216,830.47,145.66,1955198,-182.990,-109.980,-46.970,0.7850,1.0960
1312,17.7980,13.2449,0.9108,393216,830.47,145.66,1955198,-182.990,-109.980,-46.970,0.7850,1.0960
1313,17.8108,12.1826,0.8881,393216,830.47,145.66,1955198,-182.990,-109.980,-46.970,0.7850,1.0960
1314,17.8231,12.6978,0.9108,393216,830.47,145.66,1955198,-182.990,-109.980,-46.970,0.7850,1.0960
1315,17.8362,12.2569,1.0185,393216,830.47,145.66,1955198,-182.990,-109.980,-46.970,0.7850,1.0960
1316,17.8493,13.1651,1.2569,393216,830.47,145.66,1955198,-182.990,-109.980,-46.970,0.7850,1.0960
1317,17.8619,13.1065,0.9506,393216,830.47,145.66,1955198,-182.990,-109.980,-46.970,0.7850,1.0960
1318,17.8745,12.6083,0.9969,393216,830.47,145.66,1955198,-182.990,-109.980,-46.970,0.7850,1.0960
1319,17.8874,12.5672,0.9612,393216,830.47,145.66,1955198,-182.990,-109.980,-46.970,0.7850,1.0960
1320,17.9003,12.8957,0.8648,393216,830.47,145.66,1955198,-182.990,-109.980,-46.970,0.7850,1.0960
1321,17.9132,12.8820,0.8733,393216,830.47,145.66,1955198,-182.990,-109.980,-46.970,0.7850,1.0960
1322,17.9262,12.9137,0.9182,393216,830.47,145.66,1955198,-182.990,-109.980,-46.970,0.7850,1.0960
1323,17.9390,12.9838,0.9355,393216,830.47,145.66,1955198,-182.990,-109.980,-46.970,0.7850,1.0960
1324,17.9515,12.8165,0.8838,393216,830.47,145.66,1955198,-182.990,-109.980,-46.970,0.7850,1.0960
1325,17.9644,12.4565,0.9453,393216,830.47,145.66,1955198,-182.990,-109.980,-46.970,0.7850,1.0960
1326,17.9773,12.9850,0.8497,393216,830.47,145.66,1955198,-182.990,-109.980,-46.970,0.7850,1.0960
1327,17.9907,12.9036,1.2263,393216,830.47,145.66,1955198,-182.990,-109.980,-46.970,0.7850,1.0960
1328,18.0033,13.3751,0.9316,393216,830.47,145.66,1955198,-182.990,-109.980,-46.970,0.7850,1.0960
1329,18.0167,12.5783,0.8887,393216,830.47,145.66,1955198,-182.990,-109.980,-46.970,0.7850,1.0960
1330,18.0282,13.3979,1.0883,393216,830.47,145.66,1955198,-182.990,-109.980,-46.970,0.7850,1.0960
1331,18.0408,11.4596,0.8926,393216,830.47,145.66,1955198,-182.990,-109.980,-46.970,0.7850,1.0960
1332,18.0538,12.6756,0.9589,393216,830.47,145.66,1955198,-182.990,-109.980,-46.970,0.7850,1.0960
1333,18.0666,12.9351,0.8683,393216,830.47,145.66,1955198,-182.990,-109.980,-46.970,0.7850,1.0960
1334,18.0796,12.8571,0.9156,393216,830.47,145.66,1955198,-182.990,-109.980,-46.970,0.7850,1.0960
1335,18.0925,12.9387,0.9928,393216,830.47,145.66,1955198,-182.990,-109.980,-46.970,0.7850,1.0960
1336,18.1049,12.9395,0.8380,393216,830.47,145.66,1955198,-182.990,-109.980,-46.970,0.7850,1.0960
1337,18.1179,12.4246,0.9228,393216,830.47,145.66,1955198,-182.990,-109.980,-46.970,0.7850,1.0960
1338,18.1308,12.9361,0.8432,393216,830.47,145.66,1955198,-182.990,-109.980,-46.970,0.7850,1.0960
1339,18.1441,12.8855,1.0973,393216,830.47,145.66,1955198,-182.990,-109.980,-46.970,0.7850,1.0960
1340,18.1566,13.3392,0.8723,393216,830.47,145.66,1955198,-182.990,-109.980,-46.970,0.7850,1.0960
1341,18.1697,12.5042,1.0155,393216,830.47,145.66,1955198,-182.990,-109.980,-46.970,0.7850,1.0960
1342,18.1824,13.1155,1.1658,393216,830.47,145.66,1955198,-182.990,-109.980,-46.970,0.7850,1.0960
1343,18.1950,12.7219,0.8457,393216,830.47,145.66,1955198,-182.990,-109.980,-46.970,0.7850,1.0960
1344,18.2079,12.5759,0.9220,393216,830.47,145.66,1955198,-182.990,-109.980,-46.970,0.7850,1.0960
1345,18.2208,12.8381,0.8697,393216,830.47,145.66,1955198,-182.990,-109.980,-46.970,0.7850,1.0960
1346,18.2332,12.9658,0.9525,393216,830.47,145.66,1955198,-182.990,-109.980,-46.970,0.7850,1.0960
1347,18.2460,12.3904,0.8647,393216,830.47,145.66,1955198,-182.990,-109.980,-46.970,0.7850,1.0960
1348,18.2585,12.7839,0.8940,393216,830.47,145.66,1955198,-182.990,-109.980,-46.970,0.7850,1.0960
1349,18.2714,12.5383,0.8027,393216,830.47,145.66,1955198,-182.990,-109.980,-46.970,0.7850,1.0960
1350,18.2844,12.8693,0.9463,393216,830.47,145.66,1955198,-182.990,-109.980,-46.970,0.7850,1.0960
1351,18.2972,12.9904,0.8472,393216,830.47,145.66,1955198,-182.990,-109.980,-46.970,0.7850,1.0960
1352,18.3099,12.7733,0.7767,393216,830.47,145.66,1955198,-182.990,-109.980,-46.970,0.7850,1.0960
1353,18.3228,12.6958,0.9078,393216,830.47,145.66,1955198,-182.990,-109.980,-46.970,0.7850,1.0960
1354,18.3353,12.9848,0.8482,393216,830.47,145.66,1955198,-182.990,-109.980,-46.970,0.7850,1.0960
1355,18.3482,12.4733,0.8410,393216,830.47,145.66,1955198,-182.990,-109.980,-46.970,0.7850,1.0960
1356,18.3610,12.8517,0.8089,393216,830.47,145.66,1955198,-182.990,-109.980,-46.970,0.7850,1.0960
1357,18.3739,12.8066,0.8264,393216,830.47,145.66,1955198,-182.990,-109.980,-46.970,0.7850,1.0960
1358,18.3867,12.9698,0.8829,393216,830.47,145.66,1955198,-182.990,-109.980,-46.970,0.7850,1.0960
1359,18.3998,12.7919,0.9066,393216,830.47,145.66,1955198,-182.990,-109.980,-46.970,0.7850,1.0960
1360,18.4120,13.0482,0.8349,393216,830.47,145.66,1955198,-182.990,-109.980,-46.970,0.7850,1.0960
1361,18.4249,12.1965,0.8589,393216,830.47,145.66,1955198,-182.990,-109.980,-46.970,0.7850,1.0960
1362,18.4370,12.9667,0.8508,393216,830.47,145.66,1955198,-182.990,-109.980,-46.970,0.7850,1.0960
1363,18.4501,12.0966,0.9693,393216,830.47,145.66,1955198,-182.990,-109.980,-46.970,0.7850,1.0960
1364,18.4629,13.1152,0.9082,393216,830.47,145.66,1955198,-182.990,-109.980,-46.970,0.7850,1.0960
1365,18.4759,12.7785,1.0346,393216,830.47,145.66,1955198,-182.990,-109.980,-46.970,0.7850,1.0960
1366,18.4883,13.0169,0.8711,393216,830.47,145.66,1955198,-182.990,-109.980,-46.970,0.7850,1.0960
1367,18.5011,12.3050,0.8853,393216,830.47,145.66,1955198,-182.990,-109.980,-46.970,0.7850,1.0960
1368,18.5140,12.8533,0.8840,393216,830.47,145.66,1955198,-182.990,-109.980,-46.970,0.7850,1.0960
1369,18.5270,12.8730,0.9568,393216,830.47,145.66,1955198,-182.990,-109.980,-46.970,0.7850,1.0960
1370,18.5397,13.1391,0.8487,393216,830.47,145.66,1955198,-182.990,-109.980,-46.970,0.7850,1.0960
1371,18.5527,12.5251,0.9593,393216,830.47,145.66,1955198,-182.990,-109.980,-46.970,0.7850,1.0960
1372,18.5650,13.0123,0.8883,393216,830.47,145.66,1955198,-182.990,-109.980,-46.970,0.7850,1.0960
1373,18.5779,12.3791,0.8979,393216,830.47,145.66,1955198,-182.990,-109.980,-46.970,0.7850,1.0960
1374,18.5910,12.8815,0.9473,393216,830.47,145.66,1955198,-182.990,-109.980,-46.970,0.7850,1.0960
1375,18.6039,13.1059,0.9462,393216,830.47,145.66,1955198,-182.990,-109.980,-46.970,0.7850,1.0960
1376,18.6165,12.9718,0.8618,393216,830.47,145.66,1955198,-182.990,-109.980,-46.970,0.7850,1.0960
1377,18.6295,12.4814,0.9991,393216,830.47,145.66,1955198,-182.990,-109.980,-46.970,0.7850,1.0960
1378,18.6410,13.0263,0.7934,393216,830.47,145.66,1955198,-182.990,-109.980,-46.970,0.7850,1.0960
1379,18.6539,11.5359,0.8112,393216,830.47,145.66,1955198,-182.990,-109.980,-46.970,0.7850,1.0960
1380,18.6668,12.8616,0.8482,393216,830.47,145.66,1955198,-182.990,-109.980,-46.970,0.7850,1.0960
1381,18.6796,12.9034,0.7941,393216,830.47,145.66,1955198,-182.990,-109.980,-46.970,0.7850,1.0960
1382,18.6925,12.8230,0.8321,393216,830.47,145.66,1955198,-182.990,-109.980,-46.970,0.7850,1.0960
1383,18.7053,12.8909,0.9126,393216,830.47,145.66,1955198,-182.990,-109.980,-46.970,0.7850,1.0960
1384,18.7179,12.7873,0.8323,393216,830.47,145.66,1955198,-182.990,-109.980,-46.970,0.7850,1.0960
1385,18.7308,12.6180,1.0318,393216,830.47,145.66,1955198,-182.990,-109.980,-46.970,0.7850,1.0960
1386,18.7436,12.9145,0.8727,393216,830.47,145.66,1955198,-182.990,-109.980,-46.970,0.7850,1.0960
1387,18.7566,12.7762,0.8749,393216,830.47,145.66,1955198,-182.990,-109.980,-46.970,0.7850,1.0960
1388,18.7693,12.9573,0.8651,393216,830.47,145.66,1955198,-182.990,-109.980,-46.970,0.7850,1.0960
1389,18.7817,12.7346,0.8354,393216,830.47,145.66,1955198,-182.990,-109.980,-46.970,0.7850,1.0960
1390,18.7945,12.3932,0.8234,393216,830.47,145.66,1955198,-182.990,-109.980,-46.970,0.7850,1.0960
1391,18.8073,12.8235,0.8491,393216,830.47,145.66,1955198,-182.990,-109.980,-46.970,0.7850,1.0960
1392,18.8202,12.7448,0.8824,393216,830.47,145.66,1955198,-182.990,-109.980,-46.970,0.7850,1.0960
1393,18.8330,12.9542,0.7955,393216,830.47,145.66,1955198,-182.990,-109.980,-46.970,0.7850,1.0960
1394,18.8452,12.8150,0.8480,393216,830.47,145.66,1955198,-182.990,-109.980,-46.970,0.7850,1.0960
1395,18.8577,12.1737,0.7954,393216,830.47,145.66,1955198,-182.990,-109.980,-46.970,0.7850,1.0960
1396,18.8704,12.5248,0.8167,393216,830.47,145.66,1955198,-182.990,-109.980,-46.970,0.7850,1.0960
1397,18.8834,12.7020,0.8028,393216,830.47,145.66,1955198,-182.990,-109.980,-46.970,0.7850,1.0960
1398,18.8964,12.9388,0.8782,393216,830.47,145.66,1955198,-182.990,-109.980,-46.970,0.7850,1.0960
1399,18.9090,13.0226,0.7940,393216,830.47,145.66,1955198,-182.990,-109.980,-46.970,0.7850,1.0960
1400,18.9219,12.6143,0.8974,393216,830.47,145.66,1955198,-182.990,-109.980,-46.970,0.7850,1.0960
1401,18.9344,12.9414,0.8480,393216,830.47,145.66,1955198,-182.990,-109.980,-46.970,0.7850,1.0960
1402,18.9473,12.4622,0.9278,393216,830.47,145.66,1955198,-182.990,-109.980,-46.970,0.7850,1.0960
1403,18.9603,12.8963,0.8975,393216,830.47,145.66,1955198,-182.990,-109.980,-46.970,0.7850,1.0960
1404,18.9733,12.9418,0.9466,393216,830.47,145.66,1955198,-182.990,-109.980,-46.970,0.7850,1.0960
1405,18.9859,12.9914,0.7516,393216,830.47,145.66,1955198,-182.990,-109.980,-46.970,0.7850,1.0960
1406,18.9988,12.6015,0.9137,393216,830.47,145.66,1955198,-182.990,-109.980,-46.970,0.7850,1.0960
1407,19.0113,12.9857,0.8609,393216,830.47,145.66,1955198,-182.990,-109.980,-46.970,0.7850,1.0960
1408,19.0240,12.5050,0.8433,393216,830.47,145.66,1955198,-182.990,-109.980,-46.970,0.7850,1.0960
1409,19.0370,12.7021,0.8423,393216,830.47,145.66,1955198,-182.990,-109.980,-46.970,0.7850,1.0960
1410,19.0491,12.9021,0.8714,393216,830.47,145.66,1955198,-182.990,-109.980,-46.970,0.7850,1.0960
1411,19.0618,12.1461,0.7637,393216,830.47,145.66,1955198,-182.990,-109.980,-46.970,0.7850,1.0960
1412,19.0749,12.7720,0.9115,393216,830.47,145.66,1955198,-182.990,-109.980,-46.970,0.7850,1.0960
1413,19.0873,12.9842,0.8226,393216,830.47,145.66,1955198,-182.990,-109.980,-46.970,0.7850,1.0960
1414,19.1000,12.4698,0.8454,393216,830.47,145.66,1955198,-182.990,-109.980,-46.970,0.7850,1.0960
1415,19.1129,12.7297,0.8229,393216,830.47,145.66,1955198,-182.990,-109.980,-46.970,0.7850,1.0960
1416,19.1260,12.8543,1.0066,393216,830.47,145.66,1955198,-182.990,-109.980,-46.970,0.7850,1.0960
1417,19.1388,13.1383,0.9142,393216,830.47,145.66,1955198,-182.990,-109.980,-46.970,0.7850,1.0960
1418,19.1516,12.8282,0.8827,393216,830.47,145.66,1955198,-182.990,-109.980,-46.970,0.7850,1.0960
1419,19.1642,12.7421,0.9283,393216,830.47,145.66,1955198,-182.990,-109.980,-46.970,0.7850,1.0960
1420,19.1770,12.5510,0.9149,393216,830.47,145.66,1955198,-182.990,-109.980,-46.970,0.7850,1.0960
1421,19.1899,12.8422,1.0265,393216,830.47,145.66,1955198,-182.990,-109.980,-46.970,0.7850,1.0960
1422,19.2027,12.8806,0.8254,393216,830.47,145.66,1955198,-182.990,-109.980,-46.970,0.7850,1.0960
1423,19.2155,12.8008,0.8381,393216,830.47,145.66,1955198,-182.990,-109.980,-46.970,0.7850,1.0960
1424,19.2283,12.8250,0.8629,393216,830.47,145.66,1955198,-182.990,-109.980,-46.970,0.7850,1.0960
1425,19.2408,12.8330,0.7722,393216,830.47,145.66,1955198,-182.990,-109.980,-46.970,0.7850,1.0960
1426,19.2529,12.4084,0.8123,393216,830.47,145.66,1955198,-182.990,-109.980,-46.970,0.7850,1.0960
1427,19.2659,12.1773,0.8595,393216,830.47,145.66,1955198,-182.990,-109.980,-46.970,0.7850,1.0960
1428,19.2788,12.9191,0.7986,393216,830.47,145.66,1955198,-182.990,-109.980,-46.970,0.7850,1.0960
1429,19.2916,12.9253,0.8182,393216,830.47,145.66,1955198,-182.990,-109.980,-46.970,0.7850,1.0960
1430,19.3044,12.8221,1.0200,393216,830.47,145.66,1955198,-182.990,-109.980,-46.970,0.7850,1.0960
1431,19.3168,12.7583,0.8035,393216,830.47,145.66,1955198,-182.990,-109.980,-46.970,0.7850,1.0960
1432,19.3298,12.4852,0.8216,393216,830.47,145.66,1955198,-182.990,-109.980,-46.970,0.7850,1.0960
1433,19.3426,12.9179,0.8107,393216,830.47,145.66,1955198,-182.990,-109.980,-46.970,0.7850,1.0960
1434,19.3557,12.8627,0.9469,393216,830.47,145.66,1955198,-182.990,-109.980,-46.970,0.7850,1.0960
1435,19.3684,13.0496,0.7968,393216,830.47,145.66,1955198,-182.990,-109.980,-46.970,0.7850,1.0960
1436,19.3811,12.7169,0.9359,393216,830.47,145.66,1955198,-182.990,-109.980,-46.970,0.7850,1.0960
1437,19.3936,12.6979,0.8554,393216,830.47,145.66,1955198,-182.990,-109.980,-46.970,0.7850,1.0960
1438,19.4068,12.5479,1.1444,393216,830.47,145.66,1955198,-182.990,-109.980,-46.970,0.7850,1.0960
1439,19.4194,13.1899,0.8006,393216,830.47,145.66,1955198,-182.990,-109.980,-46.970,0.7850,1.0960
1440,19.4324,12.5806,0.8569,393216,830.47,145.66,1955198,-182.990,-109.980,-46.970,0.7850,1.0960
1441,19.4452,13.0082,0.8393,393216,830.47,145.66,1955198,-182.990,-109.980,-46.970,0.7850,1.0960
1442,19.4571,12.7860,0.8926,393216,830.47,145.66,1955198,-182.990,-109.980,-46.970,0.7850,1.0960
1443,19.4697,11.8523,0.8456,393216,830.47,145.66,1955198,-182.990,-109.980,-46.970,0.7850,1.0960
1444,19.4826,12.6732,0.8155,393216,830.47,145.66,1955198,-182.990,-109.980,-46.970,0.7850,1.0960
1445,19.4955,12.9108,0.8929,393216,830.47,145.66,1955198,-182.990,-109.980,-46.970,0.7850,1.0960
1446,19.5084,12.8951,0.8391,393216,830.47,145.66,1955198,-182.990,-109.980,-46.970,0.7850,1.0960
1447,19.5211,12.8464,0.7828,393216,830.47,145.66,1955198,-182.990,-109.980,-46.970,0.7850,1.0960
1448,19.5336,12.7715,0.7890,393216,830.47,145.66,1955198,-182.990,-109.980,-46.970,0.7850,1.0960
1449,19.5465,12.4440,0.8418,393216,830.47,145.66,1955198,-182.990,-109.980,-46.970,0.7850,1.0960
1450,19.5593,12.8638,0.7900,393216,830.47,145.66,1955198,-182.990,-109.980,-46.970,0.7850,1.0960
1451,19.5727,12.8188,0.9878,393216,830.47,145.66,1955198,-182.990,-109.980,-46.970,0.7850,1.0960
1452,19.5850,13.4437,0.8855,393216,830.47,145.66,1955198,-182.990,-109.980,-46.970,0.7850,1.0960
1453,19.5981,12.3244,1.0048,393216,830.47,145.66,1955198,-182.990,-109.980,-46.970,0.7850,1.0960
1454,19.6103,13.0993,0.7964,393216,830.47,145.66,1955198,-182.990,-109.980,-46.970,0.7850,1.0960
1455,19.6233,12.1848,0.8729,393216,830.47,145.66,1955198,-182.990,-109.980,-46.970,0.7850,1.0960
1456,19.6362,12.9412,0.8589,393216,830.47,145.66,1955198,-182.990,-109.980,-46.970,0.7850,1.0960
1457,19.6497,12.9191,1.0989,393216,830.47,145.66,1955198,-182.990,-109.980,-46.970,0.7850,1.0960
1458,19.6612,13.5221,0.8606,393216,830.47,145.66,1955198,-182.990,-109.980,-46.970,0.7850,1.0960
1459,19.6743,11.5316,1.1346,393216,830.47,145.66,1955198,-182.990,-109.980,-46.970,0.7850,1.0960
1460,19.6864,13.0261,0.8790,393216,830.47,145.66,1955198,-182.990,-109.980,-46.970,0.7850,1.0960
1461,19.6994,12.1628,1.0556,393216,830.47,145.66,1955198,-182.990,-109.980,-46.970,0.7850,1.0960
1462,19.7122,12.9983,0.9124,393216,830.47,145.66,1955198,-182.990,-109.980,-46.970,0.7850,1.0960
1463,19.7251,12.7321,1.0018,393216,830.47,145.66,1955198,-182.990,-109.980,-46.970,0.7850,1.0960
1464,19.7380,12.9642,0.9824,393216,830.47,145.66,1955198,-182.990,-109.980,-46.970,0.7850,1.0960
1465,19.7509,12.8412,0.9502,393216,830.47,145.66,1955198,-182.990,-109.980,-46.970,0.7850,1.0960
1466,19.7633,12.8888,0.8722,393216,830.47,145.66,1955198,-182.990,-109.980,-46.970,0.7850,1.0960
1467,19.7760,12.4144,0.8785,393216,830.47,145.66,1955198,-182.990,-109.980,-46.970,0.7850,1.0960
1468,19.7889,12.7638,0.9135,393216,830.47,145.66,1955198,-182.990,-109.980,-46.970,0.7850,1.0960
1469,19.8017,12.8225,0.8324,393216,830.47,145.66,1955198,-182.990,-109.980,-46.970,0.7850,1.0960
1470,19.8148,12.8874,0.9261,393216,830.47,145.66,1955198,-182.990,-109.980,-46.970,0.7850,1.0960
1471,19.8276,13.1458,0.9051,393216,830.47,145.66,1955198,-182.990,-109.980,-46.970,0.7850,1.0960
1472,19.8401,12.7386,1.0116,393216,830.47,145.66,1955198,-182.990,-109.980,-46.970,0.7850,1.0960
1473,19.8528,12.4944,0.9122,393216,830.47,145.66,1955198,-182.990,-109.980,-46.970,0.7850,1.0960
1474,19.8654,12.6743,1.2684,393216,830.47,145.66,1955198,-182.990,-109.980,-46.970,0.7850,1.0960
1475,19.8777,12.5576,0.8456,393216,830.47,145.66,1955198,-182.990,-109.980,-46.970,0.7850,1.0960
1476,19.8908,12.3852,1.1057,393216,830.47,145.66,1955198,-182.990,-109.980,-46.970,0.7850,1.0960
1477,19.9030,13.0299,0.8138,393216,830.47,145.66,1955198,-182.990,-109.980,-46.970,0.7850,1.0960
1478,19.9158,12.1955,0.9037,393216,830.47,145.66,1955198,-182.990,-109.980,-46.970,0.7850,1.0960
1479,19.9286,12.8713,0.8412,393216,830.47,145.66,1955198,-182.990,-109.980,-46.970,0.7850,1.0960
1480,19.9415,12.7996,0.9453,393216,830.47,145.66,1955198,-182.990,-109.980,-46.970,0.7850,1.0960
1481,19.9544,12.8826,0.8494,393216,830.47,145.66,1955198,-182.990,-109.980,-46.970,0.7850,1.0960
1482,19.9672,12.8558,0.8103,393216,830.47,145.66,1955198,-182.990,-109.980,-46.970,0.7850,1.0960
1483,19.9797,12.7806,0.9027,393216,830.47,145.66,1955198,-182.990,-109.980,-46.970,0.7850,1.0960
1484,19.9923,12.5659,0.8234,393216,830.47,145.66,1955198,-182.990,-109.980,-46.970,0.7850,1.0960
1485,20.0053,12.6242,0.8107,393216,830.47,145.66,1955198,-182.990,-109.980,-46.970,0.7850,1.0960
1486,20.0183,12.9599,0.8413,393216,830.47,145.66,1955198,-182.990,-109.980,-46.970,0.7850,1.0960
1487,20.0312,12.9611,0.8626,393216,830.47,145.66,1955198,-182.990,-109.980,-46.970,0.7850,1.0960
1488,20.0441,12.8981,0.8738,393216,830.47,145.66,1955198,-182.990,-109.980,-46.970,0.7850,1.0960
1489,20.0566,12.9266,0.9581,393216,830.47,145.66,1955198,-182.990,-109.980,-46.970,0.7850,1.0960
1490,20.0683,12.6518,0.7726,393216,830.47,145.66,1955198,-182.990,-109.980,-46.970,0.7850,1.0960
1491,20.0813,11.5798,0.8256,393216,830.47,145.66,1955198,-182.990,-109.980,-46.970,0.7850,1.0960
1492,20.0942,13.0214,0.8014,393216,830.47,145.66,1955198,-182.990,-109.980,-46.970,0.7850,1.0960
1493,20.1074,12.8567,1.1460,393216,830.47,145.66,1955198,-182.990,-109.980,-46.970,0.7850,1.0960
1494,20.1201,13.1962,0.9548,393216,830.47,145.66,1955198,-182.990,-109.980,-46.970,0.7850,1.0960
1495,20.1325,12.6646,0.9370,393216,830.47,145.66,1955198,-182.990,-109.980,-46.970,0.7850,1.0960
1496,20.1452,12.4935,0.7777,393216,830.47,145.66,1955198,-182.990,-109.980,-46.970,0.7850,1.0960
1497,20.1583,12.6496,0.9231,393216,830.47,145.66,1955198,-182.990,-109.980,-46.970,0.7850,1.0960
1498,20.1711,13.0645,0.8371,393216,830.47,145.66,1955198,-182.990,-109.980,-46.970,0.7850,1.0960
1499,20.1839,12.7991,0.8720,393216,830.47,145.66,1955198,-182.990,-109.980,-46.970,0.7850,1.0960
1500,20.1969,12.8513,1.0096,393216,830.47,145.66,1955198,-182.990,-109.980,-46.970,0.7850,1.0960
1501,20.2092,13.0221,0.8032,393216,830.47,145.66,1955198,-182.990,-109.980,-46.970,0.7850,1.0960
1502,20.2221,12.2865,0.7981,393216,830.47,145.66,1955198,-182.990,-109.980,-46.970,0.7850,1.0960
1503,20.2350,12.8609,0.7894,393216,830.47,145.66,1955198,-182.990,-109.980,-46.970,0.7850,1.0960
1504,20.2480,12.9019,0.8334,393216,830.47,145.66,1955198,-182.990,-109.980,-46.970,0.7850,1.0960
1505,20.2607,12.9885,0.8366,393216,830.47,145.66,1955198,-182.990,-109.980,-46.970,0.7850,1.0960
1506,20.2729,12.7252,0.8582,393216,830.47,145.66,1955198,-182.990,-109.980,-46.970,0.7850,1.0960
1507,20.2853,12.1446,0.7676,393216,830.47,145.66,1955198,-182.990,-109.980,-46.970,0.7850,1.0960
1508,20.2983,12.4384,1.0022,393216,830.47,145.66,1955198,-182.990,-109.980,-46.970,0.7850,1.0960
1509,20.3110,13.0029,0.8537,393216,830.47,145.66,1955198,-182.990,-109.980,-46.970,0.7850,1.0960
1510,20.3240,12.7038,0.8339,393216,830.47,145.66,1955198,-182.990,-109.980,-46.970,0.7850,1.0960
1511,20.3368,13.0013,0.8347,393216,830.47,145.66,1955198,-182.990,-109.980,-46.970,0.7850,1.0960
1512,20.3498,12.7614,1.1641,393216,830.47,145.66,1955198,-182.990,-109.980,-46.970,0.7850,1.0960
1513,20.3621,12.9993,0.8997,393216,830.47,145.66,1955198,-182.990,-109.980,-46.970,0.7850,1.0960
1514,20.3751,12.3673,1.0979,393216,830.47,145.66,1955198,-182.990,-109.980,-46.970,0.7850,1.0960
1515,20.3878,12.9635,0.9624,393216,830.47,145.66,1955198,-182.990,-109.980,-46.970,0.7850,1.0960
1516,20.4008,12.7337,0.9057,393216,830.47,145.66,1955198,-182.990,-109.980,-46.970,0.7850,1.0960
1517,20.4135,12.9295,0.8357,393216,830.47,145.66,1955198,-182.990,-109.980,-46.970,0.7850,1.0960
1518,20.4262,12.7211,0.9256,393216,830.47,145.66,1955198,-182.990,-109.980,-46.970,0.7850,1.0960
1519,20.4389,12.7087,0.8923,393216,830.47,145.66,1955198,-182.990,-109.980,-46.970,0.7850,1.0960
1520,20.4517,12.7684,0.8415,393216,830.47,145.66,1955198,-182.990,-109.980,-46.970,0.7850,1.0960
1521,20.4645,12.7795,0.8982,393216,830.47,145.66,1955198,-182.990,-109.980,-46.970,0.7850,1.0960
1522,20.4767,12.7812,0.9200,393216,830.47,145.66,1955198,-182.990,-109.980,-46.970,0.7850,1.0960
1523,20.4895,12.1853,0.9632,393216,830.47,145.66,1955198,-182.990,-109.980,-46.970,0.7850,1.0960
1524,20.5019,12.8442,0.8666,393216,830.47,145.66,1955198,-182.990,-109.980,-46.970,0.7850,1.0960
1525,20.5147,12.3105,0.8970,393216,830.47,145.66,1955198,-182.990,-109.980,-46.970,0.7850,1.0960
1526,20.5276,12.8126,0.9251,393216,830.47,145.66,1955198,-182.990,-109.980,-46.970,0.7850,1.0960
1527,20.5410,12.9657,1.2110,393216,830.47,145.66,1955198,-182.990,-109.980,-46.970,0.7850,1.0960
1528,20.5532,13.4478,0.8682,393216,830.47,145.66,1955198,-182.990,-109.980,-46.970,0.7850,1.0960
1529,20.5665,12.1689,1.1739,393216,830.47,145.66,1955198,-182.990,-109.980,-46.970,0.7850,1.0960
1530,20.5785,13.2438,0.8326,393216,830.47,145.66,1955198,-182.990,-109.980,-46.970,0.7850,1.0960
1531,20.5915,12.0316,0.9186,393216,830.47,145.66,1955198,-182.990,-109.980,-46.970,0.7850,1.0960
1532,20.6043,13.0821,0.8681,393216,830.47,145.66,1955198,-182.990,-109.980,-46.970,0.7850,1.0960
1533,20.6175,12.6848,1.1302,393216,830.47,145.66,1955198,-182.990,-109.980,-46.970,0.7850,1.0960
1534,20.6301,13.2622,0.8986,393216,830.47,145.66,1955198,-182.990,-109.980,-46.970,0.7850,1.0960
1535,20.6428,12.6001,0.8781,393216,830.47,145.66,1955198,-182.990,-109.980,-46.970,0.7850,1.0960
1536,20.6553,12.6724,0.8722,393216,830.47,145.66,1955198,-182.990,-109.980,-46.970,0.7850,1.0960
1537,20.6681,12.4715,0.8864,393216,830.47,145.66,1955198,-182.990,-109.980,-46.970,0.7850,1.0960
1538,20.6803,12.8175,0.8182,393216,830.47,145.66,1955198,-182.990,-109.980,-46.970,0.7850,1.0960
1539,20.6933,12.2040,0.9693,393216,830.47,145.66,1955198,-182.990,-109.980,-46.970,0.7850,1.0960
1540,20.7061,13.0251,0.8394,393216,830.47,145.66,1955198,-182.990,-109.980,-46.970,0.7850,1.0960
1541,20.7190,12.7470,0.8895,393216,830.47,145.66,1955198,-182.990,-109.980,-46.970,0.7850,1.0960
1542,20.7315,12.9339,0.7691,393216,830.47,145.66,1955198,-182.990,-109.980,-46.970,0.7850,1.0960
1543,20.7442,12.4462,0.8227,393216,830.47,145.66,1955198,-182.990,-109.980,-46.970,0.7850,1.0960
1544,20.7571,12.7790,0.8143,393216,830.47,145.66,1955198,-182.990,-109.980,-46.970,0.7850,1.0960
1545,20.7701,12.8455,0.8607,393216,830.47,145.66,1955198,-182.990,-109.980,-46.970,0.7850,1.0960
1546,20.7830,13.0403,0.8511,393216,830.47,145.66,1955198,-182.990,-109.980,-46.970,0.7850,1.0960
1547,20.7959,12.9348,0.9565,393216,830.47,145.66,1955198,-182.990,-109.980,-46.970,0.7850,1.0960
1548,20.8087,12.8700,1.2193,393216,830.47,145.66,1955198,-182.990,-109.980,-46.970,0.7850,1.0960
1549,20.8212,12.7916,0.8765,393216,830.47,145.66,1955198,-182.990,-109.980,-46.970,0.7850,1.0960
1550,20.8340,12.5162,0.9256,393216,830.47,145.66,1955198,-182.990,-109.980,-46.970,0.7850,1.0960
1551,20.8468,12.7431,0.8098,393216,830.47,145.66,1955198,-182.990,-109.980,-46.970,0.7850,1.0960
1552,20.8598,12.8545,0.8470,393216,830.47,145.66,1955198,-182.990,-109.980,-46.970,0.7850,1.0960
1553,20.8727,12.9516,0.8878,393216,830.47,145.66,1955198,-182.990,-109.980,-46.970,0.7850,1.0960
1554,20.8844,12.9085,0.8106,393216,830.47,145.66,1955198,-182.990,-109.980,-46.970,0.7850,1.0960
1555,20.8973,11.7023,0.8110,393216,830.47,145.66,1955198,-182.990,-109.980,-46.970,0.7850,1.0960
1556,20.9101,12.8574,0.8529,393216,830.47,145.66,1955198,-182.990,-109.980,-46.970,0.7850,1.0960
1557,20.9231,12.8409,0.8547,393216,830.47,145.66,1955198,-182.990,-109.980,-46.970,0.7850,1.0960
1558,20.9357,13.0068,0.8231,393216,830.47,145.66,1955198,-182.990,-109.980,-46.970,0.7850,1.0960
1559,20.9486,12.6373,1.0251,393216,830.47,145.66,1955198,-182.990,-109.980,-46.970,0.7850,1.0960
1560,20.9612,12.8616,0.8447,393216,830.47,145.66,1955198,-182.990,-109.980,-46.970,0.7850,1.0960
1561,20.9738,12.6054,0.8067,393216,830.47,145.66,1955198,-182.990,-109.980,-46.970,0.7850,1.0960
1562,20.9868,12.6232,0.8174,393216,830.47,145.66,1955198,-182.990,-109.980,-46.970,0.7850,1.0960
1563,21.0001,12.9446,0.9755,393216,830.47,145.66,1955198,-182.990,-109.980,-46.970,0.7850,1.0960
1564,21.0126,13.2815,0.7934,393216,830.47,145.66,1955198,-182.990,-109.980,-46.970,0.7850,1.0960
1565,21.0253,12.5020,0.9445,393216,830.47,145.66,1955198,-182.990,-109.980,-46.970,0.7850,1.0960
1566,21.0379,12.7896,0.8786,393216,830.47,145.66,1955198,-182.990,-109.980,-46.970,0.7850,1.0960
1567,21.0511,12.5964,1.2036,393216,830.47,145.66,1955198,-182.990,-109.980,-46.970,0.7850,1.0960
1568,21.0637,13.1670,0.9226,393216,830.47,145.66,1955198,-182.990,-109.980,-46.970,0.7850,1.0960
1569,21.0767,12.6269,0.9149,393216,830.47,145.66,1955198,-182.990,-109.980,-46.970,0.7850,1.0960
1570,21.0887,12.9049,0.9181,393216,830.47,145.66,1955198,-182.990,-109.980,-46.970,0.7850,1.0960
1571,21.1014,12.0763,1.0717,393216,830.47,145.66,1955198,-182.990,-109.980,-46.970,0.7850,1.0960
1572,21.1140,12.6429,0.8539,393216,830.47,145.66,1955198,-182.990,-109.980,-46.970,0.7850,1.0960
1573,21.1267,12.6175,0.8571,393216,830.47,145.66,1955198,-182.990,-109.980,-46.970,0.7850,1.0960
1574,21.1397,12.6868,0.8631,393216,830.47,145.66,1955198,-182.990,-109.980,-46.970,0.7850,1.0960
1575,21.1524,13.0644,0.7662,393216,830.47,145.66,1955198,-182.990,-109.980,-46.970,0.7850,1.0960
1576,21.1654,12.6870,0.8718,393216,830.47,145.66,1955198,-182.990,-109.980,-46.970,0.7850,1.0960
1577,21.1780,12.9535,0.8472,393216,830.47,145.66,1955198,-182.990,-109.980,-46.970,0.7850,1.0960
1578,21.1907,12.5965,0.8795,393216,830.47,145.66,1955198,-182.990,-109.980,-46.970,0.7850,1.0960
1579,21.2036,12.7535,0.8518,393216,830.47,145.66,1955198,-182.990,-109.980,-46.970,0.7850,1.0960
1580,21.2166,12.8436,0.8938,393216,830.47,145.66,1955198,-182.990,-109.980,-46.970,0.7850,1.0960
1581,21.2292,13.0372,0.8210,393216,830.47,145.66,1955198,-182.990,-109.980,-46.970,0.7850,1.0960
1582,21.2422,12.5798,1.0011,393216,830.47,145.66,1955198,-182.990,-109.980,-46.970,0.7850,1.0960
1583,21.2546,13.0863,0.8606,393216,830.47,145.66,1955198,-182.990,-109.980,-46.970,0.7850,1.0960
1584,21.2675,12.3595,0.9554,393216,830.47,145.66,1955198,-182.990,-109.980,-46.970,0.7850,1.0960
1585,21.2805,12.8857,0.9291,393216,830.47,145.66,1955198,-182.990,-109.980,-46.970,0.7850,1.0960
1586,21.2929,12.9478,1.1800,393216,830.47,145.66,1955198,-182.990,-109.980,-46.970,0.7850,1.0960
1587,21.3056,12.4858,1.0102,393216,830.47,145.66,1955198,-182.990,-109.980,-46.970,0.7850,1.0960
1588,21.3186,12.6077,1.2463,393216,830.47,145.66,1955198,-182.990,-109.980,-46.970,0.7850,1.0960
1589,21.3306,13.0015,0.8095,393216,830.47,145.66,1955198,-182.990,-109.980,-46.970,0.7850,1.0960
1590,21.3435,12.0251,0.9580,393216,830.47,145.66,1955198,-182.990,-109.980,-46.970,0.7850,1.0960
1591,21.3562,12.9606,0.7592,393216,830.47,145.66,1955198,-182.990,-109.980,-46.970,0.7850,1.0960
1592,21.3694,12.6606,0.9400,393216,830.47,145.66,1955198,-182.990,-109.980,-46.970,0.7850,1.0960
1593,21.3820,13.2139,0.7633,393216,830.47,145.66,1955198,-182.990,-109.980,-46.970,0.7850,1.0960
1594,21.3951,12.6195,0.9254,393216,830.47,145.66,1955198,-182.990,-109.980,-46.970,0.7850,1.0960
1595,21.4075,13.0516,0.8479,393216,830.47,145.66,1955198,-182.990,-109.980,-46.970,0.7850,1.0960
1596,21.4202,12.4351,0.8222,393216,830.47,145.66,1955198,-182.990,-109.980,-46.970,0.7850,1.0960
1597,21.4332,12.6999,0.8715,393216,830.47,145.66,1955198,-182.990,-109.980,-46.970,0.7850,1.0960
1598,21.4461,12.9860,0.8278,393216,830.47,145.66,1955198,-182.990,-109.980,-46.970,0.7850,1.0960
1599,21.4595,12.8901,1.3294,393216,830.47,145.66,1955198,-182.990,-109.980,-46.970,0.7850,1.0960
1600,21.4718,13.3818,0.9136,393216,830.47,145.66,1955198,-182.990,-109.980,-46.970,0.7850,1.0960
1601,21.4844,12.3019,1.0045,393216,830.47,145.66,1955198,-182.990,-109.980,-46.970,0.7850,1.0960
1602,21.4963,12.6099,0.8597,393216,830.47,145.66,1955198,-182.990,-109.980,-46.970,0.7850,1.0960
1603,21.5096,11.9307,1.1608,393216,830.47,145.66,1955198,-182.990,-109.980,-46.970,0.7850,1.0960
1604,21.5221,13.2609,0.8648,393216,830.47,145.66,1955198,-182.990,-109.980,-46.970,0.7850,1.0960
1605,21.5353,12.5203,1.1663,393216,830.47,145.66,1955198,-182.990,-109.980,-46.970,0.7850,1.0960
1606,21.5475,13.1931,0.8298,393216,830.47,145.66,1955198,-182.990,-109.980,-46.970,0.7850,1.0960
1607,21.5604,12.1946,0.8949,393216,830.47,145.66,1955198,-182.990,-109.980,-46.970,0.7850,1.0960
1608,21.5731,12.9084,0.8046,393216,830.47,145.66,1955198,-182.990,-109.980,-46.970,0.7850,1.0960
1609,21.5860,12.7220,0.8227,393216,830.47,145.66,1955198,-182.990,-109.980,-46.970,0.7850,1.0960
1610,21.5990,12.9081,0.8271,393216,830.47,145.66,1955198,-182.990,-109.980,-46.970,0.7850,1.0960
1611,21.6118,12.9701,0.8022,393216,830.47,145.66,1955198,-182.990,-109.980,-46.970,0.7850,1.0960
1612,21.6246,12.8054,1.0383,393216,830.47,145.66,1955198,-182.990,-109.980,-46.970,0.7850,1.0960
1613,21.6371,12.8117,0.8428,393216,830.47,145.66,1955198,-182.990,-109.980,-46.970,0.7850,1.0960
1614,21.6499,12.4908,0.7487,393216,830.47,145.66,1955198,-182.990,-109.980,-46.970,0.7850,1.0960
1615,21.6630,12.8220,0.8828,393216,830.47,145.66,1955198,-182.990,-109.980,-46.970,0.7850,1.0960
1616,21.6761,13.0863,0.9532,393216,830.47,145.66,1955198,-182.990,-109.980,-46.970,0.7850,1.0960
1617,21.6888,13.1000,0.9328,393216,830.47,145.66,1955198,-182.990,-109.980,-46.970,0.7850,1.0960
1618,21.7006,12.7142,0.8389,393216,830.47,145.66,1955198,-182.990,-109.980,-46.970,0.7850,1.0960
1619,21.7132,11.7206,0.8338,393216,830.47,145.66,1955198,-182.990,-109.980,-46.970,0.7850,1.0960
1620,21.7265,12.5901,1.1892,393216,830.47,145.66,1955198,-182.990,-109.980,-46.970,0.7850,1.0960
1621,21.7391,13.3434,0.8365,393216,830.47,145.66,1955198,-182.990,-109.980,-46.970,0.7850,1.0960
1622,21.7522,12.5949,1.0258,393216,830.47,145.66,1955198,-182.990,-109.980,-46.970,0.7850,1.0960
1623,21.7649,13.1600,0.9577,393216,830.47,145.66,1955198,-182.990,-109.980,-46.970,0.7850,1.0960
1624,21.7774,12.6077,0.9361,393216,830.47,145.66,1955198,-182.990,-109.980,-46.970,0.7850,1.0960
1625,21.7900,12.4976,0.8352,393216,830.47,145.66,1955198,-182.990,-109.980,-46.970,0.7850,1.0960
1626,21.8029,12.6604,0.8491,393216,830.47,145.66,1955198,-182.990,-109.980,-46.970,0.7850,1.0960
1627,21.8158,12.9372,0.8315,393216,830.47,145.66,1955198,-182.990,-109.980,-46.970,0.7850,1.0960
1628,21.8287,12.8049,0.8833,393216,830.47,145.66,1955198,-182.990,-109.980,-46.970,0.7850,1.0960
1629,21.8414,12.9192,0.7968,393216,830.47,145.66,1955198,-182.990,-109.980,-46.970,0.7850,1.0960
1630,21.8541,12.7037,0.8621,393216,830.47,145.66,1955198,-182.990,-109.980,-46.970,0.7850,1.0960
1631,21.8668,12.7113,0.8164,393216,830.47,145.66,1955198,-182.990,-109.980,-46.970,0.7850,1.0960
1632,21.8797,12.7011,0.8888,393216,830.47,145.66,1955198,-182.990,-109.980,-46.970,0.7850,1.0960
1633,21.8927,12.9004,0.8620,393216,830.47,145.66,1955198,-182.990,-109.980,-46.970,0.7850,1.0960
1634,21.9047,13.0073,0.8906,393216,830.47,145.66,1955198,-182.990,-109.980,-46.970,0.7850,1.0960
1635,21.9174,11.9681,0.8432,393216,830.47,145.66,1955198,-182.990,-109.980,-46.970,0.7850,1.0960
1636,21.9298,12.7163,0.7848,393216,830.47,145.66,1955198,-182.990,-109.980,-46.970,0.7850,1.0960
1637,21.9429,12.4452,0.9150,393216,830.47,145.66,1955198,-182.990,-109.980,-46.970,0.7850,1.0960
1638,21.9557,13.0250,0.8858,393216,830.47,145.66,1955198,-182.990,-109.980,-46.970,0.7850,1.0960
1639,21.9688,12.8136,1.0303,393216,830.47,145.66,1955198,-182.990,-109.980,-46.970,0.7850,1.0960
1640,21.9814,13.1645,0.8238,393216,830.47,145.66,1955198,-182.990,-109.980,-46.970,0.7850,1.0960
1641,21.9942,12.5563,0.9191,393216,830.47,145.66,1955198,-182.990,-109.980,-46.970,0.7850,1.0960
1642,22.0067,12.8406,0.8974,393216,830.47,145.66,1955198,-182.990,-109.980,-46.970,0.7850,1.0960
1643,22.0197,12.4417,1.0036,393216,830.47,145.66,1955198,-182.990,-109.980,-46.970,0.7850,1.0960
1644,22.0323,12.9769,0.8142,393216,830.47,145.66,1955198,-182.990,-109.980,-46.970,0.7850,1.0960
1645,22.0453,12.6779,0.8515,393216,830.47,145.66,1955198,-182.990,-109.980,-46.970,0.7850,1.0960
1646,22.0582,12.9501,0.8773,393216,830.47,145.66,1955198,-182.990,-109.980,-46.970,0.7850,1.0960
1647,22.0711,12.9713,0.9258,393216,830.47,145.66,1955198,-182.990,-109.980,-46.970,0.7850,1.0960
1648,22.0835,12.8695,0.8212,393216,830.47,145.66,1955198,-182.990,-109.980,-46.970,0.7850,1.0960
1649,22.0963,12.4072,0.8845,393216,830.47,145.66,1955198,-182.990,-109.980,-46.970,0.7850,1.0960
1650,22.1085,12.7939,0.8550,393216,830.47,145.66,1955198,-182.990,-109.980,-46.970,0.7850,1.0960
1651,22.1214,12.1433,0.8216,393216,830.47,145.66,1955198,-182.990,-109.980,-46.970,0.7850,1.0960
1652,22.1342,12.9569,0.8490,393216,830.47,145.66,1955198,-182.990,-109.980,-46.970,0.7850,1.0960
1653,22.1471,12.8342,0.8810,393216,830.47,145.66,1955198,-182.990,-109.980,-46.970,0.7850,1.0960
1654,22.1595,12.8492,0.8777,393216,830.47,145.66,1955198,-182.990,-109.980,-46.970,0.7850,1.0960
1655,22.1724,12.4349,0.8459,393216,830.47,145.66,1955198,-182.990,-109.980,-46.970,0.7850,1.0960
1656,22.1858,12.8625,1.2899,393216,830.47,145.66,1955198,-182.990,-109.980,-46.970,0.7850,1.0960
1657,22.1982,13.3759,0.8662,393216,830.47,145.66,1955198,-182.990,-109.980,-46.970,0.7850,1.0960
1658,22.2112,12.3914,1.0613,393216,830.47,145.66,1955198,-182.990,-109.980,-46.970,0.7850,1.0960
1659,22.2235,13.0701,0.8236,393216,830.47,145.66,1955198,-182.990,-109.980,-46.970,0.7850,1.0960
1660,22.2364,12.2356,0.9945,393216,830.47,145.66,1955198,-182.990,-109.980,-46.970,0.7850,1.0960
1661,22.2491,12.9371,0.7623,393216,830.47,145.66,1955198,-182.990,-109.980,-46.970,0.7850,1.0960
1662,22.2620,12.6878,0.8431,393216,830.47,145.66,1955198,-182.990,-109.980,-46.970,0.7850,1.0960
1663,22.2750,12.9304,0.7937,393216,830.47,145.66,1955198,-182.990,-109.980,-46.970,0.7850,1.0960
1664,22.2877,12.9619,0.7842,393216,830.47,145.66,1955198,-182.990,-109.980,-46.970,0.7850,1.0960
1665,22.3001,12.7211,0.7684,393216,830.47,145.66,1955198,-182.990,-109.980,-46.970,0.7850,1.0960
1666,22.3123,12.3615,0.9337,393216,830.47,145.66,1955198,-182.990,-109.980,-46.970,0.7850,1.0960
1667,22.3252,12.2789,0.9091,393216,830.47,145.66,1955198,-182.990,-109.980,-46.970,0.7850,1.0960
1668,22.3381,12.8596,0.7756,393216,830.47,145.66,1955198,-182.990,-109.980,-46.970,0.7850,1.0960
1669,22.3509,12.8705,0.7688,393216,830.47,145.66,1955198,-182.990,-109.980,-46.970,0.7850,1.0960
1670,22.3640,12.8098,0.9807,393216,830.47,145.66,1955198,-182.990,-109.980,-46.970,0.7850,1.0960
1671,22.3762,13.0691,0.7303,393216,830.47,145.66,1955198,-182.990,-109.980,-46.970,0.7850,1.0960
1672,22.3889,12.2800,0.7860,393216,830.47,145.66,1955198,-182.990,-109.980,-46.970,0.7850,1.0960
1673,22.4020,12.7079,0.9166,393216,830.47,145.66,1955198,-182.990,-109.980,-46.970,0.7850,1.0960
1674,22.4149,13.1064,0.8648,393216,830.47,145.66,1955198,-182.990,-109.980,-46.970,0.7850,1.0960
1675,22.4279,12.8642,0.9066,393216,830.47,145.66,1955198,-182.990,-109.980,-46.970,0.7850,1.0960
1676,22.4406,12.9394,0.8651,393216,830.47,145.66,1955198,-182.990,-109.980,-46.970,0.7850,1.0960
1677,22.4533,12.7566,0.9380,393216,830.47,145.66,1955198,-182.990,-109.980,-46.970,0.7850,1.0960
1678,22.4659,12.6867,0.8327,393216,830.47,145.66,1955198,-182.990,-109.980,-46.970,0.7850,1.0960
1679,22.4788,12.6023,0.8205,393216,830.47,145.66,1955198,-182.990,-109.980,-46.970,0.7850,1.0960
1680,22.4916,12.9093,0.8159,393216,830.47,145.66,1955198,-182.990,-109.980,-46.970,0.7850,1.0960
1681,22.5045,12.7585,0.8142,393216,830.47,145.66,1955198,-182.990,-109.980,-46.970,0.7850,1.0960
1682,22.5167,12.9761,0.8827,393216,830.47,145.66,1955198,-182.990,-109.980,-46.970,0.7850,1.0960
1683,22.5293,12.1600,0.9156,393216,830.47,145.66,1955198,-182.990,-109.980,-46.970,0.7850,1.0960
1684,22.5420,12.6214,0.8026,393216,830.47,145.66,1955198,-182.990,-109.980,-46.970,0.7850,1.0960
1685,22.5550,12.7053,0.8262,393216,830.47,145.66,1955198,-182.990,-109.980,-46.970,0.7850,1.0960
1686,22.5680,12.9360,0.8697,393216,830.47,145.66,1955198,-182.990,-109.980,-46.970,0.7850,1.0960
1687,22.5806,13.0472,0.7944,393216,830.47,145.66,1955198,-182.990,-109.980,-46.970,0.7850,1.0960
1688,22.5936,12.6306,0.8726,393216,830.47,145.66,1955198,-182.990,-109.980,-46.970,0.7850,1.0960
1689,22.6061,12.9418,0.8131,393216,830.47,145.66,1955198,-182.990,-109.980,-46.970,0.7850,1.0960
1690,22.6191,12.4659,0.8989,393216,830.47,145.66,1955198,-182.990,-109.980,-46.970,0.7850,1.0960
1691,22.6319,13.0284,0.8388,393216,830.47,145.66,1955198,-182.990,-109.980,-46.970,0.7850,1.0960
1692,22.6451,12.8113,1.0772,393216,830.47,145.66,1955198,-182.990,-109.980,-46.970,0.7850,1.0960
1693,22.6577,13.2178,0.8504,393216,830.47,145.66,1955198,-182.990,-109.980,-46.970,0.7850,1.0960
1694,22.6708,12.6134,1.0389,393216,830.47,145.66,1955198,-182.990,-109.980,-46.970,0.7850,1.0960
1695,22.6830,13.0605,0.8367,393216,830.47,145.66,1955198,-182.990,-109.980,-46.970,0.7850,1.0960
1696,22.6957,12.2054,0.8424,393216,830.47,145.66,1955198,-182.990,-109.980,-46.970,0.7850,1.0960
1697,22.7088,12.6982,0.8706,393216,830.47,145.66,1955198,-182.990,-109.980,-46.970,0.7850,1.0960
1698,22.7210,13.1280,0.8673,393216,830.47,145.66,1955198,-182.990,-109.980,-46.970,0.7850,1.0960
1699,22.7336,12.1476,0.7768,393216,830.47,145.66,1955198,-182.990,-109.980,-46.970,0.7850,1.0960
1700,22.7467,12.6803,0.9988,393216,830.47,145.66,1955198,-182.990,-109.980,-46.970,0.7850,1.0960
1701,22.7591,13.1016,0.8026,393216,830.47,145.66,1955198,-182.990,-109.980,-46.970,0.7850,1.0960
1702,22.7719,12.4002,0.7776,393216,830.47,145.66,1955198,-182.990,-109.980,-46.970,0.7850,1.0960
1703,22.7851,12.7403,0.8609,393216,830.47,145.66,1955198,-182.990,-109.980,-46.970,0.7850,1.0960
1704,22.7980,13.1666,0.8097,393216,830.47,145.66,1955198,-182.990,-109.980,-46.970,0.7850,1.0960
1705,22.8111,12.9265,1.0484,393216,830.47,145.66,1955198,-182.990,-109.980,-46.970,0.7850,1.0960
1706,22.8239,13.1759,1.0280,393216,830.47,145.66,1955198,-182.990,-109.980,-46.970,0.7850,1.0960
1707,22.8362,12.7115,0.8627,393216,830.47,145.66,1955198,-182.990,-109.980,-46.970,0.7850,1.0960
1708,22.8492,12.3847,0.9201,393216,830.47,145.66,1955198,-182.990,-109.980,-46.970,0.7850,1.0960
1709,22.8623,12.9208,1.1903,393216,830.47,145.66,1955198,-182.990,-109.980,-46.970,0.7850,1.0960
1710,22.8749,13.1282,0.8885,393216,830.47,145.66,1955198,-182.990,-109.980,-46.970,0.7850,1.0960
1711,22.8878,12.5712,1.0479,393216,830.47,145.66,1955198,-182.990,-109.980,-46.970,0.7850,1.0960
1712,22.9002,12.9583,0.8857,393216,830.47,145.66,1955198,-182.990,-109.980,-46.970,0.7850,1.0960
1713,22.9130,12.3474,0.8731,393216,830.47,145.66,1955198,-182.990,-109.980,-46.970,0.7850,1.0960
1714,22.9252,12.8128,0.9831,393216,830.47,145.66,1955198,-182.990,-109.980,-46.970,0.7850,1.0960
1715,22.9382,12.1853,1.0349,393216,830.47,145.66,1955198,-182.990,-109.980,-46.970,0.7850,1.0960
1716,22.9507,12.9917,0.9148,393216,830.47,145.66,1955198,-182.990,-109.980,-46.970,0.7850,1.0960
1717,22.9637,12.5523,0.9878,393216,830.47,145.66,1955198,-182.990,-109.980,-46.970,0.7850,1.0960
1718,22.9761,12.9441,0.9133,393216,830.47,145.66,1955198,-182.990,-109.980,-46.970,0.7850,1.0960
1719,22.9889,12.3893,0.9026,393216,830.47,145.66,1955198,-182.990,-109.980,-46.970,0.7850,1.0960
1720,23.0018,12.8732,0.8780,393216,830.47,145.66,1955198,-182.990,-109.980,-46.970,0.7850,1.0960
1721,23.0146,12.8683,0.8546,393216,830.47,145.66,1955198,-182.990,-109.980,-46.970,0.7850,1.0960
1722,23.0275,12.8048,0.8576,393216,830.47,145.66,1955198,-182.990,-109.980,-46.970,0.7850,1.0960
1723,23.0404,12.8825,0.8617,393216,830.47,145.66,1955198,-182.990,-109.980,-46.970,0.7850,1.0960
1724,23.0528,12.9199,0.8049,393216,830.47,145.66,1955198,-182.990,-109.980,-46.970,0.7850,1.0960
1725,23.0658,12.4450,0.8916,393216,830.47,145.66,1955198,-182.990,-109.980,-46.970,0.7850,1.0960
1726,23.0787,12.9599,0.8914,393216,830.47,145.66,1955198,-182.990,-109.980,-46.970,0.7850,1.0960
1727,23.0918,12.8901,1.0415,393216,830.47,145.66,1955198,-182.990,-109.980,-46.970,0.7850,1.0960
1728,23.1044,13.1376,0.7528,393216,830.47,145.66,1955198,-182.990,-109.980,-46.970,0.7850,1.0960
1729,23.1173,12.5326,0.9423,393216,830.47,145.66,1955198,-182.990,-109.980,-46.970,0.7850,1.0960
1730,23.1290,12.9597,0.8342,393216,830.47,145.66,1955198,-182.990,-109.980,-46.970,0.7850,1.0960
1731,23.1419,11.6765,0.9454,393216,830.47,145.66,1955198,-182.990,-109.980,-46.970,0.7850,1.0960
1732,23.1546,12.9195,0.8101,393216,830.47,145.66,1955198,-182.990,-109.980,-46.970,0.7850,1.0960
1733,23.1677,12.6957,0.8958,393216,830.47,145.66,1955198,-182.990,-109.980,-46.970,0.7850,1.0960
1734,23.1804,13.0449,0.8380,393216,830.47,145.66,1955198,-182.990,-109.980,-46.970,0.7850,1.0960
1735,23.1934,12.7691,0.8638,393216,830.47,145.66,1955198,-182.990,-109.980,-46.970,0.7850,1.0960
1736,23.2059,12.9398,0.8850,393216,830.47,145.66,1955198,-182.990,-109.980,-46.970,0.7850,1.0960
1737,23.2186,12.4852,0.8438,393216,830.47,145.66,1955198,-182.990,-109.980,-46.970,0.7850,1.0960
1738,23.2315,12.7123,0.7805,393216,830.47,145.66,1955198,-182.990,-109.980,-46.970,0.7850,1.0960
1739,23.2446,12.9163,0.8612,393216,830.47,145.66,1955198,-182.990,-109.980,-46.970,0.7850,1.0960
1740,23.2576,13.1279,0.9541,393216,830.47,145.66,1955198,-182.990,-109.980,-46.970,0.7850,1.0960
1741,23.2705,12.9773,1.0284,393216,830.47,145.66,1955198,-182.990,-109.980,-46.970,0.7850,1.0960
1742,23.2830,12.8989,1.0629,393216,830.47,145.66,1955198,-182.990,-109.980,-46.970,0.7850,1.0960
1743,23.2957,12.5291,0.8756,393216,830.47,145.66,1955198,-182.990,-109.980,-46.970,0.7850,1.0960
1744,23.3086,12.7123,0.8954,393216,830.47,145.66,1955198,-182.990,-109.980,-46.970,0.7850,1.0960
1745,23.3212,12.9270,0.8263,393216,830.47,145.66,1955198,-182.990,-109.980,-46.970,0.7850,1.0960
1746,23.3334,12.5642,0.8425,393216,830.47,145.66,1955198,-182.990,-109.980,-46.970,0.7850,1.0960
1747,23.3459,12.2049,0.8289,393216,830.47,145.66,1955198,-182.990,-109.980,-46.970,0.7850,1.0960
1748,23.3586,12.4381,0.7728,393216,830.47,145.66,1955198,-182.990,-109.980,-46.970,0.7850,1.0960
1749,23.3716,12.6898,0.9069,393216,830.47,145.66,1955198,-182.990,-109.980,-46.970,0.7850,1.0960
1750,23.3842,13.1074,0.8087,393216,830.47,145.66,1955198,-182.990,-109.980,-46.970,0.7850,1.0960
1751,23.3973,12.5663,0.9112,393216,830.47,145.66,1955198,-182.990,-109.980,-46.970,0.7850,1.0960
1752,23.4104,13.0794,1.1628,393216,830.47,145.66,1955198,-182.990,-109.980,-46.970,0.7850,1.0960
1753,23.4226,13.0921,0.9331,393216,830.47,145.66,1955198,-182.990,-109.980,-46.970,0.7850,1.0960
1754,23.4356,12.2211,1.0504,393216,830.47,145.66,1955198,-182.990,-109.980,-46.970,0.7850,1.0960
1755,23.4483,12.9722,0.8714,393216,830.47,145.66,1955198,-182.990,-109.980,-46.970,0.7850,1.0960
1756,23.4613,12.6940,0.9819,393216,830.47,145.66,1955198,-182.990,-109.980,-46.970,0.7850,1.0960
1757,23.4740,13.0002,0.7834,393216,830.47,145.66,1955198,-182.990,-109.980,-46.970,0.7850,1.0960
1758,23.4869,12.6816,0.8590,393216,830.47,145.66,1955198,-182.990,-109.980,-46.970,0.7850,1.0960
1759,23.4993,12.9271,0.8200,393216,830.47,145.66,1955198,-182.990,-109.980,-46.970,0.7850,1.0960
1760,23.5121,12.4047,0.8253,393216,830.47,145.66,1955198,-182.990,-109.980,-46.970,0.7850,1.0960
1761,23.5251,12.7557,0.9194,393216,830.47,145.66,1955198,-182.990,-109.980,-46.970,0.7850,1.0960
1762,23.5371,13.0235,0.8319,393216,830.47,145.66,1955198,-182.990,-109.980,-46.970,0.7850,1.0960
1763,23.5498,11.9707,0.7806,393216,830.47,145.66,1955198,-182.990,-109.980,-46.970,0.7850,1.0960
1764,23.5627,12.7615,0.8630,393216,830.47,145.66,1955198,-182.990,-109.980,-46.970,0.7850,1.0960
1765,23.5753,12.9067,0.8304,393216,830.47,145.66,1955198,-182.990,-109.980,-46.970,0.7850,1.0960
1766,23.5879,12.5390,0.7763,393216,830.47,145.66,1955198,-182.990,-109.980,-46.970,0.7850,1.0960
1767,23.6010,12.6446,0.8037,393216,830.47,145.66,1955198,-182.990,-109.980,-46.970,0.7850,1.0960
1768,23.6139,13.0557,0.8956,393216,830.47,145.66,1955198,-182.990,-109.980,-46.970,0.7850,1.0960
1769,23.6270,12.9401,1.1433,393216,830.47,145.66,1955198,-182.990,-109.980,-46.970,0.7850,1.0960
1770,23.6395,13.1358,0.9058,393216,830.47,145.66,1955198,-182.990,-109.980,-46.970,0.7850,1.0960
1771,23.6523,12.4899,1.0786,393216,830.47,145.66,1955198,-182.990,-109.980,-46.970,0.7850,1.0960
1772,23.6648,12.7710,0.8930,393216,830.47,145.66,1955198,-182.990,-109.980,-46.970,0.7850,1.0960
1773,23.6778,12.5488,0.9766,393216,830.47,145.66,1955198,-182.990,-109.980,-46.970,0.7850,1.0960
1774,23.6905,12.9587,0.7325,393216,830.47,145.66,1955198,-182.990,-109.980,-46.970,0.7850,1.0960
1775,23.7034,12.7249,0.8511,393216,830.47,145.66,1955198,-182.990,-109.980,-46.970,0.7850,1.0960
1776,23.7163,12.8866,0.8986,393216,830.47,145.66,1955198,-182.990,-109.980,-46.970,0.7850,1.0960
1777,23.7289,12.8893,0.8918,393216,830.47,145.66,1955198,-182.990,-109.980,-46.970,0.7850,1.0960
1778,23.7409,12.6055,0.7790,393216,830.47,145.66,1955198,-182.990,-109.980,-46.970,0.7850,1.0960
1779,23.7538,11.9490,0.8113,393216,830.47,145.66,1955198,-182.990,-109.980,-46.970,0.7850,1.0960
1780,23.7667,12.9494,0.8354,393216,830.47,145.66,1955198,-182.990,-109.980,-46.970,0.7850,1.0960
1781,23.7795,12.8875,0.8027,393216,830.47,145.66,1955198,-182.990,-109.980,-46.970,0.7850,1.0960
1782,23.7925,12.7951,0.9684,393216,830.47,145.66,1955198,-182.990,-109.980,-46.970,0.7850,1.0960
1783,23.8048,13.0107,0.8125,393216,830.47,145.66,1955198,-182.990,-109.980,-46.970,0.7850,1.0960
1784,23.8176,12.3127,0.8198,393216,830.47,145.66,1955198,-182.990,-109.980,-46.970,0.7850,1.0960
1785,23.8306,12.7659,0.8635,393216,830.47,145.66,1955198,-182.990,-109.980,-46.970,0.7850,1.0960
1786,23.8436,13.0007,0.8614,393216,830.47,145.66,1955198,-182.990,-109.980,-46.970,0.7850,1.0960
1787,23.8564,13.1110,0.8109,393216,830.47,145.66,1955198,-182.990,-109.980,-46.970,0.7850,1.0960
1788,23.8696,12.6862,1.1967,393216,830.47,145.66,1955198,-182.990,-109.980,-46.970,0.7850,1.0960
1789,23.8815,13.2244,0.7756,393216,830.47,145.66,1955198,-182.990,-109.980,-46.970,0.7850,1.0960
1790,23.8948,11.8954,1.0979,393216,830.47,145.66,1955198,-182.990,-109.980,-46.970,0.7850,1.0960
1791,23.9076,13.2685,0.8371,393216,830.47,145.66,1955198,-182.990,-109.980,-46.970,0.7850,1.0960
1792,23.9206,12.9094,0.8378,393216,830.47,145.66,1955198,-182.990,-109.980,-46.970,0.7850,1.0960
1793,23.9334,12.9390,0.8356,393216,830.47,145.66,1955198,-182.990,-109.980,-46.970,0.7850,1.0960
1794,23.9451,12.7443,0.8582,393216,830.47,145.66,1955198,-182.990,-109.980,-46.970,0.7850,1.0960
1795,23.9580,11.7475,0.9524,393216,830.47,145.66,1955198,-182.990,-109.980,-46.970,0.7850,1.0960
1796,23.9706,12.8833,0.8351,393216,830.47,145.66,1955198,-182.990,-109.980,-46.970,0.7850,1.0960
1797,23.9835,12.5951,0.8227,393216,830.47,145.66,1955198,-182.990,-109.980,-46.970,0.7850,1.0960
1798,23.9965,12.9143,0.8150,393216,830.47,145.66,1955198,-182.990,-109.980,-46.970,0.7850,1.0960
1799,24.0093,13.0168,0.8530,393216,830.47,145.66,1955198,-182.990,-109.980,-46.970,0.7850,1.0960
1800,24.0218,12.8283,0.8184,393216,830.47,145.66,1955198,-182.990,-109.980,-46.970,0.7850,1.0960
1801,24.0346,12.5041,0.8427,393216,830.47,145.66,1955198,-182.990,-109.980,-46.970,0.7850,1.0960
1802,24.0475,12.7509,0.7898,393216,830.47,145.66,1955198,-182.990,-109.980,-46.970,0.7850,1.0960
1803,24.0610,12.9261,1.1988,393216,830.47,145.66,1955198,-182.990,-109.980,-46.970,0.7850,1.0960
1804,24.0736,13.4520,0.8811,393216,830.47,145.66,1955198,-182.990,-109.980,-46.970,0.7850,1.0960
1805,24.0865,12.6148,0.9780,393216,830.47,145.66,1955198,-182.990,-109.980,-46.970,0.7850,1.0960
1806,24.0989,12.8692,0.8978,393216,830.47,145.66,1955198,-182.990,-109.980,-46.970,0.7850,1.0960
1807,24.1118,12.4540,0.9400,393216,830.47,145.66,1955198,-182.990,-109.980,-46.970,0.7850,1.0960
1808,24.1247,12.8711,0.9346,393216,830.47,145.66,1955198,-182.990,-109.980,-46.970,0.7850,1.0960
1809,24.1378,12.9376,1.1424,393216,830.47,145.66,1955198,-182.990,-109.980,-46.970,0.7850,1.0960
1810,24.1497,13.0755,0.8803,393216,830.47,145.66,1955198,-182.990,-109.980,-46.970,0.7850,1.0960
1811,24.1629,11.8924,1.2204,393216,830.47,145.66,1955198,-182.990,-109.980,-46.970,0.7850,1.0960
1812,24.1751,13.1845,0.9162,393216,830.47,145.66,1955198,-182.990,-109.980,-46.970,0.7850,1.0960
1813,24.1880,12.2481,0.9620,393216,830.47,145.66,1955198,-182.990,-109.980,-46.970,0.7850,1.0960
1814,24.2008,12.8456,0.8537,393216,830.47,145.66,1955198,-182.990,-109.980,-46.970,0.7850,1.0960
1815,24.2138,12.8250,0.8130,393216,830.47,145.66,1955198,-182.990,-109.980,-46.970,0.7850,1.0960
1816,24.2267,12.9972,0.8196,393216,830.47,145.66,1955198,-182.990,-109.980,-46.970,0.7850,1.0960
1817,24.2396,12.8894,0.8488,393216,830.47,145.66,1955198,-182.990,-109.980,-46.970,0.7850,1.0960
1818,24.2521,12.9091,0.7757,393216,830.47,145.66,1955198,-182.990,-109.980,-46.970,0.7850,1.0960
1819,24.2647,12.4684,0.8074,393216,830.47,145.66,1955198,-182.990,-109.980,-46.970,0.7850,1.0960
1820,24.2777,12.6736,0.8615,393216,830.47,145.66,1955198,-182.990,-109.980,-46.970,0.7850,1.0960
1821,24.2905,12.9351,0.7914,393216,830.47,145.66,1955198,-182.990,-109.980,-46.970,0.7850,1.0960
1822,24.3040,12.8523,1.3610,393216,830.47,145.66,1955198,-182.990,-109.980,-46.970,0.7850,1.0960
1823,24.3165,13.4854,0.9173,393216,830.47,145.66,1955198,-182.990,-109.980,-46.970,0.7850,1.0960
1824,24.3290,12.4838,0.9662,393216,830.47,145.66,1955198,-182.990,-109.980,-46.970,0.7850,1.0960
1825,24.3418,12.4746,0.8817,393216,830.47,145.66,1955198,-182.990,-109.980,-46.970,0.7850,1.0960
1826,24.3542,12.8067,1.1692,393216,830.47,145.66,1955198,-182.990,-109.980,-46.970,0.7850,1.0960
1827,24.3666,12.4752,0.8166,393216,830.47,145.66,1955198,-182.990,-109.980,-46.970,0.7850,1.0960
1828,24.3796,12.3900,0.8727,393216,830.47,145.66,1955198,-182.990,-109.980,-46.970,0.7850,1.0960
1829,24.3924,12.9711,0.8520,393216,830.47,145.66,1955198,-182.990,-109.980,-46.970,0.7850,1.0960
1830,24.4051,12.8381,0.9829,393216,830.47,145.66,1955198,-182.990,-109.980,-46.970,0.7850,1.0960
1831,24.4178,12.6175,0.7970,393216,830.47,145.66,1955198,-182.990,-109.980,-46.970,0.7850,1.0960
1832,24.4306,12.6923,0.8251,393216,830.47,145.66,1955198,-182.990,-109.980,-46.970,0.7850,1.0960
1833,24.4435,12.8573,0.7455,393216,830.47,145.66,1955198,-182.990,-109.980,-46.970,0.7850,1.0960
1834,24.4564,12.8981,0.8476,393216,830.47,145.66,1955198,-182.990,-109.980,-46.970,0.7850,1.0960
1835,24.4693,12.8810,0.8322,393216,830.47,145.66,1955198,-182.990,-109.980,-46.970,0.7850,1.0960
1836,24.4817,12.8818,0.8055,393216,830.47,145.66,1955198,-182.990,-109.980,-46.970,0.7850,1.0960
1837,24.4945,12.4415,0.7818,393216,830.47,145.66,1955198,-182.990,-109.980,-46.970,0.7850,1.0960
1838,24.5074,12.7968,0.7835,393216,830.47,145.66,1955198,-182.990,-109.980,-46.970,0.7850,1.0960
1839,24.5208,12.8810,1.1484,393216,830.47,145.66,1955198,-182.990,-109.980,-46.970,0.7850,1.0960
1840,24.5334,13.3609,0.9212,393216,830.47,145.66,1955198,-182.990,-109.980,-46.970,0.7850,1.0960
1841,24.5466,12.6277,1.3020,393216,830.47,145.66,1955198,-182.990,-109.980,-46.970,0.7850,1.0960
1842,24.5578,13.2197,0.7592,393216,830.47,145.66,1955198,-182.990,-109.980,-46.970,0.7850,1.0960
1843,24.5710,11.1800,1.0920,393216,830.47,145.66,1955198,-182.990,-109.980,-46.970,0.7850,1.0960
1844,24.5836,13.2424,0.8738,393216,830.47,145.66,1955198,-182.990,-109.980,-46.970,0.7850,1.0960
1845,24.5967,12.5960,0.9159,393216,830.47,145.66,1955198,-182.990,-109.980,-46.970,0.7850,1.0960
1846,24.6095,13.0573,0.8060,393216,830.47,145.66,1955198,-182.990,-109.980,-46.970,0.7850,1.0960
1847,24.6220,12.8096,0.8686,393216,830.47,145.66,1955198,-182.990,-109.980,-46.970,0.7850,1.0960
1848,24.6347,12.5299,0.7871,393216,830.47,145.66,1955198,-182.990,-109.980,-46.970,0.7850,1.0960
1849,24.6475,12.7086,0.8070,393216,830.47,145.66,1955198,-182.990,-109.980,-46.970,0.7850,1.0960
1850,24.6604,12.7706,0.8166,393216,830.47,145.66,1955198,-182.990,-109.980,-46.970,0.7850,1.0960
1851,24.6734,12.8669,0.8395,393216,830.47,145.66,1955198,-182.990,-109.980,-46.970,0.7850,1.0960
1852,24.6862,13.0278,0.8637,393216,830.47,145.66,1955198,-182.990,-109.980,-46.970,0.7850,1.0960
1853,24.6988,12.8461,0.9211,393216,830.47,145.66,1955198,-182.990,-109.980,-46.970,0.7850,1.0960
1854,24.7114,12.5193,0.7914,393216,830.47,145.66,1955198,-182.990,-109.980,-46.970,0.7850,1.0960
1855,24.7242,12.6558,0.8810,393216,830.47,145.66,1955198,-182.990,-109.980,-46.970,0.7850,1.0960
1856,24.7374,12.8303,1.1026,393216,830.47,145.66,1955198,-182.990,-109.980,-46.970,0.7850,1.0960
1857,24.7499,13.1845,0.7920,393216,830.47,145.66,1955198,-182.990,-109.980,-46.970,0.7850,1.0960
1858,24.7624,12.4755,1.0539,393216,830.47,145.66,1955198,-182.990,-109.980,-46.970,0.7850,1.0960
1859,24.7746,12.5204,0.8951,393216,830.47,145.66,1955198,-182.990,-109.980,-46.970,0.7850,1.0960
1860,24.7875,12.2044,1.0198,393216,830.47,145.66,1955198,-182.990,-109.980,-46.970,0.7850,1.0960
1861,24.8002,12.9059,0.8593,393216,830.47,145.66,1955198,-182.990,-109.980,-46.970,0.7850,1.0960
1862,24.8134,12.7197,0.9480,393216,830.47,145.66,1955198,-182.990,-109.980,-46.970,0.7850,1.0960
1863,24.8262,13.1307,0.9109,393216,830.47,145.66,1955198,-182.990,-109.980,-46.970,0.7850,1.0960
1864,24.8391,12.7787,1.0391,393216,830.47,145.66,1955198,-182.990,-109.980,-46.970,0.7850,1.0960
1865,24.8515,12.9673,0.8716,393216,830.47,145.66,1955198,-182.990,-109.980,-46.970,0.7850,1.0960
1866,24.8643,12.3506,0.9211,393216,830.47,145.66,1955198,-182.990,-109.980,-46.970,0.7850,1.0960
1867,24.8772,12.7783,0.8381,393216,830.47,145.66,1955198,-182.990,-109.980,-46.970,0.7850,1.0960
1868,24.8902,12.9069,0.9224,393216,830.47,145.66,1955198,-182.990,-109.980,-46.970,0.7850,1.0960
1869,24.9030,13.0244,0.9036,393216,830.47,145.66,1955198,-182.990,-109.980,-46.970,0.7850,1.0960
1870,24.9158,12.8101,0.9282,393216,830.47,145.66,1955198,-182.990,-109.980,-46.970,0.7850,1.0960
1871,24.9284,12.8466,0.8655,393216,830.47,145.66,1955198,-182.990,-109.980,-46.970,0.7850,1.0960
1872,24.9410,12.5316,0.8778,393216,830.47,145.66,1955198,-182.990,-109.980,-46.970,0.7850,1.0960
1873,24.9542,12.6221,1.0781,393216,830.47,145.66,1955198,-182.990,-109.980,-46.970,0.7850,1.0960
1874,24.9661,13.2549,0.8914,393216,830.47,145.66,1955198,-182.990,-109.980,-46.970,0.7850,1.0960
1875,24.9790,11.8956,0.9168,393216,830.47,145.66,1955198,-182.990,-109.980,-46.970,0.7850,1.0960
1876,24.9919,12.9691,1.0109,393216,830.47,145.66,1955198,-182.990,-109.980,-46.970,0.7850,1.0960
1877,25.0044,12.8378,0.9610,393216,830.47,145.66,1955198,-182.990,-109.980,-46.970,0.7850,1.0960
1878,25.0172,12.4006,0.9016,393216,830.47,145.66,1955198,-182.990,-109.980,-46.970,0.7850,1.0960
1879,25.0300,12.8571,0.9186,393216,830.47,145.66,1955198,-182.990,-109.980,-46.970,0.7850,1.0960
1880,25.0428,12.7922,0.8063,393216,830.47,145.66,1955198,-182.990,-109.980,-46.970,0.7850,1.0960
1881,25.0558,12.7852,0.8557,393216,830.47,145.66,1955198,-182.990,-109.980,-46.970,0.7850,1.0960
1882,25.0686,12.9637,0.8663,393216,830.47,145.66,1955198,-182.990,-109.980,-46.970,0.7850,1.0960
1883,25.0810,12.8599,0.7882,393216,830.47,145.66,1955198,-182.990,-109.980,-46.970,0.7850,1.0960
1884,25.0941,12.4062,0.9717,393216,830.47,145.66,1955198,-182.990,-109.980,-46.970,0.7850,1.0960
1885,25.1068,13.0411,0.8035,393216,830.47,145.66,1955198,-182.990,-109.980,-46.970,0.7850,1.0960
1886,25.1197,12.7223,0.8340,393216,830.47,145.66,1955198,-182.990,-109.980,-46.970,0.7850,1.0960
1887,25.1325,12.9242,0.8234,393216,830.47,145.66,1955198,-182.990,-109.980,-46.970,0.7850,1.0960
1888,25.1454,12.7574,0.8724,393216,830.47,145.66,1955198,-182.990,-109.980,-46.970,0.7850,1.0960
1889,25.1578,12.9226,0.7941,393216,830.47,145.66,1955198,-182.990,-109.980,-46.970,0.7850,1.0960
1890,25.1699,12.4028,0.8207,393216,830.47,145.66,1955198,-182.990,-109.980,-46.970,0.7850,1.0960
1891,25.1828,12.0952,0.8415,393216,830.47,145.66,1955198,-182.990,-109.980,-46.970,0.7850,1.0960
1892,25.1957,12.9178,0.7912,393216,830.47,145.66,1955198,-182.990,-109.980,-46.970,0.7850,1.0960
1893,25.2086,12.9138,0.8005,393216,830.47,145.66,1955198,-182.990,-109.980,-46.970,0.7850,1.0960
1894,25.2212,12.8495,0.9630,393216,830.47,145.66,1955198,-182.990,-109.980,-46.970,0.7850,1.0960
1895,25.2339,12.7019,0.8749,393216,830.47,145.66,1955198,-182.990,-109.980,-46.970,0.7850,1.0960
1896,25.2470,12.5929,1.1698,393216,830.47,145.66,1955198,-182.990,-109.980,-46.970,0.7850,1.0960
1897,25.2595,13.1081,0.7840,393216,830.47,145.66,1955198,-182.990,-109.980,-46.970,0.7850,1.0960
1898,25.2725,12.4901,0.8848,393216,830.47,145.66,1955198,-182.990,-109.980,-46.970,0.7850,1.0960
1899,25.2853,13.0676,0.8243,393216,830.47,145.66,1955198,-182.990,-109.980,-46.970,0.7850,1.0960
1900,25.2979,12.7649,0.8944,393216,830.47,145.66,1955198,-182.990,-109.980,-46.970,0.7850,1.0960
1901,25.3107,12.6566,0.8366,393216,830.47,145.66,1955198,-182.990,-109.980,-46.970,0.7850,1.0960
1902,25.3235,12.7773,0.8737,393216,830.47,145.66,1955198,-182.990,-109.980,-46.970,0.7850,1.0960
1903,25.3364,12.8231,0.8451,393216,830.47,145.66,1955198,-182.990,-109.980,-46.970,0.7850,1.0960
1904,25.3493,12.8497,0.8064,393216,830.47,145.66,1955198,-182.990,-109.980,-46.970,0.7850,1.0960
1905,25.3622,12.9034,0.8158,393216,830.47,145.66,1955198,-182.990,-109.980,-46.970,0.7850,1.0960
1906,25.3740,12.9093,0.7706,393216,830.47,145.66,1955198,-182.990,-109.980,-46.970,0.7850,1.0960
1907,25.3867,11.7472,0.7850,393216,830.47,145.66,1955198,-182.990,-109.980,-46.970,0.7850,1.0960
1908,25.3998,12.7730,0.9799,393216,830.47,145.66,1955198,-182.990,-109.980,-46.970,0.7850,1.0960
1909,25.4129,13.1024,0.9495,393216,830.47,145.66,1955198,-182.990,-109.980,-46.970,0.7850,1.0960
1910,25.4255,13.1099,0.8768,393216,830.47,145.66,1955198,-182.990,-109.980,-46.970,0.7850,1.0960
1911,25.4384,12.5094,0.9056,393216,830.47,145.66,1955198,-182.990,-109.980,-46.970,0.7850,1.0960
1912,25.4507,13.0372,0.7992,393216,830.47,145.66,1955198,-182.990,-109.980,-46.970,0.7850,1.0960
1913,25.4639,12.2113,1.1950,393216,830.47,145.66,1955198,-182.990,-109.980,-46.970,0.7850,1.0960
1914,25.4765,13.1830,0.8361,393216,830.47,145.66,1955198,-182.990,-109.980,-46.970,0.7850,1.0960
1915,25.4897,12.5898,0.9680,393216,830.47,145.66,1955198,-182.990,-109.980,-46.970,0.7850,1.0960
1916,25.5023,13.1796,0.7994,393216,830.47,145.66,1955198,-182.990,-109.980,-46.970,0.7850,1.0960
1917,25.5152,12.6343,0.9036,393216,830.47,145.66,1955198,-182.990,-109.980,-46.970,0.7850,1.0960
1918,25.5276,12.8566,0.8803,393216,830.47,145.66,1955198,-182.990,-109.980,-46.970,0.7850,1.0960
1919,25.5404,12.4932,0.8988,393216,830.47,145.66,1955198,-182.990,-109.980,-46.970,0.7850,1.0960
1920,25.5532,12.7615,0.8064,393216,830.47,145.66,1955198,-182.990,-109.980,-46.970,0.7850,1.0960
1921,25.5662,12.7803,0.8341,393216,830.47,145.66,1955198,-182.990,-109.980,-46.970,0.7850,1.0960
1922,25.5783,13.0284,0.8295,393216,830.47,145.66,1955198,-182.990,-109.980,-46.970,0.7850,1.0960
1923,25.5913,12.0932,0.9037,393216,830.47,145.66,1955198,-182.990,-109.980,-46.970,0.7850,1.0960
1924,25.6037,12.9736,0.8283,393216,830.47,145.66,1955198,-182.990,-109.980,-46.970,0.7850,1.0960
1925,25.6163,12.4151,0.7560,393216,830.47,145.66,1955198,-182.990,-109.980,-46.970,0.7850,1.0960
1926,25.6292,12.6152,0.8308,393216,830.47,145.66,1955198,-182.990,-109.980,-46.970,0.7850,1.0960
1927,25.6421,12.9259,0.7745,393216,830.47,145.66,1955198,-182.990,-109.980,-46.970,0.7850,1.0960
1928,25.6554,12.8967,0.9827,393216,830.47,145.66,1955198,-182.990,-109.980,-46.970,0.7850,1.0960
1929,25.6681,13.2234,0.9835,393216,830.47,145.66,1955198,-182.990,-109.980,-46.970,0.7850,1.0960
1930,25.6807,12.7037,1.0701,393216,830.47,145.66,1955198,-182.990,-109.980,-46.970,0.7850,1.0960
1931,25.6932,12.6345,0.8160,393216,830.47,145.66,1955198,-182.990,-109.980,-46.970,0.7850,1.0960
1932,25.7064,12.4831,0.9941,393216,830.47,145.66,1955198,-182.990,-109.980,-46.970,0.7850,1.0960
1933,25.7190,13.1796,0.8587,393216,830.47,145.66,1955198,-182.990,-109.980,-46.970,0.7850,1.0960
1934,25.7321,12.6850,0.9231,393216,830.47,145.66,1955198,-182.990,-109.980,-46.970,0.7850,1.0960
1935,25.7449,13.0236,0.9517,393216,830.47,145.66,1955198,-182.990,-109.980,-46.970,0.7850,1.0960
1936,25.7573,12.8596,0.7735,393216,830.47,145.66,1955198,-182.990,-109.980,-46.970,0.7850,1.0960
1937,25.7701,12.3737,0.8119,393216,830.47,145.66,1955198,-182.990,-109.980,-46.970,0.7850,1.0960
1938,25.7824,12.8439,0.8771,393216,830.47,145.66,1955198,-182.990,-109.980,-46.970,0.7850,1.0960
1939,25.7954,12.2925,0.8109,393216,830.47,145.66,1955198,-182.990,-109.980,-46.970,0.7850,1.0960
1940,25.8081,12.9556,0.7727,393216,830.47,145.66,1955198,-182.990,-109.980,-46.970,0.7850,1.0960
1941,25.8210,12.7426,0.9181,393216,830.47,145.66,1955198,-182.990,-109.980,-46.970,0.7850,1.0960
1942,25.8335,12.8492,0.8232,393216,830.47,145.66,1955198,-182.990,-109.980,-46.970,0.7850,1.0960
1943,25.8465,12.5624,0.8747,393216,830.47,145.66,1955198,-182.990,-109.980,-46.970,0.7850,1.0960
1944,25.8595,12.9493,0.9043,393216,830.47,145.66,1955198,-182.990,-109.980,-46.970,0.7850,1.0960
1945,25.8727,13.0208,0.9347,393216,830.47,145.66,1955198,-182.990,-109.980,-46.970,0.7850,1.0960
1946,25.8852,13.1836,0.7921,393216,830.47,145.66,1955198,-182.990,-109.980,-46.970,0.7850,1.0960
1947,25.8984,12.5265,1.2056,393216,830.47,145.66,1955198,-182.990,-109.980,-46.970,0.7850,1.0960
1948,25.9106,13.1429,0.8500,393216,830.47,145.66,1955198,-182.990,-109.980,-46.970,0.7850,1.0960
1949,25.9235,12.2043,0.9245,393216,830.47,145.66,1955198,-182.990,-109.980,-46.970,0.7850,1.0960
1950,25.9363,12.8824,0.8585,393216,830.47,145.66,1955198,-182.990,-109.980,-46.970,0.7850,1.0960
1951,25.9493,12.8097,0.8045,393216,830.47,145.66,1955198,-182.990,-109.980,-46.970,0.7850,1.0960
1952,25.9621,12.9889,0.8589,393216,830.47,145.66,1955198,-182.990,-109.980,-46.970,0.7850,1.0960
1953,25.9749,12.8643,1.0246,393216,830.47,145.66,1955198,-182.990,-109.980,-46.970,0.7850,1.0960
1954,25.9867,12.8269,0.8415,393216,830.47,145.66,1955198,-182.990,-109.980,-46.970,0.7850,1.0960
1955,25.9997,11.8059,0.8459,393216,830.47,145.66,1955198,-182.990,-109.980,-46.970,0.7850,1.0960
1956,26.0125,12.9031,0.7853,393216,830.47,145.66,1955198,-182.990,-109.980,-46.970,0.7850,1.0960
1957,26.0257,12.8655,0.8764,393216,830.47,145.66,1955198,-182.990,-109.980,-46.970,0.7850,1.0960
1958,26.0386,13.1990,0.9156,393216,830.47,145.66,1955198,-182.990,-109.980,-46.970,0.7850,1.0960
1959,26.0510,12.8599,0.8602,393216,830.47,145.66,1955198,-182.990,-109.980,-46.970,0.7850,1.0960
1960,26.0638,12.3999,0.8888,393216,830.47,145.66,1955198,-182.990,-109.980,-46.970,0.7850,1.0960
1961,26.0768,12.8574,1.0150,393216,830.47,145.66,1955198,-182.990,-109.980,-46.970,0.7850,1.0960
1962,26.0897,12.9277,1.0250,393216,830.47,145.66,1955198,-182.990,-109.980,-46.970,0.7850,1.0960
1963,26.1024,12.9591,0.8944,393216,830.47,145.66,1955198,-182.990,-109.980,-46.970,0.7850,1.0960
1964,26.1153,12.6522,0.9829,393216,830.47,145.66,1955198,-182.990,-109.980,-46.970,0.7850,1.0960
1965,26.1277,12.9797,0.9091,393216,830.47,145.66,1955198,-182.990,-109.980,-46.970,0.7850,1.0960
1966,26.1404,12.3947,0.8495,393216,830.47,145.66,1955198,-182.990,-109.980,-46.970,0.7850,1.0960
1967,26.1534,12.6965,0.9001,393216,830.47,145.66,1955198,-182.990,-109.980,-46.970,0.7850,1.0960
1968,26.1665,12.9977,1.1352,393216,830.47,145.66,1955198,-182.990,-109.980,-46.970,0.7850,1.0960
1969,26.1792,13.0924,0.8395,393216,830.47,145.66,1955198,-182.990,-109.980,-46.970,0.7850,1.0960
1970,26.1916,12.6537,1.2940,393216,830.47,145.66,1955198,-182.990,-109.980,-46.970,0.7850,1.0960
1971,26.2036,12.4638,0.7925,393216,830.47,145.66,1955198,-182.990,-109.980,-46.970,0.7850,1.0960
1972,26.2168,11.9657,1.0975,393216,830.47,145.66,1955198,-182.990,-109.980,-46.970,0.7850,1.0960
1973,26.2294,13.1647,0.8869,393216,830.47,145.66,1955198,-182.990,-109.980,-46.970,0.7850,1.0960
1974,26.2424,12.5894,0.8909,393216,830.47,145.66,1955198,-182.990,-109.980,-46.970,0.7850,1.0960
1975,26.2552,12.9849,0.8194,393216,830.47,145.66,1955198,-182.990,-109.980,-46.970,0.7850,1.0960
1976,26.2681,12.8357,0.8611,393216,830.47,145.66,1955198,-182.990,-109.980,-46.970,0.7850,1.0960
1977,26.2805,12.8711,0.7539,393216,830.47,145.66,1955198,-182.990,-109.980,-46.970,0.7850,1.0960
1978,26.2932,12.4406,0.7860,393216,830.47,145.66,1955198,-182.990,-109.980,-46.970,0.7850,1.0960
1979,26.3063,12.7220,0.9038,393216,830.47,145.66,1955198,-182.990,-109.980,-46.970,0.7850,1.0960
1980,26.3192,13.0877,0.8024,393216,830.47,145.66,1955198,-182.990,-109.980,-46.970,0.7850,1.0960
1981,26.3322,12.8653,0.9077,393216,830.47,145.66,1955198,-182.990,-109.980,-46.970,0.7850,1.0960
1982,26.3451,12.9903,0.9258,393216,830.47,145.66,1955198,-182.990,-109.980,-46.970,0.7850,1.0960
1983,26.3576,12.9120,0.9752,393216,830.47,145.66,1955198,-182.990,-109.980,-46.970,0.7850,1.0960
1984,26.3702,12.5144,0.7937,393216,830.47,145.66,1955198,-182.990,-109.980,-46.970,0.7850,1.0960
1985,26.3833,12.5839,0.8995,393216,830.47,145.66,1955198,-182.990,-109.980,-46.970,0.7850,1.0960
1986,26.3953,13.1375,0.8294,393216,830.47,145.66,1955198,-182.990,-109.980,-46.970,0.7850,1.0960
1987,26.4085,12.0010,0.9740,393216,830.47,145.66,1955198,-182.990,-109.980,-46.970,0.7850,1.0960
1988,26.4211,13.2318,0.9526,393216,830.47,145.66,1955198,-182.990,-109.980,-46.970,0.7850,1.0960
1989,26.4335,12.5410,0.8368,393216,830.47,145.66,1955198,-182.990,-109.980,-46.970,0.7850,1.0960
1990,26.4464,12.4156,0.8386,393216,830.47,145.66,1955198,-182.990,-109.980,-46.970,0.7850,1.0960
1991,26.4592,12.9212,0.8344,393216,830.47,145.66,1955198,-182.990,-109.980,-46.970,0.7850,1.0960
1992,26.4721,12.8127,0.7946,393216,830.47,145.66,1955198,-182.990,-109.980,-46.970,0.7850,1.0960
1993,26.4849,12.8648,0.8137,393216,830.47,145.66,1955198,-182.990,-109.980,-46.970,0.7850,1.0960
1994,26.4975,12.7837,0.8574,393216,830.47,145.66,1955198,-182.990,-109.980,-46.970,0.7850,1.0960
1995,26.5103,12.5975,0.8699,393216,830.47,145.66,1955198,-182.990,-109.980,-46.970,0.7850,1.0960
1996,26.5231,12.8345,0.8396,393216,830.47,145.66,1955198,-182.990,-109.980,-46.970,0.7850,1.0960
1997,26.5360,12.7839,0.8477,393216,830.47,145.66,1955198,-182.990,-109.980,-46.970,0.7850,1.0960
1998,26.5490,12.8875,0.8099,393216,830.47,145.66,1955198,-182.990,-109.980,-46.970,0.7850,1.0960
1999,26.5619,13.0242,0.8467,393216,830.47,145.66,1955198,-182.990,-109.980,-46.970,0.7850,1.0960
2000,26.5746,12.9312,0.9638,393216,830.47,145.66,1955198,-182.990,-109.980,-46.970,0.7850,1.0960
2001,26.5870,12.6319,0.8246,393216,830.47,145.66,1955198,-182.990,-109.980,-46.970,0.7850,1.0960
2002,26.5996,12.4741,1.1650,393216,830.47,145.66,1955198,-182.990,-109.980,-46.970,0.7850,1.0960
2003,26.6121,12.5798,0.8273,393216,830.47,145.66,1955198,-182.990,-109.980,-46.970,0.7850,1.0960
2004,26.6251,12.4908,1.0157,393216,830.47,145.66,1955198,-182.990,-109.980,-46.970,0.7850,1.0960
2005,26.6378,12.9597,0.8529,393216,830.47,145.66,1955198,-182.990,-109.980,-46.970,0.7850,1.0960
2006,26.6503,12.6888,0.9057,393216,830.47,145.66,1955198,-182.990,-109.980,-46.970,0.7850,1.0960
2007,26.6630,12.5561,0.8031,393216,830.47,145.66,1955198,-182.990,-109.980,-46.970,0.7850,1.0960
2008,26.6759,12.7092,0.8171,393216,830.47,145.66,1955198,-182.990,-109.980,-46.970,0.7850,1.0960
2009,26.6887,12.9036,0.8413,393216,830.47,145.66,1955198,-182.990,-109.980,-46.970,0.7850,1.0960
2010,26.7016,12.8090,0.8192,393216,830.47,145.66,1955198,-182.990,-109.980,-46.970,0.7850,1.0960
2011,26.7145,12.8220,0.8501,393216,830.47,145.66,1955198,-182.990,-109.980,-46.970,0.7850,1.0960
2012,26.7270,12.8925,0.8138,393216,830.47,145.66,1955198,-182.990,-109.980,-46.970,0.7850,1.0960
2013,26.7399,12.5798,0.8899,393216,830.47,145.66,1955198,-182.990,-109.980,-46.970,0.7850,1.0960
2014,26.7528,12.8597,0.7772,393216,830.47,145.66,1955198,-182.990,-109.980,-46.970,0.7850,1.0960
2015,26.7657,12.8692,0.8647,393216,830.47,145.66,1955198,-182.990,-109.980,-46.970,0.7850,1.0960
2016,26.7784,12.9470,0.7861,393216,830.47,145.66,1955198,-182.990,-109.980,-46.970,0.7850,1.0960
2017,26.7913,12.6994,0.8674,393216,830.47,145.66,1955198,-182.990,-109.980,-46.970,0.7850,1.0960
2018,26.8031,12.8915,0.8314,393216,830.47,145.66,1955198,-182.990,-109.980,-46.970,0.7850,1.0960
2019,26.8159,11.7538,0.8623,393216,830.47,145.66,1955198,-182.990,-109.980,-46.970,0.7850,1.0960
2020,26.8287,12.8215,0.7887,393216,830.47,145.66,1955198,-182.990,-109.980,-46.970,0.7850,1.0960
2021,26.8420,12.8002,1.1294,393216,830.47,145.66,1955198,-182.990,-109.980,-46.970,0.7850,1.0960
2022,26.8547,13.3686,0.9583,393216,830.47,145.66,1955198,-182.990,-109.980,-46.970,0.7850,1.0960
2023,26.8676,12.6962,1.1290,393216,830.47,145.66,1955198,-182.990,-109.980,-46.970,0.7850,1.0960
2024,26.8797,12.8986,0.7591,393216,830.47,145.66,1955198,-182.990,-109.980,-46.970,0.7850,1.0960
2025,26.8929,12.0929,1.0061,393216,830.47,145.66,1955198,-182.990,-109.980,-46.970,0.7850,1.0960
2026,26.9056,13.1661,0.8263,393216,830.47,145.66,1955198,-182.990,-109.980,-46.970,0.7850,1.0960
2027,26.9185,12.6598,0.8559,393216,830.47,145.66,1955198,-182.990,-109.980,-46.970,0.7850,1.0960
2028,26.9315,12.9538,0.8920,393216,830.47,145.66,1955198,-182.990,-109.980,-46.970,0.7850,1.0960
2029,26.9443,12.9397,0.8860,393216,830.47,145.66,1955198,-182.990,-109.980,-46.970,0.7850,1.0960
2030,26.9567,12.7949,0.7890,393216,830.47,145.66,1955198,-182.990,-109.980,-46.970,0.7850,1.0960
2031,26.9694,12.4368,0.7738,393216,830.47,145.66,1955198,-182.990,-109.980,-46.970,0.7850,1.0960
2032,26.9824,12.7039,0.8841,393216,830.47,145.66,1955198,-182.990,-109.980,-46.970,0.7850,1.0960
2033,26.9953,12.9867,0.8086,393216,830.47,145.66,1955198,-182.990,-109.980,-46.970,0.7850,1.0960
2034,27.0074,12.8711,0.8185,393216,830.47,145.66,1955198,-182.990,-109.980,-46.970,0.7850,1.0960
2035,27.0201,12.1383,1.0157,393216,830.47,145.66,1955198,-182.990,-109.980,-46.970,0.7850,1.0960
2036,27.0327,12.7498,0.8663,393216,830.47,145.66,1955198,-182.990,-109.980,-46.970,0.7850,1.0960
2037,27.0455,12.5477,0.8054,393216,830.47,145.66,1955198,-182.990,-109.980,-46.970,0.7850,1.0960
2038,27.0585,12.8314,0.9799,393216,830.47,145.66,1955198,-182.990,-109.980,-46.970,0.7850,1.0960
2039,27.0713,12.9392,0.8741,393216,830.47,145.66,1955198,-182.990,-109.980,-46.970,0.7850,1.0960
2040,27.0844,12.7983,1.0637,393216,830.47,145.66,1955198,-182.990,-109.980,-46.970,0.7850,1.0960
2041,27.0965,13.1522,0.8038,393216,830.47,145.66,1955198,-182.990,-109.980,-46.970,0.7850,1.0960
2042,27.1095,12.1039,0.9273,393216,830.47,145.66,1955198,-182.990,-109.980,-46.970,0.7850,1.0960
2043,27.1222,12.9998,0.8313,393216,830.47,145.66,1955198,-182.990,-109.980,-46.970,0.7850,1.0960
2044,27.1352,12.7167,0.9335,393216,830.47,145.66,1955198,-182.990,-109.980,-46.970,0.7850,1.0960
2045,27.1483,13.0950,0.8829,393216,830.47,145.66,1955198,-182.990,-109.980,-46.970,0.7850,1.0960
2046,27.1609,12.9354,0.8810,393216,830.47,145.66,1955198,-182.990,-109.980,-46.970,0.7850,1.0960
2047,27.1733,12.6250,0.8540,393216,830.47,145.66,1955198,-182.990,-109.980,-46.970,0.7850,1.0960
2048,27.1860,12.4494,0.7729,393216,830.47,145.66,1955198,-182.990,-109.980,-46.970,0.7850,1.0960
2049,27.1990,12.6553,0.8760,393216,830.47,145.66,1955198,-182.990,-109.980,-46.970,0.7850,1.0960
2050,27.2111,13.0255,0.8333,393216,830.47,145.66,1955198,-182.990,-109.980,-46.970,0.7850,1.0960
2051,27.2239,12.0640,0.7734,393216,830.47,145.66,1955198,-182.990,-109.980,-46.970,0.7850,1.0960
2052,27.2368,12.8599,0.8688,393216,830.47,145.66,1955198,-182.990,-109.980,-46.970,0.7850,1.0960
2053,27.2494,12.8551,0.8951,393216,830.47,145.66,1955198,-182.990,-109.980,-46.970,0.7850,1.0960
2054,27.2621,12.6249,0.9164,393216,830.47,145.66,1955198,-182.990,-109.980,-46.970,0.7850,1.0960
2055,27.2750,12.6601,0.9314,393216,830.47,145.66,1955198,-182.990,-109.980,-46.970,0.7850,1.0960
2056,27.2879,12.9329,0.8684,393216,830.47,145.66,1955198,-182.990,-109.980,-46.970,0.7850,1.0960
2057,27.3010,12.8773,1.1496,393216,830.47,145.66,1955198,-182.990,-109.980,-46.970,0.7850,1.0960
2058,27.3136,13.1107,0.9447,393216,830.47,145.66,1955198,-182.990,-109.980,-46.970,0.7850,1.0960
2059,27.3263,12.6288,0.9875,393216,830.47,145.66,1955198,-182.990,-109.980,-46.970,0.7850,1.0960
2060,27.3388,12.6349,0.8563,393216,830.47,145.66,1955198,-182.990,-109.980,-46.970,0.7850,1.0960
2061,27.3518,12.5776,0.8637,393216,830.47,145.66,1955198,-182.990,-109.980,-46.970,0.7850,1.0960
2062,27.3647,12.9184,0.8921,393216,830.47,145.66,1955198,-182.990,-109.980,-46.970,0.7850,1.0960
2063,27.3776,12.9090,0.9253,393216,830.47,145.66,1955198,-182.990,-109.980,-46.970,0.7850,1.0960
2064,27.3904,12.8920,0.9989,393216,830.47,145.66,1955198,-182.990,-109.980,-46.970,0.7850,1.0960
2065,27.4029,12.8702,0.9271,393216,830.47,145.66,1955198,-182.990,-109.980,-46.970,0.7850,1.0960
2066,27.4150,12.4714,0.8581,393216,830.47,145.66,1955198,-182.990,-109.980,-46.970,0.7850,1.0960
2067,27.4278,12.0621,0.8067,393216,830.47,145.66,1955198,-182.990,-109.980,-46.970,0.7850,1.0960
2068,27.4408,12.8827,0.8751,393216,830.47,145.66,1955198,-182.990,-109.980,-46.970,0.7850,1.0960
2069,27.4535,12.9925,0.8113,393216,830.47,145.66,1955198,-182.990,-109.980,-46.970,0.7850,1.0960
2070,27.4664,12.7086,0.8606,393216,830.47,145.66,1955198,-182.990,-109.980,-46.970,0.7850,1.0960
2071,27.4789,12.8395,0.7858,393216,830.47,145.66,1955198,-182.990,-109.980,-46.970,0.7850,1.0960
2072,27.4918,12.5214,0.8485,393216,830.47,145.66,1955198,-182.990,-109.980,-46.970,0.7850,1.0960
2073,27.5047,12.8622,0.8243,393216,830.47,145.66,1955198,-182.990,-109.980,-46.970,0.7850,1.0960
2074,27.5179,12.9422,0.9884,393216,830.47,145.66,1955198,-182.990,-109.980,-46.970,0.7850,1.0960
2075,27.5307,13.2237,0.9246,393216,830.47,145.66,1955198,-182.990,-109.980,-46.970,0.7850,1.0960
2076,27.5435,12.7523,0.9374,393216,830.47,145.66,1955198,-182.990,-109.980,-46.970,0.7850,1.0960
2077,27.5559,12.7755,0.8408,393216,830.47,145.66,1955198,-182.990,-109.980,-46.970,0.7850,1.0960
2078,27.5689,12.4103,0.9365,393216,830.47,145.66,1955198,-182.990,-109.980,-46.970,0.7850,1.0960
2079,27.5818,13.0316,0.9401,393216,830.47,145.66,1955198,-182.990,-109.980,-46.970,0.7850,1.0960
2080,27.5949,12.8746,1.1097,393216,830.47,145.66,1955198,-182.990,-109.980,-46.970,0.7850,1.0960
2081,27.6074,13.0855,0.9560,393216,830.47,145.66,1955198,-182.990,-109.980,-46.970,0.7850,1.0960
2082,27.6197,12.5807,1.0527,393216,830.47,145.66,1955198,-182.990,-109.980,-46.970,0.7850,1.0960
2083,27.6323,12.2552,1.0674,393216,830.47,145.66,1955198,-182.990,-109.980,-46.970,0.7850,1.0960
2084,27.6451,12.5967,0.9646,393216,830.47,145.66,1955198,-182.990,-109.980,-46.970,0.7850,1.0960
2085,27.6581,12.7926,0.8669,393216,830.47,145.66,1955198,-182.990,-109.980,-46.970,0.7850,1.0960
2086,27.6711,13.0002,0.9130,393216,830.47,145.66,1955198,-182.990,-109.980,-46.970,0.7850,1.0960
2087,27.6838,13.0174,0.8298,393216,830.47,145.66,1955198,-182.990,-109.980,-46.970,0.7850,1.0960
2088,27.6967,12.7693,0.9140,393216,830.47,145.66,1955198,-182.990,-109.980,-46.970,0.7850,1.0960
2089,27.7093,12.8218,0.8231,393216,830.47,145.66,1955198,-182.990,-109.980,-46.970,0.7850,1.0960
2090,27.7221,12.5543,0.7885,393216,830.47,145.66,1955198,-182.990,-109.980,-46.970,0.7850,1.0960
2091,27.7352,12.8058,0.8262,393216,830.47,145.66,1955198,-182.990,-109.980,-46.970,0.7850,1.0960
2092,27.7481,13.1018,0.8360,393216,830.47,145.66,1955198,-182.990,-109.980,-46.970,0.7850,1.0960
2093,27.7608,12.9074,0.7882,393216,830.47,145.66,1955198,-182.990,-109.980,-46.970,0.7850,1.0960
2094,27.7737,12.7225,0.8548,393216,830.47,145.66,1955198,-182.990,-109.980,-46.970,0.7850,1.0960
2095,27.7862,12.8664,0.8015,393216,830.47,145.66,1955198,-182.990,-109.980,-46.970,0.7850,1.0960
2096,27.7993,12.5082,0.8973,393216,830.47,145.66,1955198,-182.990,-109.980,-46.970,0.7850,1.0960
2097,27.8122,13.1000,0.8264,393216,830.47,145.66,1955198,-182.990,-109.980,-46.970,0.7850,1.0960
2098,27.8243,12.9447,0.7715,393216,830.47,145.66,1955198,-182.990,-109.980,-46.970,0.7850,1.0960
2099,27.8373,12.0496,0.9149,393216,830.47,145.66,1955198,-182.990,-109.980,-46.970,0.7850,1.0960
2100,27.8496,13.0818,0.7617,393216,830.47,145.66,1955198,-182.990,-109.980,-46.970,0.7850,1.0960
2101,27.8623,12.3008,0.8119,393216,830.47,145.66,1955198,-182.990,-109.980,-46.970,0.7850,1.0960
2102,27.8756,12.6044,1.1782,393216,830.47,145.66,1955198,-182.990,-109.980,-46.970,0.7850,1.0960
2103,27.8881,13.3726,0.8541,393216,830.47,145.66,1955198,-182.990,-109.980,-46.970,0.7850,1.0960
2104,27.9013,12.5454,1.1185,393216,830.47,145.66,1955198,-182.990,-109.980,-46.970,0.7850,1.0960
2105,27.9139,13.1743,0.8444,393216,830.47,145.66,1955198,-182.990,-109.980,-46.970,0.7850,1.0960
2106,27.9264,12.6030,0.7928,393216,830.47,145.66,1955198,-182.990,-109.980,-46.970,0.7850,1.0960
2107,27.9393,12.4797,0.8879,393216,830.47,145.66,1955198,-182.990,-109.980,-46.970,0.7850,1.0960
2108,27.9521,12.9124,0.9564,393216,830.47,145.66,1955198,-182.990,-109.980,-46.970,0.7850,1.0960
2109,27.9649,12.7858,0.8273,393216,830.47,145.66,1955198,-182.990,-109.980,-46.970,0.7850,1.0960
2110,27.9778,12.7628,0.8430,393216,830.47,145.66,1955198,-182.990,-109.980,-46.970,0.7850,1.0960
2111,27.9909,12.9593,0.9633,393216,830.47,145.66,1955198,-182.990,-109.980,-46.970,0.7850,1.0960
2112,28.0033,13.0210,0.8976,393216,830.47,145.66,1955198,-182.990,-109.980,-46.970,0.7850,1.0960
2113,28.0159,12.4654,0.8566,393216,830.47,145.66,1955198,-182.990,-109.980,-46.970,0.7850,1.0960
2114,28.0280,12.6029,0.7813,393216,830.47,145.66,1955198,-182.990,-109.980,-46.970,0.7850,1.0960
2115,28.0410,12.0916,0.8187,393216,830.47,145.66,1955198,-182.990,-109.980,-46.970,0.7850,1.0960
2116,28.0537,13.0117,0.7785,393216,830.47,145.66,1955198,-182.990,-109.980,-46.970,0.7850,1.0960
2117,28.0667,12.6790,0.8905,393216,830.47,145.66,1955198,-182.990,-109.980,-46.970,0.7850,1.0960
2118,28.0791,12.9546,0.8371,393216,830.47,145.66,1955198,-182.990,-109.980,-46.970,0.7850,1.0960
2119,28.0920,12.4047,0.9053,393216,830.47,145.66,1955198,-182.990,-109.980,-46.970,0.7850,1.0960
2120,28.1049,12.9606,0.8629,393216,830.47,145.66,1955198,-182.990,-109.980,-46.970,0.7850,1.0960
2121,28.1179,12.8429,1.1041,393216,830.47,145.66,1955198,-182.990,-109.980,-46.970,0.7850,1.0960
2122,28.1306,13.0538,0.8535,393216,830.47,145.66,1955198,-182.990,-109.980,-46.970,0.7850,1.0960
2123,28.1435,12.6242,0.9402,393216,830.47,145.66,1955198,-182.990,-109.980,-46.970,0.7850,1.0960
2124,28.1559,12.8980,0.9022,393216,830.47,145.66,1955198,-182.990,-109.980,-46.970,0.7850,1.0960
2125,28.1686,12.4258,0.9088,393216,830.47,145.66,1955198,-182.990,-109.980,-46.970,0.7850,1.0960
2126,28.1816,12.7685,0.8614,393216,830.47,145.66,1955198,-182.990,-109.980,-46.970,0.7850,1.0960
2127,28.1945,12.9199,0.7767,393216,830.47,145.66,1955198,-182.990,-109.980,-46.970,0.7850,1.0960
2128,28.2075,12.9389,0.8636,393216,830.47,145.66,1955198,-182.990,-109.980,-46.970,0.7850,1.0960
2129,28.2203,12.9409,0.9065,393216,830.47,145.66,1955198,-182.990,-109.980,-46.970,0.7850,1.0960
2130,28.2319,12.9025,0.7327,393216,830.47,145.66,1955198,-182.990,-109.980,-46.970,0.7850,1.0960
2131,28.2448,11.5904,0.8334,393216,830.47,145.66,1955198,-182.990,-109.980,-46.970,0.7850,1.0960
2132,28.2578,12.8292,0.8947,393216,830.47,145.66,1955198,-182.990,-109.980,-46.970,0.7850,1.0960
2133,28.2705,12.9934,0.7830,393216,830.47,145.66,1955198,-182.990,-109.980,-46.970,0.7850,1.0960
2134,28.2834,12.7598,0.8045,393216,830.47,145.66,1955198,-182.990,-109.980,-46.970,0.7850,1.0960
2135,28.2964,12.8932,0.9036,393216,830.47,145.66,1955198,-182.990,-109.980,-46.970,0.7850,1.0960
2136,28.3089,13.0046,0.9844,393216,830.47,145.66,1955198,-182.990,-109.980,-46.970,0.7850,1.0960
2137,28.3215,12.5185,0.8148,393216,830.47,145.66,1955198,-182.990,-109.980,-46.970,0.7850,1.0960
2138,28.3348,12.5819,1.1034,393216,830.47,145.66,1955198,-182.990,-109.980,-46.970,0.7850,1.0960
2139,28.3474,13.2792,0.8142,393216,830.47,145.66,1955198,-182.990,-109.980,-46.970,0.7850,1.0960
2140,28.3605,12.6112,0.9814,393216,830.47,145.66,1955198,-182.990,-109.980,-46.970,0.7850,1.0960
2141,28.3731,13.0578,0.8352,393216,830.47,145.66,1955198,-182.990,-109.980,-46.970,0.7850,1.0960
2142,28.3857,12.5864,0.9039,393216,830.47,145.66,1955198,-182.990,-109.980,-46.970,0.7850,1.0960
2143,28.3985,12.6568,0.7750,393216,830.47,145.66,1955198,-182.990,-109.980,-46.970,0.7850,1.0960
2144,28.4115,12.7866,0.8137,393216,830.47,145.66,1955198,-182.990,-109.980,-46.970,0.7850,1.0960
2145,28.4245,12.9910,0.8227,393216,830.47,145.66,1955198,-182.990,-109.980,-46.970,0.7850,1.0960
2146,28.4366,13.0438,0.8202,393216,830.47,145.66,1955198,-182.990,-109.980,-46.970,0.7850,1.0960
2147,28.4490,12.0351,0.8167,393216,830.47,145.66,1955198,-182.990,-109.980,-46.970,0.7850,1.0960
2148,28.4618,12.4438,0.8209,393216,830.47,145.66,1955198,-182.990,-109.980,-46.970,0.7850,1.0960
2149,28.4747,12.7777,0.8193,393216,830.47,145.66,1955198,-182.990,-109.980,-46.970,0.7850,1.0960
2150,28.4876,12.9092,0.8162,393216,830.47,145.66,1955198,-182.990,-109.980,-46.970,0.7850,1.0960
2151,28.5006,12.9297,0.8135,393216,830.47,145.66,1955198,-182.990,-109.980,-46.970,0.7850,1.0960
2152,28.5135,12.9524,0.8551,393216,830.47,145.66,1955198,-182.990,-109.980,-46.970,0.7850,1.0960
2153,28.5260,12.9429,0.8369,393216,830.47,145.66,1955198,-182.990,-109.980,-46.970,0.7850,1.0960
2154,28.5387,12.4374,0.8461,393216,830.47,145.66,1955198,-182.990,-109.980,-46.970,0.7850,1.0960
2155,28.5518,12.7139,1.1197,393216,830.47,145.66,1955198,-182.990,-109.980,-46.970,0.7850,1.0960
2156,28.5644,13.1635,0.8126,393216,830.47,145.66,1955198,-182.990,-109.980,-46.970,0.7850,1.0960
2157,28.5776,12.6394,0.9209,393216,830.47,145.66,1955198,-182.990,-109.980,-46.970,0.7850,1.0960
2158,28.5904,13.1043,0.8828,393216,830.47,145.66,1955198,-182.990,-109.980,-46.970,0.7850,1.0960
2159,28.6029,12.8488,0.8661,393216,830.47,145.66,1955198,-182.990,-109.980,-46.970,0.7850,1.0960
2160,28.6157,12.4411,0.8114,393216,830.47,145.66,1955198,-182.990,-109.980,-46.970,0.7850,1.0960
2161,28.6286,12.8063,0.8020,393216,830.47,145.66,1955198,-182.990,-109.980,-46.970,0.7850,1.0960
2162,28.6407,12.8961,0.8980,393216,830.47,145.66,1955198,-182.990,-109.980,-46.970,0.7850,1.0960
2163,28.6536,12.1475,0.9070,393216,830.47,145.66,1955198,-182.990,-109.980,-46.970,0.7850,1.0960
2164,28.6665,12.8705,0.9234,393216,830.47,145.66,1955198,-182.990,-109.980,-46.970,0.7850,1.0960
2165,28.6788,12.9089,0.8282,393216,830.47,145.66,1955198,-182.990,-109.980,-46.970,0.7850,1.0960
2166,28.6917,12.3084,0.8373,393216,830.47,145.66,1955198,-182.990,-109.980,-46.970,0.7850,1.0960
2167,28.7046,12.8557,0.8471,393216,830.47,145.66,1955198,-182.990,-109.980,-46.970,0.7850,1.0960
2168,28.7175,12.9568,0.7995,393216,830.47,145.66,1955198,-182.990,-109.980,-46.970,0.7850,1.0960
2169,28.7304,12.8861,0.8529,393216,830.47,145.66,1955198,-182.990,-109.980,-46.970,0.7850,1.0960
2170,28.7433,12.8400,0.8821,393216,830.47,145.66,1955198,-182.990,-109.980,-46.970,0.7850,1.0960
2171,28.7557,12.9058,0.8491,393216,830.47,145.66,1955198,-182.990,-109.980,-46.970,0.7850,1.0960
2172,28.7686,12.5148,0.8845,393216,830.47,145.66,1955198,-182.990,-109.980,-46.970,0.7850,1.0960
2173,28.7816,12.8648,0.8581,393216,830.47,145.66,1955198,-182.990,-109.980,-46.970,0.7850,1.0960
2174,28.7947,12.9226,1.1805,393216,830.47,145.66,1955198,-182.990,-109.980,-46.970,0.7850,1.0960
2175,28.8073,13.1992,0.8324,393216,830.47,145.66,1955198,-182.990,-109.980,-46.970,0.7850,1.0960
2176,28.8203,12.5070,0.9961,393216,830.47,145.66,1955198,-182.990,-109.980,-46.970,0.7850,1.0960
2177,28.8325,13.0471,0.7789,393216,830.47,145.66,1955198,-182.990,-109.980,-46.970,0.7850,1.0960
2178,28.8453,12.1961,1.4064,393216,830.47,145.66,1955198,-182.990,-109.980,-46.970,0.7850,1.0960
2179,28.8577,12.7542,0.8356,393216,830.47,145.66,1955198,-182.990,-109.980,-46.970,0.7850,1.0960
2180,28.8707,12.4260,0.8522,393216,830.47,145.66,1955198,-182.990,-109.980,-46.970,0.7850,1.0960
2181,28.8835,12.9669,0.8503,393216,830.47,145.66,1955198,-182.990,-109.980,-46.970,0.7850,1.0960
2182,28.8965,12.8627,0.9240,393216,830.47,145.66,1955198,-182.990,-109.980,-46.970,0.7850,1.0960
2183,28.9088,12.9615,0.7884,393216,830.47,145.66,1955198,-182.990,-109.980,-46.970,0.7850,1.0960
2184,28.9217,12.3424,0.8600,393216,830.47,145.66,1955198,-182.990,-109.980,-46.970,0.7850,1.0960
2185,28.9345,12.8967,0.8532,393216,830.47,145.66,1955198,-182.990,-109.980,-46.970,0.7850,1.0960
2186,28.9475,12.8092,0.8074,393216,830.47,145.66,1955198,-182.990,-109.980,-46.970,0.7850,1.0960
2187,28.9603,12.9167,0.8216,393216,830.47,145.66,1955198,-182.990,-109.980,-46.970,0.7850,1.0960
2188,28.9729,12.8988,0.8459,393216,830.47,145.66,1955198,-182.990,-109.980,-46.970,0.7850,1.0960
2189,28.9859,12.5250,0.9965,393216,830.47,145.66,1955198,-182.990,-109.980,-46.970,0.7850,1.0960
2190,28.9986,13.0174,0.8817,393216,830.47,145.66,1955198,-182.990,-109.980,-46.970,0.7850,1.0960
2191,29.0117,12.6937,1.1289,393216,830.47,145.66,1955198,-182.990,-109.980,-46.970,0.7850,1.0960
2192,29.0242,13.1690,0.8237,393216,830.47,145.66,1955198,-182.990,-109.980,-46.970,0.7850,1.0960
2193,29.0373,12.4528,1.1217,393216,830.47,145.66,1955198,-182.990,-109.980,-46.970,0.7850,1.0960
2194,29.0489,13.1367,0.8590,393216,830.47,145.66,1955198,-182.990,-109.980,-46.970,0.7850,1.0960
2195,29.0619,11.5132,1.0551,393216,830.47,145.66,1955198,-182.990,-109.980,-46.970,0.7850,1.0960
2196,29.0747,13.1028,0.9160,393216,830.47,145.66,1955198,-182.990,-109.980,-46.970,0.7850,1.0960
2197,29.0877,12.7753,1.0069,393216,830.47,145.66,1955198,-182.990,-109.980,-46.970,0.7850,1.0960
2198,29.1005,13.0148,0.9050,393216,830.47,145.66,1955198,-182.990,-109.980,-46.970,0.7850,1.0960
2199,29.1133,12.7956,0.9312,393216,830.47,145.66,1955198,-182.990,-109.980,-46.970,0.7850,1.0960
2200,29.1257,12.7501,0.8126,393216,830.47,145.66,1955198,-182.990,-109.980,-46.970,0.7850,1.0960
2201,29.1385,12.3860,0.9111,393216,830.47,145.66,1955198,-182.990,-109.980,-46.970,0.7850,1.0960
2202,29.1514,12.8495,0.8882,393216,830.47,145.66,1955198,-182.990,-109.980,-46.970,0.7850,1.0960
2203,29.1644,12.9050,0.9281,393216,830.47,145.66,1955198,-182.990,-109.980,-46.970,0.7850,1.0960
2204,29.1771,12.9562,0.8578,393216,830.47,145.66,1955198,-182.990,-109.980,-46.970,0.7850,1.0960
2205,29.1900,12.6786,0.9141,393216,830.47,145.66,1955198,-182.990,-109.980,-46.970,0.7850,1.0960
2206,29.2025,12.9103,0.8953,393216,830.47,145.66,1955198,-182.990,-109.980,-46.970,0.7850,1.0960
2207,29.2152,12.5414,0.8889,393216,830.47,145.66,1955198,-182.990,-109.980,-46.970,0.7850,1.0960
2208,29.2281,12.7042,0.9045,393216,830.47,145.66,1955198,-182.990,-109.980,-46.970,0.7850,1.0960
2209,29.2412,12.8896,0.8908,393216,830.47,145.66,1955198,-182.990,-109.980,-46.970,0.7850,1.0960
2210,29.2532,13.0493,0.8675,393216,830.47,145.66,1955198,-182.990,-109.980,-46.970,0.7850,1.0960
2211,29.2662,12.0145,1.0068,393216,830.47,145.66,1955198,-182.990,-109.980,-46.970,0.7850,1.0960
2212,29.2788,13.0457,1.0231,393216,830.47,145.66,1955198,-182.990,-109.980,-46.970,0.7850,1.0960
2213,29.2916,12.5457,0.9615,393216,830.47,145.66,1955198,-182.990,-109.980,-46.970,0.7850,1.0960
2214,29.3044,12.8837,0.9630,393216,830.47,145.66,1955198,-182.990,-109.980,-46.970,0.7850,1.0960
2215,29.3172,12.7493,0.8646,393216,830.47,145.66,1955198,-182.990,-109.980,-46.970,0.7850,1.0960
2216,29.3303,12.8513,1.0104,393216,830.47,145.66,1955198,-182.990,-109.980,-46.970,0.7850,1.0960
2217,29.3430,13.0366,0.9485,393216,830.47,145.66,1955198,-182.990,-109.980,-46.970,0.7850,1.0960
2218,29.3554,12.7474,0.8911,393216,830.47,145.66,1955198,-182.990,-109.980,-46.970,0.7850,1.0960
2219,29.3683,12.4005,0.9455,393216,830.47,145.66,1955198,-182.990,-109.980,-46.970,0.7850,1.0960
2220,29.3811,12.8846,0.9070,393216,830.47,145.66,1955198,-182.990,-109.980,-46.970,0.7850,1.0960
2221,29.3940,12.8107,0.9236,393216,830.47,145.66,1955198,-182.990,-109.980,-46.970,0.7850,1.0960
2222,29.4067,12.8576,0.8914,393216,830.47,145.66,1955198,-182.990,-109.980,-46.970,0.7850,1.0960
2223,29.4196,12.7468,1.0293,393216,830.47,145.66,1955198,-182.990,-109.980,-46.970,0.7850,1.0960
2224,29.4318,12.9035,0.8889,393216,830.47,145.66,1955198,-182.990,-109.980,-46.970,0.7850,1.0960
2225,29.4445,12.1923,0.8953,393216,830.47,145.66,1955198,-182.990,-109.980,-46.970,0.7850,1.0960
2226,29.4567,12.7169,0.8742,393216,830.47,145.66,1955198,-182.990,-109.980,-46.970,0.7850,1.0960
2227,29.4696,12.1239,0.8956,393216,830.47,145.66,1955198,-182.990,-109.980,-46.970,0.7850,1.0960
2228,29.4823,12.9382,0.9024,393216,830.47,145.66,1955198,-182.990,-109.980,-46.970,0.7850,1.0960
2229,29.4947,12.7093,0.8576,393216,830.47,145.66,1955198,-182.990,-109.980,-46.970,0.7850,1.0960
2230,29.5072,12.3823,0.8881,393216,830.47,145.66,1955198,-182.990,-109.980,-46.970,0.7850,1.0960
2231,29.5200,12.5351,0.8832,393216,830.47,145.66,1955198,-182.990,-109.980,-46.970,0.7850,1.0960
2232,29.5329,12.8115,0.8381,393216,830.47,145.66,1955198,-182.990,-109.980,-46.970,0.7850,1.0960
2233,29.5458,12.8853,0.9350,393216,830.47,145.66,1955198,-182.990,-109.980,-46.970,0.7850,1.0960
2234,29.5588,12.9049,0.9548,393216,830.47,145.66,1955198,-182.990,-109.980,-46.970,0.7850,1.0960
2235,29.5713,12.9882,1.0361,393216,830.47,145.66,1955198,-182.990,-109.980,-46.970,0.7850,1.0960
2236,29.5841,12.5035,0.9354,393216,830.47,145.66,1955198,-182.990,-109.980,-46.970,0.7850,1.0960
2237,29.5968,12.8435,0.9689,393216,830.47,145.66,1955198,-182.990,-109.980,-46.970,0.7850,1.0960
2238,29.6095,12.5864,0.8129,393216,830.47,145.66,1955198,-182.990,-109.980,-46.970,0.7850,1.0960
2239,29.6223,12.7483,0.8319,393216,830.47,145.66,1955198,-182.990,-109.980,-46.970,0.7850,1.0960
2240,29.6352,12.8112,0.8940,393216,830.47,145.66,1955198,-182.990,-109.980,-46.970,0.7850,1.0960
2241,29.6476,12.8707,0.8105,393216,830.47,145.66,1955198,-182.990,-109.980,-46.970,0.7850,1.0960
2242,29.6598,12.4214,0.8694,393216,830.47,145.66,1955198,-182.990,-109.980,-46.970,0.7850,1.0960
2243,29.6727,12.2288,0.8463,393216,830.47,145.66,1955198,-182.990,-109.980,-46.970,0.7850,1.0960
2244,29.6857,12.8283,0.8997,393216,830.47,145.66,1955198,-182.990,-109.980,-46.970,0.7850,1.0960
2245,29.6983,13.0077,0.7838,393216,830.47,145.66,1955198,-182.990,-109.980,-46.970,0.7850,1.0960
2246,29.7113,12.6310,0.8667,393216,830.47,145.66,1955198,-182.990,-109.980,-46.970,0.7850,1.0960
2247,29.7238,12.9792,0.8205,393216,830.47,145.66,1955198,-182.990,-109.980,-46.970,0.7850,1.0960
2248,29.7365,12.4633,0.8102,393216,830.47,145.66,1955198,-182.990,-109.980,-46.970,0.7850,1.0960
2249,29.7494,12.7372,0.8292,393216,830.47,145.66,1955198,-182.990,-109.980,-46.970,0.7850,1.0960
2250,29.7623,12.9487,0.7024,393216,830.47,145.66,1955198,-182.990,-109.980,-46.970,0.7850,1.0960
2251,29.7752,12.8091,0.7834,393216,830.47,145.66,1955198,-182.990,-109.980,-46.970,0.7850,1.0960
2252,29.7879,12.9545,0.9215,393216,830.47,145.66,1955198,-182.990,-109.980,-46.970,0.7850,1.0960
2253,29.8006,12.6778,0.8731,393216,830.47,145.66,1955198,-182.990,-109.980,-46.970,0.7850,1.0960
2254,29.8137,12.6804,1.0402,393216,830.47,145.66,1955198,-182.990,-109.980,-46.970,0.7850,1.0960
2255,29.8263,13.1065,0.8776,393216,830.47,145.66,1955198,-182.990,-109.980,-46.970,0.7850,1.0960
2256,29.8392,12.6942,0.9059,393216,830.47,145.66,1955198,-182.990,-109.980,-46.970,0.7850,1.0960
2257,29.8520,12.8212,0.9046,393216,830.47,145.66,1955198,-182.990,-109.980,-46.970,0.7850,1.0960
2258,29.8638,12.8793,0.9472,393216,830.47,145.66,1955198,-182.990,-109.980,-46.970,0.7850,1.0960
2259,29.8766,11.7852,0.8426,393216,830.47,145.66,1955198,-182.990,-109.980,-46.970,0.7850,1.0960
2260,29.8892,12.7619,0.7970,393216,830.47,145.66,1955198,-182.990,-109.980,-46.970,0.7850,1.0960
2261,29.9021,12.6010,0.7320,393216,830.47,145.66,1955198,-182.990,-109.980,-46.970,0.7850,1.0960
2262,29.9151,12.9087,0.8000,393216,830.47,145.66,1955198,-182.990,-109.980,-46.970,0.7850,1.0960
2263,29.9279,12.9675,0.8149,393216,830.47,145.66,1955198,-182.990,-109.980,-46.970,0.7850,1.0960
2264,29.9404,12.7932,0.7863,393216,830.47,145.66,1955198,-182.990,-109.980,-46.970,0.7850,1.0960
2265,29.9532,12.5017,0.8119,393216,830.47,145.66,1955198,-182.990,-109.980,-46.970,0.7850,1.0960
2266,29.9661,12.8051,0.7390,393216,830.47,145.66,1955198,-182.990,-109.980,-46.970,0.7850,1.0960
2267,29.9792,12.8648,0.8123,393216,830.47,145.66,1955198,-182.990,-109.980,-46.970,0.7850,1.0960
2268,29.9918,13.1199,0.8514,393216,830.47,145.66,1955198,-182.990,-109.980,-46.970,0.7850,1.0960
2269,30.0046,12.5880,0.8340,393216,830.47,145.66,1955198,-182.990,-109.980,-46.970,0.7850,1.0960
2270,30.1230,12.9951,106.6754,393216,830.47,145.66,1955198,-182.990,-109.980,-46.970,0.7850,1.0960
2271,30.1242,118.2591,0.9530,393216,830.47,145.66,1955198,-182.990,-109.980,-46.970,0.7850,1.0960
2272,30.1249,1.1167,0.6370,393216,830.47,145.66,1955198,-182.990,-109.980,-46.970,0.7850,1.0960
2273,30.1369,0.7539,0.8639,393216,830.47,145.66,1955198,-182.990,-109.980,-46.970,0.7850,1.0960
2274,30.1487,11.9989,0.8102,393216,830.47,145.66,1955198,-182.990,-109.980,-46.970,0.7850,1.0960
2275,30.1616,11.8516,0.9126,393216,830.47,145.66,1955198,-182.990,-109.980,-46.970,0.7850,1.0960
2276,30.1745,12.8371,0.9132,393216,830.47,145.66,1955198,-182.990,-109.980,-46.970,0.7850,1.0960
2277,30.1873,12.9194,0.9115,393216,830.47,145.66,1955198,-182.990,-109.980,-46.970,0.7850,1.0960
2278,30.1999,12.8579,0.8983,393216,830.47,145.66,1955198,-182.990,-109.980,-46.970,0.7850,1.0960
2279,30.2125,12.5346,0.8490,393216,830.47,145.66,1955198,-182.990,-109.980,-46.970,0.7850,1.0960
2280,30.2253,12.6454,0.8268,393216,830.47,145.66,1955198,-182.990,-109.980,-46.970,0.7850,1.0960
2281,30.2381,12.8033,0.8663,393216,830.47,145.66,1955198,-182.990,-109.980,-46.970,0.7850,1.0960
2282,30.2513,12.7996,1.0255,393216,830.47,145.66,1955198,-182.990,-109.980,-46.970,0.7850,1.0960
2283,30.2641,13.1936,1.0353,393216,830.47,145.66,1955198,-182.990,-109.980,-46.970,0.7850,1.0960
2284,30.2764,12.7622,0.9149,393216,830.47,145.66,1955198,-182.990,-109.980,-46.970,0.7850,1.0960
2285,30.2893,12.3475,0.9915,393216,830.47,145.66,1955198,-182.990,-109.980,-46.970,0.7850,1.0960
2286,30.3020,12.8371,0.8393,393216,830.47,145.66,1955198,-182.990,-109.980,-46.970,0.7850,1.0960
2287,30.3151,12.7573,1.0141,393216,830.47,145.66,1955198,-182.990,-109.980,-46.970,0.7850,1.0960
2288,30.3279,13.0477,0.9015,393216,830.47,145.66,1955198,-182.990,-109.980,-46.970,0.7850,1.0960
2289,30.3411,12.8465,1.1160,393216,830.47,145.66,1955198,-182.990,-109.980,-46.970,0.7850,1.0960
2290,30.3525,13.1759,0.9326,393216,830.47,145.66,1955198,-182.990,-109.980,-46.970,0.7850,1.0960
2291,30.3653,11.3888,0.8972,393216,830.47,145.66,1955198,-182.990,-109.980,-46.970,0.7850,1.0960
2292,30.3782,12.7875,0.9032,393216,830.47,145.66,1955198,-182.990,-109.980,-46.970,0.7850,1.0960
2293,30.3914,12.9114,1.1229,393216,830.47,145.66,1955198,-182.990,-109.980,-46.970,0.7850,1.0960
2294,30.4040,13.2059,0.8791,393216,830.47,145.66,1955198,-182.990,-109.980,-46.970,0.7850,1.0960
2295,30.4169,12.6385,0.9380,393216,830.47,145.66,1955198,-182.990,-109.980,-46.970,0.7850,1.0960
2296,30.4293,12.8350,0.8377,393216,830.47,145.66,1955198,-182.990,-109.980,-46.970,0.7850,1.0960
2297,30.4421,12.3998,0.8397,393216,830.47,145.66,1955198,-182.990,-109.980,-46.970,0.7850,1.0960
2298,30.4550,12.7962,0.8540,393216,830.47,145.66,1955198,-182.990,-109.980,-46.970,0.7850,1.0960
2299,30.4679,12.9931,0.8210,393216,830.47,145.66,1955198,-182.990,-109.980,-46.970,0.7850,1.0960
2300,30.4809,12.8975,0.8012,393216,830.47,145.66,1955198,-182.990,-109.980,-46.970,0.7850,1.0960
2301,30.4938,12.9094,0.8788,393216,830.47,145.66,1955198,-182.990,-109.980,-46.970,0.7850,1.0960
2302,30.5062,12.9401,0.8343,393216,830.47,145.66,1955198,-182.990,-109.980,-46.970,0.7850,1.0960
2303,30.5189,12.4415,0.7854,393216,830.47,145.66,1955198,-182.990,-109.980,-46.970,0.7850,1.0960
2304,30.5319,12.7011,0.8406,393216,830.47,145.66,1955198,-182.990,-109.980,-46.970,0.7850,1.0960
2305,30.5448,12.9488,0.8630,393216,830.47,145.66,1955198,-182.990,-109.980,-46.970,0.7850,1.0960
2306,30.5570,12.9133,0.8201,393216,830.47,145.66,1955198,-182.990,-109.980,-46.970,0.7850,1.0960
2307,30.5700,12.2217,0.8772,393216,830.47,145.66,1955198,-182.990,-109.980,-46.970,0.7850,1.0960
2308,30.5825,12.9804,0.8510,393216,830.47,145.66,1955198,-182.990,-109.980,-46.970,0.7850,1.0960
2309,30.5952,12.4660,0.8609,393216,830.47,145.66,1955198,-182.990,-109.980,-46.970,0.7850,1.0960
2310,30.6082,12.7496,0.8539,393216,830.47,145.66,1955198,-182.990,-109.980,-46.970,0.7850,1.0960
2311,30.6212,12.9460,0.8119,393216,830.47,145.66,1955198,-182.990,-109.980,-46.970,0.7850,1.0960
2312,30.6341,13.0289,0.8513,393216,830.47,145.66,1955198,-182.990,-109.980,-46.970,0.7850,1.0960
2313,30.6469,12.9253,0.9338,393216,830.47,145.66,1955198,-182.990,-109.980,-46.970,0.7850,1.0960
2314,30.6595,12.7813,1.1124,393216,830.47,145.66,1955198,-182.990,-109.980,-46.970,0.7850,1.0960
2315,30.6720,12.6028,0.8101,393216,830.47,145.66,1955198,-182.990,-109.980,-46.970,0.7850,1.0960
2316,30.6853,12.5304,0.9412,393216,830.47,145.66,1955198,-182.990,-109.980,-46.970,0.7850,1.0960
2317,30.6979,13.2464,0.8085,393216,830.47,145.66,1955198,-182.990,-109.980,-46.970,0.7850,1.0960
2318,30.7107,12.5705,0.8792,393216,830.47,145.66,1955198,-182.990,-109.980,-46.970,0.7850,1.0960
2319,30.7235,12.8740,0.9683,393216,830.47,145.66,1955198,-182.990,-109.980,-46.970,0.7850,1.0960
2320,30.7356,12.7585,0.7777,393216,830.47,145.66,1955198,-182.990,-109.980,-46.970,0.7850,1.0960
2321,30.7487,12.1513,0.9129,393216,830.47,145.66,1955198,-182.990,-109.980,-46.970,0.7850,1.0960
2322,30.7606,13.0430,0.8730,393216,830.47,145.66,1955198,-182.990,-109.980,-46.970,0.7850,1.0960
2323,30.7736,11.9471,0.9117,393216,830.47,145.66,1955198,-182.990,-109.980,-46.970,0.7850,1.0960
2324,30.7863,12.9608,0.7991,393216,830.47,145.66,1955198,-182.990,-109.980,-46.970,0.7850,1.0960
2325,30.7990,12.6903,1.0529,393216,830.47,145.66,1955198,-182.990,-109.980,-46.970,0.7850,1.0960
2326,30.8114,12.6964,0.9228,393216,830.47,145.66,1955198,-182.990,-109.980,-46.970,0.7850,1.0960
2327,30.8241,12.4642,0.8915,393216,830.47,145.66,1955198,-182.990,-109.980,-46.970,0.7850,1.0960
2328,30.8368,12.6141,0.7998,393216,830.47,145.66,1955198,-182.990,-109.980,-46.970,0.7850,1.0960
2329,30.8496,12.7640,0.8368,393216,830.47,145.66,1955198,-182.990,-109.980,-46.970,0.7850,1.0960
2330,30.8626,12.7628,0.9716,393216,830.47,145.66,1955198,-182.990,-109.980,-46.970,0.7850,1.0960
2331,30.8747,12.9972,0.7978,393216,830.47,145.66,1955198,-182.990,-109.980,-46.970,0.7850,1.0960
2332,30.8875,12.1175,0.8268,393216,830.47,145.66,1955198,-182.990,-109.980,-46.970,0.7850,1.0960
2333,30.9003,12.7957,0.8159,393216,830.47,145.66,1955198,-182.990,-109.980,-46.970,0.7850,1.0960
2334,30.9132,12.8141,0.8650,393216,830.47,145.66,1955198,-182.990,-109.980,-46.970,0.7850,1.0960
2335,30.9258,12.9178,0.8355,393216,830.47,145.66,1955198,-182.990,-109.980,-46.970,0.7850,1.0960
2336,30.9385,12.5571,0.8118,393216,830.47,145.66,1955198,-182.990,-109.980,-46.970,0.7850,1.0960
2337,30.9510,12.7565,0.8364,393216,830.47,145.66,1955198,-182.990,-109.980,-46.970,0.7850,1.0960
2338,30.9630,12.4715,0.8050,393216,830.47,145.66,1955198,-182.990,-109.980,-46.970,0.7850,1.0960
2339,30.9759,11.9951,0.8341,393216,830.47,145.66,1955198,-182.990,-109.980,-46.970,0.7850,1.0960
2340,30.9885,12.8497,0.7872,393216,830.47,145.66,1955198,-182.990,-109.980,-46.970,0.7850,1.0960
2341,31.0015,12.6756,0.8618,393216,830.47,145.66,1955198,-182.990,-109.980,-46.970,0.7850,1.0960
2342,31.0137,12.9391,0.8121,393216,830.47,145.66,1955198,-182.990,-109.980,-46.970,0.7850,1.0960
2343,31.0265,12.2664,0.8805,393216,830.47,145.66,1955198,-182.990,-109.980,-46.970,0.7850,1.0960
2344,31.0393,12.7476,0.9280,393216,830.47,145.66,1955198,-182.990,-109.980,-46.970,0.7850,1.0960
2345,31.0521,12.8651,0.8723,393216,830.47,145.66,1955198,-182.990,-109.980,-46.970,0.7850,1.0960
2346,31.0651,12.8048,1.0359,393216,830.47,145.66,1955198,-182.990,-109.980,-46.970,0.7850,1.0960
2347,31.0777,13.0061,0.9583,393216,830.47,145.66,1955198,-182.990,-109.980,-46.970,0.7850,1.0960
2348,31.0902,12.5240,0.9795,393216,830.47,145.66,1955198,-182.990,-109.980,-46.970,0.7850,1.0960
2349,31.1028,12.5017,0.9035,393216,830.47,145.66,1955198,-182.990,-109.980,-46.970,0.7850,1.0960
2350,31.1157,12.5841,1.0777,393216,830.47,145.66,1955198,-182.990,-109.980,-46.970,0.7850,1.0960
2351,31.1285,12.9259,0.8725,393216,830.47,145.66,1955198,-182.990,-109.980,-46.970,0.7850,1.0960
2352,31.1413,12.7886,0.9062,393216,830.47,145.66,1955198,-182.990,-109.980,-46.970,0.7850,1.0960
2353,31.1543,12.8289,0.9190,393216,830.47,145.66,1955198,-182.990,-109.980,-46.970,0.7850,1.0960
2354,31.1660,12.9810,0.9265,393216,830.47,145.66,1955198,-182.990,-109.980,-46.970,0.7850,1.0960
2355,31.1790,11.7224,0.9985,393216,830.47,145.66,1955198,-182.990,-109.980,-46.970,0.7850,1.0960
2356,31.1919,12.9407,0.9533,393216,830.47,145.66,1955198,-182.990,-109.980,-46.970,0.7850,1.0960
2357,31.2050,12.9870,0.9827,393216,830.47,145.66,1955198,-182.990,-109.980,-46.970,0.7850,1.0960
2358,31.2178,13.0813,0.9778,393216,830.47,145.66,1955198,-182.990,-109.980,-46.970,0.7850,1.0960
2359,31.2309,12.8064,1.1208,393216,830.47,145.66,1955198,-182.990,-109.980,-46.970,0.7850,1.0960
2360,31.2433,13.1185,0.9779,393216,830.47,145.66,1955198,-182.990,-109.980,-46.970,0.7850,1.0960
2361,31.2562,12.3859,1.0183,393216,830.47,145.66,1955198,-182.990,-109.980,-46.970,0.7850,1.0960
2362,31.2692,12.9101,0.9792,393216,830.47,145.66,1955198,-182.990,-109.980,-46.970,0.7850,1.0960
2363,31.2821,12.9473,0.8815,393216,830.47,145.66,1955198,-182.990,-109.980,-46.970,0.7850,1.0960
2364,31.2949,12.9898,0.9246,393216,830.47,145.66,1955198,-182.990,-109.980,-46.970,0.7850,1.0960
2365,31.3078,12.7631,0.8936,393216,830.47,145.66,1955198,-182.990,-109.980,-46.970,0.7850,1.0960
2366,31.3205,12.9060,0.9169,393216,830.47,145.66,1955198,-182.990,-109.980,-46.970,0.7850,1.0960
2367,31.3334,12.6958,0.8823,393216,830.47,145.66,1955198,-182.990,-109.980,-46.970,0.7850,1.0960
2368,31.3463,12.8122,0.8701,393216,830.47,145.66,1955198,-182.990,-109.980,-46.970,0.7850,1.0960
2369,31.3598,12.9565,1.2641,393216,830.47,145.66,1955198,-182.990,-109.980,-46.970,0.7850,1.0960
2370,31.3715,13.4733,0.8715,393216,830.47,145.66,1955198,-182.990,-109.980,-46.970,0.7850,1.0960
2371,31.3844,11.6692,0.9210,393216,830.47,145.66,1955198,-182.990,-109.980,-46.970,0.7850,1.0960
2372,31.3969,12.9264,0.8925,393216,830.47,145.66,1955198,-182.990,-109.980,-46.970,0.7850,1.0960
2373,31.4098,12.5296,0.8871,393216,830.47,145.66,1955198,-182.990,-109.980,-46.970,0.7850,1.0960
2374,31.4229,12.9122,0.9435,393216,830.47,145.66,1955198,-182.990,-109.980,-46.970,0.7850,1.0960
2375,31.4360,13.1017,1.0425,393216,830.47,145.66,1955198,-182.990,-109.980,-46.970,0.7850,1.0960
2376,31.4486,13.1141,0.8624,393216,830.47,145.66,1955198,-182.990,-109.980,-46.970,0.7850,1.0960
2377,31.4617,12.5536,0.9076,393216,830.47,145.66,1955198,-182.990,-109.980,-46.970,0.7850,1.0960
2378,31.4743,13.0958,0.9456,393216,830.47,145.66,1955198,-182.990,-109.980,-46.970,0.7850,1.0960
2379,31.4870,12.5661,0.8162,393216,830.47,145.66,1955198,-182.990,-109.980,-46.970,0.7850,1.0960
2380,31.5000,12.7240,0.8849,393216,830.47,145.66,1955198,-182.990,-109.980,-46.970,0.7850,1.0960
2381,31.5130,13.0149,0.9485,393216,830.47,145.66,1955198,-182.990,-109.980,-46.970,0.7850,1.0960
2382,31.5259,13.0202,0.8951,393216,830.47,145.66,1955198,-182.990,-109.980,-46.970,0.7850,1.0960
2383,31.5388,12.8954,0.9215,393216,830.47,145.66,1955198,-182.990,-109.980,-46.970,0.7850,1.0960
2384,31.5513,12.8834,0.8812,393216,830.47,145.66,1955198,-182.990,-109.980,-46.970,0.7850,1.0960
2385,31.5643,12.4676,1.0303,393216,830.47,145.66,1955198,-182.990,-109.980,-46.970,0.7850,1.0960
2386,31.5763,13.0795,0.8635,393216,830.47,145.66,1955198,-182.990,-109.980,-46.970,0.7850,1.0960
2387,31.5897,12.0100,1.1242,393216,830.47,145.66,1955198,-182.990,-109.980,-46.970,0.7850,1.0960
2388,31.6022,13.3281,0.8833,393216,830.47,145.66,1955198,-182.990,-109.980,-46.970,0.7850,1.0960
2389,31.6153,12.5694,1.0331,393216,830.47,145.66,1955198,-182.990,-109.980,-46.970,0.7850,1.0960
2390,31.6276,13.0945,0.9507,393216,830.47,145.66,1955198,-182.990,-109.980,-46.970,0.7850,1.0960
2391,31.6407,12.3036,1.1136,393216,830.47,145.66,1955198,-182.990,-109.980,-46.970,0.7850,1.0960
2392,31.6535,13.0929,0.9204,393216,830.47,145.66,1955198,-182.990,-109.980,-46.970,0.7850,1.0960
2393,31.6666,12.7831,0.9038,393216,830.47,145.66,1955198,-182.990,-109.980,-46.970,0.7850,1.0960
2394,31.6795,13.0410,0.9356,393216,830.47,145.66,1955198,-182.990,-109.980,-46.970,0.7850,1.0960
2395,31.6924,12.9342,0.9694,393216,830.47,145.66,1955198,-182.990,-109.980,-46.970,0.7850,1.0960
2396,31.7049,12.9460,0.8610,393216,830.47,145.66,1955198,-182.990,-109.980,-46.970,0.7850,1.0960
2397,31.7180,12.4329,1.1410,393216,830.47,145.66,1955198,-182.990,-109.980,-46.970,0.7850,1.0960
2398,31.7309,13.0863,1.1375,393216,830.47,145.66,1955198,-182.990,-109.980,-46.970,0.7850,1.0960
2399,31.7437,12.9953,0.9138,393216,830.47,145.66,1955198,-182.990,-109.980,-46.970,0.7850,1.0960
2400,31.7569,12.7161,0.9978,393216,830.47,145.66,1955198,-182.990,-109.980,-46.970,0.7850,1.0960
2401,31.7697,13.2164,1.0152,393216,830.47,145.66,1955198,-182.990,-109.980,-46.970,0.7850,1.0960
2402,31.7816,12.7840,1.1393,393216,830.47,145.66,1955198,-182.990,-109.980,-46.970,0.7850,1.0960
2403,31.7943,11.9627,0.8386,393216,830.47,145.66,1955198,-182.990,-109.980,-46.970,0.7850,1.0960
2404,31.8073,12.6449,0.8947,393216,830.47,145.66,1955198,-182.990,-109.980,-46.970,0.7850,1.0960
2405,31.8203,13.0254,0.9080,393216,830.47,145.66,1955198,-182.990,-109.980,-46.970,0.7850,1.0960
2406,31.8333,12.9598,0.9071,393216,830.47,145.66,1955198,-182.990,-109.980,-46.970,0.7850,1.0960
2407,31.8462,13.0305,0.9331,393216,830.47,145.66,1955198,-182.990,-109.980,-46.970,0.7850,1.0960
2408,31.8587,12.9373,0.8688,393216,830.47,145.66,1955198,-182.990,-109.980,-46.970,0.7850,1.0960
2409,31.8718,12.5007,0.9672,393216,830.47,145.66,1955198,-182.990,-109.980,-46.970,0.7850,1.0960
2410,31.8847,13.1149,0.9476,393216,830.47,145.66,1955198,-182.990,-109.980,-46.970,0.7850,1.0960
2411,31.8978,12.8724,0.9703,393216,830.47,145.66,1955198,-182.990,-109.980,-46.970,0.7850,1.0960
2412,31.9107,13.1206,0.9836,393216,830.47,145.66,1955198,-182.990,-109.980,-46.970,0.7850,1.0960
2413,31.9240,12.9122,1.2314,393216,830.47,145.66,1955198,-182.990,-109.980,-46.970,0.7850,1.0960
2414,31.9363,13.2449,0.9597,393216,830.47,145.66,1955198,-182.990,-109.980,-46.970,0.7850,1.0960
2415,31.9492,12.3252,1.0276,393216,830.47,145.66,1955198,-182.990,-109.980,-46.970,0.7850,1.0960
2416,31.9622,12.8707,0.9990,393216,830.47,145.66,1955198,-182.990,-109.980,-46.970,0.7850,1.0960
2417,31.9752,12.9740,0.8936,393216,830.47,145.66,1955198,-182.990,-109.980,-46.970,0.7850,1.0960
2418,31.9874,13.0185,0.8924,393216,830.47,145.66,1955198,-182.990,-109.980,-46.970,0.7850,1.0960
2419,32.0003,12.2316,0.9612,393216,830.47,145.66,1955198,-182.990,-109.980,-46.970,0.7850,1.0960
2420,32.0129,13.0194,0.9765,393216,830.47,145.66,1955198,-182.990,-109.980,-46.970,0.7850,1.0960
2421,32.0257,12.4964,0.9472,393216,830.47,145.66,1955198,-182.990,-109.980,-46.970,0.7850,1.0960
2422,32.0385,12.7798,0.9235,393216,830.47,145.66,1955198,-182.990,-109.980,-46.970,0.7850,1.0960
2423,32.0514,12.8075,0.8531,393216,830.47,145.66,1955198,-182.990,-109.980,-46.970,0.7850,1.0960
2424,32.0643,12.8573,0.8904,393216,830.47,145.66,1955198,-182.990,-109.980,-46.970,0.7850,1.0960
2425,32.0772,12.9175,0.8751,393216,830.47,145.66,1955198,-182.990,-109.980,-46.970,0.7850,1.0960
2426,32.0897,12.8743,0.9464,393216,830.47,145.66,1955198,-182.990,-109.980,-46.970,0.7850,1.0960
2427,32.1023,12.5623,0.8797,393216,830.47,145.66,1955198,-182.990,-109.980,-46.970,0.7850,1.0960
2428,32.1156,12.5864,1.1863,393216,830.47,145.66,1955198,-182.990,-109.980,-46.970,0.7850,1.0960
2429,32.1281,13.3101,0.8904,393216,830.47,145.66,1955198,-182.990,-109.980,-46.970,0.7850,1.0960
2430,32.1413,12.4464,0.9736,393216,830.47,145.66,1955198,-182.990,-109.980,-46.970,0.7850,1.0960
2431,32.1540,13.2086,0.9100,393216,830.47,145.66,1955198,-182.990,-109.980,-46.970,0.7850,1.0960
2432,32.1665,12.7724,0.9416,393216,830.47,145.66,1955198,-182.990,-109.980,-46.970,0.7850,1.0960
2433,32.1793,12.4690,0.8938,393216,830.47,145.66,1955198,-182.990,-109.980,-46.970,0.7850,1.0960
2434,32.1917,12.7508,0.9413,393216,830.47,145.66,1955198,-182.990,-109.980,-46.970,0.7850,1.0960
2435,32.2043,12.3829,0.8254,393216,830.47,145.66,1955198,-182.990,-109.980,-46.970,0.7850,1.0960
2436,32.2173,12.6324,0.9837,393216,830.47,145.66,1955198,-182.990,-109.980,-46.970,0.7850,1.0960
2437,32.2303,13.0397,1.0164,393216,830.47,145.66,1955198,-182.990,-109.980,-46.970,0.7850,1.0960
2438,32.2430,12.9995,0.9799,393216,830.47,145.66,1955198,-182.990,-109.980,-46.970,0.7850,1.0960
2439,32.2557,12.6286,0.9051,393216,830.47,145.66,1955198,-182.990,-109.980,-46.970,0.7850,1.0960
2440,32.2686,12.7012,0.9371,393216,830.47,145.66,1955198,-182.990,-109.980,-46.970,0.7850,1.0960
2441,32.2818,12.9923,0.9877,393216,830.47,145.66,1955198,-182.990,-109.980,-46.970,0.7850,1.0960
2442,32.2946,13.1367,0.9148,393216,830.47,145.66,1955198,-182.990,-109.980,-46.970,0.7850,1.0960
2443,32.3078,12.8448,1.1428,393216,830.47,145.66,1955198,-182.990,-109.980,-46.970,0.7850,1.0960
2444,32.3202,13.2114,0.9390,393216,830.47,145.66,1955198,-182.990,-109.980,-46.970,0.7850,1.0960
2445,32.3331,12.3507,1.0739,393216,830.47,145.66,1955198,-182.990,-109.980,-46.970,0.7850,1.0960
2446,32.3460,12.9245,0.9696,393216,830.47,145.66,1955198,-182.990,-109.980,-46.970,0.7850,1.0960
2447,32.3591,12.9210,0.9770,393216,830.47,145.66,1955198,-182.990,-109.980,-46.970,0.7850,1.0960
2448,32.3722,13.0182,1.0436,393216,830.47,145.66,1955198,-182.990,-109.980,-46.970,0.7850,1.0960
2449,32.3849,13.1114,0.8946,393216,830.47,145.66,1955198,-182.990,-109.980,-46.970,0.7850,1.0960
2450,32.3968,12.6949,0.9345,393216,830.47,145.66,1955198,-182.990,-109.980,-46.970,0.7850,1.0960
2451,32.4097,11.9215,0.9375,393216,830.47,145.66,1955198,-182.990,-109.980,-46.970,0.7850,1.0960
2452,32.4226,12.9272,0.9082,393216,830.47,145.66,1955198,-182.990,-109.980,-46.970,0.7850,1.0960
2453,32.4356,12.8893,0.8545,393216,830.47,145.66,1955198,-182.990,-109.980,-46.970,0.7850,1.0960
2454,32.4486,13.0016,0.8480,393216,830.47,145.66,1955198,-182.990,-109.980,-46.970,0.7850,1.0960
2455,32.4616,12.9952,0.8819,393216,830.47,145.66,1955198,-182.990,-109.980,-46.970,0.7850,1.0960
2456,32.4746,13.0238,1.0713,393216,830.47,145.66,1955198,-182.990,-109.980,-46.970,0.7850,1.0960
2457,32.4869,13.0288,0.8864,393216,830.47,145.66,1955198,-182.990,-109.980,-46.970,0.7850,1.0960
2458,32.5001,12.2240,1.1390,393216,830.47,145.66,1955198,-182.990,-109.980,-46.970,0.7850,1.0960
2459,32.5129,13.2213,0.8677,393216,830.47,145.66,1955198,-182.990,-109.980,-46.970,0.7850,1.0960
2460,32.5260,12.8050,0.9374,393216,830.47,145.66,1955198,-182.990,-109.980,-46.970,0.7850,1.0960
2461,32.5389,13.1308,0.8763,393216,830.47,145.66,1955198,-182.990,-109.980,-46.970,0.7850,1.0960
2462,32.5520,12.8586,0.9624,393216,830.47,145.66,1955198,-182.990,-109.980,-46.970,0.7850,1.0960
2463,32.5646,13.0949,0.9154,393216,830.47,145.66,1955198,-182.990,-109.980,-46.970,0.7850,1.0960
2464,32.5774,12.6114,0.8608,393216,830.47,145.66,1955198,-182.990,-109.980,-46.970,0.7850,1.0960
2465,32.5903,12.7743,0.8726,393216,830.47,145.66,1955198,-182.990,-109.980,-46.970,0.7850,1.0960
2466,32.6026,12.9768,0.9027,393216,830.47,145.66,1955198,-182.990,-109.980,-46.970,0.7850,1.0960
2467,32.6157,12.2559,1.0246,393216,830.47,145.66,1955198,-182.990,-109.980,-46.970,0.7850,1.0960
2468,32.6287,13.1908,1.0412,393216,830.47,145.66,1955198,-182.990,-109.980,-46.970,0.7850,1.0960
2469,32.6413,12.9641,0.9568,393216,830.47,145.66,1955198,-182.990,-109.980,-46.970,0.7850,1.0960
2470,32.6542,12.5382,0.9898,393216,830.47,145.66,1955198,-182.990,-109.980,-46.970,0.7850,1.0960
2471,32.6673,12.8844,1.0497,393216,830.47,145.66,1955198,-182.990,-109.980,-46.970,0.7850,1.0960
2472,32.6801,13.1614,0.9344,393216,830.47,145.66,1955198,-182.990,-109.980,-46.970,0.7850,1.0960
2473,32.6931,12.7463,0.9450,393216,830.47,145.66,1955198,-182.990,-109.980,-46.970,0.7850,1.0960
2474,32.7061,12.9562,1.0129,393216,830.47,145.66,1955198,-182.990,-109.980,-46.970,0.7850,1.0960
2475,32.7185,13.0697,0.8251,393216,830.47,145.66,1955198,-182.990,-109.980,-46.970,0.7850,1.0960
2476,32.7314,12.3577,0.9297,393216,830.47,145.66,1955198,-182.990,-109.980,-46.970,0.7850,1.0960
2477,32.7444,12.9518,0.8492,393216,830.47,145.66,1955198,-182.990,-109.980,-46.970,0.7850,1.0960
2478,32.7577,12.9624,0.9493,393216,830.47,145.66,1955198,-182.990,-109.980,-46.970,0.7850,1.0960
2479,32.7704,13.3166,0.8768,393216,830.47,145.66,1955198,-182.990,-109.980,-46.970,0.7850,1.0960
2480,32.7835,12.7418,1.0840,393216,830.47,145.66,1955198,-182.990,-109.980,-46.970,0.7850,1.0960
2481,32.7959,13.1075,0.9349,393216,830.47,145.66,1955198,-182.990,-109.980,-46.970,0.7850,1.0960
2482,32.8081,12.3430,0.9124,393216,830.47,145.66,1955198,-182.990,-109.980,-46.970,0.7850,1.0960
2483,32.8211,12.2165,0.8779,393216,830.47,145.66,1955198,-182.990,-109.980,-46.970,0.7850,1.0960
2484,32.8345,12.9368,1.1591,393216,830.47,145.66,1955198,-182.990,-109.980,-46.970,0.7850,1.0960
2485,32.8471,13.4244,0.8727,393216,830.47,145.66,1955198,-182.990,-109.980,-46.970,0.7850,1.0960
2486,32.8600,12.6013,1.0228,393216,830.47,145.66,1955198,-182.990,-109.980,-46.970,0.7850,1.0960
2487,32.8726,12.9404,0.9070,393216,830.47,145.66,1955198,-182.990,-109.980,-46.970,0.7850,1.0960
2488,32.8855,12.5606,1.0130,393216,830.47,145.66,1955198,-182.990,-109.980,-46.970,0.7850,1.0960
2489,32.8983,12.8997,0.8928,393216,830.47,145.66,1955198,-182.990,-109.980,-46.970,0.7850,1.0960
2490,32.9114,12.8704,0.8974,393216,830.47,145.66,1955198,-182.990,-109.980,-46.970,0.7850,1.0960
2491,32.9245,13.0546,0.8710,393216,830.47,145.66,1955198,-182.990,-109.980,-46.970,0.7850,1.0960
2492,32.9376,13.1172,0.9981,393216,830.47,145.66,1955198,-182.990,-109.980,-46.970,0.7850,1.0960
2493,32.9503,13.1315,0.9612,393216,830.47,145.66,1955198,-182.990,-109.980,-46.970,0.7850,1.0960
2494,32.9629,12.6206,0.9280,393216,830.47,145.66,1955198,-182.990,-109.980,-46.970,0.7850,1.0960
2495,32.9762,12.6079,1.2825,393216,830.47,145.66,1955198,-182.990,-109.980,-46.970,0.7850,1.0960
2496,32.9887,13.3282,0.8289,393216,830.47,145.66,1955198,-182.990,-109.980,-46.970,0.7850,1.0960
2497,33.0019,12.4650,0.9673,393216,830.47,145.66,1955198,-182.990,-109.980,-46.970,0.7850,1.0960
2498,33.0141,13.2488,0.9877,393216,830.47,145.66,1955198,-182.990,-109.980,-46.970,0.7850,1.0960
2499,33.0267,12.2186,0.9448,393216,830.47,145.66,1955198,-182.990,-109.980,-46.970,0.7850,1.0960
2500,33.0395,12.5145,0.9079,393216,830.47,145.66,1955198,-182.990,-109.980,-46.970,0.7850,1.0960
2501,33.0524,12.8153,0.8653,393216,830.47,145.66,1955198,-182.990,-109.980,-46.970,0.7850,1.0960
2502,33.0654,12.9293,0.9716,393216,830.47,145.66,1955198,-182.990,-109.980,-46.970,0.7850,1.0960
2503,33.0785,13.0221,0.8926,393216,830.47,145.66,1955198,-182.990,-109.980,-46.970,0.7850,1.0960
2504,33.0915,13.0529,0.9099,393216,830.47,145.66,1955198,-182.990,-109.980,-46.970,0.7850,1.0960
2505,33.1039,13.0082,0.8815,393216,830.47,145.66,1955198,-182.990,-109.980,-46.970,0.7850,1.0960
2506,33.1170,12.4529,1.1120,393216,830.47,145.66,1955198,-182.990,-109.980,-46.970,0.7850,1.0960
2507,33.1299,13.0833,0.9153,393216,830.47,145.66,1955198,-182.990,-109.980,-46.970,0.7850,1.0960
2508,33.1430,12.8431,1.0994,393216,830.47,145.66,1955198,-182.990,-109.980,-46.970,0.7850,1.0960
2509,33.1558,13.1176,0.9014,393216,830.47,145.66,1955198,-182.990,-109.980,-46.970,0.7850,1.0960
2510,33.1691,12.8199,1.1939,393216,830.47,145.66,1955198,-182.990,-109.980,-46.970,0.7850,1.0960
2511,33.1815,13.2822,1.0144,393216,830.47,145.66,1955198,-182.990,-109.980,-46.970,0.7850,1.0960
2512,33.1944,12.4643,0.9764,393216,830.47,145.66,1955198,-182.990,-109.980,-46.970,0.7850,1.0960
2513,33.2074,12.8802,0.9320,393216,830.47,145.66,1955198,-182.990,-109.980,-46.970,0.7850,1.0960
2514,33.2197,12.9317,1.0113,393216,830.47,145.66,1955198,-182.990,-109.980,-46.970,0.7850,1.0960
2515,33.2328,12.3495,0.9553,393216,830.47,145.66,1955198,-182.990,-109.980,-46.970,0.7850,1.0960
2516,33.2457,13.0626,0.9932,393216,830.47,145.66,1955198,-182.990,-109.980,-46.970,0.7850,1.0960
2517,33.2580,12.9677,0.8800,393216,830.47,145.66,1955198,-182.990,-109.980,-46.970,0.7850,1.0960
2518,33.2709,12.2611,0.8973,393216,830.47,145.66,1955198,-182.990,-109.980,-46.970,0.7850,1.0960
2519,33.2838,12.9395,0.8524,393216,830.47,145.66,1955198,-182.990,-109.980,-46.970,0.7850,1.0960
2520,33.2968,12.8955,0.8976,393216,830.47,145.66,1955198,-182.990,-109.980,-46.970,0.7850,1.0960
2521,33.3099,13.0058,0.8411,393216,830.47,145.66,1955198,-182.990,-109.980,-46.970,0.7850,1.0960
2522,33.3229,13.0736,0.8804,393216,830.47,145.66,1955198,-182.990,-109.980,-46.970,0.7850,1.0960
2523,33.3358,12.9542,1.1902,393216,830.47,145.66,1955198,-182.990,-109.980,-46.970,0.7850,1.0960
2524,33.3484,12.9576,0.9069,393216,830.47,145.66,1955198,-182.990,-109.980,-46.970,0.7850,1.0960
2525,33.3614,12.5355,0.9916,393216,830.47,145.66,1955198,-182.990,-109.980,-46.970,0.7850,1.0960
2526,33.3743,13.0506,0.9108,393216,830.47,145.66,1955198,-182.990,-109.980,-46.970,0.7850,1.0960
2527,33.3874,12.8857,0.8471,393216,830.47,145.66,1955198,-182.990,-109.980,-46.970,0.7850,1.0960
2528,33.4003,13.0695,0.9014,393216,830.47,145.66,1955198,-182.990,-109.980,-46.970,0.7850,1.0960
2529,33.4134,12.9676,0.9665,393216,830.47,145.66,1955198,-182.990,-109.980,-46.970,0.7850,1.0960
2530,33.4253,13.1167,0.8262,393216,830.47,145.66,1955198,-182.990,-109.980,-46.970,0.7850,1.0960
2531,33.4384,11.8124,0.9540,393216,830.47,145.66,1955198,-182.990,-109.980,-46.970,0.7850,1.0960
2532,33.4513,13.1091,0.9645,393216,830.47,145.66,1955198,-182.990,-109.980,-46.970,0.7850,1.0960
2533,33.4643,12.9265,0.9152,393216,830.47,145.66,1955198,-182.990,-109.980,-46.970,0.7850,1.0960
2534,33.4774,12.9777,1.1971,393216,830.47,145.66,1955198,-182.990,-109.980,-46.970,0.7850,1.0960
2535,33.4898,13.1907,0.9777,393216,830.47,145.66,1955198,-182.990,-109.980,-46.970,0.7850,1.0960
2536,33.5030,12.3776,1.1204,393216,830.47,145.66,1955198,-182.990,-109.980,-46.970,0.7850,1.0960
2537,33.5159,13.1522,1.0205,393216,830.47,145.66,1955198,-182.990,-109.980,-46.970,0.7850,1.0960
2538,33.5289,12.9189,1.0100,393216,830.47,145.66,1955198,-182.990,-109.980,-46.970,0.7850,1.0960
2539,33.5418,12.9846,0.9201,393216,830.47,145.66,1955198,-182.990,-109.980,-46.970,0.7850,1.0960
2540,33.5547,12.9069,0.8775,393216,830.47,145.66,1955198,-182.990,-109.980,-46.970,0.7850,1.0960
2541,33.5678,12.8736,1.0442,393216,830.47,145.66,1955198,-182.990,-109.980,-46.970,0.7850,1.0960
2542,33.5803,13.1356,0.9360,393216,830.47,145.66,1955198,-182.990,-109.980,-46.970,0.7850,1.0960
2543,33.5934,12.5322,0.9865,393216,830.47,145.66,1955198,-182.990,-109.980,-46.970,0.7850,1.0960
2544,33.6064,13.0562,0.9483,393216,830.47,145.66,1955198,-182.990,-109.980,-46.970,0.7850,1.0960
2545,33.6197,12.9776,1.0807,393216,830.47,145.66,1955198,-182.990,-109.980,-46.970,0.7850,1.0960
2546,33.6318,13.2995,0.9926,393216,830.47,145.66,1955198,-182.990,-109.980,-46.970,0.7850,1.0960
2547,33.6448,12.1165,1.1338,393216,830.47,145.66,1955198,-182.990,-109.980,-46.970,0.7850,1.0960
2548,33.6571,13.0044,0.9439,393216,830.47,145.66,1955198,-182.990,-109.980,-46.970,0.7850,1.0960
2549,33.6701,12.2808,1.0452,393216,830.47,145.66,1955198,-182.990,-109.980,-46.970,0.7850,1.0960
2550,33.6829,13.0643,0.9450,393216,830.47,145.66,1955198,-182.990,-109.980,-46.970,0.7850,1.0960
2551,33.6959,12.8243,0.9225,393216,830.47,145.66,1955198,-182.990,-109.980,-46.970,0.7850,1.0960
2552,33.7087,12.9297,0.8873,393216,830.47,145.66,1955198,-182.990,-109.980,-46.970,0.7850,1.0960
2553,33.7216,12.7745,0.9429,393216,830.47,145.66,1955198,-182.990,-109.980,-46.970,0.7850,1.0960
2554,33.7341,12.9378,0.8900,393216,830.47,145.66,1955198,-182.990,-109.980,-46.970,0.7850,1.0960
2555,33.7468,12.4871,0.8682,393216,830.47,145.66,1955198,-182.990,-109.980,-46.970,0.7850,1.0960
2556,33.7598,12.6829,0.9186,393216,830.47,145.66,1955198,-182.990,-109.980,-46.970,0.7850,1.0960
2557,33.7727,13.0037,0.8557,393216,830.47,145.66,1955198,-182.990,-109.980,-46.970,0.7850,1.0960
2558,33.7859,12.8987,1.1613,393216,830.47,145.66,1955198,-182.990,-109.980,-46.970,0.7850,1.0960
2559,33.7988,13.2398,1.0079,393216,830.47,145.66,1955198,-182.990,-109.980,-46.970,0.7850,1.0960
2560,33.8112,12.8439,1.0521,393216,830.47,145.66,1955198,-182.990,-109.980,-46.970,0.7850,1.0960
2561,33.8238,12.4044,0.8542,393216,830.47,145.66,1955198,-182.990,-109.980,-46.970,0.7850,1.0960
2562,33.8362,12.6261,1.1120,393216,830.47,145.66,1955198,-182.990,-109.980,-46.970,0.7850,1.0960
2563,33.8489,12.4446,0.8854,393216,830.47,145.66,1955198,-182.990,-109.980,-46.970,0.7850,1.0960
2564,33.8620,12.6632,1.1102,393216,830.47,145.66,1955198,-182.990,-109.980,-46.970,0.7850,1.0960
2565,33.8748,13.1076,1.0000,393216,830.47,145.66,1955198,-182.990,-109.980,-46.970,0.7850,1.0960
2566,33.8874,12.8121,0.9415,393216,830.47,145.66,1955198,-182.990,-109.980,-46.970,0.7850,1.0960
2567,33.9001,12.5297,0.8797,393216,830.47,145.66,1955198,-182.990,-109.980,-46.970,0.7850,1.0960
2568,33.9130,12.7257,0.9351,393216,830.47,145.66,1955198,-182.990,-109.980,-46.970,0.7850,1.0960
2569,33.9259,12.8930,0.8628,393216,830.47,145.66,1955198,-182.990,-109.980,-46.970,0.7850,1.0960
2570,33.9388,12.9096,0.9849,393216,830.47,145.66,1955198,-182.990,-109.980,-46.970,0.7850,1.0960
2571,33.9517,12.8828,0.9617,393216,830.47,145.66,1955198,-182.990,-109.980,-46.970,0.7850,1.0960
2572,33.9641,12.9336,0.8647,393216,830.47,145.66,1955198,-182.990,-109.980,-46.970,0.7850,1.0960
2573,33.9770,12.3994,0.9593,393216,830.47,145.66,1955198,-182.990,-109.980,-46.970,0.7850,1.0960
2574,33.9900,12.9367,0.9658,393216,830.47,145.66,1955198,-182.990,-109.980,-46.970,0.7850,1.0960
2575,34.0033,12.9546,1.2162,393216,830.47,145.66,1955198,-182.990,-109.980,-46.970,0.7850,1.0960
