frame,t_s,full_ms,cpu_ms,heap_pages,heap_capacity_mb,heap_used_mb,heap_cap_pages,px,py,pz,yaw,pitch
0,0.0474,257492464.0000,45.7300,131072,276.82,0.00,1955198,-182.990,-109.980,-46.970,0.7850,1.0960
1,0.0577,55.9911,1.1854,131072,276.82,0.00,1955198,-182.990,-109.980,-46.970,0.7850,1.0960
2,0.0591,1.7992,0.7974,131072,276.82,0.00,1955198,-182.990,-109.980,-46.970,0.7850,1.0960
3,0.0749,0.9283,1.2504,131072,276.82,0.00,1955198,-182.990,-109.980,-46.970,0.7850,1.0960
4,0.0917,15.8311,1.2572,131072,276.82,0.00,1955198,-182.990,-109.980,-46.970,0.7850,1.0960
5,0.1138,16.8351,1.9830,131072,276.82,0.00,1955198,-182.990,-109.980,-46.970,0.7850,1.0960
6,0.1306,22.0894,1.4498,131072,276.82,0.00,1955198,-182.990,-109.980,-46.970,0.7850,1.0960
7,0.1481,16.8339,1.1834,131072,276.82,1.43,1955198,-182.990,-109.980,-46.970,0.7850,1.0960
8,0.1682,17.4202,2.7410,393216,830.47,1.43,1955198,-182.990,-109.980,-46.970,0.7850,1.0960
9,0.1867,20.0921,1.4447,393216,830.47,1.43,1955198,-182.990,-109.980,-46.970,0.7850,1.0960
10,0.2150,18.5317,1.1905,393216,830.47,1.56,1955198,-182.990,-109.980,-46.970,0.7850,1.0960
11,0.2395,30.4653,1.2993,393216,830.47,2.25,1955198,-182.990,-109.980,-46.970,0.7850,1.0960
12,0.2572,22.3769,1.1280,393216,830.47,2.66,1955198,-182.990,-109.980,-46.970,0.7850,1.0960
13,0.2774,17.6505,1.2185,393216,830.47,4.62,1955198,-182.990,-109.980,-46.970,0.7850,1.0960
14,0.2976,20.1715,1.1832,393216,830.47,4.62,1955198,-182.990,-109.980,-46.970,0.7850,1.0960
15,0.3192,20.2680,1.2019,393216,830.47,5.30,1955198,-182.990,-109.980,-46.970,0.7850,1.0960
16,0.3386,21.5854,1.0988,393216,830.47,5.55,1955198,-182.990,-109.980,-46.970,0.7850,1.0960
17,0.3570,19.3557,1.1016,393216,830.47,6.74,1955198,-182.990,-109.980,-46.970,0.7850,1.0960
18,0.3771,18.4659,1.3321,393216,830.47,7.11,1955198,-182.990,-109.980,-46.970,0.7850,1.0960
19,0.3977,20.0876,1.1966,393216,830.47,7.11,1955198,-182.990,-109.980,-46.970,0.7850,1.0960
20,0.4159,20.5335,1.1303,393216,830.47,7.61,1955198,-182.990,-109.980,-46.970,0.7850,1.0960
21,0.4355,18.2637,1.1683,393216,830.47,8.50,1955198,-182.990,-109.980,-46.970,0.7850,1.0960
22,0.4545,19.5404,1.2250,393216,830.47,8.50,1955198,-182.990,-109.980,-46.970,0.7850,1.0960
23,0.4730,19.0639,1.0969,393216,830.47,8.66,1955198,-182.990,-109.980,-46.970,0.7850,1.0960
24,0.4916,18.4563,1.1572,393216,830.47,8.75,1955198,-182.990,-109.980,-46.970,0.7850,1.0960
25,0.5134,18.5680,1.3122,393216,830.47,8.75,1955198,-182.990,-109.980,-46.970,0.7850,1.0960
26,0.5327,21.8747,1.0234,393216,830.47,8.75,1955198,-182.990,-109.980,-46.970,0.7850,1.0960
27,0.5583,19.2866,1.6026,393216,830.47,9.47,1955198,-182.990,-109.980,-46.970,0.7850,1.0960
28,0.5783,25.5377,1.1029,393216,830.47,9.47,1955198,-182.990,-109.980,-46.970,0.7850,1.0960
29,0.5996,20.0454,1.1321,393216,830.47,11.18,1955198,-182.990,-109.980,-46.970,0.7850,1.0960
30,0.6206,21.3382,1.1365,393216,830.47,11.20,1955198,-182.990,-109.980,-46.970,0.7850,1.0960
31,0.6448,20.9173,1.4130,393216,830.47,11.20,1955198,-182.990,-109.980,-46.970,0.7850,1.0960
32,0.6675,24.2448,1.3823,393216,830.47,11.20,1955198,-182.990,-109.980,-46.970,0.7850,1.0960
33,0.6901,22.7399,1.3457,393216,830.47,11.76,1955198,-182.990,-109.980,-46.970,0.7850,1.0960
34,0.7129,22.5437,1.1851,393216,830.47,12.23,1955198,-182.990,-109.980,-46.970,0.7850,1.0960
35,0.7242,22.7864,0.7981,393216,830.47,12.81,1955198,-182.990,-109.980,-46.970,0.7850,1.0960
36,0.7350,11.3256,0.9037,393216,830.47,12.81,1955198,-182.990,-109.980,-46.970,0.7850,1.0960
37,0.7454,10.8182,0.7907,393216,830.47,12.81,1955198,-182.990,-109.980,-46.970,0.7850,1.0960
38,0.7564,10.3542,0.9877,393216,830.47,12.81,1955198,-182.990,-109.980,-46.970,0.7850,1.0960
39,0.7669,10.9935,0.9494,393216,830.47,12.81,1955198,-182.990,-109.980,-46.970,0.7850,1.0960
40,0.7774,10.5883,0.9263,393216,830.47,12.81,1955198,-182.990,-109.980,-46.970,0.7850,1.0960
41,0.7882,10.4346,0.9199,393216,830.47,12.81,1955198,-182.990,-109.980,-46.970,0.7850,1.0960
42,0.7990,10.8603,0.9231,393216,830.47,12.81,1955198,-182.990,-109.980,-46.970,0.7850,1.0960
43,0.8093,10.8098,0.8871,393216,830.47,12.81,1955198,-182.990,-109.980,-46.970,0.7850,1.0960
44,0.8202,10.3922,0.9336,393216,830.47,12.81,1955198,-182.990,-109.980,-46.970,0.7850,1.0960
45,0.8310,10.7112,1.0035,393216,830.47,12.81,1955198,-182.990,-109.980,-46.970,0.7850,1.0960
46,0.8413,10.8934,0.8582,393216,830.47,12.81,1955198,-182.990,-109.980,-46.970,0.7850,1.0960
47,0.8520,10.2265,0.8356,393216,830.47,12.81,1955198,-182.990,-109.980,-46.970,0.7850,1.0960
48,0.8629,10.7799,0.8523,393216,830.47,12.81,1955198,-182.990,-109.980,-46.970,0.7850,1.0960
49,0.8733,10.8090,0.9067,393216,830.47,12.81,1955198,-182.990,-109.980,-46.970,0.7850,1.0960
50,0.8837,10.4107,0.7754,393216,830.47,12.81,1955198,-182.990,-109.980,-46.970,0.7850,1.0960
51,0.8945,10.4167,0.7662,393216,830.47,12.81,1955198,-182.990,-109.980,-46.970,0.7850,1.0960
52,0.9049,10.7927,0.7860,393216,830.47,12.81,1955198,-182.990,-109.980,-46.970,0.7850,1.0960
53,0.9156,10.3982,0.8101,393216,830.47,12.81,1955198,-182.990,-109.980,-46.970,0.7850,1.0960
54,0.9264,10.7598,0.7870,393216,830.47,12.81,1955198,-182.990,-109.980,-46.970,0.7850,1.0960
55,0.9368,10.7870,0.7906,393216,830.47,12.81,1955198,-182.990,-109.980,-46.970,0.7850,1.0960
56,0.9478,10.3639,1.1327,393216,830.47,12.81,1955198,-182.990,-109.980,-46.970,0.7850,1.0960
57,0.9584,11.0235,0.7853,393216,830.47,12.81,1955198,-182.990,-109.980,-46.970,0.7850,1.0960
58,0.9694,10.5629,0.8842,393216,830.47,12.81,1955198,-182.990,-109.980,-46.970,0.7850,1.0960
59,0.9797,10.9929,0.8118,393216,830.47,12.81,1955198,-182.990,-109.980,-46.970,0.7850,1.0960
60,0.9907,10.3403,0.9670,393216,830.47,12.81,1955198,-182.990,-109.980,-46.970,0.7850,1.0960
61,1.0016,11.0337,0.9244,393216,830.47,12.81,1955198,-182.990,-109.980,-46.970,0.7850,1.0960
62,1.0121,10.8575,0.8928,393216,830.47,12.81,1955198,-182.990,-109.980,-46.970,0.7850,1.0960
63,1.0232,10.4966,1.1240,393216,830.47,12.81,1955198,-182.990,-109.980,-46.970,0.7850,1.0960
64,1.0336,11.0689,0.8261,393216,830.47,12.81,1955198,-182.990,-109.980,-46.970,0.7850,1.0960
65,1.0440,10.4764,0.7678,393216,830.47,12.81,1955198,-182.990,-109.980,-46.970,0.7850,1.0960
66,1.0546,10.3974,0.8742,393216,830.47,12.81,1955198,-182.990,-109.980,-46.970,0.7850,1.0960
67,1.0655,10.5576,0.9823,393216,830.47,12.81,1955198,-182.990,-109.980,-46.970,0.7850,1.0960
68,1.0759,10.9514,0.8930,393216,830.47,12.81,1955198,-182.990,-109.980,-46.970,0.7850,1.0960
69,1.0867,10.3515,0.8529,393216,830.47,12.81,1955198,-182.990,-109.980,-46.970,0.7850,1.0960
70,1.0979,10.7862,1.1101,393216,830.47,12.81,1955198,-182.990,-109.980,-46.970,0.7850,1.0960
71,1.1083,11.2436,0.9007,393216,830.47,12.81,1955198,-182.990,-109.980,-46.970,0.7850,1.0960
72,1.1191,10.3315,0.9855,393216,830.47,12.81,1955198,-182.990,-109.980,-46.970,0.7850,1.0960
73,1.1301,10.8626,0.9164,393216,830.47,12.81,1955198,-182.990,-109.980,-46.970,0.7850,1.0960
74,1.1409,10.9538,0.9662,393216,830.47,12.81,1955198,-182.990,-109.980,-46.970,0.7850,1.0960
75,1.1511,10.8230,0.7645,393216,830.47,12.81,1955198,-182.990,-109.980,-46.970,0.7850,1.0960
76,1.1623,10.2031,0.8011,393216,830.47,12.81,1955198,-182.990,-109.980,-46.970,0.7850,1.0960
77,1.1733,11.1628,1.0158,393216,830.47,12.81,1955198,-182.990,-109.980,-46.970,0.7850,1.0960
78,1.1836,11.0440,0.7533,393216,830.47,12.81,1955198,-182.990,-109.980,-46.970,0.7850,1.0960
79,1.1945,10.2402,0.8601,393216,830.47,12.81,1955198,-182.990,-109.980,-46.970,0.7850,1.0960
80,1.2055,10.9411,0.8318,393216,830.47,12.81,1955198,-182.990,-109.980,-46.970,0.7850,1.0960
81,1.2158,11.0314,0.7906,393216,830.47,12.81,1955198,-182.990,-109.980,-46.970,0.7850,1.0960
82,1.2263,10.2212,0.8097,393216,830.47,12.81,1955198,-182.990,-109.980,-46.970,0.7850,1.0960
83,1.2371,10.5199,0.7867,393216,830.47,12.81,1955198,-182.990,-109.980,-46.970,0.7850,1.0960
84,1.2477,10.8469,0.9168,393216,830.47,12.81,1955198,-182.990,-109.980,-46.970,0.7850,1.0960
85,1.2584,10.6317,0.7967,393216,830.47,12.81,1955198,-182.990,-109.980,-46.970,0.7850,1.0960
86,1.2693,10.6802,0.8514,393216,830.47,12.81,1955198,-182.990,-109.980,-46.970,0.7850,1.0960
87,1.2801,10.8999,0.8670,393216,830.47,12.81,1955198,-182.990,-109.980,-46.970,0.7850,1.0960
88,1.2905,10.8795,0.8392,393216,830.47,12.81,1955198,-182.990,-109.980,-46.970,0.7850,1.0960
89,1.3014,10.3230,0.8169,393216,830.47,12.81,1955198,-182.990,-109.980,-46.970,0.7850,1.0960
90,1.3123,10.8487,0.8640,393216,830.47,12.81,1955198,-182.990,-109.980,-46.970,0.7850,1.0960
91,1.3228,10.9541,0.9822,393216,830.47,12.81,1955198,-182.990,-109.980,-46.970,0.7850,1.0960
92,1.3336,10.4793,0.8756,393216,830.47,12.81,1955198,-182.990,-109.980,-46.970,0.7850,1.0960
93,1.3444,10.7689,0.8592,393216,830.47,12.81,1955198,-182.990,-109.980,-46.970,0.7850,1.0960
94,1.3551,10.8404,0.8969,393216,830.47,12.81,1955198,-182.990,-109.980,-46.970,0.7850,1.0960
95,1.3656,10.6434,0.9001,393216,830.47,12.81,1955198,-182.990,-109.980,-46.970,0.7850,1.0960
96,1.3763,10.5155,0.9256,393216,830.47,12.81,1955198,-182.990,-109.980,-46.970,0.7850,1.0960
97,1.3868,10.7575,0.8692,393216,830.47,12.81,1955198,-182.990,-109.980,-46.970,0.7850,1.0960
98,1.3971,10.4996,0.8564,393216,830.47,12.81,1955198,-182.990,-109.980,-46.970,0.7850,1.0960
99,1.4078,10.2626,0.7897,393216,830.47,12.81,1955198,-182.990,-109.980,-46.970,0.7850,1.0960
100,1.4184,10.7285,0.8127,393216,830.47,12.81,1955198,-182.990,-109.980,-46.970,0.7850,1.0960
101,1.4293,10.5673,0.8996,393216,830.47,12.81,1955198,-182.990,-109.980,-46.970,0.7850,1.0960
102,1.4403,10.8908,1.0518,393216,830.47,12.81,1955198,-182.990,-109.980,-46.970,0.7850,1.0960
103,1.4509,11.0379,0.8119,393216,830.47,12.81,1955198,-182.990,-109.980,-46.970,0.7850,1.0960
104,1.4612,10.5945,0.8564,393216,830.47,12.81,1955198,-182.990,-109.980,-46.970,0.7850,1.0960
105,1.4721,10.3266,0.8971,393216,830.47,12.81,1955198,-182.990,-109.980,-46.970,0.7850,1.0960
106,1.4827,10.9115,0.8266,393216,830.47,12.81,1955198,-182.990,-109.980,-46.970,0.7850,1.0960
107,1.4931,10.5252,0.8496,393216,830.47,12.81,1955198,-182.990,-109.980,-46.970,0.7850,1.0960
108,1.5040,10.4511,0.9101,393216,830.47,12.81,1955198,-182.990,-109.980,-46.970,0.7850,1.0960
109,1.5150,10.8815,1.1111,393216,830.47,12.81,1955198,-182.990,-109.980,-46.970,0.7850,1.0960
110,1.5251,11.0434,0.8270,393216,830.47,12.81,1955198,-182.990,-109.980,-46.970,0.7850,1.0960
111,1.5359,10.0611,0.8477,393216,830.47,12.81,1955198,-182.990,-109.980,-46.970,0.7850,1.0960
112,1.5466,10.7506,0.8531,393216,830.47,12.81,1955198,-182.990,-109.980,-46.970,0.7850,1.0960
113,1.5580,10.7664,1.7215,393216,830.47,12.81,1955198,-182.990,-109.980,-46.970,0.7850,1.0960
114,1.5674,11.4210,0.8503,393216,830.47,12.81,1955198,-182.990,-109.980,-46.970,0.7850,1.0960
115,1.5782,9.3071,0.8535,393216,830.47,12.81,1955198,-182.990,-109.980,-46.970,0.7850,1.0960
116,1.5887,10.7979,0.8399,393216,830.47,12.81,1955198,-182.990,-109.980,-46.970,0.7850,1.0960
117,1.5994,10.5289,1.0275,393216,830.47,12.81,1955198,-182.990,-109.980,-46.970,0.7850,1.0960
118,1.6098,10.7162,0.7947,393216,830.47,12.81,1955198,-182.990,-109.980,-46.970,0.7850,1.0960
119,1.6204,10.4259,0.9822,393216,830.47,12.81,1955198,-182.990,-109.980,-46.970,0.7850,1.0960
120,1.6312,10.5717,1.1161,393216,830.47,12.81,1955198,-182.990,-109.980,-46.970,0.7850,1.0960
121,1.6420,10.8306,0.9007,393216,830.47,12.81,1955198,-182.990,-109.980,-46.970,0.7850,1.0960
122,1.6524,10.7593,0.9083,393216,830.47,12.81,1955198,-182.990,-109.980,-46.970,0.7850,1.0960
123,1.6629,10.3917,0.8308,393216,830.47,12.81,1955198,-182.990,-109.980,-46.970,0.7850,1.0960
124,1.6741,10.5620,1.0075,393216,830.47,12.81,1955198,-182.990,-109.980,-46.970,0.7850,1.0960
125,1.6849,11.1705,0.9500,393216,830.47,12.81,1955198,-182.990,-109.980,-46.970,0.7850,1.0960
126,1.6953,10.8100,0.8292,393216,830.47,12.81,1955198,-182.990,-109.980,-46.970,0.7850,1.0960
127,1.7063,10.3425,1.0131,393216,830.47,12.81,1955198,-182.990,-109.980,-46.970,0.7850,1.0960
128,1.7169,11.0398,0.9270,393216,830.47,12.81,1955198,-182.990,-109.980,-46.970,0.7850,1.0960
129,1.7274,10.6386,0.8265,393216,830.47,12.81,1955198,-182.990,-109.980,-46.970,0.7850,1.0960
130,1.7378,10.4500,0.9563,393216,830.47,12.81,1955198,-182.990,-109.980,-46.970,0.7850,1.0960
131,1.7486,10.4039,0.9029,393216,830.47,12.81,1955198,-182.990,-109.980,-46.970,0.7850,1.0960
132,1.7591,10.8599,0.8614,393216,830.47,12.81,1955198,-182.990,-109.980,-46.970,0.7850,1.0960
133,1.7710,10.4288,1.8607,393216,830.47,12.81,1955198,-182.990,-109.980,-46.970,0.7850,1.0960
134,1.7817,11.8923,1.3806,393216,830.47,12.81,1955198,-182.990,-109.980,-46.970,0.7850,1.0960
135,1.7922,10.7421,1.2498,393216,830.47,12.81,1955198,-182.990,-109.980,-46.970,0.7850,1.0960
136,1.8028,10.4421,0.8964,393216,830.47,12.81,1955198,-182.990,-109.980,-46.970,0.7850,1.0960
137,1.8139,10.6212,0.8293,393216,830.47,12.81,1955198,-182.990,-109.980,-46.970,0.7850,1.0960
138,1.8250,11.1485,0.9584,393216,830.47,12.81,1955198,-182.990,-109.980,-46.970,0.7850,1.0960
139,1.8357,11.0900,0.9188,393216,830.47,12.81,1955198,-182.990,-109.980,-46.970,0.7850,1.0960
140,1.8467,10.6242,0.8758,393216,830.47,12.81,1955198,-182.990,-109.980,-46.970,0.7850,1.0960
141,1.8577,11.0529,0.8332,393216,830.47,12.81,1955198,-182.990,-109.980,-46.970,0.7850,1.0960
142,1.8686,11.0418,0.8645,393216,830.47,12.81,1955198,-182.990,-109.980,-46.970,0.7850,1.0960
143,1.8797,10.8624,0.8488,393216,830.47,12.81,1955198,-182.990,-109.980,-46.970,0.7850,1.0960
144,1.8910,11.1387,0.8267,393216,830.47,12.81,1955198,-182.990,-109.980,-46.970,0.7850,1.0960
145,1.9034,11.2574,0.8600,393216,830.47,12.81,1955198,-182.990,-109.980,-46.970,0.7850,1.0960
146,1.9149,12.3595,1.0700,393216,830.47,12.81,1955198,-182.990,-109.980,-46.970,0.7850,1.0960
147,1.9270,11.5113,0.9231,393216,830.47,12.81,1955198,-182.990,-109.980,-46.970,0.7850,1.0960
148,1.9394,12.0944,1.1060,393216,830.47,12.81,1955198,-182.990,-109.980,-46.970,0.7850,1.0960
149,1.9515,12.4882,0.8577,393216,830.47,12.81,1955198,-182.990,-109.980,-46.970,0.7850,1.0960
150,1.9639,12.0244,0.9682,393216,830.47,12.81,1955198,-182.990,-109.980,-46.970,0.7850,1.0960
151,1.9778,12.4075,0.9116,393216,830.47,12.81,1955198,-182.990,-109.980,-46.970,0.7850,1.0960
152,1.9928,13.9574,0.8373,393216,830.47,12.81,1955198,-182.990,-109.980,-46.970,0.7850,1.0960
153,2.0080,14.9757,0.9890,393216,830.47,12.81,1955198,-182.990,-109.980,-46.970,0.7850,1.0960
154,2.0231,15.1857,0.8961,393216,830.47,12.81,1955198,-182.990,-109.980,-46.970,0.7850,1.0960
155,2.0380,15.0512,0.8877,393216,830.47,12.81,1955198,-182.990,-109.980,-46.970,0.7850,1.0960
156,2.0531,14.9059,0.9463,393216,830.47,12.81,1955198,-182.990,-109.980,-46.970,0.7850,1.0960
157,2.0653,15.1248,0.9139,393216,830.47,12.81,1955198,-182.990,-109.980,-46.970,0.7850,1.0960
158,2.0795,12.2439,0.9405,393216,830.47,12.81,1955198,-182.990,-109.980,-46.970,0.7850,1.0960
159,2.0937,14.1437,0.9526,393216,830.47,12.81,1955198,-182.990,-109.980,-46.970,0.7850,1.0960
160,2.1078,14.1831,1.0009,393216,830.47,12.81,1955198,-182.990,-109.980,-46.970,0.7850,1.0960
161,2.1219,14.1159,0.9246,393216,830.47,12.81,1955198,-182.990,-109.980,-46.970,0.7850,1.0960
162,2.1354,14.1184,0.8673,393216,830.47,12.81,1955198,-182.990,-109.980,-46.970,0.7850,1.0960
163,2.1493,13.5191,1.0294,393216,830.47,12.81,1955198,-182.990,-109.980,-46.970,0.7850,1.0960
164,2.1601,13.9220,0.8259,393216,830.47,12.81,1955198,-182.990,-109.980,-46.970,0.7850,1.0960
165,2.1716,10.7927,0.8831,393216,830.47,12.81,1955198,-182.990,-109.980,-46.970,0.7850,1.0960
166,2.1833,11.4861,0.9263,393216,830.47,12.81,1955198,-182.990,-109.980,-46.970,0.7850,1.0960
167,2.1947,11.6693,0.9047,393216,830.47,12.81,1955198,-182.990,-109.980,-46.970,0.7850,1.0960
168,2.2059,11.4285,0.8271,393216,830.47,12.81,1955198,-182.990,-109.980,-46.970,0.7850,1.0960
169,2.2183,11.2251,0.8949,393216,830.47,12.81,1955198,-182.990,-109.980,-46.970,0.7850,1.0960
170,2.2303,12.3690,0.8115,393216,830.47,12.81,1955198,-182.990,-109.980,-46.970,0.7850,1.0960
171,2.2425,11.9618,0.9237,393216,830.47,12.81,1955198,-182.990,-109.980,-46.970,0.7850,1.0960
172,2.2542,12.2076,0.8739,393216,830.47,12.81,1955198,-182.990,-109.980,-46.970,0.7850,1.0960
173,2.2663,11.6841,1.0540,393216,830.47,12.81,1955198,-182.990,-109.980,-46.970,0.7850,1.0960
174,2.2789,12.1334,0.8263,393216,830.47,12.81,1955198,-182.990,-109.980,-46.970,0.7850,1.0960
175,2.2935,12.6703,0.8639,393216,830.47,12.81,1955198,-182.990,-109.980,-46.970,0.7850,1.0960
176,2.3083,14.5533,0.8863,393216,830.47,12.81,1955198,-182.990,-109.980,-46.970,0.7850,1.0960
177,2.3230,14.7799,0.8643,393216,830.47,12.81,1955198,-182.990,-109.980,-46.970,0.7850,1.0960
178,2.3370,14.7336,0.9413,393216,830.47,12.81,1955198,-182.990,-109.980,-46.970,0.7850,1.0960
179,2.3516,14.0022,0.8649,393216,830.47,12.81,1955198,-182.990,-109.980,-46.970,0.7850,1.0960
180,2.3654,14.6099,1.0006,393216,830.47,12.81,1955198,-182.990,-109.980,-46.970,0.7850,1.0960
181,2.3824,13.7523,1.2467,393216,830.47,12.81,1955198,-182.990,-109.980,-46.970,0.7850,1.0960
182,2.3985,17.0275,0.9593,393216,830.47,12.81,1955198,-182.990,-109.980,-46.970,0.7850,1.0960
183,2.4146,16.0917,0.8315,393216,830.47,12.81,1955198,-182.990,-109.980,-46.970,0.7850,1.0960
184,2.4309,16.0836,0.8198,393216,830.47,12.81,1955198,-182.990,-109.980,-46.970,0.7850,1.0960
185,2.4475,16.2619,0.9811,393216,830.47,12.81,1955198,-182.990,-109.980,-46.970,0.7850,1.0960
186,2.4637,16.5983,0.8622,393216,830.47,12.81,1955198,-182.990,-109.980,-46.970,0.7850,1.0960
187,2.4748,16.1977,0.9221,393216,830.47,12.81,1955198,-182.990,-109.980,-46.970,0.7850,1.0960
188,2.4858,11.1444,0.8664,393216,830.47,12.81,1955198,-182.990,-109.980,-46.970,0.7850,1.0960
189,2.4964,10.9484,0.8173,393216,830.47,12.81,1955198,-182.990,-109.980,-46.970,0.7850,1.0960
190,2.5080,10.6694,1.2344,393216,830.47,12.81,1955198,-182.990,-109.980,-46.970,0.7850,1.0960
191,2.5185,11.5744,0.9050,393216,830.47,12.81,1955198,-182.990,-109.980,-46.970,0.7850,1.0960
192,2.5288,10.5020,0.9007,393216,830.47,12.81,1955198,-182.990,-109.980,-46.970,0.7850,1.0960
193,2.5397,10.3518,0.8723,393216,830.47,12.81,1955198,-182.990,-109.980,-46.970,0.7850,1.0960
194,2.5499,10.8574,0.8891,393216,830.47,12.81,1955198,-182.990,-109.980,-46.970,0.7850,1.0960
195,2.5603,10.2442,0.8527,393216,830.47,12.81,1955198,-182.990,-109.980,-46.970,0.7850,1.0960
196,2.5712,10.3695,0.9020,393216,830.47,12.81,1955198,-182.990,-109.980,-46.970,0.7850,1.0960
197,2.5823,10.8772,1.0372,393216,830.47,12.81,1955198,-182.990,-109.980,-46.970,0.7850,1.0960
198,2.5925,11.0701,0.8129,393216,830.47,12.81,1955198,-182.990,-109.980,-46.970,0.7850,1.0960
199,2.6034,10.2001,0.9080,393216,830.47,12.81,1955198,-182.990,-109.980,-46.970,0.7850,1.0960
200,2.6143,10.9518,0.8442,393216,830.47,12.81,1955198,-182.990,-109.980,-46.970,0.7850,1.0960
201,2.6249,10.8562,0.8672,393216,830.47,12.81,1955198,-182.990,-109.980,-46.970,0.7850,1.0960
202,2.6360,10.6689,0.8723,393216,830.47,12.81,1955198,-182.990,-109.980,-46.970,0.7850,1.0960
203,2.6470,11.0138,0.9064,393216,830.47,12.81,1955198,-182.990,-109.980,-46.970,0.7850,1.0960
204,2.6579,10.9984,0.9216,393216,830.47,12.81,1955198,-182.990,-109.980,-46.970,0.7850,1.0960
205,2.6684,10.9448,0.7842,393216,830.47,12.81,1955198,-182.990,-109.980,-46.970,0.7850,1.0960
206,2.6795,10.5431,0.8546,393216,830.47,12.81,1955198,-182.990,-109.980,-46.970,0.7850,1.0960
207,2.6908,11.0366,1.1044,393216,830.47,12.81,1955198,-182.990,-109.980,-46.970,0.7850,1.0960
208,2.7009,11.2768,0.7535,393216,830.47,12.81,1955198,-182.990,-109.980,-46.970,0.7850,1.0960
209,2.7120,10.1735,0.8662,393216,830.47,12.81,1955198,-182.990,-109.980,-46.970,0.7850,1.0960
210,2.7223,11.0989,0.7951,393216,830.47,12.81,1955198,-182.990,-109.980,-46.970,0.7850,1.0960
211,2.7331,10.3054,0.9462,393216,830.47,12.81,1955198,-182.990,-109.980,-46.970,0.7850,1.0960
212,2.7440,10.7693,0.8396,393216,830.47,12.81,1955198,-182.990,-109.980,-46.970,0.7850,1.0960
213,2.7550,10.8761,0.8295,393216,830.47,12.81,1955198,-182.990,-109.980,-46.970,0.7850,1.0960
214,2.7660,11.0055,0.9235,393216,830.47,12.81,1955198,-182.990,-109.980,-46.970,0.7850,1.0960
215,2.7764,11.0505,0.9357,393216,830.47,12.81,1955198,-182.990,-109.980,-46.970,0.7850,1.0960
216,2.7872,10.3985,0.8458,393216,830.47,12.81,1955198,-182.990,-109.980,-46.970,0.7850,1.0960
217,2.7981,10.8115,0.8773,393216,830.47,12.81,1955198,-182.990,-109.980,-46.970,0.7850,1.0960
218,2.8086,10.9011,0.8903,393216,830.47,12.81,1955198,-182.990,-109.980,-46.970,0.7850,1.0960
219,2.8196,10.5014,0.8592,393216,830.47,12.81,1955198,-182.990,-109.980,-46.970,0.7850,1.0960
220,2.8304,10.9122,0.7401,393216,830.47,12.81,1955198,-182.990,-109.980,-46.970,0.7850,1.0960
221,2.8415,10.8357,1.1221,393216,830.47,12.81,1955198,-182.990,-109.980,-46.970,0.7850,1.0960
222,2.8519,11.1192,0.8277,393216,830.47,12.81,1955198,-182.990,-109.980,-46.970,0.7850,1.0960
223,2.8630,10.4115,0.8299,393216,830.47,12.81,1955198,-182.990,-109.980,-46.970,0.7850,1.0960
224,2.8740,11.0601,0.9456,393216,830.47,12.81,1955198,-182.990,-109.980,-46.970,0.7850,1.0960
225,2.8847,11.0687,0.9204,393216,830.47,12.81,1955198,-182.990,-109.980,-46.970,0.7850,1.0960
226,2.8951,10.6340,0.7945,393216,830.47,12.81,1955198,-182.990,-109.980,-46.970,0.7850,1.0960
227,2.9061,10.3648,0.8840,393216,830.47,12.81,1955198,-182.990,-109.980,-46.970,0.7850,1.0960
228,2.9168,11.0524,0.9661,393216,830.47,12.81,1955198,-182.990,-109.980,-46.970,0.7850,1.0960
229,2.9277,10.7105,0.8479,393216,830.47,12.81,1955198,-182.990,-109.980,-46.970,0.7850,1.0960
230,2.9389,10.8934,0.9532,393216,830.47,12.81,1955198,-182.990,-109.980,-46.970,0.7850,1.0960
231,2.9495,11.1552,0.9522,393216,830.47,12.81,1955198,-182.990,-109.980,-46.970,0.7850,1.0960
232,2.9603,10.6282,0.8910,393216,830.47,12.81,1955198,-182.990,-109.980,-46.970,0.7850,1.0960
233,2.9713,10.7584,0.8565,393216,830.47,12.81,1955198,-182.990,-109.980,-46.970,0.7850,1.0960
234,2.9824,11.0317,0.9051,393216,830.47,12.81,1955198,-182.990,-109.980,-46.970,0.7850,1.0960
235,2.9930,11.1577,0.7785,393216,830.47,12.81,1955198,-182.990,-109.980,-46.970,0.7850,1.0960
236,3.0041,10.5256,0.8533,393216,830.47,12.81,1955198,-182.990,-109.980,-46.970,0.7850,1.0960
237,3.0153,11.1709,0.8392,393216,830.47,12.81,1955198,-182.990,-109.980,-46.970,0.7850,1.0960
238,3.0260,11.1157,0.8478,393216,830.47,12.81,1955198,-182.990,-109.980,-46.970,0.7850,1.0960
239,3.0371,10.7845,0.8486,393216,830.47,12.81,1955198,-182.990,-109.980,-46.970,0.7850,1.0960
240,3.0481,11.0971,0.8101,393216,830.47,12.81,1955198,-182.990,-109.980,-46.970,0.7850,1.0960
241,3.0592,10.9482,1.1090,393216,830.47,12.81,1955198,-182.990,-109.980,-46.970,0.7850,1.0960
242,3.0692,11.1052,0.8836,393216,830.47,12.81,1955198,-182.990,-109.980,-46.970,0.7850,1.0960
243,3.0801,10.0267,0.8820,393216,830.47,12.81,1955198,-182.990,-109.980,-46.970,0.7850,1.0960
244,3.0910,10.8651,0.9817,393216,830.47,12.81,1955198,-182.990,-109.980,-46.970,0.7850,1.0960
245,3.1015,10.9333,0.9406,393216,830.47,12.81,1955198,-182.990,-109.980,-46.970,0.7850,1.0960
246,3.1124,10.4393,0.8929,393216,830.47,12.81,1955198,-182.990,-109.980,-46.970,0.7850,1.0960
247,3.1232,10.9454,0.8195,393216,830.47,12.81,1955198,-182.990,-109.980,-46.970,0.7850,1.0960
248,3.1338,10.7990,0.9576,393216,830.47,12.81,1955198,-182.990,-109.980,-46.970,0.7850,1.0960
249,3.1448,10.6232,0.8701,393216,830.47,12.81,1955198,-182.990,-109.980,-46.970,0.7850,1.0960
250,3.1557,11.0165,0.8721,393216,830.47,12.81,1955198,-182.990,-109.980,-46.970,0.7850,1.0960
251,3.1663,10.8971,0.9306,393216,830.47,12.81,1955198,-182.990,-109.980,-46.970,0.7850,1.0960
252,3.1770,10.5476,0.8370,393216,830.47,12.81,1955198,-182.990,-109.980,-46.970,0.7850,1.0960
253,3.1880,10.6918,0.9729,393216,830.47,12.81,1955198,-182.990,-109.980,-46.970,0.7850,1.0960
254,3.1983,10.9960,0.7521,393216,830.47,12.81,1955198,-182.990,-109.980,-46.970,0.7850,1.0960
255,3.2094,10.2875,1.0103,393216,830.47,12.81,1955198,-182.990,-109.980,-46.970,0.7850,1.0960
256,3.2201,11.1043,0.8190,393216,830.47,12.81,1955198,-182.990,-109.980,-46.970,0.7850,1.0960
257,3.2310,10.7397,0.8180,393216,830.47,12.81,1955198,-182.990,-109.980,-46.970,0.7850,1.0960
258,3.2409,10.9011,0.7993,393216,830.47,12.81,1955198,-182.990,-109.980,-46.970,0.7850,1.0960
259,3.2518,9.9117,0.8742,393216,830.47,12.81,1955198,-182.990,-109.980,-46.970,0.7850,1.0960
260,3.2627,10.9186,0.8347,393216,830.47,12.81,1955198,-182.990,-109.980,-46.970,0.7850,1.0960
261,3.2732,10.8679,0.7722,393216,830.47,12.81,1955198,-182.990,-109.980,-46.970,0.7850,1.0960
262,3.2844,10.5047,1.0435,393216,830.47,12.81,1955198,-182.990,-109.980,-46.970,0.7850,1.0960
263,3.2949,11.1919,0.7910,393216,830.47,12.81,1955198,-182.990,-109.980,-46.970,0.7850,1.0960
264,3.3054,10.5472,0.8279,393216,830.47,12.81,1955198,-182.990,-109.980,-46.970,0.7850,1.0960
265,3.3165,10.4971,0.8966,393216,830.47,12.81,1955198,-182.990,-109.980,-46.970,0.7850,1.0960
266,3.3273,11.1521,0.8082,393216,830.47,12.81,1955198,-182.990,-109.980,-46.970,0.7850,1.0960
267,3.3377,10.7897,0.7914,393216,830.47,12.81,1955198,-182.990,-109.980,-46.970,0.7850,1.0960
268,3.3486,10.3407,0.8028,393216,830.47,12.81,1955198,-182.990,-109.980,-46.970,0.7850,1.0960
269,3.3598,10.8621,0.8971,393216,830.47,12.81,1955198,-182.990,-109.980,-46.970,0.7850,1.0960
270,3.3701,11.1978,0.7418,393216,830.47,12.81,1955198,-182.990,-109.980,-46.970,0.7850,1.0960
271,3.3810,10.3379,0.8565,393216,830.47,12.81,1955198,-182.990,-109.980,-46.970,0.7850,1.0960
272,3.3921,10.8670,0.9795,393216,830.47,12.81,1955198,-182.990,-109.980,-46.970,0.7850,1.0960
273,3.4029,11.1352,0.8840,393216,830.47,12.81,1955198,-182.990,-109.980,-46.970,0.7850,1.0960
274,3.4127,10.7372,0.8424,393216,830.47,12.81,1955198,-182.990,-109.980,-46.970,0.7850,1.0960
275,3.4235,9.8208,0.8284,393216,830.47,12.81,1955198,-182.990,-109.980,-46.970,0.7850,1.0960
276,3.4346,10.8495,1.0425,393216,830.47,12.81,1955198,-182.990,-109.980,-46.970,0.7850,1.0960
277,3.4451,11.0794,0.9626,393216,830.47,12.81,1955198,-182.990,-109.980,-46.970,0.7850,1.0960
278,3.4561,10.5088,0.9499,393216,830.47,12.81,1955198,-182.990,-109.980,-46.970,0.7850,1.0960
279,3.4670,11.0147,0.9595,393216,830.47,12.81,1955198,-182.990,-109.980,-46.970,0.7850,1.0960
280,3.4774,10.9037,0.8822,393216,830.47,12.81,1955198,-182.990,-109.980,-46.970,0.7850,1.0960
281,3.4883,10.3328,0.8793,393216,830.47,12.81,1955198,-182.990,-109.980,-46.970,0.7850,1.0960
282,3.4992,10.9375,0.8607,393216,830.47,12.81,1955198,-182.990,-109.980,-46.970,0.7850,1.0960
283,3.5098,10.8470,0.9615,393216,830.47,12.81,1955198,-182.990,-109.980,-46.970,0.7850,1.0960
284,3.5206,10.6533,0.9235,393216,830.47,12.81,1955198,-182.990,-109.980,-46.970,0.7850,1.0960
285,3.5316,10.8269,0.8930,393216,830.47,12.81,1955198,-182.990,-109.980,-46.970,0.7850,1.0960
286,3.5424,10.9921,1.0586,393216,830.47,12.81,1955198,-182.990,-109.980,-46.970,0.7850,1.0960
287,3.5531,10.7356,0.8859,393216,830.47,12.81,1955198,-182.990,-109.980,-46.970,0.7850,1.0960
288,3.5640,10.6994,0.8694,393216,830.47,12.81,1955198,-182.990,-109.980,-46.970,0.7850,1.0960
289,3.5751,10.9495,0.9823,393216,830.47,12.81,1955198,-182.990,-109.980,-46.970,0.7850,1.0960
290,3.5849,11.1478,0.9459,393216,830.47,12.81,1955198,-182.990,-109.980,-46.970,0.7850,1.0960
291,3.5957,9.7279,0.8636,393216,830.47,12.81,1955198,-182.990,-109.980,-46.970,0.7850,1.0960
292,3.6065,10.8093,0.8285,393216,830.47,12.81,1955198,-182.990,-109.980,-46.970,0.7850,1.0960
293,3.6173,10.8272,1.0109,393216,830.47,12.81,1955198,-182.990,-109.980,-46.970,0.7850,1.0960
294,3.6281,10.7813,0.8418,393216,830.47,12.81,1955198,-182.990,-109.980,-46.970,0.7850,1.0960
295,3.6389,10.8170,0.7981,393216,830.47,12.81,1955198,-182.990,-109.980,-46.970,0.7850,1.0960
296,3.6495,10.8095,0.8533,393216,830.47,12.81,1955198,-182.990,-109.980,-46.970,0.7850,1.0960
297,3.6603,10.5269,0.8416,393216,830.47,12.81,1955198,-182.990,-109.980,-46.970,0.7850,1.0960
298,3.6711,10.8684,0.7589,393216,830.47,12.81,1955198,-182.990,-109.980,-46.970,0.7850,1.0960
299,3.6816,10.7416,0.7987,393216,830.47,12.81,1955198,-182.990,-109.980,-46.970,0.7850,1.0960
300,3.6924,10.5780,0.8141,393216,830.47,12.81,1955198,-182.990,-109.980,-46.970,0.7850,1.0960
301,3.7034,10.7312,0.7996,393216,830.47,12.81,1955198,-182.990,-109.980,-46.970,0.7850,1.0960
302,3.7147,11.0326,1.1113,393216,830.47,12.81,1955198,-182.990,-109.980,-46.970,0.7850,1.0960
303,3.7248,11.2612,0.7702,393216,830.47,12.81,1955198,-182.990,-109.980,-46.970,0.7850,1.0960
304,3.7357,10.1206,0.7744,393216,830.47,12.81,1955198,-182.990,-109.980,-46.970,0.7850,1.0960
305,3.7468,10.9273,0.9082,393216,830.47,12.81,1955198,-182.990,-109.980,-46.970,0.7850,1.0960
306,3.7566,11.1398,0.8094,393216,830.47,12.81,1955198,-182.990,-109.980,-46.970,0.7850,1.0960
307,3.7676,9.6992,0.9054,393216,830.47,12.81,1955198,-182.990,-109.980,-46.970,0.7850,1.0960
308,3.7783,11.0728,0.8007,393216,830.47,12.81,1955198,-182.990,-109.980,-46.970,0.7850,1.0960
309,3.7888,10.7091,0.8012,393216,830.47,12.81,1955198,-182.990,-109.980,-46.970,0.7850,1.0960
310,3.7998,10.4967,0.7898,393216,830.47,12.81,1955198,-182.990,-109.980,-46.970,0.7850,1.0960
311,3.8105,10.9513,0.7883,393216,830.47,12.81,1955198,-182.990,-109.980,-46.970,0.7850,1.0960
312,3.8210,10.7501,0.7494,393216,830.47,12.81,1955198,-182.990,-109.980,-46.970,0.7850,1.0960
313,3.8319,10.4163,0.7971,393216,830.47,12.81,1955198,-182.990,-109.980,-46.970,0.7850,1.0960
314,3.8432,10.9813,0.9881,393216,830.47,12.81,1955198,-182.990,-109.980,-46.970,0.7850,1.0960
315,3.8539,11.2457,0.9657,393216,830.47,12.81,1955198,-182.990,-109.980,-46.970,0.7850,1.0960
316,3.8642,10.7623,0.7706,393216,830.47,12.81,1955198,-182.990,-109.980,-46.970,0.7850,1.0960
317,3.8752,10.2723,0.7547,393216,830.47,12.81,1955198,-182.990,-109.980,-46.970,0.7850,1.0960
318,3.8861,11.0201,0.8634,393216,830.47,12.81,1955198,-182.990,-109.980,-46.970,0.7850,1.0960
319,3.8964,10.9051,0.7188,393216,830.47,12.81,1955198,-182.990,-109.980,-46.970,0.7850,1.0960
320,3.9075,10.2672,0.8447,393216,830.47,12.81,1955198,-182.990,-109.980,-46.970,0.7850,1.0960
321,3.9186,11.0822,1.0309,393216,830.47,12.81,1955198,-182.990,-109.980,-46.970,0.7850,1.0960
322,3.9281,11.1200,0.7923,393216,830.47,12.81,1955198,-182.990,-109.980,-46.970,0.7850,1.0960
323,3.9390,9.4935,0.8224,393216,830.47,12.81,1955198,-182.990,-109.980,-46.970,0.7850,1.0960
324,3.9499,10.8859,0.8725,393216,830.47,12.81,1955198,-182.990,-109.980,-46.970,0.7850,1.0960
325,3.9604,10.9565,0.8534,393216,830.47,12.81,1955198,-182.990,-109.980,-46.970,0.7850,1.0960
326,3.9713,10.4478,0.7904,393216,830.47,12.81,1955198,-182.990,-109.980,-46.970,0.7850,1.0960
327,3.9823,10.9139,0.8238,393216,830.47,12.81,1955198,-182.990,-109.980,-46.970,0.7850,1.0960
328,3.9929,10.9508,1.0279,393216,830.47,12.81,1955198,-182.990,-109.980,-46.970,0.7850,1.0960
329,4.0035,10.6923,0.7896,393216,830.47,12.81,1955198,-182.990,-109.980,-46.970,0.7850,1.0960
330,4.0146,10.5359,0.8768,393216,830.47,12.81,1955198,-182.990,-109.980,-46.970,0.7850,1.0960
331,4.0254,11.1283,0.8094,393216,830.47,12.81,1955198,-182.990,-109.980,-46.970,0.7850,1.0960
332,4.0358,10.7641,0.7611,393216,830.47,12.81,1955198,-182.990,-109.980,-46.970,0.7850,1.0960
333,4.0469,10.4361,0.8311,393216,830.47,12.81,1955198,-182.990,-109.980,-46.970,0.7850,1.0960
334,4.0578,11.1256,0.7999,393216,830.47,12.81,1955198,-182.990,-109.980,-46.970,0.7850,1.0960
335,4.0683,10.8774,0.8345,393216,830.47,12.81,1955198,-182.990,-109.980,-46.970,0.7850,1.0960
336,4.0793,10.4453,0.8654,393216,830.47,12.81,1955198,-182.990,-109.980,-46.970,0.7850,1.0960
337,4.0901,11.0439,0.8350,393216,830.47,12.81,1955198,-182.990,-109.980,-46.970,0.7850,1.0960
338,4.0999,10.8081,0.8039,393216,830.47,12.81,1955198,-182.990,-109.980,-46.970,0.7850,1.0960
339,4.1108,9.7353,0.9398,393216,830.47,12.81,1955198,-182.990,-109.980,-46.970,0.7850,1.0960
340,4.1215,10.9130,0.8648,393216,830.47,12.81,1955198,-182.990,-109.980,-46.970,0.7850,1.0960
341,4.1319,10.7295,0.7604,393216,830.47,12.81,1955198,-182.990,-109.980,-46.970,0.7850,1.0960
342,4.1431,10.4093,1.1105,393216,830.47,12.81,1955198,-182.990,-109.980,-46.970,0.7850,1.0960
343,4.1536,11.2301,0.7673,393216,830.47,12.81,1955198,-182.990,-109.980,-46.970,0.7850,1.0960
344,4.1646,10.4502,0.8985,393216,830.47,12.81,1955198,-182.990,-109.980,-46.970,0.7850,1.0960
345,4.1751,11.0480,0.7893,393216,830.47,12.81,1955198,-182.990,-109.980,-46.970,0.7850,1.0960
346,4.1860,10.4387,0.8633,393216,830.47,12.81,1955198,-182.990,-109.980,-46.970,0.7850,1.0960
347,4.1969,10.9653,0.8526,393216,830.47,12.81,1955198,-182.990,-109.980,-46.970,0.7850,1.0960
348,4.2073,10.8891,0.7320,393216,830.47,12.81,1955198,-182.990,-109.980,-46.970,0.7850,1.0960
349,4.2187,10.3703,0.9831,393216,830.47,12.81,1955198,-182.990,-109.980,-46.970,0.7850,1.0960
350,4.2291,11.4015,0.7701,393216,830.47,12.81,1955198,-182.990,-109.980,-46.970,0.7850,1.0960
351,4.2395,10.4005,0.7117,393216,830.47,12.81,1955198,-182.990,-109.980,-46.970,0.7850,1.0960
352,4.2505,10.4180,0.8268,393216,830.47,12.81,1955198,-182.990,-109.980,-46.970,0.7850,1.0960
353,4.2615,10.9753,0.8548,393216,830.47,12.81,1955198,-182.990,-109.980,-46.970,0.7850,1.0960
354,4.2711,10.9808,0.7274,393216,830.47,12.81,1955198,-182.990,-109.980,-46.970,0.7850,1.0960
355,4.2823,9.5951,0.9535,393216,830.47,12.81,1955198,-182.990,-109.980,-46.970,0.7850,1.0960
356,4.2936,11.2062,1.3034,393216,830.47,12.81,1955198,-182.990,-109.980,-46.970,0.7850,1.0960
357,4.3036,11.2837,0.8347,393216,830.47,12.81,1955198,-182.990,-109.980,-46.970,0.7850,1.0960
358,4.3149,10.1197,1.0753,393216,830.47,12.81,1955198,-182.990,-109.980,-46.970,0.7850,1.0960
359,4.3258,11.2285,0.9181,393216,830.47,12.81,1955198,-182.990,-109.980,-46.970,0.7850,1.0960
360,4.3366,10.8836,0.9813,393216,830.47,12.81,1955198,-182.990,-109.980,-46.970,0.7850,1.0960
361,4.3470,10.8043,0.7933,393216,830.47,12.81,1955198,-182.990,-109.980,-46.970,0.7850,1.0960
362,4.3581,10.3941,0.9164,393216,830.47,12.81,1955198,-182.990,-109.980,-46.970,0.7850,1.0960
363,4.3691,11.1429,1.0279,393216,830.47,12.81,1955198,-182.990,-109.980,-46.970,0.7850,1.0960
364,4.3795,11.0195,0.8228,393216,830.47,12.81,1955198,-182.990,-109.980,-46.970,0.7850,1.0960
365,4.3906,10.3079,0.8726,393216,830.47,12.81,1955198,-182.990,-109.980,-46.970,0.7850,1.0960
366,4.4020,11.1035,1.3236,393216,830.47,12.81,1955198,-182.990,-109.980,-46.970,0.7850,1.0960
367,4.4121,11.4444,0.9024,393216,830.47,12.81,1955198,-182.990,-109.980,-46.970,0.7850,1.0960
368,4.4229,10.0931,0.8950,393216,830.47,12.81,1955198,-182.990,-109.980,-46.970,0.7850,1.0960
369,4.4340,10.7641,0.9181,393216,830.47,12.81,1955198,-182.990,-109.980,-46.970,0.7850,1.0960
370,4.4445,11.1797,1.0487,393216,830.47,12.81,1955198,-182.990,-109.980,-46.970,0.7850,1.0960
371,4.4550,10.5105,0.8357,393216,830.47,12.81,1955198,-182.990,-109.980,-46.970,0.7850,1.0960
372,4.4659,10.4232,0.9541,393216,830.47,12.81,1955198,-182.990,-109.980,-46.970,0.7850,1.0960
373,4.4771,10.9225,1.1533,393216,830.47,12.81,1955198,-182.990,-109.980,-46.970,0.7850,1.0960
374,4.4874,11.2529,0.8535,393216,830.47,12.81,1955198,-182.990,-109.980,-46.970,0.7850,1.0960
375,4.4984,10.2780,0.8508,393216,830.47,12.81,1955198,-182.990,-109.980,-46.970,0.7850,1.0960
376,4.5095,10.9405,0.8820,393216,830.47,12.81,1955198,-182.990,-109.980,-46.970,0.7850,1.0960
377,4.5200,11.1813,0.8740,393216,830.47,12.81,1955198,-182.990,-109.980,-46.970,0.7850,1.0960
378,4.5311,10.4271,0.9346,393216,830.47,12.81,1955198,-182.990,-109.980,-46.970,0.7850,1.0960
379,4.5420,11.0854,0.8974,393216,830.47,12.81,1955198,-182.990,-109.980,-46.970,0.7850,1.0960
380,4.5529,10.9083,1.2376,393216,830.47,12.81,1955198,-182.990,-109.980,-46.970,0.7850,1.0960
381,4.5635,10.9585,0.8798,393216,830.47,12.81,1955198,-182.990,-109.980,-46.970,0.7850,1.0960
382,4.5744,10.5628,0.9048,393216,830.47,12.81,1955198,-182.990,-109.980,-46.970,0.7850,1.0960
383,4.5855,10.9633,1.0196,393216,830.47,12.81,1955198,-182.990,-109.980,-46.970,0.7850,1.0960
384,4.5959,11.0945,0.8938,393216,830.47,12.81,1955198,-182.990,-109.980,-46.970,0.7850,1.0960
385,4.6070,10.3976,0.9332,393216,830.47,12.81,1955198,-182.990,-109.980,-46.970,0.7850,1.0960
386,4.6172,11.1017,0.8691,393216,830.47,12.81,1955198,-182.990,-109.980,-46.970,0.7850,1.0960
387,4.6280,10.1702,0.9772,393216,830.47,12.81,1955198,-182.990,-109.980,-46.970,0.7850,1.0960
388,4.6387,10.7929,0.8508,393216,830.47,12.81,1955198,-182.990,-109.980,-46.970,0.7850,1.0960
389,4.6497,10.6565,0.8638,393216,830.47,12.81,1955198,-182.990,-109.980,-46.970,0.7850,1.0960
390,4.6607,11.0456,1.2735,393216,830.47,12.81,1955198,-182.990,-109.980,-46.970,0.7850,1.0960
391,4.6710,11.0334,0.8579,393216,830.47,12.81,1955198,-182.990,-109.980,-46.970,0.7850,1.0960
392,4.6821,10.2100,0.9268,393216,830.47,12.81,1955198,-182.990,-109.980,-46.970,0.7850,1.0960
393,4.6931,11.1810,0.9099,393216,830.47,12.81,1955198,-182.990,-109.980,-46.970,0.7850,1.0960
394,4.7036,10.9702,0.8737,393216,830.47,12.81,1955198,-182.990,-109.980,-46.970,0.7850,1.0960
395,4.7146,10.5097,0.8705,393216,830.47,12.81,1955198,-182.990,-109.980,-46.970,0.7850,1.0960
396,4.7255,10.9404,0.8895,393216,830.47,12.81,1955198,-182.990,-109.980,-46.970,0.7850,1.0960
397,4.7362,10.9667,0.9285,393216,830.47,12.81,1955198,-182.990,-109.980,-46.970,0.7850,1.0960
398,4.7471,10.6372,0.8422,393216,830.47,12.81,1955198,-182.990,-109.980,-46.970,0.7850,1.0960
399,4.7582,10.9447,0.9612,393216,830.47,12.81,1955198,-182.990,-109.980,-46.970,0.7850,1.0960
400,4.7688,11.0606,1.0184,393216,830.47,12.81,1955198,-182.990,-109.980,-46.970,0.7850,1.0960
401,4.7796,10.6072,0.9423,393216,830.47,12.81,1955198,-182.990,-109.980,-46.970,0.7850,1.0960
402,4.7896,10.8575,0.8381,393216,830.47,12.81,1955198,-182.990,-109.980,-46.970,0.7850,1.0960
403,4.8001,9.9706,0.8572,393216,830.47,12.81,1955198,-182.990,-109.980,-46.970,0.7850,1.0960
404,4.8114,10.5516,1.2057,393216,830.47,12.81,1955198,-182.990,-109.980,-46.970,0.7850,1.0960
405,4.8220,11.2315,0.8451,393216,830.47,12.81,1955198,-182.990,-109.980,-46.970,0.7850,1.0960
406,4.8331,10.6190,0.9180,393216,830.47,12.81,1955198,-182.990,-109.980,-46.970,0.7850,1.0960
407,4.8437,11.0885,0.9656,393216,830.47,12.81,1955198,-182.990,-109.980,-46.970,0.7850,1.0960
408,4.8546,10.6055,0.9093,393216,830.47,12.81,1955198,-182.990,-109.980,-46.970,0.7850,1.0960
409,4.8655,10.8823,0.8517,393216,830.47,12.81,1955198,-182.990,-109.980,-46.970,0.7850,1.0960
410,4.8761,10.9389,0.8165,393216,830.47,12.81,1955198,-182.990,-109.980,-46.970,0.7850,1.0960
411,4.8871,10.5641,0.9272,393216,830.47,12.81,1955198,-182.990,-109.980,-46.970,0.7850,1.0960
412,4.8980,10.9942,0.8991,393216,830.47,12.81,1955198,-182.990,-109.980,-46.970,0.7850,1.0960
413,4.9085,10.8886,0.9577,393216,830.47,12.81,1955198,-182.990,-109.980,-46.970,0.7850,1.0960
414,4.9196,10.5166,1.1950,393216,830.47,12.81,1955198,-182.990,-109.980,-46.970,0.7850,1.0960
415,4.9304,11.1355,0.9040,393216,830.47,12.81,1955198,-182.990,-109.980,-46.970,0.7850,1.0960
416,4.9412,10.7485,0.9180,393216,830.47,12.81,1955198,-182.990,-109.980,-46.970,0.7850,1.0960
417,4.9520,10.8364,1.0583,393216,830.47,12.81,1955198,-182.990,-109.980,-46.970,0.7850,1.0960
418,4.9624,11.1852,0.9141,393216,830.47,12.81,1955198,-182.990,-109.980,-46.970,0.7850,1.0960
419,4.9730,10.0234,0.8866,393216,830.47,12.81,1955198,-182.990,-109.980,-46.970,0.7850,1.0960
420,4.9836,10.6003,0.9046,393216,830.47,12.81,1955198,-182.990,-109.980,-46.970,0.7850,1.0960
421,4.9948,10.6145,1.1083,393216,830.47,12.81,1955198,-182.990,-109.980,-46.970,0.7850,1.0960
422,5.0054,11.2158,0.8867,393216,830.47,12.81,1955198,-182.990,-109.980,-46.970,0.7850,1.0960
423,5.0159,10.6080,0.8253,393216,830.47,12.81,1955198,-182.990,-109.980,-46.970,0.7850,1.0960
424,5.0272,10.4448,1.0574,393216,830.47,12.81,1955198,-182.990,-109.980,-46.970,0.7850,1.0960
425,5.0378,11.3841,0.8724,393216,830.47,12.81,1955198,-182.990,-109.980,-46.970,0.7850,1.0960
426,5.0491,10.5188,1.0912,393216,830.47,12.81,1955198,-182.990,-109.980,-46.970,0.7850,1.0960
427,5.0593,11.2910,0.9680,393216,830.47,12.81,1955198,-182.990,-109.980,-46.970,0.7850,1.0960
428,5.0703,10.1905,0.9589,393216,830.47,12.81,1955198,-182.990,-109.980,-46.970,0.7850,1.0960
429,5.0812,10.9861,0.9093,393216,830.47,12.81,1955198,-182.990,-109.980,-46.970,0.7850,1.0960
430,5.0917,10.9781,0.8100,393216,830.47,12.81,1955198,-182.990,-109.980,-46.970,0.7850,1.0960
431,5.1034,10.5151,1.0727,393216,830.47,12.81,1955198,-182.990,-109.980,-46.970,0.7850,1.0960
432,5.1139,11.6434,0.9192,393216,830.47,12.81,1955198,-182.990,-109.980,-46.970,0.7850,1.0960
433,5.1246,10.5381,0.9002,393216,830.47,12.81,1955198,-182.990,-109.980,-46.970,0.7850,1.0960
434,5.1349,10.6743,1.0320,393216,830.47,12.81,1955198,-182.990,-109.980,-46.970,0.7850,1.0960
435,5.1459,10.3009,1.0040,393216,830.47,12.81,1955198,-182.990,-109.980,-46.970,0.7850,1.0960
436,5.1564,10.9509,0.9727,393216,830.47,12.81,1955198,-182.990,-109.980,-46.970,0.7850,1.0960
437,5.1674,10.5673,1.0372,393216,830.47,12.81,1955198,-182.990,-109.980,-46.970,0.7850,1.0960
438,5.1784,10.9601,1.0956,393216,830.47,12.81,1955198,-182.990,-109.980,-46.970,0.7850,1.0960
439,5.1886,11.0561,0.8393,393216,830.47,12.81,1955198,-182.990,-109.980,-46.970,0.7850,1.0960
440,5.1997,10.1387,1.0665,393216,830.47,12.81,1955198,-182.990,-109.980,-46.970,0.7850,1.0960
441,5.2112,11.1712,1.4367,393216,830.47,12.81,1955198,-182.990,-109.980,-46.970,0.7850,1.0960
442,5.2217,11.4332,1.0436,393216,830.47,12.81,1955198,-182.990,-109.980,-46.970,0.7850,1.0960
443,5.2321,10.4789,0.9537,393216,830.47,12.81,1955198,-182.990,-109.980,-46.970,0.7850,1.0960
444,5.2429,10.4272,0.8735,393216,830.47,12.81,1955198,-182.990,-109.980,-46.970,0.7850,1.0960
445,5.2539,10.8248,0.8640,393216,830.47,12.81,1955198,-182.990,-109.980,-46.970,0.7850,1.0960
446,5.2646,11.0075,0.9487,393216,830.47,12.81,1955198,-182.990,-109.980,-46.970,0.7850,1.0960
447,5.2756,10.6654,1.0185,393216,830.47,12.81,1955198,-182.990,-109.980,-46.970,0.7850,1.0960
448,5.2872,10.9830,1.4250,393216,830.47,12.81,1955198,-182.990,-109.980,-46.970,0.7850,1.0960
449,5.2970,11.6901,0.8342,393216,830.47,12.81,1955198,-182.990,-109.980,-46.970,0.7850,1.0960
450,5.3073,9.7653,0.9322,393216,830.47,12.81,1955198,-182.990,-109.980,-46.970,0.7850,1.0960
451,5.3183,10.2301,0.8380,393216,830.47,12.81,1955198,-182.990,-109.980,-46.970,0.7850,1.0960
452,5.3293,11.0162,0.9883,393216,830.47,12.81,1955198,-182.990,-109.980,-46.970,0.7850,1.0960
453,5.3398,11.0777,0.8168,393216,830.47,12.81,1955198,-182.990,-109.980,-46.970,0.7850,1.0960
454,5.3507,10.4179,0.8635,393216,830.47,12.81,1955198,-182.990,-109.980,-46.970,0.7850,1.0960
455,5.3617,10.9124,0.8884,393216,830.47,12.81,1955198,-182.990,-109.980,-46.970,0.7850,1.0960
456,5.3722,10.9770,0.9137,393216,830.47,12.81,1955198,-182.990,-109.980,-46.970,0.7850,1.0960
457,5.3833,10.5250,0.9504,393216,830.47,12.81,1955198,-182.990,-109.980,-46.970,0.7850,1.0960
458,5.3946,11.1334,1.1441,393216,830.47,12.81,1955198,-182.990,-109.980,-46.970,0.7850,1.0960
459,5.4048,11.2410,0.8243,393216,830.47,12.81,1955198,-182.990,-109.980,-46.970,0.7850,1.0960
460,5.4158,10.2186,0.9486,393216,830.47,12.81,1955198,-182.990,-109.980,-46.970,0.7850,1.0960
461,5.4267,11.0580,0.8307,393216,830.47,12.81,1955198,-182.990,-109.980,-46.970,0.7850,1.0960
462,5.4374,10.9855,0.9285,393216,830.47,12.81,1955198,-182.990,-109.980,-46.970,0.7850,1.0960
463,5.4484,10.5449,0.8984,393216,830.47,12.81,1955198,-182.990,-109.980,-46.970,0.7850,1.0960
464,5.4593,10.9905,0.9591,393216,830.47,12.81,1955198,-182.990,-109.980,-46.970,0.7850,1.0960
465,5.4702,10.9796,0.9497,393216,830.47,12.81,1955198,-182.990,-109.980,-46.970,0.7850,1.0960
466,5.4798,10.8490,0.8660,393216,830.47,12.81,1955198,-182.990,-109.980,-46.970,0.7850,1.0960
467,5.4909,9.6150,0.9026,393216,830.47,12.81,1955198,-182.990,-109.980,-46.970,0.7850,1.0960
468,5.5019,11.1045,0.9673,393216,830.47,12.81,1955198,-182.990,-109.980,-46.970,0.7850,1.0960
469,5.5126,11.0509,0.8893,393216,830.47,12.81,1955198,-182.990,-109.980,-46.970,0.7850,1.0960
470,5.5236,10.6260,0.9217,393216,830.47,12.81,1955198,-182.990,-109.980,-46.970,0.7850,1.0960
471,5.5344,10.9869,0.8374,393216,830.47,12.81,1955198,-182.990,-109.980,-46.970,0.7850,1.0960
472,5.5451,10.8603,0.9027,393216,830.47,12.81,1955198,-182.990,-109.980,-46.970,0.7850,1.0960
473,5.5561,10.6413,0.9601,393216,830.47,12.81,1955198,-182.990,-109.980,-46.970,0.7850,1.0960
474,5.5673,11.0008,1.0434,393216,830.47,12.81,1955198,-182.990,-109.980,-46.970,0.7850,1.0960
475,5.5790,11.2263,1.1966,393216,830.47,12.81,1955198,-182.990,-109.980,-46.970,0.7850,1.0960
476,5.5887,11.6600,0.8708,393216,830.47,12.81,1955198,-182.990,-109.980,-46.970,0.7850,1.0960
477,5.5998,9.7002,0.9666,393216,830.47,12.81,1955198,-182.990,-109.980,-46.970,0.7850,1.0960
478,5.6112,11.1390,1.2728,393216,830.47,12.81,1955198,-182.990,-109.980,-46.970,0.7850,1.0960
479,5.6215,11.3873,0.8387,393216,830.47,12.81,1955198,-182.990,-109.980,-46.970,0.7850,1.0960
480,5.6327,10.3090,1.0413,393216,830.47,12.81,1955198,-182.990,-109.980,-46.970,0.7850,1.0960
481,5.6442,11.2432,1.1533,393216,830.47,12.81,1955198,-182.990,-109.980,-46.970,0.7850,1.0960
482,5.6540,11.4215,0.9204,393216,830.47,12.81,1955198,-182.990,-109.980,-46.970,0.7850,1.0960
483,5.6655,9.8474,1.0928,393216,830.47,12.81,1955198,-182.990,-109.980,-46.970,0.7850,1.0960
484,5.6768,11.4518,1.0226,393216,830.47,12.81,1955198,-182.990,-109.980,-46.970,0.7850,1.0960
485,5.6883,11.3552,0.9003,393216,830.47,12.81,1955198,-182.990,-109.980,-46.970,0.7850,1.0960
486,5.6995,11.5099,0.8589,393216,830.47,12.81,1955198,-182.990,-109.980,-46.970,0.7850,1.0960
487,5.7115,11.1510,0.9084,393216,830.47,12.81,1955198,-182.990,-109.980,-46.970,0.7850,1.0960
488,5.7239,12.0597,0.9405,393216,830.47,12.81,1955198,-182.990,-109.980,-46.970,0.7850,1.0960
489,5.7441,12.3460,1.0740,393216,830.47,12.81,1955198,-182.990,-109.980,-46.970,0.7850,1.0960
490,5.7629,20.2316,0.9609,393216,830.47,12.81,1955198,-182.990,-109.980,-46.970,0.7850,1.0960
491,5.7829,18.8247,1.0056,393216,830.47,12.81,1955198,-182.990,-109.980,-46.970,0.7850,1.0960
492,5.8027,20.0041,1.1408,393216,830.47,12.81,1955198,-182.990,-109.980,-46.970,0.7850,1.0960
493,5.8221,19.7233,0.9609,393216,830.47,12.81,1955198,-182.990,-109.980,-46.970,0.7850,1.0960
494,5.8420,19.4387,1.0229,393216,830.47,12.81,1955198,-182.990,-109.980,-46.970,0.7850,1.0960
495,5.8576,19.9329,0.9275,393216,830.47,12.81,1955198,-182.990,-109.980,-46.970,0.7850,1.0960
496,5.8733,15.5728,1.0016,393216,830.47,12.81,1955198,-182.990,-109.980,-46.970,0.7850,1.0960
497,5.8887,15.7364,0.8943,393216,830.47,12.81,1955198,-182.990,-109.980,-46.970,0.7850,1.0960
498,5.9036,15.3901,0.9792,393216,830.47,12.81,1955198,-182.990,-109.980,-46.970,0.7850,1.0960
499,5.9187,14.8517,1.0157,393216,830.47,12.81,1955198,-182.990,-109.980,-46.970,0.7850,1.0960
500,5.9336,15.1752,0.9493,393216,830.47,12.81,1955198,-182.990,-109.980,-46.970,0.7850,1.0960
501,5.9461,14.8693,1.0029,393216,830.47,12.81,1955198,-182.990,-109.980,-46.970,0.7850,1.0960
502,5.9588,12.5133,1.0075,393216,830.47,12.81,1955198,-182.990,-109.980,-46.970,0.7850,1.0960
503,5.9716,12.6912,0.8796,393216,830.47,12.81,1955198,-182.990,-109.980,-46.970,0.7850,1.0960
504,5.9844,12.7323,0.9463,393216,830.47,12.81,1955198,-182.990,-109.980,-46.970,0.7850,1.0960
505,5.9971,12.7951,0.8685,393216,830.47,12.81,1955198,-182.990,-109.980,-46.970,0.7850,1.0960
506,6.0099,12.7341,0.9402,393216,830.47,12.81,1955198,-182.990,-109.980,-46.970,0.7850,1.0960
507,6.0205,12.7905,0.8880,393216,830.47,12.81,1955198,-182.990,-109.980,-46.970,0.7850,1.0960
508,6.0315,10.5670,0.9448,393216,830.47,12.81,1955198,-182.990,-109.980,-46.970,0.7850,1.0960
509,6.0424,11.0945,0.9057,393216,830.47,12.81,1955198,-182.990,-109.980,-46.970,0.7850,1.0960
510,6.0535,10.8352,1.1531,393216,830.47,12.81,1955198,-182.990,-109.980,-46.970,0.7850,1.0960
511,6.0645,11.1510,0.9087,393216,830.47,12.81,1955198,-182.990,-109.980,-46.970,0.7850,1.0960
512,6.0758,10.9363,1.0030,393216,830.47,12.81,1955198,-182.990,-109.980,-46.970,0.7850,1.0960
513,6.0870,11.3596,1.0111,393216,830.47,12.81,1955198,-182.990,-109.980,-46.970,0.7850,1.0960
514,6.0966,11.1678,0.8229,393216,830.47,12.81,1955198,-182.990,-109.980,-46.970,0.7850,1.0960
515,6.1080,9.5571,0.9356,393216,830.47,12.81,1955198,-182.990,-109.980,-46.970,0.7850,1.0960
516,6.1194,11.4085,1.0446,393216,830.47,12.81,1955198,-182.990,-109.980,-46.970,0.7850,1.0960
517,6.1300,11.4335,0.8405,393216,830.47,12.81,1955198,-182.990,-109.980,-46.970,0.7850,1.0960
518,6.1415,10.6307,0.9640,393216,830.47,12.81,1955198,-182.990,-109.980,-46.970,0.7850,1.0960
519,6.1530,11.4584,1.2172,393216,830.47,12.81,1955198,-182.990,-109.980,-46.970,0.7850,1.0960
520,6.1640,11.5135,1.0593,393216,830.47,12.81,1955198,-182.990,-109.980,-46.970,0.7850,1.0960
521,6.1746,10.9739,0.8987,393216,830.47,12.81,1955198,-182.990,-109.980,-46.970,0.7850,1.0960
522,6.1862,10.5795,1.2492,393216,830.47,12.81,1955198,-182.990,-109.980,-46.970,0.7850,1.0960
523,6.1966,11.6640,0.9064,393216,830.47,12.81,1955198,-182.990,-109.980,-46.970,0.7850,1.0960
524,6.2072,10.4196,0.8682,393216,830.47,12.81,1955198,-182.990,-109.980,-46.970,0.7850,1.0960
525,6.2183,10.5219,0.9524,393216,830.47,12.81,1955198,-182.990,-109.980,-46.970,0.7850,1.0960
526,6.2294,11.2677,0.9436,393216,830.47,12.81,1955198,-182.990,-109.980,-46.970,0.7850,1.0960
527,6.2399,10.9713,0.8801,393216,830.47,12.81,1955198,-182.990,-109.980,-46.970,0.7850,1.0960
528,6.2508,10.5129,0.9348,393216,830.47,12.81,1955198,-182.990,-109.980,-46.970,0.7850,1.0960
529,6.2620,10.8777,1.0155,393216,830.47,12.81,1955198,-182.990,-109.980,-46.970,0.7850,1.0960
530,6.2725,11.1839,1.0998,393216,830.47,12.81,1955198,-182.990,-109.980,-46.970,0.7850,1.0960
531,6.2833,10.5688,0.9217,393216,830.47,12.81,1955198,-182.990,-109.980,-46.970,0.7850,1.0960
532,6.2950,10.7223,1.3780,393216,830.47,12.81,1955198,-182.990,-109.980,-46.970,0.7850,1.0960
533,6.3057,11.6858,0.8497,393216,830.47,12.81,1955198,-182.990,-109.980,-46.970,0.7850,1.0960
534,6.3167,10.7774,0.8887,393216,830.47,12.81,1955198,-182.990,-109.980,-46.970,0.7850,1.0960
535,6.3281,10.9563,1.2205,393216,830.47,12.81,1955198,-182.990,-109.980,-46.970,0.7850,1.0960
536,6.3392,11.3745,0.9341,393216,830.47,12.81,1955198,-182.990,-109.980,-46.970,0.7850,1.0960
537,6.3505,11.1534,0.8848,393216,830.47,12.81,1955198,-182.990,-109.980,-46.970,0.7850,1.0960
538,6.3617,11.2721,0.9796,393216,830.47,12.81,1955198,-182.990,-109.980,-46.970,0.7850,1.0960
539,6.3733,11.2248,1.0779,393216,830.47,12.81,1955198,-182.990,-109.980,-46.970,0.7850,1.0960
540,6.3845,11.5572,0.9761,393216,830.47,12.81,1955198,-182.990,-109.980,-46.970,0.7850,1.0960
541,6.3955,11.2173,0.9656,393216,830.47,12.81,1955198,-182.990,-109.980,-46.970,0.7850,1.0960
542,6.4069,11.0203,0.9962,393216,830.47,12.81,1955198,-182.990,-109.980,-46.970,0.7850,1.0960
543,6.4182,11.3861,0.9530,393216,830.47,12.81,1955198,-182.990,-109.980,-46.970,0.7850,1.0960
544,6.4297,11.3863,1.1179,393216,830.47,12.81,1955198,-182.990,-109.980,-46.970,0.7850,1.0960
545,6.4408,11.4697,1.0205,393216,830.47,12.81,1955198,-182.990,-109.980,-46.970,0.7850,1.0960
546,6.4515,11.0222,1.0573,393216,830.47,12.81,1955198,-182.990,-109.980,-46.970,0.7850,1.0960
547,6.4624,10.6935,1.0770,393216,830.47,12.81,1955198,-182.990,-109.980,-46.970,0.7850,1.0960
548,6.4728,10.9105,0.9639,393216,830.47,12.81,1955198,-182.990,-109.980,-46.970,0.7850,1.0960
549,6.4838,10.4001,1.0447,393216,830.47,12.81,1955198,-182.990,-109.980,-46.970,0.7850,1.0960
550,6.4949,11.0791,1.1422,393216,830.47,12.81,1955198,-182.990,-109.980,-46.970,0.7850,1.0960
551,6.5052,11.0650,0.9593,393216,830.47,12.81,1955198,-182.990,-109.980,-46.970,0.7850,1.0960
552,6.5159,10.2735,0.9561,393216,830.47,12.81,1955198,-182.990,-109.980,-46.970,0.7850,1.0960
553,6.5268,10.7652,0.9055,393216,830.47,12.81,1955198,-182.990,-109.980,-46.970,0.7850,1.0960
554,6.5373,10.8480,0.9388,393216,830.47,12.81,1955198,-182.990,-109.980,-46.970,0.7850,1.0960
555,6.5481,10.5510,0.9263,393216,830.47,12.81,1955198,-182.990,-109.980,-46.970,0.7850,1.0960
556,6.5591,10.7552,0.9965,393216,830.47,12.81,1955198,-182.990,-109.980,-46.970,0.7850,1.0960
557,6.5697,10.9757,1.1548,393216,830.47,12.81,1955198,-182.990,-109.980,-46.970,0.7850,1.0960
558,6.5802,10.5749,0.9108,393216,830.47,12.81,1955198,-182.990,-109.980,-46.970,0.7850,1.0960
559,6.5909,10.5530,0.9115,393216,830.47,12.81,1955198,-182.990,-109.980,-46.970,0.7850,1.0960
560,6.6019,10.7099,1.0129,393216,830.47,12.81,1955198,-182.990,-109.980,-46.970,0.7850,1.0960
561,6.6123,10.9556,0.9892,393216,830.47,12.81,1955198,-182.990,-109.980,-46.970,0.7850,1.0960
562,6.6227,10.4177,0.9655,393216,830.47,12.81,1955198,-182.990,-109.980,-46.970,0.7850,1.0960
563,6.6336,10.4503,1.1131,393216,830.47,12.81,1955198,-182.990,-109.980,-46.970,0.7850,1.0960
564,6.6440,10.8697,1.0074,393216,830.47,12.81,1955198,-182.990,-109.980,-46.970,0.7850,1.0960
565,6.6548,10.3830,0.9997,393216,830.47,12.81,1955198,-182.990,-109.980,-46.970,0.7850,1.0960
566,6.6660,10.8174,0.9393,393216,830.47,12.81,1955198,-182.990,-109.980,-46.970,0.7850,1.0960
567,6.6762,11.2873,0.9844,393216,830.47,12.81,1955198,-182.990,-109.980,-46.970,0.7850,1.0960
568,6.6872,10.1080,0.9710,393216,830.47,12.81,1955198,-182.990,-109.980,-46.970,0.7850,1.0960
569,6.6980,11.0232,0.9007,393216,830.47,12.81,1955198,-182.990,-109.980,-46.970,0.7850,1.0960
570,6.7087,10.8062,0.9687,393216,830.47,12.81,1955198,-182.990,-109.980,-46.970,0.7850,1.0960
571,6.7196,10.6533,1.0667,393216,830.47,12.81,1955198,-182.990,-109.980,-46.970,0.7850,1.0960
572,6.7304,10.9016,0.9396,393216,830.47,12.81,1955198,-182.990,-109.980,-46.970,0.7850,1.0960
573,6.7416,10.8114,1.1340,393216,830.47,12.81,1955198,-182.990,-109.980,-46.970,0.7850,1.0960
574,6.7521,11.2199,0.9832,393216,830.47,12.81,1955198,-182.990,-109.980,-46.970,0.7850,1.0960
575,6.7631,10.5296,0.9429,393216,830.47,12.81,1955198,-182.990,-109.980,-46.970,0.7850,1.0960
576,6.7741,10.9112,0.9269,393216,830.47,12.81,1955198,-182.990,-109.980,-46.970,0.7850,1.0960
577,6.7846,10.9910,0.9394,393216,830.47,12.81,1955198,-182.990,-109.980,-46.970,0.7850,1.0960
578,6.7953,10.5777,1.1823,393216,830.47,12.81,1955198,-182.990,-109.980,-46.970,0.7850,1.0960
579,6.8058,10.6509,0.8973,393216,830.47,12.81,1955198,-182.990,-109.980,-46.970,0.7850,1.0960
580,6.8163,10.4890,0.9265,393216,830.47,12.81,1955198,-182.990,-109.980,-46.970,0.7850,1.0960
581,6.8274,10.5419,0.9950,393216,830.47,12.81,1955198,-182.990,-109.980,-46.970,0.7850,1.0960
582,6.8384,11.0658,0.9565,393216,830.47,12.81,1955198,-182.990,-109.980,-46.970,0.7850,1.0960
583,6.8490,10.9759,0.9827,393216,830.47,12.81,1955198,-182.990,-109.980,-46.970,0.7850,1.0960
584,6.8598,10.6048,1.0215,393216,830.47,12.81,1955198,-182.990,-109.980,-46.970,0.7850,1.0960
585,6.8708,10.7938,1.0364,393216,830.47,12.81,1955198,-182.990,-109.980,-46.970,0.7850,1.0960
586,6.8819,10.9964,1.0878,393216,830.47,12.81,1955198,-182.990,-109.980,-46.970,0.7850,1.0960
587,6.8921,11.1019,0.9737,393216,830.47,12.81,1955198,-182.990,-109.980,-46.970,0.7850,1.0960
588,6.9036,10.2159,1.4107,393216,830.47,12.81,1955198,-182.990,-109.980,-46.970,0.7850,1.0960
589,6.9138,11.4870,0.8982,393216,830.47,12.81,1955198,-182.990,-109.980,-46.970,0.7850,1.0960
590,6.9243,10.2471,0.9016,393216,830.47,12.81,1955198,-182.990,-109.980,-46.970,0.7850,1.0960
591,6.9352,10.4676,0.9408,393216,830.47,12.81,1955198,-182.990,-109.980,-46.970,0.7850,1.0960
592,6.9461,10.9788,0.9658,393216,830.47,12.81,1955198,-182.990,-109.980,-46.970,0.7850,1.0960
593,6.9566,10.8713,0.9000,393216,830.47,12.81,1955198,-182.990,-109.980,-46.970,0.7850,1.0960
594,6.9667,10.4544,0.9195,393216,830.47,12.81,1955198,-182.990,-109.980,-46.970,0.7850,1.0960
595,6.9780,10.1671,1.2940,393216,830.47,12.81,1955198,-182.990,-109.980,-46.970,0.7850,1.0960
596,6.9881,11.2736,0.9078,393216,830.47,12.81,1955198,-182.990,-109.980,-46.970,0.7850,1.0960
597,6.9989,10.0693,0.8731,393216,830.47,12.81,1955198,-182.990,-109.980,-46.970,0.7850,1.0960
598,7.0099,10.8389,0.9331,393216,830.47,12.81,1955198,-182.990,-109.980,-46.970,0.7850,1.0960
599,7.0209,10.9651,1.0306,393216,830.47,12.81,1955198,-182.990,-109.980,-46.970,0.7850,1.0960
600,7.0312,10.9705,0.9186,393216,830.47,12.81,1955198,-182.990,-109.980,-46.970,0.7850,1.0960
601,7.0421,10.3672,0.9776,393216,830.47,12.81,1955198,-182.990,-109.980,-46.970,0.7850,1.0960
602,7.0533,10.8375,1.1570,393216,830.47,12.81,1955198,-182.990,-109.980,-46.970,0.7850,1.0960
603,7.0634,11.2361,0.9012,393216,830.47,12.81,1955198,-182.990,-109.980,-46.970,0.7850,1.0960
604,7.0745,10.1101,0.9975,393216,830.47,12.81,1955198,-182.990,-109.980,-46.970,0.7850,1.0960
605,7.0852,11.0420,0.8649,393216,830.47,12.81,1955198,-182.990,-109.980,-46.970,0.7850,1.0960
606,7.0959,10.7318,1.0371,393216,830.47,12.81,1955198,-182.990,-109.980,-46.970,0.7850,1.0960
607,7.1065,10.6746,0.9127,393216,830.47,12.81,1955198,-182.990,-109.980,-46.970,0.7850,1.0960
608,7.1175,10.6432,0.9532,393216,830.47,12.81,1955198,-182.990,-109.980,-46.970,0.7850,1.0960
609,7.1283,11.0140,1.0828,393216,830.47,12.81,1955198,-182.990,-109.980,-46.970,0.7850,1.0960
610,7.1382,10.7959,1.0880,393216,830.47,12.81,1955198,-182.990,-109.980,-46.970,0.7850,1.0960
611,7.1491,9.9379,0.9766,393216,830.47,12.81,1955198,-182.990,-109.980,-46.970,0.7850,1.0960
612,7.1597,10.8272,1.0343,393216,830.47,12.81,1955198,-182.990,-109.980,-46.970,0.7850,1.0960
613,7.1708,10.5858,1.2078,393216,830.47,12.81,1955198,-182.990,-109.980,-46.970,0.7850,1.0960
614,7.1816,11.1921,0.9435,393216,830.47,12.81,1955198,-182.990,-109.980,-46.970,0.7850,1.0960
615,7.1924,10.7597,0.9150,393216,830.47,12.81,1955198,-182.990,-109.980,-46.970,0.7850,1.0960
616,7.2029,10.8035,0.9337,393216,830.47,12.81,1955198,-182.990,-109.980,-46.970,0.7850,1.0960
617,7.2139,10.5053,0.9264,393216,830.47,12.81,1955198,-182.990,-109.980,-46.970,0.7850,1.0960
618,7.2249,10.9436,0.9430,393216,830.47,12.81,1955198,-182.990,-109.980,-46.970,0.7850,1.0960
619,7.2354,11.0182,0.9406,393216,830.47,12.81,1955198,-182.990,-109.980,-46.970,0.7850,1.0960
620,7.2461,10.4869,0.9634,393216,830.47,12.81,1955198,-182.990,-109.980,-46.970,0.7850,1.0960
621,7.2572,10.7013,0.9882,393216,830.47,12.81,1955198,-182.990,-109.980,-46.970,0.7850,1.0960
622,7.2677,11.0866,0.9492,393216,830.47,12.81,1955198,-182.990,-109.980,-46.970,0.7850,1.0960
623,7.2785,10.5281,1.0179,393216,830.47,12.81,1955198,-182.990,-109.980,-46.970,0.7850,1.0960
624,7.2894,10.7979,0.9189,393216,830.47,12.81,1955198,-182.990,-109.980,-46.970,0.7850,1.0960
625,7.3003,10.9135,0.9810,393216,830.47,12.81,1955198,-182.990,-109.980,-46.970,0.7850,1.0960
626,7.3102,10.9406,0.9393,393216,830.47,12.81,1955198,-182.990,-109.980,-46.970,0.7850,1.0960
627,7.3212,9.8432,0.9653,393216,830.47,12.81,1955198,-182.990,-109.980,-46.970,0.7850,1.0960
628,7.3322,10.9751,1.0779,393216,830.47,12.81,1955198,-182.990,-109.980,-46.970,0.7850,1.0960
629,7.3426,11.0067,0.9074,393216,830.47,12.81,1955198,-182.990,-109.980,-46.970,0.7850,1.0960
630,7.3539,10.4294,1.1352,393216,830.47,12.81,1955198,-182.990,-109.980,-46.970,0.7850,1.0960
631,7.3644,11.3014,0.8734,393216,830.47,12.81,1955198,-182.990,-109.980,-46.970,0.7850,1.0960
632,7.3750,10.5399,0.9688,393216,830.47,12.81,1955198,-182.990,-109.980,-46.970,0.7850,1.0960
633,7.3860,10.6159,0.9225,393216,830.47,12.81,1955198,-182.990,-109.980,-46.970,0.7850,1.0960
634,7.3970,10.9983,1.0168,393216,830.47,12.81,1955198,-182.990,-109.980,-46.970,0.7850,1.0960
635,7.4073,10.9410,0.9402,393216,830.47,12.81,1955198,-182.990,-109.980,-46.970,0.7850,1.0960
636,7.4183,10.3204,0.9751,393216,830.47,12.81,1955198,-182.990,-109.980,-46.970,0.7850,1.0960
637,7.4294,10.9701,1.0807,393216,830.47,12.81,1955198,-182.990,-109.980,-46.970,0.7850,1.0960
638,7.4399,11.1099,1.0386,393216,830.47,12.81,1955198,-182.990,-109.980,-46.970,0.7850,1.0960
639,7.4509,10.5498,1.0144,393216,830.47,12.81,1955198,-182.990,-109.980,-46.970,0.7850,1.0960
640,7.4620,10.9725,1.1514,393216,830.47,12.81,1955198,-182.990,-109.980,-46.970,0.7850,1.0960
641,7.4728,11.1177,0.9848,393216,830.47,12.81,1955198,-182.990,-109.980,-46.970,0.7850,1.0960
642,7.4827,10.8095,0.9755,393216,830.47,12.81,1955198,-182.990,-109.980,-46.970,0.7850,1.0960
643,7.4935,9.9115,0.9693,393216,830.47,12.81,1955198,-182.990,-109.980,-46.970,0.7850,1.0960
644,7.5046,10.7460,1.0055,393216,830.47,12.81,1955198,-182.990,-109.980,-46.970,0.7850,1.0960
645,7.5151,11.0545,0.8455,393216,830.47,12.81,1955198,-182.990,-109.980,-46.970,0.7850,1.0960
646,7.5262,10.5156,0.9575,393216,830.47,12.81,1955198,-182.990,-109.980,-46.970,0.7850,1.0960
647,7.5372,11.1225,1.1142,393216,830.47,12.81,1955198,-182.990,-109.980,-46.970,0.7850,1.0960
648,7.5474,11.0097,0.8670,393216,830.47,12.81,1955198,-182.990,-109.980,-46.970,0.7850,1.0960
649,7.5584,10.2226,0.9405,393216,830.47,12.81,1955198,-182.990,-109.980,-46.970,0.7850,1.0960
650,7.5695,10.9502,1.0227,393216,830.47,12.81,1955198,-182.990,-109.980,-46.970,0.7850,1.0960
651,7.5799,11.2312,0.9227,393216,830.47,12.81,1955198,-182.990,-109.980,-46.970,0.7850,1.0960
652,7.5907,10.2504,0.9599,393216,830.47,12.81,1955198,-182.990,-109.980,-46.970,0.7850,1.0960
653,7.6016,10.8770,0.8651,393216,830.47,12.81,1955198,-182.990,-109.980,-46.970,0.7850,1.0960
654,7.6127,10.8982,1.1065,393216,830.47,12.81,1955198,-182.990,-109.980,-46.970,0.7850,1.0960
655,7.6229,11.0575,0.8906,393216,830.47,12.81,1955198,-182.990,-109.980,-46.970,0.7850,1.0960
656,7.6339,10.1880,0.9654,393216,830.47,12.81,1955198,-182.990,-109.980,-46.970,0.7850,1.0960
657,7.6451,11.0003,1.2036,393216,830.47,12.81,1955198,-182.990,-109.980,-46.970,0.7850,1.0960
658,7.6546,11.2129,0.9451,393216,830.47,12.81,1955198,-182.990,-109.980,-46.970,0.7850,1.0960
659,7.6655,9.4967,0.9325,393216,830.47,12.81,1955198,-182.990,-109.980,-46.970,0.7850,1.0960
660,7.6765,10.9482,0.9954,393216,830.47,12.81,1955198,-182.990,-109.980,-46.970,0.7850,1.0960
661,7.6871,10.9580,1.0695,393216,830.47,12.81,1955198,-182.990,-109.980,-46.970,0.7850,1.0960
662,7.6978,10.5765,0.9088,393216,830.47,12.81,1955198,-182.990,-109.980,-46.970,0.7850,1.0960
663,7.7088,10.7454,0.9077,393216,830.47,12.81,1955198,-182.990,-109.980,-46.970,0.7850,1.0960
664,7.7192,10.9897,0.9412,393216,830.47,12.81,1955198,-182.990,-109.980,-46.970,0.7850,1.0960
665,7.7298,10.4465,0.9198,393216,830.47,12.81,1955198,-182.990,-109.980,-46.970,0.7850,1.0960
666,7.7409,10.5676,0.9210,393216,830.47,12.81,1955198,-182.990,-109.980,-46.970,0.7850,1.0960
667,7.7517,11.0682,0.9910,393216,830.47,12.81,1955198,-182.990,-109.980,-46.970,0.7850,1.0960
668,7.7624,10.7874,1.0202,393216,830.47,12.81,1955198,-182.990,-109.980,-46.970,0.7850,1.0960
669,7.7731,10.7039,0.8956,393216,830.47,12.81,1955198,-182.990,-109.980,-46.970,0.7850,1.0960
670,7.7841,10.6765,0.9166,393216,830.47,12.81,1955198,-182.990,-109.980,-46.970,0.7850,1.0960
671,7.7945,10.9979,0.9530,393216,830.47,12.81,1955198,-182.990,-109.980,-46.970,0.7850,1.0960
672,7.8054,10.4230,0.9009,393216,830.47,12.81,1955198,-182.990,-109.980,-46.970,0.7850,1.0960
673,7.8162,10.9155,0.8583,393216,830.47,12.81,1955198,-182.990,-109.980,-46.970,0.7850,1.0960
674,7.8262,10.8127,0.9582,393216,830.47,12.81,1955198,-182.990,-109.980,-46.970,0.7850,1.0960
675,7.8372,10.0129,1.1185,393216,830.47,12.81,1955198,-182.990,-109.980,-46.970,0.7850,1.0960
676,7.8477,10.9810,0.8989,393216,830.47,12.81,1955198,-182.990,-109.980,-46.970,0.7850,1.0960
677,7.8582,10.5033,0.8674,393216,830.47,12.81,1955198,-182.990,-109.980,-46.970,0.7850,1.0960
678,7.8693,10.4830,1.0758,393216,830.47,12.81,1955198,-182.990,-109.980,-46.970,0.7850,1.0960
679,7.8801,11.0928,0.9280,393216,830.47,12.81,1955198,-182.990,-109.980,-46.970,0.7850,1.0960
680,7.8906,10.7796,0.9263,393216,830.47,12.81,1955198,-182.990,-109.980,-46.970,0.7850,1.0960
681,7.9021,10.5119,1.5369,393216,830.47,12.81,1955198,-182.990,-109.980,-46.970,0.7850,1.0960
682,7.9127,11.5785,1.1246,393216,830.47,12.81,1955198,-182.990,-109.980,-46.970,0.7850,1.0960
683,7.9235,10.5613,1.0144,393216,830.47,12.81,1955198,-182.990,-109.980,-46.970,0.7850,1.0960
684,7.9339,10.7743,0.9475,393216,830.47,12.81,1955198,-182.990,-109.980,-46.970,0.7850,1.0960
685,7.9451,10.3965,1.0973,393216,830.47,12.81,1955198,-182.990,-109.980,-46.970,0.7850,1.0960
686,7.9558,11.2339,0.9281,393216,830.47,12.81,1955198,-182.990,-109.980,-46.970,0.7850,1.0960
687,7.9660,10.6611,0.8334,393216,830.47,12.81,1955198,-182.990,-109.980,-46.970,0.7850,1.0960
688,7.9771,10.2585,0.9539,393216,830.47,12.81,1955198,-182.990,-109.980,-46.970,0.7850,1.0960
689,7.9881,11.0789,0.9785,393216,830.47,12.81,1955198,-182.990,-109.980,-46.970,0.7850,1.0960
690,7.9979,10.9441,0.9357,393216,830.47,12.81,1955198,-182.990,-109.980,-46.970,0.7850,1.0960
691,8.0087,9.8754,0.9297,393216,830.47,12.81,1955198,-182.990,-109.980,-46.970,0.7850,1.0960
692,8.0198,10.8199,1.0748,393216,830.47,12.81,1955198,-182.990,-109.980,-46.970,0.7850,1.0960
693,8.0301,11.0412,0.9205,393216,830.47,12.81,1955198,-182.990,-109.980,-46.970,0.7850,1.0960
694,8.0410,10.2906,0.9799,393216,830.47,12.81,1955198,-182.990,-109.980,-46.970,0.7850,1.0960
695,8.0517,10.8864,0.8941,393216,830.47,12.81,1955198,-182.990,-109.980,-46.970,0.7850,1.0960
696,8.0622,10.7540,0.9677,393216,830.47,12.81,1955198,-182.990,-109.980,-46.970,0.7850,1.0960
697,8.0730,10.4873,0.9135,393216,830.47,12.81,1955198,-182.990,-109.980,-46.970,0.7850,1.0960
698,8.0839,10.8992,0.9865,393216,830.47,12.81,1955198,-182.990,-109.980,-46.970,0.7850,1.0960
699,8.0950,10.8076,1.2744,393216,830.47,12.81,1955198,-182.990,-109.980,-46.970,0.7850,1.0960
700,8.1050,11.0465,0.8951,393216,830.47,12.81,1955198,-182.990,-109.980,-46.970,0.7850,1.0960
701,8.1158,10.0760,0.8818,393216,830.47,12.81,1955198,-182.990,-109.980,-46.970,0.7850,1.0960
702,8.1268,10.7986,0.9362,393216,830.47,12.81,1955198,-182.990,-109.980,-46.970,0.7850,1.0960
703,8.1371,10.9236,0.9378,393216,830.47,12.81,1955198,-182.990,-109.980,-46.970,0.7850,1.0960
704,8.1480,10.3440,0.9269,393216,830.47,12.81,1955198,-182.990,-109.980,-46.970,0.7850,1.0960
705,8.1589,10.8524,1.0005,393216,830.47,12.81,1955198,-182.990,-109.980,-46.970,0.7850,1.0960
706,8.1686,10.9539,0.9137,393216,830.47,12.81,1955198,-182.990,-109.980,-46.970,0.7850,1.0960
707,8.1794,9.7603,0.9706,393216,830.47,12.81,1955198,-182.990,-109.980,-46.970,0.7850,1.0960
708,8.1901,10.7528,0.9091,393216,830.47,12.81,1955198,-182.990,-109.980,-46.970,0.7850,1.0960
709,8.2005,10.7181,0.9172,393216,830.47,12.81,1955198,-182.990,-109.980,-46.970,0.7850,1.0960
710,8.2118,10.4068,1.4580,393216,830.47,12.81,1955198,-182.990,-109.980,-46.970,0.7850,1.0960
711,8.2221,11.2673,0.9656,393216,830.47,12.81,1955198,-182.990,-109.980,-46.970,0.7850,1.0960
712,8.2324,10.2391,0.9120,393216,830.47,12.81,1955198,-182.990,-109.980,-46.970,0.7850,1.0960
713,8.2433,10.3185,0.9455,393216,830.47,12.81,1955198,-182.990,-109.980,-46.970,0.7850,1.0960
714,8.2542,10.8981,0.9845,393216,830.47,12.81,1955198,-182.990,-109.980,-46.970,0.7850,1.0960
715,8.2646,10.9319,0.9652,393216,830.47,12.81,1955198,-182.990,-109.980,-46.970,0.7850,1.0960
716,8.2753,10.4009,1.0553,393216,830.47,12.81,1955198,-182.990,-109.980,-46.970,0.7850,1.0960
717,8.2866,10.7414,1.3877,393216,830.47,12.81,1955198,-182.990,-109.980,-46.970,0.7850,1.0960
718,8.2972,11.2837,1.0541,393216,830.47,12.81,1955198,-182.990,-109.980,-46.970,0.7850,1.0960
719,8.3075,10.5696,0.9845,393216,830.47,12.81,1955198,-182.990,-109.980,-46.970,0.7850,1.0960
720,8.3181,10.2504,0.9901,393216,830.47,12.81,1955198,-182.990,-109.980,-46.970,0.7850,1.0960
721,8.3292,10.6924,1.1548,393216,830.47,12.81,1955198,-182.990,-109.980,-46.970,0.7850,1.0960
722,8.3388,11.0298,0.9498,393216,830.47,12.81,1955198,-182.990,-109.980,-46.970,0.7850,1.0960
723,8.3495,9.6072,0.9653,393216,830.47,12.81,1955198,-182.990,-109.980,-46.970,0.7850,1.0960
724,8.3604,10.7658,1.1067,393216,830.47,12.81,1955198,-182.990,-109.980,-46.970,0.7850,1.0960
725,8.3709,10.8652,1.1918,393216,830.47,12.81,1955198,-182.990,-109.980,-46.970,0.7850,1.0960
726,8.3816,10.5546,0.9935,393216,830.47,12.81,1955198,-182.990,-109.980,-46.970,0.7850,1.0960
727,8.3923,10.6174,0.9997,393216,830.47,12.81,1955198,-182.990,-109.980,-46.970,0.7850,1.0960
728,8.4030,10.7574,1.3329,393216,830.47,12.81,1955198,-182.990,-109.980,-46.970,0.7850,1.0960
729,8.4135,10.6870,1.0093,393216,830.47,12.81,1955198,-182.990,-109.980,-46.970,0.7850,1.0960
730,8.4244,10.5023,1.0214,393216,830.47,12.81,1955198,-182.990,-109.980,-46.970,0.7850,1.0960
731,8.4347,10.9147,1.0120,393216,830.47,12.81,1955198,-182.990,-109.980,-46.970,0.7850,1.0960
732,8.4454,10.2782,1.1004,393216,830.47,12.81,1955198,-182.990,-109.980,-46.970,0.7850,1.0960
733,8.4569,10.7145,1.7761,393216,830.47,12.81,1955198,-182.990,-109.980,-46.970,0.7850,1.0960
734,8.4667,11.4414,1.0829,393216,830.47,12.81,1955198,-182.990,-109.980,-46.970,0.7850,1.0960
735,8.4772,9.7792,0.9725,393216,830.47,12.81,1955198,-182.990,-109.980,-46.970,0.7850,1.0960
736,8.4882,10.5514,1.1520,393216,830.47,12.81,1955198,-182.990,-109.980,-46.970,0.7850,1.0960
737,8.4986,10.9944,1.1764,393216,830.47,12.81,1955198,-182.990,-109.980,-46.970,0.7850,1.0960
738,8.5087,10.4415,1.1015,393216,830.47,12.81,1955198,-182.990,-109.980,-46.970,0.7850,1.0960
739,8.5195,10.0562,1.1923,393216,830.47,12.81,1955198,-182.990,-109.980,-46.970,0.7850,1.0960
740,8.5297,10.8285,1.0382,393216,830.47,12.81,1955198,-182.990,-109.980,-46.970,0.7850,1.0960
741,8.5404,10.1935,1.0314,393216,830.47,12.81,1955198,-182.990,-109.980,-46.970,0.7850,1.0960
742,8.5512,10.6993,0.9960,393216,830.47,12.81,1955198,-182.990,-109.980,-46.970,0.7850,1.0960
743,8.5617,10.8275,1.1788,393216,830.47,12.81,1955198,-182.990,-109.980,-46.970,0.7850,1.0960
744,8.5721,10.4863,0.9733,393216,830.47,12.81,1955198,-182.990,-109.980,-46.970,0.7850,1.0960
745,8.5831,10.3573,1.0250,393216,830.47,12.81,1955198,-182.990,-109.980,-46.970,0.7850,1.0960
746,8.5943,11.0278,1.3128,393216,830.47,12.81,1955198,-182.990,-109.980,-46.970,0.7850,1.0960
747,8.6043,11.2035,1.0288,393216,830.47,12.81,1955198,-182.990,-109.980,-46.970,0.7850,1.0960
748,8.6152,9.9436,1.0003,393216,830.47,12.81,1955198,-182.990,-109.980,-46.970,0.7850,1.0960
749,8.6260,10.8920,0.9751,393216,830.47,12.81,1955198,-182.990,-109.980,-46.970,0.7850,1.0960
750,8.6365,10.8207,1.0418,393216,830.47,12.81,1955198,-182.990,-109.980,-46.970,0.7850,1.0960
751,8.6473,10.4786,0.9450,393216,830.47,12.81,1955198,-182.990,-109.980,-46.970,0.7850,1.0960
752,8.6582,10.8681,1.0276,393216,830.47,12.81,1955198,-182.990,-109.980,-46.970,0.7850,1.0960
753,8.6687,10.8913,1.0146,393216,830.47,12.81,1955198,-182.990,-109.980,-46.970,0.7850,1.0960
754,8.6791,10.4454,1.1316,393216,830.47,12.81,1955198,-182.990,-109.980,-46.970,0.7850,1.0960
755,8.6897,10.4510,1.0249,393216,830.47,12.81,1955198,-182.990,-109.980,-46.970,0.7850,1.0960
756,8.7000,10.5671,0.9950,393216,830.47,12.81,1955198,-182.990,-109.980,-46.970,0.7850,1.0960
757,8.7108,10.3361,0.9993,393216,830.47,12.81,1955198,-182.990,-109.980,-46.970,0.7850,1.0960
758,8.7217,10.8327,0.9564,393216,830.47,12.81,1955198,-182.990,-109.980,-46.970,0.7850,1.0960
759,8.7323,10.8947,0.9901,393216,830.47,12.81,1955198,-182.990,-109.980,-46.970,0.7850,1.0960
760,8.7432,10.5433,0.9930,393216,830.47,12.81,1955198,-182.990,-109.980,-46.970,0.7850,1.0960
761,8.7542,10.9237,0.9631,393216,830.47,12.81,1955198,-182.990,-109.980,-46.970,0.7850,1.0960
762,8.7648,11.0271,0.9837,393216,830.47,12.81,1955198,-182.990,-109.980,-46.970,0.7850,1.0960
763,8.7756,10.5466,0.9741,393216,830.47,12.81,1955198,-182.990,-109.980,-46.970,0.7850,1.0960
764,8.7869,10.8579,1.2818,393216,830.47,12.81,1955198,-182.990,-109.980,-46.970,0.7850,1.0960
765,8.7975,11.2235,0.9541,393216,830.47,12.81,1955198,-182.990,-109.980,-46.970,0.7850,1.0960
766,8.8081,10.6685,0.9466,393216,830.47,12.81,1955198,-182.990,-109.980,-46.970,0.7850,1.0960
767,8.8190,10.5780,0.9077,393216,830.47,12.81,1955198,-182.990,-109.980,-46.970,0.7850,1.0960
768,8.8300,10.9443,1.0043,393216,830.47,12.81,1955198,-182.990,-109.980,-46.970,0.7850,1.0960
769,8.8405,10.9727,0.8997,393216,830.47,12.81,1955198,-182.990,-109.980,-46.970,0.7850,1.0960
770,8.8509,10.4253,0.9746,393216,830.47,12.81,1955198,-182.990,-109.980,-46.970,0.7850,1.0960
771,8.8620,10.4623,1.1510,393216,830.47,12.81,1955198,-182.990,-109.980,-46.970,0.7850,1.0960
772,8.8723,11.1059,0.9300,393216,830.47,12.81,1955198,-182.990,-109.980,-46.970,0.7850,1.0960
773,8.8833,10.2732,0.9413,393216,830.47,12.81,1955198,-182.990,-109.980,-46.970,0.7850,1.0960
774,8.8947,10.9607,1.2641,393216,830.47,12.81,1955198,-182.990,-109.980,-46.970,0.7850,1.0960
775,8.9054,11.4629,0.9603,393216,830.47,12.81,1955198,-182.990,-109.980,-46.970,0.7850,1.0960
776,8.9161,10.6612,0.9610,393216,830.47,12.81,1955198,-182.990,-109.980,-46.970,0.7850,1.0960
777,8.9273,10.6946,1.0981,393216,830.47,12.81,1955198,-182.990,-109.980,-46.970,0.7850,1.0960
778,8.9381,11.2021,1.0416,393216,830.47,12.81,1955198,-182.990,-109.980,-46.970,0.7850,1.0960
779,8.9487,10.8579,1.0158,393216,830.47,12.81,1955198,-182.990,-109.980,-46.970,0.7850,1.0960
780,8.9597,10.5667,1.0296,393216,830.47,12.81,1955198,-182.990,-109.980,-46.970,0.7850,1.0960
781,8.9709,11.0347,1.0701,393216,830.47,12.81,1955198,-182.990,-109.980,-46.970,0.7850,1.0960
782,8.9816,11.1301,1.0876,393216,830.47,12.81,1955198,-182.990,-109.980,-46.970,0.7850,1.0960
783,8.9923,10.7103,0.9949,393216,830.47,12.81,1955198,-182.990,-109.980,-46.970,0.7850,1.0960
784,9.0039,10.7457,1.0969,393216,830.47,12.81,1955198,-182.990,-109.980,-46.970,0.7850,1.0960
785,9.0144,11.5937,0.9739,393216,830.47,12.81,1955198,-182.990,-109.980,-46.970,0.7850,1.0960
786,9.0246,10.4673,1.0120,393216,830.47,12.81,1955198,-182.990,-109.980,-46.970,0.7850,1.0960
787,9.0359,10.1688,1.0467,393216,830.47,12.81,1955198,-182.990,-109.980,-46.970,0.7850,1.0960
788,9.0465,11.3474,1.0085,393216,830.47,12.81,1955198,-182.990,-109.980,-46.970,0.7850,1.0960
789,9.0572,10.5980,1.0497,393216,830.47,12.81,1955198,-182.990,-109.980,-46.970,0.7850,1.0960
790,9.0683,10.7071,1.0036,393216,830.47,12.81,1955198,-182.990,-109.980,-46.970,0.7850,1.0960
791,9.0792,11.0600,1.0793,393216,830.47,12.81,1955198,-182.990,-109.980,-46.970,0.7850,1.0960
792,9.0899,10.9486,0.9668,393216,830.47,12.81,1955198,-182.990,-109.980,-46.970,0.7850,1.0960
793,9.1006,10.6515,0.9157,393216,830.47,12.81,1955198,-182.990,-109.980,-46.970,0.7850,1.0960
794,9.1121,10.7378,1.0077,393216,830.47,12.81,1955198,-182.990,-109.980,-46.970,0.7850,1.0960
795,9.1233,11.4845,1.0569,393216,830.47,12.81,1955198,-182.990,-109.980,-46.970,0.7850,1.0960
796,9.1339,11.2106,0.8817,393216,830.47,12.81,1955198,-182.990,-109.980,-46.970,0.7850,1.0960
797,9.1454,10.5495,1.0133,393216,830.47,12.81,1955198,-182.990,-109.980,-46.970,0.7850,1.0960
798,9.1562,11.5244,0.9087,393216,830.47,12.81,1955198,-182.990,-109.980,-46.970,0.7850,1.0960
799,9.1667,10.8352,0.9825,393216,830.47,12.81,1955198,-182.990,-109.980,-46.970,0.7850,1.0960
800,9.1779,10.5106,1.2665,393216,830.47,12.81,1955198,-182.990,-109.980,-46.970,0.7850,1.0960
801,9.1886,11.2011,0.8846,393216,830.47,12.81,1955198,-182.990,-109.980,-46.970,0.7850,1.0960
802,9.1985,10.6820,0.8894,393216,830.47,12.81,1955198,-182.990,-109.980,-46.970,0.7850,1.0960
803,9.2094,9.9388,0.9409,393216,830.47,12.81,1955198,-182.990,-109.980,-46.970,0.7850,1.0960
804,9.2204,10.8258,0.9872,393216,830.47,12.81,1955198,-182.990,-109.980,-46.970,0.7850,1.0960
805,9.2313,11.0716,0.9175,393216,830.47,12.81,1955198,-182.990,-109.980,-46.970,0.7850,1.0960
806,9.2420,10.8560,0.9919,393216,830.47,12.81,1955198,-182.990,-109.980,-46.970,0.7850,1.0960
807,9.2529,10.6850,1.0286,393216,830.47,12.81,1955198,-182.990,-109.980,-46.970,0.7850,1.0960
808,9.2637,10.9260,0.9202,393216,830.47,12.81,1955198,-182.990,-109.980,-46.970,0.7850,1.0960
809,9.2741,10.8010,0.9067,393216,830.47,12.81,1955198,-182.990,-109.980,-46.970,0.7850,1.0960
810,9.2850,10.4237,0.9661,393216,830.47,12.81,1955198,-182.990,-109.980,-46.970,0.7850,1.0960
811,9.2958,10.9127,0.9312,393216,830.47,12.81,1955198,-182.990,-109.980,-46.970,0.7850,1.0960
812,9.3063,10.7913,0.9397,393216,830.47,12.81,1955198,-182.990,-109.980,-46.970,0.7850,1.0960
813,9.3171,10.4661,0.9001,393216,830.47,12.81,1955198,-182.990,-109.980,-46.970,0.7850,1.0960
814,9.3283,10.7602,1.0313,393216,830.47,12.81,1955198,-182.990,-109.980,-46.970,0.7850,1.0960
815,9.3385,11.2184,0.8740,393216,830.47,12.81,1955198,-182.990,-109.980,-46.970,0.7850,1.0960
816,9.3493,10.2492,0.9535,393216,830.47,12.81,1955198,-182.990,-109.980,-46.970,0.7850,1.0960
817,9.3604,10.7895,0.9443,393216,830.47,12.81,1955198,-182.990,-109.980,-46.970,0.7850,1.0960
818,9.3704,11.1112,0.9735,393216,830.47,12.81,1955198,-182.990,-109.980,-46.970,0.7850,1.0960
819,9.3811,9.9338,0.9013,393216,830.47,12.81,1955198,-182.990,-109.980,-46.970,0.7850,1.0960
820,9.3919,10.7599,0.9659,393216,830.47,12.81,1955198,-182.990,-109.980,-46.970,0.7850,1.0960
821,9.4031,10.7764,1.1179,393216,830.47,12.81,1955198,-182.990,-109.980,-46.970,0.7850,1.0960
822,9.4134,11.1998,0.8982,393216,830.47,12.81,1955198,-182.990,-109.980,-46.970,0.7850,1.0960
823,9.4243,10.2484,0.8481,393216,830.47,12.81,1955198,-182.990,-109.980,-46.970,0.7850,1.0960
824,9.4352,10.9146,0.9442,393216,830.47,12.81,1955198,-182.990,-109.980,-46.970,0.7850,1.0960
825,9.4456,10.9620,0.8670,393216,830.47,12.81,1955198,-182.990,-109.980,-46.970,0.7850,1.0960
826,9.4567,10.3746,0.9552,393216,830.47,12.81,1955198,-182.990,-109.980,-46.970,0.7850,1.0960
827,9.4676,11.1421,1.0097,393216,830.47,12.81,1955198,-182.990,-109.980,-46.970,0.7850,1.0960
828,9.4782,10.8485,1.1541,393216,830.47,12.81,1955198,-182.990,-109.980,-46.970,0.7850,1.0960
829,9.4889,10.6382,0.8905,393216,830.47,12.81,1955198,-182.990,-109.980,-46.970,0.7850,1.0960
830,9.4999,10.6590,0.9415,393216,830.47,12.81,1955198,-182.990,-109.980,-46.970,0.7850,1.0960
831,9.5103,10.9610,1.0061,393216,830.47,12.81,1955198,-182.990,-109.980,-46.970,0.7850,1.0960
832,9.5214,10.4846,1.1954,393216,830.47,12.81,1955198,-182.990,-109.980,-46.970,0.7850,1.0960
833,9.5322,11.0231,0.9508,393216,830.47,12.81,1955198,-182.990,-109.980,-46.970,0.7850,1.0960
834,9.5428,10.8145,1.1005,393216,830.47,12.81,1955198,-182.990,-109.980,-46.970,0.7850,1.0960
835,9.5530,10.6126,0.9129,393216,830.47,12.81,1955198,-182.990,-109.980,-46.970,0.7850,1.0960
836,9.5639,10.2340,0.9055,393216,830.47,12.81,1955198,-182.990,-109.980,-46.970,0.7850,1.0960
837,9.5749,10.8552,0.9853,393216,830.47,12.81,1955198,-182.990,-109.980,-46.970,0.7850,1.0960
838,9.5853,10.9756,0.9296,393216,830.47,12.81,1955198,-182.990,-109.980,-46.970,0.7850,1.0960
839,9.5963,10.4339,1.0826,393216,830.47,12.81,1955198,-182.990,-109.980,-46.970,0.7850,1.0960
840,9.6070,11.0451,0.9683,393216,830.47,12.81,1955198,-182.990,-109.980,-46.970,0.7850,1.0960
841,9.6175,10.6279,0.9688,393216,830.47,12.81,1955198,-182.990,-109.980,-46.970,0.7850,1.0960
842,9.6283,10.5222,0.8950,393216,830.47,12.81,1955198,-182.990,-109.980,-46.970,0.7850,1.0960
843,9.6392,10.8671,0.8999,393216,830.47,12.81,1955198,-182.990,-109.980,-46.970,0.7850,1.0960
844,9.6497,10.8951,0.8826,393216,830.47,12.81,1955198,-182.990,-109.980,-46.970,0.7850,1.0960
845,9.6606,10.4503,0.8679,393216,830.47,12.81,1955198,-182.990,-109.980,-46.970,0.7850,1.0960
846,9.6717,10.8826,0.9776,393216,830.47,12.81,1955198,-182.990,-109.980,-46.970,0.7850,1.0960
847,9.6823,11.1680,1.0226,393216,830.47,12.81,1955198,-182.990,-109.980,-46.970,0.7850,1.0960
848,9.6930,10.5156,0.9568,393216,830.47,12.81,1955198,-182.990,-109.980,-46.970,0.7850,1.0960
849,9.7043,10.6903,1.2292,393216,830.47,12.81,1955198,-182.990,-109.980,-46.970,0.7850,1.0960
850,9.7143,11.3173,1.0436,393216,830.47,12.81,1955198,-182.990,-109.980,-46.970,0.7850,1.0960
851,9.7247,10.0386,0.9300,393216,830.47,12.81,1955198,-182.990,-109.980,-46.970,0.7850,1.0960
852,9.7355,10.4189,0.9295,393216,830.47,12.81,1955198,-182.990,-109.980,-46.970,0.7850,1.0960
853,9.7465,10.7537,0.9791,393216,830.47,12.81,1955198,-182.990,-109.980,-46.970,0.7850,1.0960
854,9.7568,10.9786,0.8862,393216,830.47,12.81,1955198,-182.990,-109.980,-46.970,0.7850,1.0960
855,9.7677,10.3739,0.9481,393216,830.47,12.81,1955198,-182.990,-109.980,-46.970,0.7850,1.0960
856,9.7790,10.8388,1.2497,393216,830.47,12.81,1955198,-182.990,-109.980,-46.970,0.7850,1.0960
857,9.7890,11.3285,0.8937,393216,830.47,12.81,1955198,-182.990,-109.980,-46.970,0.7850,1.0960
858,9.8001,10.0318,0.9304,393216,830.47,12.81,1955198,-182.990,-109.980,-46.970,0.7850,1.0960
859,9.8109,11.0642,0.9129,393216,830.47,12.81,1955198,-182.990,-109.980,-46.970,0.7850,1.0960
860,9.8213,10.8007,0.9244,393216,830.47,12.81,1955198,-182.990,-109.980,-46.970,0.7850,1.0960
861,9.8322,10.4483,0.9311,393216,830.47,12.81,1955198,-182.990,-109.980,-46.970,0.7850,1.0960
862,9.8432,10.8955,0.9229,393216,830.47,12.81,1955198,-182.990,-109.980,-46.970,0.7850,1.0960
863,9.8540,11.0097,1.0859,393216,830.47,12.81,1955198,-182.990,-109.980,-46.970,0.7850,1.0960
864,9.8643,10.7095,0.8728,393216,830.47,12.81,1955198,-182.990,-109.980,-46.970,0.7850,1.0960
865,9.8755,10.3560,0.9570,393216,830.47,12.81,1955198,-182.990,-109.980,-46.970,0.7850,1.0960
866,9.8858,11.1635,0.9150,393216,830.47,12.81,1955198,-182.990,-109.980,-46.970,0.7850,1.0960
867,9.8962,10.3660,0.9217,393216,830.47,12.81,1955198,-182.990,-109.980,-46.970,0.7850,1.0960
868,9.9071,10.3894,0.9174,393216,830.47,12.81,1955198,-182.990,-109.980,-46.970,0.7850,1.0960
869,9.9180,10.9143,0.9286,393216,830.47,12.81,1955198,-182.990,-109.980,-46.970,0.7850,1.0960
870,9.9285,10.8373,0.9795,393216,830.47,12.81,1955198,-182.990,-109.980,-46.970,0.7850,1.0960
871,9.9394,10.5984,0.9149,393216,830.47,12.81,1955198,-182.990,-109.980,-46.970,0.7850,1.0960
872,9.9502,10.8349,0.9429,393216,830.47,12.81,1955198,-182.990,-109.980,-46.970,0.7850,1.0960
873,9.9608,10.8387,0.8911,393216,830.47,12.81,1955198,-182.990,-109.980,-46.970,0.7850,1.0960
874,9.9717,10.5591,0.9710,393216,830.47,12.81,1955198,-182.990,-109.980,-46.970,0.7850,1.0960
875,9.9824,10.9294,0.8707,393216,830.47,12.81,1955198,-182.990,-109.980,-46.970,0.7850,1.0960
876,9.9927,10.6739,0.7800,393216,830.47,12.81,1955198,-182.990,-109.980,-46.970,0.7850,1.0960
877,10.0042,10.3078,1.3501,393216,830.47,12.81,1955198,-182.990,-109.980,-46.970,0.7850,1.0960
878,10.0147,11.5149,0.8558,393216,830.47,12.81,1955198,-182.990,-109.980,-46.970,0.7850,1.0960
879,10.0252,10.4772,0.8654,393216,830.47,12.81,1955198,-182.990,-109.980,-46.970,0.7850,1.0960
880,10.0360,10.4861,0.8416,393216,830.47,12.81,1955198,-182.990,-109.980,-46.970,0.7850,1.0960
881,10.0472,10.7586,0.9881,393216,830.47,12.81,1955198,-182.990,-109.980,-46.970,0.7850,1.0960
882,10.0576,11.2283,1.0593,393216,830.47,12.81,1955198,-182.990,-109.980,-46.970,0.7850,1.0960
883,10.0680,10.3924,0.9265,393216,830.47,12.81,1955198,-182.990,-109.980,-46.970,0.7850,1.0960
884,10.0790,10.3960,1.0882,393216,830.47,12.81,1955198,-182.990,-109.980,-46.970,0.7850,1.0960
885,10.0897,11.0814,0.9980,393216,830.47,12.81,1955198,-182.990,-109.980,-46.970,0.7850,1.0960
886,10.1001,10.6719,0.9086,393216,830.47,12.81,1955198,-182.990,-109.980,-46.970,0.7850,1.0960
887,10.1110,10.3709,0.9777,393216,830.47,12.81,1955198,-182.990,-109.980,-46.970,0.7850,1.0960
888,10.1220,10.8928,1.0626,393216,830.47,12.81,1955198,-182.990,-109.980,-46.970,0.7850,1.0960
889,10.1324,10.9937,0.9377,393216,830.47,12.81,1955198,-182.990,-109.980,-46.970,0.7850,1.0960
890,10.1434,10.3811,0.9730,393216,830.47,12.81,1955198,-182.990,-109.980,-46.970,0.7850,1.0960
891,10.1545,10.9933,1.3253,393216,830.47,12.81,1955198,-182.990,-109.980,-46.970,0.7850,1.0960
892,10.1647,11.1886,0.9802,393216,830.47,12.81,1955198,-182.990,-109.980,-46.970,0.7850,1.0960
893,10.1754,10.1287,0.8702,393216,830.47,12.81,1955198,-182.990,-109.980,-46.970,0.7850,1.0960
894,10.1865,10.7461,0.9847,393216,830.47,12.81,1955198,-182.990,-109.980,-46.970,0.7850,1.0960
895,10.1970,11.0620,0.9953,393216,830.47,12.81,1955198,-182.990,-109.980,-46.970,0.7850,1.0960
896,10.2078,10.5174,0.9481,393216,830.47,12.81,1955198,-182.990,-109.980,-46.970,0.7850,1.0960
897,10.2187,10.7709,0.9310,393216,830.47,12.81,1955198,-182.990,-109.980,-46.970,0.7850,1.0960
898,10.2291,10.9287,1.0979,393216,830.47,12.81,1955198,-182.990,-109.980,-46.970,0.7850,1.0960
899,10.2394,10.4172,0.8733,393216,830.47,12.81,1955198,-182.990,-109.980,-46.970,0.7850,1.0960
900,10.2503,10.2384,0.9444,393216,830.47,12.81,1955198,-182.990,-109.980,-46.970,0.7850,1.0960
901,10.2612,10.9168,0.9784,393216,830.47,12.81,1955198,-182.990,-109.980,-46.970,0.7850,1.0960
902,10.2718,10.9628,1.0653,393216,830.47,12.81,1955198,-182.990,-109.980,-46.970,0.7850,1.0960
903,10.2825,10.5969,0.8735,393216,830.47,12.81,1955198,-182.990,-109.980,-46.970,0.7850,1.0960
904,10.2934,10.6484,0.8947,393216,830.47,12.81,1955198,-182.990,-109.980,-46.970,0.7850,1.0960
905,10.3041,10.9367,1.0437,393216,830.47,12.81,1955198,-182.990,-109.980,-46.970,0.7850,1.0960
906,10.3148,10.6563,0.8522,393216,830.47,12.81,1955198,-182.990,-109.980,-46.970,0.7850,1.0960
907,10.3256,10.6883,0.8585,393216,830.47,12.81,1955198,-182.990,-109.980,-46.970,0.7850,1.0960
908,10.3360,10.8199,0.9322,393216,830.47,12.81,1955198,-182.990,-109.980,-46.970,0.7850,1.0960
909,10.3468,10.4801,0.8179,393216,830.47,12.81,1955198,-182.990,-109.980,-46.970,0.7850,1.0960
910,10.3577,10.6909,0.8665,393216,830.47,12.81,1955198,-182.990,-109.980,-46.970,0.7850,1.0960
911,10.3683,10.9831,0.9330,393216,830.47,12.81,1955198,-182.990,-109.980,-46.970,0.7850,1.0960
912,10.3792,10.5907,1.0808,393216,830.47,12.81,1955198,-182.990,-109.980,-46.970,0.7850,1.0960
913,10.3901,10.9103,0.9007,393216,830.47,12.81,1955198,-182.990,-109.980,-46.970,0.7850,1.0960
914,10.4005,10.8718,0.9622,393216,830.47,12.81,1955198,-182.990,-109.980,-46.970,0.7850,1.0960
915,10.4109,10.4316,0.8755,393216,830.47,12.81,1955198,-182.990,-109.980,-46.970,0.7850,1.0960
916,10.4217,10.3829,0.8656,393216,830.47,12.81,1955198,-182.990,-109.980,-46.970,0.7850,1.0960
917,10.4326,10.7578,0.9225,393216,830.47,12.81,1955198,-182.990,-109.980,-46.970,0.7850,1.0960
918,10.4431,10.9339,0.8429,393216,830.47,12.81,1955198,-182.990,-109.980,-46.970,0.7850,1.0960
919,10.4543,10.5171,1.0615,393216,830.47,12.81,1955198,-182.990,-109.980,-46.970,0.7850,1.0960
920,10.4647,11.1298,0.8403,393216,830.47,12.81,1955198,-182.990,-109.980,-46.970,0.7850,1.0960
921,10.4752,10.4513,0.8044,393216,830.47,12.81,1955198,-182.990,-109.980,-46.970,0.7850,1.0960
922,10.4863,10.4576,0.9518,393216,830.47,12.81,1955198,-182.990,-109.980,-46.970,0.7850,1.0960
923,10.4971,11.1450,0.8512,393216,830.47,12.81,1955198,-182.990,-109.980,-46.970,0.7850,1.0960
924,10.5076,10.7354,0.9038,393216,830.47,12.81,1955198,-182.990,-109.980,-46.970,0.7850,1.0960
925,10.5185,10.5606,0.8485,393216,830.47,12.81,1955198,-182.990,-109.980,-46.970,0.7850,1.0960
926,10.5295,10.8911,0.9178,393216,830.47,12.81,1955198,-182.990,-109.980,-46.970,0.7850,1.0960
927,10.5398,10.9729,0.7881,393216,830.47,12.81,1955198,-182.990,-109.980,-46.970,0.7850,1.0960
928,10.5507,10.3661,0.8630,393216,830.47,12.81,1955198,-182.990,-109.980,-46.970,0.7850,1.0960
929,10.5620,10.8751,1.0654,393216,830.47,12.81,1955198,-182.990,-109.980,-46.970,0.7850,1.0960
930,10.5722,11.2592,0.9709,393216,830.47,12.81,1955198,-182.990,-109.980,-46.970,0.7850,1.0960
931,10.5826,10.2321,0.8524,393216,830.47,12.81,1955198,-182.990,-109.980,-46.970,0.7850,1.0960
932,10.5935,10.3533,0.9295,393216,830.47,12.81,1955198,-182.990,-109.980,-46.970,0.7850,1.0960
933,10.6044,10.9626,0.9080,393216,830.47,12.81,1955198,-182.990,-109.980,-46.970,0.7850,1.0960
934,10.6150,10.8887,0.9641,393216,830.47,12.81,1955198,-182.990,-109.980,-46.970,0.7850,1.0960
935,10.6259,10.5842,0.9229,393216,830.47,12.81,1955198,-182.990,-109.980,-46.970,0.7850,1.0960
936,10.6371,10.8822,1.2429,393216,830.47,12.81,1955198,-182.990,-109.980,-46.970,0.7850,1.0960
937,10.6471,11.2311,0.8802,393216,830.47,12.81,1955198,-182.990,-109.980,-46.970,0.7850,1.0960
938,10.6580,10.0238,0.9118,393216,830.47,12.81,1955198,-182.990,-109.980,-46.970,0.7850,1.0960
939,10.6687,10.8518,0.8379,393216,830.47,12.81,1955198,-182.990,-109.980,-46.970,0.7850,1.0960
940,10.6795,10.7333,1.1947,393216,830.47,12.81,1955198,-182.990,-109.980,-46.970,0.7850,1.0960
941,10.6900,10.7601,0.8779,393216,830.47,12.81,1955198,-182.990,-109.980,-46.970,0.7850,1.0960
942,10.7011,10.5439,0.9257,393216,830.47,12.81,1955198,-182.990,-109.980,-46.970,0.7850,1.0960
943,10.7124,11.0304,1.5724,393216,830.47,12.81,1955198,-182.990,-109.980,-46.970,0.7850,1.0960
944,10.7223,11.3882,0.8207,393216,830.47,12.81,1955198,-182.990,-109.980,-46.970,0.7850,1.0960
945,10.7332,9.8182,0.8294,393216,830.47,12.81,1955198,-182.990,-109.980,-46.970,0.7850,1.0960
946,10.7438,10.9308,0.9647,393216,830.47,12.81,1955198,-182.990,-109.980,-46.970,0.7850,1.0960
947,10.7542,10.5612,0.9612,393216,830.47,12.81,1955198,-182.990,-109.980,-46.970,0.7850,1.0960
948,10.7652,10.4630,0.9064,393216,830.47,12.81,1955198,-182.990,-109.980,-46.970,0.7850,1.0960
949,10.7761,10.9669,0.8909,393216,830.47,12.81,1955198,-182.990,-109.980,-46.970,0.7850,1.0960
950,10.7869,10.9056,1.1874,393216,830.47,12.81,1955198,-182.990,-109.980,-46.970,0.7850,1.0960
951,10.7974,10.8157,0.8378,393216,830.47,12.81,1955198,-182.990,-109.980,-46.970,0.7850,1.0960
952,10.8083,10.4614,0.8945,393216,830.47,12.81,1955198,-182.990,-109.980,-46.970,0.7850,1.0960
953,10.8191,10.9511,1.0171,393216,830.47,12.81,1955198,-182.990,-109.980,-46.970,0.7850,1.0960
954,10.8297,10.7760,0.9351,393216,830.47,12.81,1955198,-182.990,-109.980,-46.970,0.7850,1.0960
955,10.8406,10.5783,0.8312,393216,830.47,12.81,1955198,-182.990,-109.980,-46.970,0.7850,1.0960
956,10.8517,10.8799,1.0625,393216,830.47,12.81,1955198,-182.990,-109.980,-46.970,0.7850,1.0960
957,10.8623,11.1807,1.0648,393216,830.47,12.81,1955198,-182.990,-109.980,-46.970,0.7850,1.0960
958,10.8731,10.5477,0.8909,393216,830.47,12.81,1955198,-182.990,-109.980,-46.970,0.7850,1.0960
959,10.8840,10.8163,0.8704,393216,830.47,12.81,1955198,-182.990,-109.980,-46.970,0.7850,1.0960
960,10.8945,10.8543,0.9515,393216,830.47,12.81,1955198,-182.990,-109.980,-46.970,0.7850,1.0960
961,10.9052,10.5437,0.8227,393216,830.47,12.81,1955198,-182.990,-109.980,-46.970,0.7850,1.0960
962,10.9157,10.7428,0.8631,393216,830.47,12.81,1955198,-182.990,-109.980,-46.970,0.7850,1.0960
963,10.9261,10.4083,0.8685,393216,830.47,12.81,1955198,-182.990,-109.980,-46.970,0.7850,1.0960
964,10.9372,10.4713,1.0695,393216,830.47,12.81,1955198,-182.990,-109.980,-46.970,0.7850,1.0960
965,10.9478,11.0905,0.8281,393216,830.47,12.81,1955198,-182.990,-109.980,-46.970,0.7850,1.0960
966,10.9585,10.6316,0.9453,393216,830.47,12.81,1955198,-182.990,-109.980,-46.970,0.7850,1.0960
967,10.9694,10.6604,0.8539,393216,830.47,12.81,1955198,-182.990,-109.980,-46.970,0.7850,1.0960
968,10.9803,10.8794,0.8726,393216,830.47,12.81,1955198,-182.990,-109.980,-46.970,0.7850,1.0960
969,10.9912,10.9130,1.1737,393216,830.47,12.81,1955198,-182.990,-109.980,-46.970,0.7850,1.0960
970,11.0018,10.8726,0.8746,393216,830.47,12.81,1955198,-182.990,-109.980,-46.970,0.7850,1.0960
971,11.0128,10.6479,0.9396,393216,830.47,12.81,1955198,-182.990,-109.980,-46.970,0.7850,1.0960
972,11.0237,11.0270,0.8840,393216,830.47,12.81,1955198,-182.990,-109.980,-46.970,0.7850,1.0960
973,11.0342,10.8819,0.8560,393216,830.47,12.81,1955198,-182.990,-109.980,-46.970,0.7850,1.0960
974,11.0455,10.4713,1.1763,393216,830.47,12.81,1955198,-182.990,-109.980,-46.970,0.7850,1.0960
975,11.0560,11.3359,0.8803,393216,830.47,12.81,1955198,-182.990,-109.980,-46.970,0.7850,1.0960
976,11.0665,10.4944,0.8691,393216,830.47,12.81,1955198,-182.990,-109.980,-46.970,0.7850,1.0960
977,11.0774,10.5132,0.8356,393216,830.47,12.81,1955198,-182.990,-109.980,-46.970,0.7850,1.0960
978,11.0880,10.8783,0.9950,393216,830.47,12.81,1955198,-182.990,-109.980,-46.970,0.7850,1.0960
979,11.0982,10.5343,0.7961,393216,830.47,12.81,1955198,-182.990,-109.980,-46.970,0.7850,1.0960
980,11.1091,10.2089,0.8768,393216,830.47,12.81,1955198,-182.990,-109.980,-46.970,0.7850,1.0960
981,11.1204,10.9063,1.2497,393216,830.47,12.81,1955198,-182.990,-109.980,-46.970,0.7850,1.0960
982,11.1307,11.3808,1.0474,393216,830.47,12.81,1955198,-182.990,-109.980,-46.970,0.7850,1.0960
983,11.1412,10.2517,0.8298,393216,830.47,12.81,1955198,-182.990,-109.980,-46.970,0.7850,1.0960
984,11.1522,10.5303,0.8770,393216,830.47,12.81,1955198,-182.990,-109.980,-46.970,0.7850,1.0960
985,11.1633,10.9762,1.0064,393216,830.47,12.81,1955198,-182.990,-109.980,-46.970,0.7850,1.0960
986,11.1736,11.0790,0.8250,393216,830.47,12.81,1955198,-182.990,-109.980,-46.970,0.7850,1.0960
987,11.1844,10.3123,0.8547,393216,830.47,12.81,1955198,-182.990,-109.980,-46.970,0.7850,1.0960
988,11.1957,10.7823,1.2373,393216,830.47,12.81,1955198,-182.990,-109.980,-46.970,0.7850,1.0960
989,11.2058,11.3445,0.8238,393216,830.47,12.81,1955198,-182.990,-109.980,-46.970,0.7850,1.0960
990,11.2169,10.1207,0.8867,393216,830.47,12.81,1955198,-182.990,-109.980,-46.970,0.7850,1.0960
991,11.2277,11.0214,0.8233,393216,830.47,12.81,1955198,-182.990,-109.980,-46.970,0.7850,1.0960
992,11.2382,10.8191,0.8332,393216,830.47,12.81,1955198,-182.990,-109.980,-46.970,0.7850,1.0960
993,11.2491,10.4636,0.9106,393216,830.47,12.81,1955198,-182.990,-109.980,-46.970,0.7850,1.0960
994,11.2596,10.9927,0.8658,393216,830.47,12.81,1955198,-182.990,-109.980,-46.970,0.7850,1.0960
995,11.2704,10.4269,1.2475,393216,830.47,12.81,1955198,-182.990,-109.980,-46.970,0.7850,1.0960
996,11.2809,10.8432,0.8447,393216,830.47,12.81,1955198,-182.990,-109.980,-46.970,0.7850,1.0960
997,11.2919,10.4461,0.9324,393216,830.47,12.81,1955198,-182.990,-109.980,-46.970,0.7850,1.0960
998,11.3023,11.0566,0.8112,393216,830.47,12.81,1955198,-182.990,-109.980,-46.970,0.7850,1.0960
999,11.3134,10.3510,1.0350,393216,830.47,12.81,1955198,-182.990,-109.980,-46.970,0.7850,1.0960
1000,11.3243,11.1332,0.8977,393216,830.47,12.81,1955198,-182.990,-109.980,-46.970,0.7850,1.0960
1001,11.3352,10.8740,0.9365,393216,830.47,12.81,1955198,-182.990,-109.980,-46.970,0.7850,1.0960
1002,11.3456,10.9462,0.8139,393216,830.47,12.81,1955198,-182.990,-109.980,-46.970,0.7850,1.0960
1003,11.3567,10.4067,0.9326,393216,830.47,12.81,1955198,-182.990,-109.980,-46.970,0.7850,1.0960
1004,11.3677,11.0271,1.0523,393216,830.47,12.81,1955198,-182.990,-109.980,-46.970,0.7850,1.0960
1005,11.3780,11.0305,0.8894,393216,830.47,12.81,1955198,-182.990,-109.980,-46.970,0.7850,1.0960
1006,11.3890,10.3284,1.0062,393216,830.47,12.81,1955198,-182.990,-109.980,-46.970,0.7850,1.0960
1007,11.3998,11.0298,0.8966,393216,830.47,12.81,1955198,-182.990,-109.980,-46.970,0.7850,1.0960
1008,11.4102,10.8000,0.9233,393216,830.47,12.81,1955198,-182.990,-109.980,-46.970,0.7850,1.0960
1009,11.4215,10.3886,1.2727,393216,830.47,12.81,1955198,-182.990,-109.980,-46.970,0.7850,1.0960
1010,11.4315,11.2493,0.8867,393216,830.47,12.81,1955198,-182.990,-109.980,-46.970,0.7850,1.0960
1011,11.4420,10.0347,0.9942,393216,830.47,12.81,1955198,-182.990,-109.980,-46.970,0.7850,1.0960
1012,11.4528,10.4429,0.9941,393216,830.47,12.81,1955198,-182.990,-109.980,-46.970,0.7850,1.0960
1013,11.4639,10.8607,1.0352,393216,830.47,12.81,1955198,-182.990,-109.980,-46.970,0.7850,1.0960
1014,11.4749,11.0912,1.0500,393216,830.47,12.81,1955198,-182.990,-109.980,-46.970,0.7850,1.0960
1015,11.4852,10.9722,0.8679,393216,830.47,12.81,1955198,-182.990,-109.980,-46.970,0.7850,1.0960
1016,11.4966,10.2974,1.3032,393216,830.47,12.81,1955198,-182.990,-109.980,-46.970,0.7850,1.0960
1017,11.5071,11.4663,0.9108,393216,830.47,12.81,1955198,-182.990,-109.980,-46.970,0.7850,1.0960
1018,11.5176,10.4280,0.9013,393216,830.47,12.81,1955198,-182.990,-109.980,-46.970,0.7850,1.0960
1019,11.5283,10.5388,0.8359,393216,830.47,12.81,1955198,-182.990,-109.980,-46.970,0.7850,1.0960
1020,11.5393,10.7009,0.8765,393216,830.47,12.81,1955198,-182.990,-109.980,-46.970,0.7850,1.0960
1021,11.5497,10.9596,0.8114,393216,830.47,12.81,1955198,-182.990,-109.980,-46.970,0.7850,1.0960
1022,11.5607,10.4727,0.8981,393216,830.47,12.81,1955198,-182.990,-109.980,-46.970,0.7850,1.0960
1023,11.5718,10.9331,1.0423,393216,830.47,12.81,1955198,-182.990,-109.980,-46.970,0.7850,1.0960
1024,11.5822,11.1385,0.9138,393216,830.47,12.81,1955198,-182.990,-109.980,-46.970,0.7850,1.0960
1025,11.5931,10.3773,0.9164,393216,830.47,12.81,1955198,-182.990,-109.980,-46.970,0.7850,1.0960
1026,11.6036,10.8860,0.8744,393216,830.47,12.81,1955198,-182.990,-109.980,-46.970,0.7850,1.0960
1027,11.6144,10.5059,0.9490,393216,830.47,12.81,1955198,-182.990,-109.980,-46.970,0.7850,1.0960
1028,11.6250,10.8593,0.9153,393216,830.47,12.81,1955198,-182.990,-109.980,-46.970,0.7850,1.0960
1029,11.6358,10.5624,0.7845,393216,830.47,12.81,1955198,-182.990,-109.980,-46.970,0.7850,1.0960
1030,11.6471,10.7817,1.0259,393216,830.47,12.81,1955198,-182.990,-109.980,-46.970,0.7850,1.0960
1031,11.6574,11.2687,0.8739,393216,830.47,12.81,1955198,-182.990,-109.980,-46.970,0.7850,1.0960
1032,11.6684,10.3300,0.9385,393216,830.47,12.81,1955198,-182.990,-109.980,-46.970,0.7850,1.0960
1033,11.6793,10.9818,1.0048,393216,830.47,12.81,1955198,-182.990,-109.980,-46.970,0.7850,1.0960
1034,11.6897,10.9773,0.8859,393216,830.47,12.81,1955198,-182.990,-109.980,-46.970,0.7850,1.0960
1035,11.7005,10.3362,0.8348,393216,830.47,12.81,1955198,-182.990,-109.980,-46.970,0.7850,1.0960
1036,11.7115,10.8196,0.8824,393216,830.47,12.81,1955198,-182.990,-109.980,-46.970,0.7850,1.0960
1037,11.7224,11.0404,1.1932,393216,830.47,12.81,1955198,-182.990,-109.980,-46.970,0.7850,1.0960
1038,11.7329,10.8933,0.8473,393216,830.47,12.81,1955198,-182.990,-109.980,-46.970,0.7850,1.0960
1039,11.7438,10.4458,0.8262,393216,830.47,12.81,1955198,-182.990,-109.980,-46.970,0.7850,1.0960
1040,11.7552,10.8891,1.2394,393216,830.47,12.81,1955198,-182.990,-109.980,-46.970,0.7850,1.0960
1041,11.7655,11.4189,0.8221,393216,830.47,12.81,1955198,-182.990,-109.980,-46.970,0.7850,1.0960
1042,11.7759,10.2759,0.8751,393216,830.47,12.81,1955198,-182.990,-109.980,-46.970,0.7850,1.0960
1043,11.7869,10.4862,0.8937,393216,830.47,12.81,1955198,-182.990,-109.980,-46.970,0.7850,1.0960
1044,11.7976,10.9885,1.0012,393216,830.47,12.81,1955198,-182.990,-109.980,-46.970,0.7850,1.0960
1045,11.8087,10.6996,0.8170,393216,830.47,12.81,1955198,-182.990,-109.980,-46.970,0.7850,1.0960
1046,11.8201,11.0666,0.9159,393216,830.47,12.81,1955198,-182.990,-109.980,-46.970,0.7850,1.0960
1047,11.8315,11.4054,1.0036,393216,830.47,12.81,1955198,-182.990,-109.980,-46.970,0.7850,1.0960
1048,11.8424,11.3665,1.0131,393216,830.47,12.81,1955198,-182.990,-109.980,-46.970,0.7850,1.0960
1049,11.8536,10.8917,0.8660,393216,830.47,12.81,1955198,-182.990,-109.980,-46.970,0.7850,1.0960
1050,11.8650,11.2472,0.8504,393216,830.47,12.81,1955198,-182.990,-109.980,-46.970,0.7850,1.0960
1051,11.8758,11.3898,0.7796,393216,830.47,12.81,1955198,-182.990,-109.980,-46.970,0.7850,1.0960
1052,11.8873,10.8142,0.9036,393216,830.47,12.81,1955198,-182.990,-109.980,-46.970,0.7850,1.0960
1053,11.8986,11.4294,0.8720,393216,830.47,12.81,1955198,-182.990,-109.980,-46.970,0.7850,1.0960
1054,11.9101,11.3189,0.9810,393216,830.47,12.81,1955198,-182.990,-109.980,-46.970,0.7850,1.0960
1055,11.9204,11.5154,0.8349,393216,830.47,12.81,1955198,-182.990,-109.980,-46.970,0.7850,1.0960
1056,11.9315,10.3562,0.8921,393216,830.47,12.81,1955198,-182.990,-109.980,-46.970,0.7850,1.0960
1057,11.9426,11.0694,0.8205,393216,830.47,12.81,1955198,-182.990,-109.980,-46.970,0.7850,1.0960
1058,11.9529,11.0668,1.0640,393216,830.47,12.81,1955198,-182.990,-109.980,-46.970,0.7850,1.0960
1059,11.9637,10.2990,1.1149,393216,830.47,12.81,1955198,-182.990,-109.980,-46.970,0.7850,1.0960
1060,11.9746,10.8209,0.8974,393216,830.47,12.81,1955198,-182.990,-109.980,-46.970,0.7850,1.0960
1061,11.9857,10.8684,1.0804,393216,830.47,12.81,1955198,-182.990,-109.980,-46.970,0.7850,1.0960
1062,11.9970,11.1108,1.1375,393216,830.47,12.81,1955198,-182.990,-109.980,-46.970,0.7850,1.0960
1063,12.0080,11.3375,0.8440,393216,830.47,12.81,1955198,-182.990,-109.980,-46.970,0.7850,1.0960
1064,12.0194,11.0186,0.9041,393216,830.47,12.81,1955198,-182.990,-109.980,-46.970,0.7850,1.0960
1065,12.0304,11.3472,0.9792,393216,830.47,12.81,1955198,-182.990,-109.980,-46.970,0.7850,1.0960
1066,12.0421,11.0339,0.9667,393216,830.47,12.81,1955198,-182.990,-109.980,-46.970,0.7850,1.0960
1067,12.0537,11.6407,0.9134,393216,830.47,12.81,1955198,-182.990,-109.980,-46.970,0.7850,1.0960
1068,12.0653,11.6447,0.9136,393216,830.47,12.81,1955198,-182.990,-109.980,-46.970,0.7850,1.0960
1069,12.0767,11.6441,0.8612,393216,830.47,12.81,1955198,-182.990,-109.980,-46.970,0.7850,1.0960
1070,12.0876,11.3389,0.9129,393216,830.47,12.81,1955198,-182.990,-109.980,-46.970,0.7850,1.0960
1071,12.0985,10.9633,0.8391,393216,830.47,12.81,1955198,-182.990,-109.980,-46.970,0.7850,1.0960
1072,12.1098,10.9018,1.1137,393216,830.47,12.81,1955198,-182.990,-109.980,-46.970,0.7850,1.0960
1073,12.1201,11.2341,0.8502,393216,830.47,12.81,1955198,-182.990,-109.980,-46.970,0.7850,1.0960
1074,12.1308,10.3053,1.1662,393216,830.47,12.81,1955198,-182.990,-109.980,-46.970,0.7850,1.0960
1075,12.1415,10.6703,0.9072,393216,830.47,12.81,1955198,-182.990,-109.980,-46.970,0.7850,1.0960
1076,12.1519,10.7090,0.8701,393216,830.47,12.81,1955198,-182.990,-109.980,-46.970,0.7850,1.0960
1077,12.1633,10.4332,1.2244,393216,830.47,12.81,1955198,-182.990,-109.980,-46.970,0.7850,1.0960
1078,12.1739,11.4393,0.8756,393216,830.47,12.81,1955198,-182.990,-109.980,-46.970,0.7850,1.0960
1079,12.1843,10.5297,0.8392,393216,830.47,12.81,1955198,-182.990,-109.980,-46.970,0.7850,1.0960
1080,12.1953,10.4726,0.8780,393216,830.47,12.81,1955198,-182.990,-109.980,-46.970,0.7850,1.0960
1081,12.2062,10.9903,0.9040,393216,830.47,12.81,1955198,-182.990,-109.980,-46.970,0.7850,1.0960
1082,12.2168,10.9137,0.8465,393216,830.47,12.81,1955198,-182.990,-109.980,-46.970,0.7850,1.0960
1083,12.2276,10.5509,0.8047,393216,830.47,12.81,1955198,-182.990,-109.980,-46.970,0.7850,1.0960
1084,12.2390,10.7672,1.2129,393216,830.47,12.81,1955198,-182.990,-109.980,-46.970,0.7850,1.0960
1085,12.2496,11.4075,0.9423,393216,830.47,12.81,1955198,-182.990,-109.980,-46.970,0.7850,1.0960
1086,12.2601,10.6770,0.8287,393216,830.47,12.81,1955198,-182.990,-109.980,-46.970,0.7850,1.0960
1087,12.2716,10.4979,1.2634,393216,830.47,12.81,1955198,-182.990,-109.980,-46.970,0.7850,1.0960
1088,12.2821,11.4218,0.9758,393216,830.47,12.81,1955198,-182.990,-109.980,-46.970,0.7850,1.0960
1089,12.2923,10.5023,0.8067,393216,830.47,12.81,1955198,-182.990,-109.980,-46.970,0.7850,1.0960
1090,12.3026,10.2574,0.7388,393216,830.47,12.81,1955198,-182.990,-109.980,-46.970,0.7850,1.0960
1091,12.3139,10.3133,0.8800,393216,830.47,12.81,1955198,-182.990,-109.980,-46.970,0.7850,1.0960
1092,12.3241,11.2225,0.7699,393216,830.47,12.81,1955198,-182.990,-109.980,-46.970,0.7850,1.0960
1093,12.3351,10.1975,0.8036,393216,830.47,12.81,1955198,-182.990,-109.980,-46.970,0.7850,1.0960
1094,12.3462,11.0008,0.9370,393216,830.47,12.81,1955198,-182.990,-109.980,-46.970,0.7850,1.0960
1095,12.3563,11.1757,0.6928,393216,830.47,12.81,1955198,-182.990,-109.980,-46.970,0.7850,1.0960
1096,12.3672,10.0726,0.7240,393216,830.47,12.81,1955198,-182.990,-109.980,-46.970,0.7850,1.0960
1097,12.3781,10.8486,0.7176,393216,830.47,12.81,1955198,-182.990,-109.980,-46.970,0.7850,1.0960
1098,12.3889,10.9644,0.8491,393216,830.47,12.81,1955198,-182.990,-109.980,-46.970,0.7850,1.0960
1099,12.3995,10.7722,0.7249,393216,830.47,12.81,1955198,-182.990,-109.980,-46.970,0.7850,1.0960
1100,12.4103,10.5441,0.7148,393216,830.47,12.81,1955198,-182.990,-109.980,-46.970,0.7850,1.0960
1101,12.4214,10.8744,0.8305,393216,830.47,12.81,1955198,-182.990,-109.980,-46.970,0.7850,1.0960
1102,12.4318,11.0808,0.7505,393216,830.47,12.81,1955198,-182.990,-109.980,-46.970,0.7850,1.0960
1103,12.4426,10.3737,0.7094,393216,830.47,12.81,1955198,-182.990,-109.980,-46.970,0.7850,1.0960
1104,12.4536,10.8402,0.7038,393216,830.47,12.81,1955198,-182.990,-109.980,-46.970,0.7850,1.0960
1105,12.4642,10.9665,0.8700,393216,830.47,12.81,1955198,-182.990,-109.980,-46.970,0.7850,1.0960
1106,12.4744,10.6525,0.7221,393216,830.47,12.81,1955198,-182.990,-109.980,-46.970,0.7850,1.0960
1107,12.4852,10.1119,0.7664,393216,830.47,12.81,1955198,-182.990,-109.980,-46.970,0.7850,1.0960
1108,12.4957,10.8562,0.7520,393216,830.47,12.81,1955198,-182.990,-109.980,-46.970,0.7850,1.0960
1109,12.5068,10.4787,0.9016,393216,830.47,12.81,1955198,-182.990,-109.980,-46.970,0.7850,1.0960
1110,12.5174,11.1314,0.7131,393216,830.47,12.81,1955198,-182.990,-109.980,-46.970,0.7850,1.0960
1111,12.5278,10.5463,0.6579,393216,830.47,12.81,1955198,-182.990,-109.980,-46.970,0.7850,1.0960
1112,12.5387,10.4151,0.8137,393216,830.47,12.81,1955198,-182.990,-109.980,-46.970,0.7850,1.0960
1113,12.5496,10.9598,0.7485,393216,830.47,12.81,1955198,-182.990,-109.980,-46.970,0.7850,1.0960
1114,12.5601,10.9041,0.6913,393216,830.47,12.81,1955198,-182.990,-109.980,-46.970,0.7850,1.0960
1115,12.5710,10.4885,0.7722,393216,830.47,12.81,1955198,-182.990,-109.980,-46.970,0.7850,1.0960
1116,12.5819,10.8693,0.7543,393216,830.47,12.81,1955198,-182.990,-109.980,-46.970,0.7850,1.0960
1117,12.5928,10.9397,0.7182,393216,830.47,12.81,1955198,-182.990,-109.980,-46.970,0.7850,1.0960
1118,12.6034,10.8715,0.7749,393216,830.47,12.81,1955198,-182.990,-109.980,-46.970,0.7850,1.0960
1119,12.6145,10.6301,0.9165,393216,830.47,12.81,1955198,-182.990,-109.980,-46.970,0.7850,1.0960
1120,12.6252,11.0349,0.7098,393216,830.47,12.81,1955198,-182.990,-109.980,-46.970,0.7850,1.0960
1121,12.6357,10.6922,0.7275,393216,830.47,12.81,1955198,-182.990,-109.980,-46.970,0.7850,1.0960
1122,12.6458,10.4842,0.7955,393216,830.47,12.81,1955198,-182.990,-109.980,-46.970,0.7850,1.0960
1123,12.6567,10.1926,0.8532,393216,830.47,12.81,1955198,-182.990,-109.980,-46.970,0.7850,1.0960
1124,12.6670,10.8621,0.7109,393216,830.47,12.81,1955198,-182.990,-109.980,-46.970,0.7850,1.0960
1125,12.6779,10.3185,0.7082,393216,830.47,12.81,1955198,-182.990,-109.980,-46.970,0.7850,1.0960
1126,12.6893,10.9085,1.0590,393216,830.47,12.81,1955198,-182.990,-109.980,-46.970,0.7850,1.0960
1127,12.6994,11.3784,0.7246,393216,830.47,12.81,1955198,-182.990,-109.980,-46.970,0.7850,1.0960
1128,12.7103,10.0942,0.7823,393216,830.47,12.81,1955198,-182.990,-109.980,-46.970,0.7850,1.0960
1129,12.7214,10.8639,0.8427,393216,830.47,12.81,1955198,-182.990,-109.980,-46.970,0.7850,1.0960
1130,12.7319,11.1750,0.8607,393216,830.47,12.81,1955198,-182.990,-109.980,-46.970,0.7850,1.0960
1131,12.7425,10.4829,0.6910,393216,830.47,12.81,1955198,-182.990,-109.980,-46.970,0.7850,1.0960
1132,12.7535,10.6159,0.7730,393216,830.47,12.81,1955198,-182.990,-109.980,-46.970,0.7850,1.0960
1133,12.7647,10.9489,1.0784,393216,830.47,12.81,1955198,-182.990,-109.980,-46.970,0.7850,1.0960
1134,12.7748,11.1957,0.7021,393216,830.47,12.81,1955198,-182.990,-109.980,-46.970,0.7850,1.0960
1135,12.7856,10.0944,0.7467,393216,830.47,12.81,1955198,-182.990,-109.980,-46.970,0.7850,1.0960
1136,12.7970,10.8603,0.7984,393216,830.47,12.81,1955198,-182.990,-109.980,-46.970,0.7850,1.0960
1137,12.8072,11.3941,0.8631,393216,830.47,12.81,1955198,-182.990,-109.980,-46.970,0.7850,1.0960
1138,12.8174,10.1570,0.7687,393216,830.47,12.81,1955198,-182.990,-109.980,-46.970,0.7850,1.0960
1139,12.8282,10.1648,0.7204,393216,830.47,12.81,1955198,-182.990,-109.980,-46.970,0.7850,1.0960
1140,12.8390,10.7987,1.0957,393216,830.47,12.81,1955198,-182.990,-109.980,-46.970,0.7850,1.0960
1141,12.8497,10.8824,0.7834,393216,830.47,12.81,1955198,-182.990,-109.980,-46.970,0.7850,1.0960
1142,12.8606,10.6115,0.8647,393216,830.47,12.81,1955198,-182.990,-109.980,-46.970,0.7850,1.0960
1143,12.8711,10.9920,0.8179,393216,830.47,12.81,1955198,-182.990,-109.980,-46.970,0.7850,1.0960
1144,12.8819,10.4528,0.8227,393216,830.47,12.81,1955198,-182.990,-109.980,-46.970,0.7850,1.0960
1145,12.8929,10.7582,0.8608,393216,830.47,12.81,1955198,-182.990,-109.980,-46.970,0.7850,1.0960
1146,12.9037,11.0780,1.0399,393216,830.47,12.81,1955198,-182.990,-109.980,-46.970,0.7850,1.0960
1147,12.9146,10.7449,0.9504,393216,830.47,12.81,1955198,-182.990,-109.980,-46.970,0.7850,1.0960
1148,12.9256,10.9561,0.8904,393216,830.47,12.81,1955198,-182.990,-109.980,-46.970,0.7850,1.0960
1149,12.9365,10.9272,0.8798,393216,830.47,12.81,1955198,-182.990,-109.980,-46.970,0.7850,1.0960
1150,12.9472,11.0075,1.0190,393216,830.47,12.81,1955198,-182.990,-109.980,-46.970,0.7850,1.0960
1151,12.9580,10.6374,0.8198,393216,830.47,12.81,1955198,-182.990,-109.980,-46.970,0.7850,1.0960
1152,12.9690,10.8236,0.8191,393216,830.47,12.81,1955198,-182.990,-109.980,-46.970,0.7850,1.0960
1153,12.9796,10.9775,0.8606,393216,830.47,12.81,1955198,-182.990,-109.980,-46.970,0.7850,1.0960
1154,12.9900,10.6100,1.0098,393216,830.47,12.81,1955198,-182.990,-109.980,-46.970,0.7850,1.0960
1155,13.0006,10.4338,0.7660,393216,830.47,12.81,1955198,-182.990,-109.980,-46.970,0.7850,1.0960
1156,13.0111,10.5894,0.7799,393216,830.47,12.81,1955198,-182.990,-109.980,-46.970,0.7850,1.0960
1157,13.0224,10.4977,1.0426,393216,830.47,12.81,1955198,-182.990,-109.980,-46.970,0.7850,1.0960
1158,13.0332,11.2474,0.8164,393216,830.47,12.81,1955198,-182.990,-109.980,-46.970,0.7850,1.0960
1159,13.0439,10.8409,1.0066,393216,830.47,12.81,1955198,-182.990,-109.980,-46.970,0.7850,1.0960
1160,13.0545,10.6800,0.8252,393216,830.47,12.81,1955198,-182.990,-109.980,-46.970,0.7850,1.0960
1161,13.0656,10.5696,0.8550,393216,830.47,12.81,1955198,-182.990,-109.980,-46.970,0.7850,1.0960
1162,13.0765,11.0804,0.8830,393216,830.47,12.81,1955198,-182.990,-109.980,-46.970,0.7850,1.0960
1163,13.0871,10.9710,0.8705,393216,830.47,12.81,1955198,-182.990,-109.980,-46.970,0.7850,1.0960
1164,13.0984,10.5471,0.9667,393216,830.47,12.81,1955198,-182.990,-109.980,-46.970,0.7850,1.0960
1165,13.1092,11.2827,0.9064,393216,830.47,12.81,1955198,-182.990,-109.980,-46.970,0.7850,1.0960
1166,13.1198,10.8915,0.9059,393216,830.47,12.81,1955198,-182.990,-109.980,-46.970,0.7850,1.0960
1167,13.1308,10.5922,1.0426,393216,830.47,12.81,1955198,-182.990,-109.980,-46.970,0.7850,1.0960
1168,13.1415,10.9735,0.8736,393216,830.47,12.81,1955198,-182.990,-109.980,-46.970,0.7850,1.0960
1169,13.1521,10.6936,0.8689,393216,830.47,12.81,1955198,-182.990,-109.980,-46.970,0.7850,1.0960
1170,13.1623,10.5900,0.8601,393216,830.47,12.81,1955198,-182.990,-109.980,-46.970,0.7850,1.0960
1171,13.1734,10.2084,0.9759,393216,830.47,12.81,1955198,-182.990,-109.980,-46.970,0.7850,1.0960
1172,13.1837,11.0636,0.7962,393216,830.47,12.81,1955198,-182.990,-109.980,-46.970,0.7850,1.0960
1173,13.1946,10.3456,0.8952,393216,830.47,12.81,1955198,-182.990,-109.980,-46.970,0.7850,1.0960
1174,13.2058,10.8545,1.0660,393216,830.47,12.81,1955198,-182.990,-109.980,-46.970,0.7850,1.0960
1175,13.2166,11.2854,0.9295,393216,830.47,12.81,1955198,-182.990,-109.980,-46.970,0.7850,1.0960
1176,13.2270,10.7017,0.7674,393216,830.47,12.81,1955198,-182.990,-109.980,-46.970,0.7850,1.0960
1177,13.2382,10.4569,0.7705,393216,830.47,12.81,1955198,-182.990,-109.980,-46.970,0.7850,1.0960
1178,13.2490,11.1864,0.8193,393216,830.47,12.81,1955198,-182.990,-109.980,-46.970,0.7850,1.0960
1179,13.2594,10.8015,0.7445,393216,830.47,12.81,1955198,-182.990,-109.980,-46.970,0.7850,1.0960
1180,13.2705,10.4476,0.7828,393216,830.47,12.81,1955198,-182.990,-109.980,-46.970,0.7850,1.0960
1181,13.2816,11.0311,0.9302,393216,830.47,12.81,1955198,-182.990,-109.980,-46.970,0.7850,1.0960
1182,13.2919,11.1203,0.7110,393216,830.47,12.81,1955198,-182.990,-109.980,-46.970,0.7850,1.0960
1183,13.3029,10.3067,0.8589,393216,830.47,12.81,1955198,-182.990,-109.980,-46.970,0.7850,1.0960
1184,13.3141,10.9963,1.0329,393216,830.47,12.81,1955198,-182.990,-109.980,-46.970,0.7850,1.0960
1185,13.3248,11.2212,0.8026,393216,830.47,12.81,1955198,-182.990,-109.980,-46.970,0.7850,1.0960
1186,13.3348,10.7515,0.7794,393216,830.47,12.81,1955198,-182.990,-109.980,-46.970,0.7850,1.0960
1187,13.3458,9.9005,0.7977,393216,830.47,12.81,1955198,-182.990,-109.980,-46.970,0.7850,1.0960
1188,13.3567,10.9903,0.9362,393216,830.47,12.81,1955198,-182.990,-109.980,-46.970,0.7850,1.0960
1189,13.3670,10.9912,0.7305,393216,830.47,12.81,1955198,-182.990,-109.980,-46.970,0.7850,1.0960
1190,13.3782,10.2459,0.8095,393216,830.47,12.81,1955198,-182.990,-109.980,-46.970,0.7850,1.0960
1191,13.3893,11.2149,1.1394,393216,830.47,12.81,1955198,-182.990,-109.980,-46.970,0.7850,1.0960
1192,13.3995,11.1215,0.7895,393216,830.47,12.81,1955198,-182.990,-109.980,-46.970,0.7850,1.0960
1193,13.4105,10.1521,0.8149,393216,830.47,12.81,1955198,-182.990,-109.980,-46.970,0.7850,1.0960
1194,13.4216,10.9785,0.9570,393216,830.47,12.81,1955198,-182.990,-109.980,-46.970,0.7850,1.0960
1195,13.4320,11.2416,0.8866,393216,830.47,12.81,1955198,-182.990,-109.980,-46.970,0.7850,1.0960
1196,13.4428,10.2490,0.8458,393216,830.47,12.81,1955198,-182.990,-109.980,-46.970,0.7850,1.0960
1197,13.4537,10.8427,0.8606,393216,830.47,12.81,1955198,-182.990,-109.980,-46.970,0.7850,1.0960
1198,13.4643,10.9039,0.9851,393216,830.47,12.81,1955198,-182.990,-109.980,-46.970,0.7850,1.0960
1199,13.4749,10.6392,0.8029,393216,830.47,12.81,1955198,-182.990,-109.980,-46.970,0.7850,1.0960
1200,13.4857,10.5079,0.8704,393216,830.47,12.81,1955198,-182.990,-109.980,-46.970,0.7850,1.0960
1201,13.4968,10.8916,0.9611,393216,830.47,12.81,1955198,-182.990,-109.980,-46.970,0.7850,1.0960
1202,13.5068,11.0215,0.9957,393216,830.47,12.81,1955198,-182.990,-109.980,-46.970,0.7850,1.0960
1203,13.5178,10.0162,1.0116,393216,830.47,12.81,1955198,-182.990,-109.980,-46.970,0.7850,1.0960
1204,13.5286,11.0011,1.0544,393216,830.47,12.81,1955198,-182.990,-109.980,-46.970,0.7850,1.0960
1205,13.5390,10.8230,0.8772,393216,830.47,12.81,1955198,-182.990,-109.980,-46.970,0.7850,1.0960
1206,13.5499,10.4055,0.8703,393216,830.47,12.81,1955198,-182.990,-109.980,-46.970,0.7850,1.0960
1207,13.5609,10.9245,0.8629,393216,830.47,12.81,1955198,-182.990,-109.980,-46.970,0.7850,1.0960
1208,13.5714,10.9374,0.9429,393216,830.47,12.81,1955198,-182.990,-109.980,-46.970,0.7850,1.0960
1209,13.5825,10.5417,1.0817,393216,830.47,12.81,1955198,-182.990,-109.980,-46.970,0.7850,1.0960
1210,13.5932,11.0714,0.8432,393216,830.47,12.81,1955198,-182.990,-109.980,-46.970,0.7850,1.0960
1211,13.6036,10.6960,0.8244,393216,830.47,12.81,1955198,-182.990,-109.980,-46.970,0.7850,1.0960
1212,13.6145,10.3772,0.9079,393216,830.47,12.81,1955198,-182.990,-109.980,-46.970,0.7850,1.0960
1213,13.6257,10.9797,1.1114,393216,830.47,12.81,1955198,-182.990,-109.980,-46.970,0.7850,1.0960
1214,13.6361,11.1728,0.8899,393216,830.47,12.81,1955198,-182.990,-109.980,-46.970,0.7850,1.0960
1215,13.6467,10.4491,0.8593,393216,830.47,12.81,1955198,-182.990,-109.980,-46.970,0.7850,1.0960
1216,13.6576,10.5657,0.8468,393216,830.47,12.81,1955198,-182.990,-109.980,-46.970,0.7850,1.0960
1217,13.6685,10.9481,0.9342,393216,830.47,12.81,1955198,-182.990,-109.980,-46.970,0.7850,1.0960
1218,13.6783,10.8102,0.7905,393216,830.47,12.81,1955198,-182.990,-109.980,-46.970,0.7850,1.0960
1219,13.6891,9.7903,0.7549,393216,830.47,12.81,1955198,-182.990,-109.980,-46.970,0.7850,1.0960
1220,13.7002,10.8000,1.0042,393216,830.47,12.81,1955198,-182.990,-109.980,-46.970,0.7850,1.0960
1221,13.7104,11.1298,0.7359,393216,830.47,12.81,1955198,-182.990,-109.980,-46.970,0.7850,1.0960
1222,13.7215,10.1449,0.9155,393216,830.47,12.81,1955198,-182.990,-109.980,-46.970,0.7850,1.0960
1223,13.7323,11.1543,0.8317,393216,830.47,12.81,1955198,-182.990,-109.980,-46.970,0.7850,1.0960
1224,13.7426,10.7908,0.8334,393216,830.47,12.81,1955198,-182.990,-109.980,-46.970,0.7850,1.0960
1225,13.7535,10.2910,0.8518,393216,830.47,12.81,1955198,-182.990,-109.980,-46.970,0.7850,1.0960
1226,13.7643,10.9070,0.7964,393216,830.47,12.81,1955198,-182.990,-109.980,-46.970,0.7850,1.0960
1227,13.7749,10.7557,1.0032,393216,830.47,12.81,1955198,-182.990,-109.980,-46.970,0.7850,1.0960
1228,13.7856,10.6882,0.8370,393216,830.47,12.81,1955198,-182.990,-109.980,-46.970,0.7850,1.0960
1229,13.7963,10.6266,0.8149,393216,830.47,12.81,1955198,-182.990,-109.980,-46.970,0.7850,1.0960
1230,13.8068,10.7695,0.7718,393216,830.47,12.81,1955198,-182.990,-109.980,-46.970,0.7850,1.0960
1231,13.8178,10.4674,1.1350,393216,830.47,12.81,1955198,-182.990,-109.980,-46.970,0.7850,1.0960
1232,13.8284,11.0472,0.8211,393216,830.47,12.81,1955198,-182.990,-109.980,-46.970,0.7850,1.0960
1233,13.8395,10.5390,1.0109,393216,830.47,12.81,1955198,-182.990,-109.980,-46.970,0.7850,1.0960
1234,13.8492,11.1341,0.7372,393216,830.47,12.81,1955198,-182.990,-109.980,-46.970,0.7850,1.0960
1235,13.8601,9.6371,0.8467,393216,830.47,12.81,1955198,-182.990,-109.980,-46.970,0.7850,1.0960
1236,13.8709,10.9066,0.8310,393216,830.47,12.81,1955198,-182.990,-109.980,-46.970,0.7850,1.0960
1237,13.8813,10.8159,0.7979,393216,830.47,12.81,1955198,-182.990,-109.980,-46.970,0.7850,1.0960
1238,13.8927,10.4571,1.3016,393216,830.47,12.81,1955198,-182.990,-109.980,-46.970,0.7850,1.0960
1239,13.9028,11.4121,0.7821,393216,830.47,12.81,1955198,-182.990,-109.980,-46.970,0.7850,1.0960
1240,13.9134,10.0921,0.7900,393216,830.47,12.81,1955198,-182.990,-109.980,-46.970,0.7850,1.0960
1241,13.9242,10.5330,0.8159,393216,830.47,12.81,1955198,-182.990,-109.980,-46.970,0.7850,1.0960
1242,13.9353,10.8271,0.9228,393216,830.47,12.81,1955198,-182.990,-109.980,-46.970,0.7850,1.0960
1243,13.9457,11.0695,0.8541,393216,830.47,12.81,1955198,-182.990,-109.980,-46.970,0.7850,1.0960
1244,13.9565,10.4652,0.8840,393216,830.47,12.81,1955198,-182.990,-109.980,-46.970,0.7850,1.0960
1245,13.9677,10.7409,1.0536,393216,830.47,12.81,1955198,-182.990,-109.980,-46.970,0.7850,1.0960
1246,13.9783,11.1762,0.8215,393216,830.47,12.81,1955198,-182.990,-109.980,-46.970,0.7850,1.0960
1247,13.9888,10.6675,0.7797,393216,830.47,12.81,1955198,-182.990,-109.980,-46.970,0.7850,1.0960
1248,13.9996,10.4345,0.8054,393216,830.47,12.81,1955198,-182.990,-109.980,-46.970,0.7850,1.0960
1249,14.0104,10.8934,0.8367,393216,830.47,12.81,1955198,-182.990,-109.980,-46.970,0.7850,1.0960
1250,14.0204,10.7742,0.7842,393216,830.47,12.81,1955198,-182.990,-109.980,-46.970,0.7850,1.0960
1251,14.0312,9.9401,0.8617,393216,830.47,12.81,1955198,-182.990,-109.980,-46.970,0.7850,1.0960
1252,14.0425,10.8517,1.2047,393216,830.47,12.81,1955198,-182.990,-109.980,-46.970,0.7850,1.0960
1253,14.0525,11.2538,0.7820,393216,830.47,12.81,1955198,-182.990,-109.980,-46.970,0.7850,1.0960
1254,14.0635,10.0691,0.8228,393216,830.47,12.81,1955198,-182.990,-109.980,-46.970,0.7850,1.0960
1255,14.0743,10.9446,0.7991,393216,830.47,12.81,1955198,-182.990,-109.980,-46.970,0.7850,1.0960
1256,14.0848,10.8098,0.8223,393216,830.47,12.81,1955198,-182.990,-109.980,-46.970,0.7850,1.0960
1257,14.0956,10.4721,0.8121,393216,830.47,12.81,1955198,-182.990,-109.980,-46.970,0.7850,1.0960
1258,14.1066,10.9069,0.8532,393216,830.47,12.81,1955198,-182.990,-109.980,-46.970,0.7850,1.0960
1259,14.1172,10.8997,1.0849,393216,830.47,12.81,1955198,-182.990,-109.980,-46.970,0.7850,1.0960
1260,14.1277,10.5908,0.8225,393216,830.47,12.81,1955198,-182.990,-109.980,-46.970,0.7850,1.0960
1261,14.1386,10.5233,0.8344,393216,830.47,12.81,1955198,-182.990,-109.980,-46.970,0.7850,1.0960
1262,14.1494,10.8754,0.8554,393216,830.47,12.81,1955198,-182.990,-109.980,-46.970,0.7850,1.0960
1263,14.1600,10.8356,0.9203,393216,830.47,12.81,1955198,-182.990,-109.980,-46.970,0.7850,1.0960
1264,14.1708,10.5944,0.8214,393216,830.47,12.81,1955198,-182.990,-109.980,-46.970,0.7850,1.0960
1265,14.1816,10.8037,0.8782,393216,830.47,12.81,1955198,-182.990,-109.980,-46.970,0.7850,1.0960
1266,14.1916,10.8522,0.8111,393216,830.47,12.81,1955198,-182.990,-109.980,-46.970,0.7850,1.0960
1267,14.2024,9.9111,0.8047,393216,830.47,12.81,1955198,-182.990,-109.980,-46.970,0.7850,1.0960
1268,14.2132,10.8077,0.8092,393216,830.47,12.81,1955198,-182.990,-109.980,-46.970,0.7850,1.0960
1269,14.2237,10.8603,0.8747,393216,830.47,12.81,1955198,-182.990,-109.980,-46.970,0.7850,1.0960
1270,14.2348,10.5013,0.9034,393216,830.47,12.81,1955198,-182.990,-109.980,-46.970,0.7850,1.0960
1271,14.2454,11.0782,0.8368,393216,830.47,12.81,1955198,-182.990,-109.980,-46.970,0.7850,1.0960
1272,14.2557,10.5895,0.7466,393216,830.47,12.81,1955198,-182.990,-109.980,-46.970,0.7850,1.0960
1273,14.2667,10.3224,0.7927,393216,830.47,12.81,1955198,-182.990,-109.980,-46.970,0.7850,1.0960
1274,14.2775,10.9746,0.7664,393216,830.47,12.81,1955198,-182.990,-109.980,-46.970,0.7850,1.0960
1275,14.2880,10.8269,0.7373,393216,830.47,12.81,1955198,-182.990,-109.980,-46.970,0.7850,1.0960
1276,14.2988,10.4947,0.8066,393216,830.47,12.81,1955198,-182.990,-109.980,-46.970,0.7850,1.0960
1277,14.3100,10.8330,1.0086,393216,830.47,12.81,1955198,-182.990,-109.980,-46.970,0.7850,1.0960
1278,14.3206,11.1193,0.7918,393216,830.47,12.81,1955198,-182.990,-109.980,-46.970,0.7850,1.0960
1279,14.3312,10.6659,0.8259,393216,830.47,12.81,1955198,-182.990,-109.980,-46.970,0.7850,1.0960
1280,14.3424,10.5702,1.0324,393216,830.47,12.81,1955198,-182.990,-109.980,-46.970,0.7850,1.0960
1281,14.3528,11.1912,0.8419,393216,830.47,12.81,1955198,-182.990,-109.980,-46.970,0.7850,1.0960
1282,14.3627,10.4139,0.8249,393216,830.47,12.81,1955198,-182.990,-109.980,-46.970,0.7850,1.0960
1283,14.3735,9.8806,0.8030,393216,830.47,12.81,1955198,-182.990,-109.980,-46.970,0.7850,1.0960
1284,14.3847,10.8504,1.1223,393216,830.47,12.81,1955198,-182.990,-109.980,-46.970,0.7850,1.0960
1285,14.3948,11.1200,0.7718,393216,830.47,12.81,1955198,-182.990,-109.980,-46.970,0.7850,1.0960
1286,14.4058,10.1612,0.8150,393216,830.47,12.81,1955198,-182.990,-109.980,-46.970,0.7850,1.0960
1287,14.4167,11.0276,0.7599,393216,830.47,12.81,1955198,-182.990,-109.980,-46.970,0.7850,1.0960
1288,14.4271,10.8424,0.8349,393216,830.47,12.81,1955198,-182.990,-109.980,-46.970,0.7850,1.0960
1289,14.4380,10.4631,0.8337,393216,830.47,12.81,1955198,-182.990,-109.980,-46.970,0.7850,1.0960
1290,14.4488,10.8569,0.7902,393216,830.47,12.81,1955198,-182.990,-109.980,-46.970,0.7850,1.0960
1291,14.4595,10.8261,0.9997,393216,830.47,12.81,1955198,-182.990,-109.980,-46.970,0.7850,1.0960
1292,14.4702,10.7131,0.8919,393216,830.47,12.81,1955198,-182.990,-109.980,-46.970,0.7850,1.0960
1293,14.4810,10.6109,0.8746,393216,830.47,12.81,1955198,-182.990,-109.980,-46.970,0.7850,1.0960
1294,14.4919,10.8699,0.9260,393216,830.47,12.81,1955198,-182.990,-109.980,-46.970,0.7850,1.0960
1295,14.5025,10.8991,0.8167,393216,830.47,12.81,1955198,-182.990,-109.980,-46.970,0.7850,1.0960
1296,14.5131,10.5834,0.7630,393216,830.47,12.81,1955198,-182.990,-109.980,-46.970,0.7850,1.0960
1297,14.5242,10.6291,0.8967,393216,830.47,12.81,1955198,-182.990,-109.980,-46.970,0.7850,1.0960
1298,14.5340,11.0390,0.8188,393216,830.47,12.81,1955198,-182.990,-109.980,-46.970,0.7850,1.0960
1299,14.5448,9.8076,0.8025,393216,830.47,12.81,1955198,-182.990,-109.980,-46.970,0.7850,1.0960
1300,14.5556,10.7780,0.8169,393216,830.47,12.81,1955198,-182.990,-109.980,-46.970,0.7850,1.0960
1301,14.5662,10.9185,0.8447,393216,830.47,12.81,1955198,-182.990,-109.980,-46.970,0.7850,1.0960
1302,14.5772,10.5048,0.9816,393216,830.47,12.81,1955198,-182.990,-109.980,-46.970,0.7850,1.0960
1303,14.5877,11.0281,0.8247,393216,830.47,12.81,1955198,-182.990,-109.980,-46.970,0.7850,1.0960
1304,14.5981,10.4834,0.7794,393216,830.47,12.81,1955198,-182.990,-109.980,-46.970,0.7850,1.0960
1305,14.6090,10.4058,0.8210,393216,830.47,12.81,1955198,-182.990,-109.980,-46.970,0.7850,1.0960
1306,14.6200,10.9302,0.7851,393216,830.47,12.81,1955198,-182.990,-109.980,-46.970,0.7850,1.0960
1307,14.6304,10.9126,0.7774,393216,830.47,12.81,1955198,-182.990,-109.980,-46.970,0.7850,1.0960
1308,14.6413,10.4103,0.8444,393216,830.47,12.81,1955198,-182.990,-109.980,-46.970,0.7850,1.0960
1309,14.6523,10.9404,0.8407,393216,830.47,12.81,1955198,-182.990,-109.980,-46.970,0.7850,1.0960
1310,14.6632,10.9676,0.8774,393216,830.47,12.81,1955198,-182.990,-109.980,-46.970,0.7850,1.0960
1311,14.6736,10.9416,0.7939,393216,830.47,12.81,1955198,-182.990,-109.980,-46.970,0.7850,1.0960
1312,14.6847,10.3522,0.9509,393216,830.47,12.81,1955198,-182.990,-109.980,-46.970,0.7850,1.0960
1313,14.6952,11.1402,0.7856,393216,830.47,12.81,1955198,-182.990,-109.980,-46.970,0.7850,1.0960
1314,14.7052,10.5383,0.8021,393216,830.47,12.81,1955198,-182.990,-109.980,-46.970,0.7850,1.0960
1315,14.7161,9.9527,0.8573,393216,830.47,12.81,1955198,-182.990,-109.980,-46.970,0.7850,1.0960
1316,14.7272,10.9302,1.1283,393216,830.47,12.81,1955198,-182.990,-109.980,-46.970,0.7850,1.0960
1317,14.7374,11.1027,0.7310,393216,830.47,12.81,1955198,-182.990,-109.980,-46.970,0.7850,1.0960
1318,14.7485,10.1372,0.8876,393216,830.47,12.81,1955198,-182.990,-109.980,-46.970,0.7850,1.0960
1319,14.7593,11.0890,0.8184,393216,830.47,12.81,1955198,-182.990,-109.980,-46.970,0.7850,1.0960
1320,14.7697,10.8686,0.7675,393216,830.47,12.81,1955198,-182.990,-109.980,-46.970,0.7850,1.0960
1321,14.7807,10.3724,0.9144,393216,830.47,12.81,1955198,-182.990,-109.980,-46.970,0.7850,1.0960
1322,14.7919,11.0401,0.9518,393216,830.47,12.81,1955198,-182.990,-109.980,-46.970,0.7850,1.0960
1323,14.8027,11.1370,0.9422,393216,830.47,12.81,1955198,-182.990,-109.980,-46.970,0.7850,1.0960
1324,14.8133,10.8248,0.9804,393216,830.47,12.81,1955198,-182.990,-109.980,-46.970,0.7850,1.0960
1325,14.8241,10.6356,0.8582,393216,830.47,12.81,1955198,-182.990,-109.980,-46.970,0.7850,1.0960
1326,14.8354,10.7461,1.1923,393216,830.47,12.81,1955198,-182.990,-109.980,-46.970,0.7850,1.0960
1327,14.8454,11.3202,0.7951,393216,830.47,12.81,1955198,-182.990,-109.980,-46.970,0.7850,1.0960
1328,14.8565,10.0479,0.9020,393216,830.47,12.81,1955198,-182.990,-109.980,-46.970,0.7850,1.0960
1329,14.8674,11.0349,0.8553,393216,830.47,12.81,1955198,-182.990,-109.980,-46.970,0.7850,1.0960
1330,14.8774,10.9020,0.9578,393216,830.47,12.81,1955198,-182.990,-109.980,-46.970,0.7850,1.0960
1331,14.8882,10.0339,0.7981,393216,830.47,12.81,1955198,-182.990,-109.980,-46.970,0.7850,1.0960
1332,14.8991,10.7381,0.9019,393216,830.47,12.81,1955198,-182.990,-109.980,-46.970,0.7850,1.0960
1333,14.9097,11.0082,0.8060,393216,830.47,12.81,1955198,-182.990,-109.980,-46.970,0.7850,1.0960
1334,14.9206,10.5414,0.9045,393216,830.47,12.81,1955198,-182.990,-109.980,-46.970,0.7850,1.0960
1335,14.9314,10.9459,0.8550,393216,830.47,12.81,1955198,-182.990,-109.980,-46.970,0.7850,1.0960
1336,14.9420,10.7914,0.9174,393216,830.47,12.81,1955198,-182.990,-109.980,-46.970,0.7850,1.0960
1337,14.9531,10.5318,1.0524,393216,830.47,12.81,1955198,-182.990,-109.980,-46.970,0.7850,1.0960
1338,14.9638,11.0921,0.8985,393216,830.47,12.81,1955198,-182.990,-109.980,-46.970,0.7850,1.0960
1339,14.9747,10.7621,0.9285,393216,830.47,12.81,1955198,-182.990,-109.980,-46.970,0.7850,1.0960
1340,14.9854,10.8848,0.9552,393216,830.47,12.81,1955198,-182.990,-109.980,-46.970,0.7850,1.0960
1341,14.9963,10.6810,0.8782,393216,830.47,12.81,1955198,-182.990,-109.980,-46.970,0.7850,1.0960
1342,15.0072,10.8760,0.8669,393216,830.47,12.81,1955198,-182.990,-109.980,-46.970,0.7850,1.0960
1343,15.0177,10.9817,0.8624,393216,830.47,12.81,1955198,-182.990,-109.980,-46.970,0.7850,1.0960
1344,15.0287,10.4495,0.9777,393216,830.47,12.81,1955198,-182.990,-109.980,-46.970,0.7850,1.0960
1345,15.0395,10.9793,0.9905,393216,830.47,12.81,1955198,-182.990,-109.980,-46.970,0.7850,1.0960
1346,15.0491,10.8268,0.7742,393216,830.47,12.81,1955198,-182.990,-109.980,-46.970,0.7850,1.0960
1347,15.0605,9.5810,0.9642,393216,830.47,12.81,1955198,-182.990,-109.980,-46.970,0.7850,1.0960
1348,15.0711,11.4099,0.9060,393216,830.47,12.81,1955198,-182.990,-109.980,-46.970,0.7850,1.0960
1349,15.0817,10.6283,0.9255,393216,830.47,12.81,1955198,-182.990,-109.980,-46.970,0.7850,1.0960
1350,15.0927,10.6009,0.9043,393216,830.47,12.81,1955198,-182.990,-109.980,-46.970,0.7850,1.0960
1351,15.1037,10.9398,0.9097,393216,830.47,12.81,1955198,-182.990,-109.980,-46.970,0.7850,1.0960
1352,15.1148,11.0594,0.9703,393216,830.47,12.81,1955198,-182.990,-109.980,-46.970,0.7850,1.0960
1353,15.1251,11.0521,0.8338,393216,830.47,12.81,1955198,-182.990,-109.980,-46.970,0.7850,1.0960
1354,15.1363,10.2968,1.0286,393216,830.47,12.81,1955198,-182.990,-109.980,-46.970,0.7850,1.0960
1355,15.1468,11.2555,0.8104,393216,830.47,12.81,1955198,-182.990,-109.980,-46.970,0.7850,1.0960
1356,15.1574,10.4915,0.8265,393216,830.47,12.81,1955198,-182.990,-109.980,-46.970,0.7850,1.0960
1357,15.1688,10.5512,1.1584,393216,830.47,12.81,1955198,-182.990,-109.980,-46.970,0.7850,1.0960
1358,15.1793,11.4986,0.8560,393216,830.47,12.81,1955198,-182.990,-109.980,-46.970,0.7850,1.0960
1359,15.1898,10.4786,0.8201,393216,830.47,12.81,1955198,-182.990,-109.980,-46.970,0.7850,1.0960
1360,15.2006,10.4107,0.8989,393216,830.47,12.81,1955198,-182.990,-109.980,-46.970,0.7850,1.0960
1361,15.2117,10.8920,0.8931,393216,830.47,12.81,1955198,-182.990,-109.980,-46.970,0.7850,1.0960
1362,15.2216,11.0466,0.8160,393216,830.47,12.81,1955198,-182.990,-109.980,-46.970,0.7850,1.0960
1363,15.2325,9.8966,0.8899,393216,830.47,12.81,1955198,-182.990,-109.980,-46.970,0.7850,1.0960
1364,15.2436,10.8819,0.9668,393216,830.47,12.81,1955198,-182.990,-109.980,-46.970,0.7850,1.0960
1365,15.2544,11.1412,0.9375,393216,830.47,12.81,1955198,-182.990,-109.980,-46.970,0.7850,1.0960
1366,15.2649,10.7827,0.8616,393216,830.47,12.81,1955198,-182.990,-109.980,-46.970,0.7850,1.0960
1367,15.2756,10.5080,0.8125,393216,830.47,12.81,1955198,-182.990,-109.980,-46.970,0.7850,1.0960
1368,15.2865,10.7404,0.8036,393216,830.47,12.81,1955198,-182.990,-109.980,-46.970,0.7850,1.0960
1369,15.2971,10.8490,0.8229,393216,830.47,12.81,1955198,-182.990,-109.980,-46.970,0.7850,1.0960
1370,15.3079,10.5825,0.7342,393216,830.47,12.81,1955198,-182.990,-109.980,-46.970,0.7850,1.0960
1371,15.3190,10.8289,0.9945,393216,830.47,12.81,1955198,-182.990,-109.980,-46.970,0.7850,1.0960
1372,15.3293,11.0492,0.8978,393216,830.47,12.81,1955198,-182.990,-109.980,-46.970,0.7850,1.0960
1373,15.3400,10.3859,0.7441,393216,830.47,12.81,1955198,-182.990,-109.980,-46.970,0.7850,1.0960
1374,15.3510,10.6744,0.7970,393216,830.47,12.81,1955198,-182.990,-109.980,-46.970,0.7850,1.0960
1375,15.3615,11.0267,0.8051,393216,830.47,12.81,1955198,-182.990,-109.980,-46.970,0.7850,1.0960
1376,15.3723,10.4213,0.7852,393216,830.47,12.81,1955198,-182.990,-109.980,-46.970,0.7850,1.0960
1377,15.3831,10.8019,0.8020,393216,830.47,12.81,1955198,-182.990,-109.980,-46.970,0.7850,1.0960
1378,15.3940,10.8504,1.1292,393216,830.47,12.81,1955198,-182.990,-109.980,-46.970,0.7850,1.0960
1379,15.4038,10.8779,0.7928,393216,830.47,12.81,1955198,-182.990,-109.980,-46.970,0.7850,1.0960
1380,15.4148,9.8410,0.7967,393216,830.47,12.81,1955198,-182.990,-109.980,-46.970,0.7850,1.0960
1381,15.4257,10.9799,0.8647,393216,830.47,12.81,1955198,-182.990,-109.980,-46.970,0.7850,1.0960
1382,15.4363,10.9040,0.8490,393216,830.47,12.81,1955198,-182.990,-109.980,-46.970,0.7850,1.0960
1383,15.4471,10.5411,0.8416,393216,830.47,12.81,1955198,-182.990,-109.980,-46.970,0.7850,1.0960
1384,15.4579,10.8255,0.7750,393216,830.47,12.81,1955198,-182.990,-109.980,-46.970,0.7850,1.0960
1385,15.4689,10.7896,1.1304,393216,830.47,12.81,1955198,-182.990,-109.980,-46.970,0.7850,1.0960
1386,15.4794,11.1105,0.7895,393216,830.47,12.81,1955198,-182.990,-109.980,-46.970,0.7850,1.0960
1387,15.4902,10.4490,0.8418,393216,830.47,12.81,1955198,-182.990,-109.980,-46.970,0.7850,1.0960
1388,15.5007,10.7577,0.8017,393216,830.47,12.81,1955198,-182.990,-109.980,-46.970,0.7850,1.0960
1389,15.5115,10.4621,0.9218,393216,830.47,12.81,1955198,-182.990,-109.980,-46.970,0.7850,1.0960
1390,15.5223,10.8148,0.7346,393216,830.47,12.81,1955198,-182.990,-109.980,-46.970,0.7850,1.0960
1391,15.5332,10.8360,1.0302,393216,830.47,12.81,1955198,-182.990,-109.980,-46.970,0.7850,1.0960
1392,15.5439,10.8738,1.1066,393216,830.47,12.81,1955198,-182.990,-109.980,-46.970,0.7850,1.0960
1393,15.5546,10.7295,0.7523,393216,830.47,12.81,1955198,-182.990,-109.980,-46.970,0.7850,1.0960
1394,15.5650,10.6917,0.8723,393216,830.47,12.81,1955198,-182.990,-109.980,-46.970,0.7850,1.0960
1395,15.5754,10.4192,0.7707,393216,830.47,12.81,1955198,-182.990,-109.980,-46.970,0.7850,1.0960
1396,15.5863,10.3980,0.8523,393216,830.47,12.81,1955198,-182.990,-109.980,-46.970,0.7850,1.0960
1397,15.5972,10.8766,0.8525,393216,830.47,12.81,1955198,-182.990,-109.980,-46.970,0.7850,1.0960
1398,15.6077,10.8611,0.8376,393216,830.47,12.81,1955198,-182.990,-109.980,-46.970,0.7850,1.0960
1399,15.6189,10.4961,1.1543,393216,830.47,12.81,1955198,-182.990,-109.980,-46.970,0.7850,1.0960
1400,15.6292,11.2231,0.7742,393216,830.47,12.81,1955198,-182.990,-109.980,-46.970,0.7850,1.0960
1401,15.6397,10.3556,0.7766,393216,830.47,12.81,1955198,-182.990,-109.980,-46.970,0.7850,1.0960
1402,15.6507,10.4611,0.7976,393216,830.47,12.81,1955198,-182.990,-109.980,-46.970,0.7850,1.0960
1403,15.6615,10.9777,0.8678,393216,830.47,12.81,1955198,-182.990,-109.980,-46.970,0.7850,1.0960
1404,15.6719,10.8640,0.7798,393216,830.47,12.81,1955198,-182.990,-109.980,-46.970,0.7850,1.0960
1405,15.6829,10.3662,0.8093,393216,830.47,12.81,1955198,-182.990,-109.980,-46.970,0.7850,1.0960
1406,15.6943,10.9514,1.2066,393216,830.47,12.81,1955198,-182.990,-109.980,-46.970,0.7850,1.0960
1407,15.7044,11.4262,0.9162,393216,830.47,12.81,1955198,-182.990,-109.980,-46.970,0.7850,1.0960
1408,15.7151,10.1605,0.7780,393216,830.47,12.81,1955198,-182.990,-109.980,-46.970,0.7850,1.0960
1409,15.7263,10.6845,0.8855,393216,830.47,12.81,1955198,-182.990,-109.980,-46.970,0.7850,1.0960
1410,15.7365,11.2142,0.9903,393216,830.47,12.81,1955198,-182.990,-109.980,-46.970,0.7850,1.0960
1411,15.7467,10.2126,0.7469,393216,830.47,12.81,1955198,-182.990,-109.980,-46.970,0.7850,1.0960
1412,15.7578,10.1828,0.8764,393216,830.47,12.81,1955198,-182.990,-109.980,-46.970,0.7850,1.0960
1413,15.7689,11.1053,1.0351,393216,830.47,12.81,1955198,-182.990,-109.980,-46.970,0.7850,1.0960
1414,15.7791,11.0639,0.8009,393216,830.47,12.81,1955198,-182.990,-109.980,-46.970,0.7850,1.0960
1415,15.7901,10.2379,0.7635,393216,830.47,12.81,1955198,-182.990,-109.980,-46.970,0.7850,1.0960
1416,15.8010,10.9735,0.8003,393216,830.47,12.81,1955198,-182.990,-109.980,-46.970,0.7850,1.0960
1417,15.8115,10.8556,0.7880,393216,830.47,12.81,1955198,-182.990,-109.980,-46.970,0.7850,1.0960
1418,15.8224,10.5036,0.7954,393216,830.47,12.81,1955198,-182.990,-109.980,-46.970,0.7850,1.0960
1419,15.8331,10.8772,0.7662,393216,830.47,12.81,1955198,-182.990,-109.980,-46.970,0.7850,1.0960
1420,15.8438,10.7827,0.9254,393216,830.47,12.81,1955198,-182.990,-109.980,-46.970,0.7850,1.0960
1421,15.8545,10.6619,0.7293,393216,830.47,12.81,1955198,-182.990,-109.980,-46.970,0.7850,1.0960
1422,15.8653,10.6668,0.7413,393216,830.47,12.81,1955198,-182.990,-109.980,-46.970,0.7850,1.0960
1423,15.8759,10.8696,0.7764,393216,830.47,12.81,1955198,-182.990,-109.980,-46.970,0.7850,1.0960
1424,15.8865,10.5400,0.8337,393216,830.47,12.81,1955198,-182.990,-109.980,-46.970,0.7850,1.0960
1425,15.8975,10.6302,0.7567,393216,830.47,12.81,1955198,-182.990,-109.980,-46.970,0.7850,1.0960
1426,15.9076,10.9765,0.9542,393216,830.47,12.81,1955198,-182.990,-109.980,-46.970,0.7850,1.0960
1427,15.9182,10.1542,0.8448,393216,830.47,12.81,1955198,-182.990,-109.980,-46.970,0.7850,1.0960
1428,15.9290,10.5425,0.7738,393216,830.47,12.81,1955198,-182.990,-109.980,-46.970,0.7850,1.0960
1429,15.9400,10.8649,0.8594,393216,830.47,12.81,1955198,-182.990,-109.980,-46.970,0.7850,1.0960
1430,15.9504,10.9397,0.7282,393216,830.47,12.81,1955198,-182.990,-109.980,-46.970,0.7850,1.0960
1431,15.9615,10.4203,0.9485,393216,830.47,12.81,1955198,-182.990,-109.980,-46.970,0.7850,1.0960
1432,15.9722,11.0560,0.8383,393216,830.47,12.81,1955198,-182.990,-109.980,-46.970,0.7850,1.0960
1433,15.9829,10.7742,0.8161,393216,830.47,12.81,1955198,-182.990,-109.980,-46.970,0.7850,1.0960
1434,15.9938,10.6271,1.0477,393216,830.47,12.81,1955198,-182.990,-109.980,-46.970,0.7850,1.0960
1435,16.0044,10.9728,0.7422,393216,830.47,12.81,1955198,-182.990,-109.980,-46.970,0.7850,1.0960
1436,16.0149,10.5130,0.7679,393216,830.47,12.81,1955198,-182.990,-109.980,-46.970,0.7850,1.0960
1437,16.0258,10.5429,0.7486,393216,830.47,12.81,1955198,-182.990,-109.980,-46.970,0.7850,1.0960
1438,16.0369,10.9012,0.9147,393216,830.47,12.81,1955198,-182.990,-109.980,-46.970,0.7850,1.0960
1439,16.0473,11.0913,0.8960,393216,830.47,12.81,1955198,-182.990,-109.980,-46.970,0.7850,1.0960
1440,16.0580,10.5123,0.7972,393216,830.47,12.81,1955198,-182.990,-109.980,-46.970,0.7850,1.0960
1441,16.0694,10.6306,0.9105,393216,830.47,12.81,1955198,-182.990,-109.980,-46.970,0.7850,1.0960
1442,16.0794,11.3969,0.9513,393216,830.47,12.81,1955198,-182.990,-109.980,-46.970,0.7850,1.0960
1443,16.0897,10.0111,0.8323,393216,830.47,12.81,1955198,-182.990,-109.980,-46.970,0.7850,1.0960
1444,16.1006,10.2898,0.8059,393216,830.47,12.81,1955198,-182.990,-109.980,-46.970,0.7850,1.0960
1445,16.1116,10.9229,0.8966,393216,830.47,12.81,1955198,-182.990,-109.980,-46.970,0.7850,1.0960
1446,16.1218,10.9308,0.7574,393216,830.47,12.81,1955198,-182.990,-109.980,-46.970,0.7850,1.0960
1447,16.1329,10.2218,0.8940,393216,830.47,12.81,1955198,-182.990,-109.980,-46.970,0.7850,1.0960
1448,16.1440,11.1558,1.1037,393216,830.47,12.81,1955198,-182.990,-109.980,-46.970,0.7850,1.0960
1449,16.1541,11.0100,0.8062,393216,830.47,12.81,1955198,-182.990,-109.980,-46.970,0.7850,1.0960
1450,16.1652,10.1716,0.8718,393216,830.47,12.81,1955198,-182.990,-109.980,-46.970,0.7850,1.0960
1451,16.1759,11.0339,0.8479,393216,830.47,12.81,1955198,-182.990,-109.980,-46.970,0.7850,1.0960
1452,16.1864,10.7857,0.8159,393216,830.47,12.81,1955198,-182.990,-109.980,-46.970,0.7850,1.0960
1453,16.1971,10.3981,0.7762,393216,830.47,12.81,1955198,-182.990,-109.980,-46.970,0.7850,1.0960
1454,16.2081,10.7854,0.8027,393216,830.47,12.81,1955198,-182.990,-109.980,-46.970,0.7850,1.0960
1455,16.2187,10.9979,0.9191,393216,830.47,12.81,1955198,-182.990,-109.980,-46.970,0.7850,1.0960
1456,16.2293,10.5640,0.7618,393216,830.47,12.81,1955198,-182.990,-109.980,-46.970,0.7850,1.0960
1457,16.2402,10.5572,0.7898,393216,830.47,12.81,1955198,-182.990,-109.980,-46.970,0.7850,1.0960
1458,16.2500,10.9946,0.7388,393216,830.47,12.81,1955198,-182.990,-109.980,-46.970,0.7850,1.0960
1459,16.2612,9.7795,0.9697,393216,830.47,12.81,1955198,-182.990,-109.980,-46.970,0.7850,1.0960
1460,16.2719,11.1580,0.7508,393216,830.47,12.81,1955198,-182.990,-109.980,-46.970,0.7850,1.0960
1461,16.2828,10.6945,0.8359,393216,830.47,12.81,1955198,-182.990,-109.980,-46.970,0.7850,1.0960
1462,16.2932,10.8745,0.7656,393216,830.47,12.81,1955198,-182.990,-109.980,-46.970,0.7850,1.0960
1463,16.3041,10.4595,0.8110,393216,830.47,12.81,1955198,-182.990,-109.980,-46.970,0.7850,1.0960
1464,16.3149,10.8562,0.7759,393216,830.47,12.81,1955198,-182.990,-109.980,-46.970,0.7850,1.0960
1465,16.3254,10.7888,0.8013,393216,830.47,12.81,1955198,-182.990,-109.980,-46.970,0.7850,1.0960
1466,16.3367,10.5088,1.0633,393216,830.47,12.81,1955198,-182.990,-109.980,-46.970,0.7850,1.0960
1467,16.3471,11.3065,0.7858,393216,830.47,12.81,1955198,-182.990,-109.980,-46.970,0.7850,1.0960
1468,16.3574,10.3908,0.7231,393216,830.47,12.81,1955198,-182.990,-109.980,-46.970,0.7850,1.0960
1469,16.3684,10.2968,0.8725,393216,830.47,12.81,1955198,-182.990,-109.980,-46.970,0.7850,1.0960
1470,16.3793,11.0605,0.7681,393216,830.47,12.81,1955198,-182.990,-109.980,-46.970,0.7850,1.0960
1471,16.3897,10.8952,0.8140,393216,830.47,12.81,1955198,-182.990,-109.980,-46.970,0.7850,1.0960
1472,16.4006,10.4297,0.8200,393216,830.47,12.81,1955198,-182.990,-109.980,-46.970,0.7850,1.0960
1473,16.4115,10.8386,0.8666,393216,830.47,12.81,1955198,-182.990,-109.980,-46.970,0.7850,1.0960
1474,16.4220,10.9474,0.9268,393216,830.47,12.81,1955198,-182.990,-109.980,-46.970,0.7850,1.0960
1475,16.4324,10.4447,0.9505,393216,830.47,12.81,1955198,-182.990,-109.980,-46.970,0.7850,1.0960
1476,16.4434,10.4468,0.9271,393216,830.47,12.81,1955198,-182.990,-109.980,-46.970,0.7850,1.0960
1477,16.4541,10.9685,0.8305,393216,830.47,12.81,1955198,-182.990,-109.980,-46.970,0.7850,1.0960
1478,16.4647,10.7213,0.8409,393216,830.47,12.81,1955198,-182.990,-109.980,-46.970,0.7850,1.0960
1479,16.4756,10.5743,0.8853,393216,830.47,12.81,1955198,-182.990,-109.980,-46.970,0.7850,1.0960
1480,16.4865,10.9368,1.0204,393216,830.47,12.81,1955198,-182.990,-109.980,-46.970,0.7850,1.0960
1481,16.4969,10.9216,0.8375,393216,830.47,12.81,1955198,-182.990,-109.980,-46.970,0.7850,1.0960
1482,16.5079,10.4026,0.8558,393216,830.47,12.81,1955198,-182.990,-109.980,-46.970,0.7850,1.0960
1483,16.5189,10.9076,1.0989,393216,830.47,12.81,1955198,-182.990,-109.980,-46.970,0.7850,1.0960
1484,16.5291,11.0895,0.8027,393216,830.47,12.81,1955198,-182.990,-109.980,-46.970,0.7850,1.0960
1485,16.5400,10.1377,0.8765,393216,830.47,12.81,1955198,-182.990,-109.980,-46.970,0.7850,1.0960
1486,16.5509,10.9309,0.8849,393216,830.47,12.81,1955198,-182.990,-109.980,-46.970,0.7850,1.0960
1487,16.5615,10.8828,1.0118,393216,830.47,12.81,1955198,-182.990,-109.980,-46.970,0.7850,1.0960
1488,16.5722,10.6399,0.9151,393216,830.47,12.81,1955198,-182.990,-109.980,-46.970,0.7850,1.0960
1489,16.5830,10.6290,0.7705,393216,830.47,12.81,1955198,-182.990,-109.980,-46.970,0.7850,1.0960
1490,16.5930,10.8776,0.8720,393216,830.47,12.81,1955198,-182.990,-109.980,-46.970,0.7850,1.0960
1491,16.6037,9.9832,0.9590,393216,830.47,12.81,1955198,-182.990,-109.980,-46.970,0.7850,1.0960
1492,16.6147,10.7044,0.9813,393216,830.47,12.81,1955198,-182.990,-109.980,-46.970,0.7850,1.0960
1493,16.6256,10.9912,0.9986,393216,830.47,12.81,1955198,-182.990,-109.980,-46.970,0.7850,1.0960
1494,16.6360,10.8897,0.9793,393216,830.47,12.81,1955198,-182.990,-109.980,-46.970,0.7850,1.0960
1495,16.6467,10.4266,0.8199,393216,830.47,12.81,1955198,-182.990,-109.980,-46.970,0.7850,1.0960
1496,16.6576,10.6589,0.8317,393216,830.47,12.81,1955198,-182.990,-109.980,-46.970,0.7850,1.0960
1497,16.6679,10.9352,0.7477,393216,830.47,12.81,1955198,-182.990,-109.980,-46.970,0.7850,1.0960
1498,16.6789,10.2941,0.7770,393216,830.47,12.81,1955198,-182.990,-109.980,-46.970,0.7850,1.0960
1499,16.6898,11.0116,0.7477,393216,830.47,12.81,1955198,-182.990,-109.980,-46.970,0.7850,1.0960
1500,16.7004,10.8910,0.8931,393216,830.47,12.81,1955198,-182.990,-109.980,-46.970,0.7850,1.0960
1501,16.7113,10.5611,0.9678,393216,830.47,12.81,1955198,-182.990,-109.980,-46.970,0.7850,1.0960
1502,16.7219,10.8860,0.7500,393216,830.47,12.81,1955198,-182.990,-109.980,-46.970,0.7850,1.0960
1503,16.7324,10.5833,0.8693,393216,830.47,12.81,1955198,-182.990,-109.980,-46.970,0.7850,1.0960
1504,16.7432,10.5842,0.7976,393216,830.47,12.81,1955198,-182.990,-109.980,-46.970,0.7850,1.0960
1505,16.7540,10.7458,0.8110,393216,830.47,12.81,1955198,-182.990,-109.980,-46.970,0.7850,1.0960
1506,16.7642,10.7738,0.9796,393216,830.47,12.81,1955198,-182.990,-109.980,-46.970,0.7850,1.0960
1507,16.7748,10.2124,0.9192,393216,830.47,12.81,1955198,-182.990,-109.980,-46.970,0.7850,1.0960
1508,16.7859,10.5970,1.0423,393216,830.47,12.81,1955198,-182.990,-109.980,-46.970,0.7850,1.0960
1509,16.7963,11.1018,0.9355,393216,830.47,12.81,1955198,-182.990,-109.980,-46.970,0.7850,1.0960
1510,16.8070,10.4105,0.8398,393216,830.47,12.81,1955198,-182.990,-109.980,-46.970,0.7850,1.0960
1511,16.8180,10.6674,0.8723,393216,830.47,12.81,1955198,-182.990,-109.980,-46.970,0.7850,1.0960
1512,16.8287,11.0684,0.9053,393216,830.47,12.81,1955198,-182.990,-109.980,-46.970,0.7850,1.0960
1513,16.8391,10.6773,0.8636,393216,830.47,12.81,1955198,-182.990,-109.980,-46.970,0.7850,1.0960
1514,16.8502,10.4833,0.8628,393216,830.47,12.81,1955198,-182.990,-109.980,-46.970,0.7850,1.0960
1515,16.8612,11.0227,1.0564,393216,830.47,12.81,1955198,-182.990,-109.980,-46.970,0.7850,1.0960
1516,16.8714,11.0102,0.7739,393216,830.47,12.81,1955198,-182.990,-109.980,-46.970,0.7850,1.0960
1517,16.8825,10.1961,0.8865,393216,830.47,12.81,1955198,-182.990,-109.980,-46.970,0.7850,1.0960
1518,16.8933,11.0437,0.8812,393216,830.47,12.81,1955198,-182.990,-109.980,-46.970,0.7850,1.0960
1519,16.9037,10.8833,0.8876,393216,830.47,12.81,1955198,-182.990,-109.980,-46.970,0.7850,1.0960
1520,16.9145,10.4022,0.8938,393216,830.47,12.81,1955198,-182.990,-109.980,-46.970,0.7850,1.0960
1521,16.9256,10.8056,0.8967,393216,830.47,12.81,1955198,-182.990,-109.980,-46.970,0.7850,1.0960
1522,16.9355,11.0663,0.9036,393216,830.47,12.81,1955198,-182.990,-109.980,-46.970,0.7850,1.0960
1523,16.9463,9.8823,0.9114,393216,830.47,12.81,1955198,-182.990,-109.980,-46.970,0.7850,1.0960
1524,16.9570,10.8205,0.8353,393216,830.47,12.81,1955198,-182.990,-109.980,-46.970,0.7850,1.0960
1525,16.9676,10.6999,0.9119,393216,830.47,12.81,1955198,-182.990,-109.980,-46.970,0.7850,1.0960
1526,16.9786,10.5874,1.0184,393216,830.47,12.81,1955198,-182.990,-109.980,-46.970,0.7850,1.0960
1527,16.9894,11.0066,0.8605,393216,830.47,12.81,1955198,-182.990,-109.980,-46.970,0.7850,1.0960
1528,17.0003,10.8052,0.9568,393216,830.47,12.81,1955198,-182.990,-109.980,-46.970,0.7850,1.0960
1529,17.0106,10.8901,0.7727,393216,830.47,12.81,1955198,-182.990,-109.980,-46.970,0.7850,1.0960
1530,17.0217,10.3258,0.8189,393216,830.47,12.81,1955198,-182.990,-109.980,-46.970,0.7850,1.0960
1531,17.0326,11.0610,0.8222,393216,830.47,12.81,1955198,-182.990,-109.980,-46.970,0.7850,1.0960
1532,17.0431,10.8943,0.8411,393216,830.47,12.81,1955198,-182.990,-109.980,-46.970,0.7850,1.0960
1533,17.0540,10.4662,0.9110,393216,830.47,12.81,1955198,-182.990,-109.980,-46.970,0.7850,1.0960
1534,17.0647,10.9419,0.7654,393216,830.47,12.81,1955198,-182.990,-109.980,-46.970,0.7850,1.0960
1535,17.0752,10.6813,0.9032,393216,830.47,12.81,1955198,-182.990,-109.980,-46.970,0.7850,1.0960
1536,17.0862,10.5456,1.1266,393216,830.47,12.81,1955198,-182.990,-109.980,-46.970,0.7850,1.0960
1537,17.0968,10.9953,0.8159,393216,830.47,12.81,1955198,-182.990,-109.980,-46.970,0.7850,1.0960
1538,17.1066,10.5872,0.7987,393216,830.47,12.81,1955198,-182.990,-109.980,-46.970,0.7850,1.0960
1539,17.1174,9.8318,0.8006,393216,830.47,12.81,1955198,-182.990,-109.980,-46.970,0.7850,1.0960
1540,17.1284,10.7583,0.9846,393216,830.47,12.81,1955198,-182.990,-109.980,-46.970,0.7850,1.0960
1541,17.1385,11.0297,0.7860,393216,830.47,12.81,1955198,-182.990,-109.980,-46.970,0.7850,1.0960
1542,17.1493,10.1526,0.8395,393216,830.47,12.81,1955198,-182.990,-109.980,-46.970,0.7850,1.0960
1543,17.1601,10.7598,0.8309,393216,830.47,12.81,1955198,-182.990,-109.980,-46.970,0.7850,1.0960
1544,17.1710,10.7900,1.0033,393216,830.47,12.81,1955198,-182.990,-109.980,-46.970,0.7850,1.0960
1545,17.1813,10.8671,0.7816,393216,830.47,12.81,1955198,-182.990,-109.980,-46.970,0.7850,1.0960
1546,17.1920,10.2800,0.8222,393216,830.47,12.81,1955198,-182.990,-109.980,-46.970,0.7850,1.0960
1547,17.2030,10.6916,1.1595,393216,830.47,12.81,1955198,-182.990,-109.980,-46.970,0.7850,1.0960
1548,17.2130,11.0168,0.7534,393216,830.47,12.81,1955198,-182.990,-109.980,-46.970,0.7850,1.0960
1549,17.2239,10.0390,0.8433,393216,830.47,12.81,1955198,-182.990,-109.980,-46.970,0.7850,1.0960
1550,17.2346,10.8798,0.8263,393216,830.47,12.81,1955198,-182.990,-109.980,-46.970,0.7850,1.0960
1551,17.2451,10.6900,0.9735,393216,830.47,12.81,1955198,-182.990,-109.980,-46.970,0.7850,1.0960
1552,17.2558,10.5452,0.8077,393216,830.47,12.81,1955198,-182.990,-109.980,-46.970,0.7850,1.0960
1553,17.2665,10.6412,0.8412,393216,830.47,12.81,1955198,-182.990,-109.980,-46.970,0.7850,1.0960
1554,17.2762,10.6961,0.7824,393216,830.47,12.81,1955198,-182.990,-109.980,-46.970,0.7850,1.0960
1555,17.2871,9.7725,0.8767,393216,830.47,12.81,1955198,-182.990,-109.980,-46.970,0.7850,1.0960
1556,17.2977,10.8571,0.7636,393216,830.47,12.81,1955198,-182.990,-109.980,-46.970,0.7850,1.0960
1557,17.3081,10.5877,0.7823,393216,830.47,12.81,1955198,-182.990,-109.980,-46.970,0.7850,1.0960
1558,17.3188,10.3678,0.8276,393216,830.47,12.81,1955198,-182.990,-109.980,-46.970,0.7850,1.0960
1559,17.3296,10.7824,0.7692,393216,830.47,12.81,1955198,-182.990,-109.980,-46.970,0.7850,1.0960
1560,17.3401,10.7287,0.7945,393216,830.47,12.81,1955198,-182.990,-109.980,-46.970,0.7850,1.0960
1561,17.3510,10.5031,0.8580,393216,830.47,12.81,1955198,-182.990,-109.980,-46.970,0.7850,1.0960
1562,17.3620,10.8911,0.9351,393216,830.47,12.81,1955198,-182.990,-109.980,-46.970,0.7850,1.0960
1563,17.3722,11.0491,0.7509,393216,830.47,12.81,1955198,-182.990,-109.980,-46.970,0.7850,1.0960
1564,17.3831,10.1594,0.8739,393216,830.47,12.81,1955198,-182.990,-109.980,-46.970,0.7850,1.0960
1565,17.3944,10.9474,1.1442,393216,830.47,12.81,1955198,-182.990,-109.980,-46.970,0.7850,1.0960
1566,17.4050,11.2822,0.8843,393216,830.47,12.81,1955198,-182.990,-109.980,-46.970,0.7850,1.0960
1567,17.4153,10.5797,0.8237,393216,830.47,12.81,1955198,-182.990,-109.980,-46.970,0.7850,1.0960
1568,17.4263,10.3564,0.8178,393216,830.47,12.81,1955198,-182.990,-109.980,-46.970,0.7850,1.0960
1569,17.4372,10.9462,0.9659,393216,830.47,12.81,1955198,-182.990,-109.980,-46.970,0.7850,1.0960
1570,17.4468,10.9220,0.7319,393216,830.47,12.81,1955198,-182.990,-109.980,-46.970,0.7850,1.0960
1571,17.4578,9.6032,0.8522,393216,830.47,12.81,1955198,-182.990,-109.980,-46.970,0.7850,1.0960
1572,17.4687,11.0287,0.7940,393216,830.47,12.81,1955198,-182.990,-109.980,-46.970,0.7850,1.0960
1573,17.4792,10.9061,0.8395,393216,830.47,12.81,1955198,-182.990,-109.980,-46.970,0.7850,1.0960
1574,17.4901,10.4432,0.8668,393216,830.47,12.81,1955198,-182.990,-109.980,-46.970,0.7850,1.0960
1575,17.5009,10.9556,0.7828,393216,830.47,12.81,1955198,-182.990,-109.980,-46.970,0.7850,1.0960
1576,17.5115,10.7897,0.9564,393216,830.47,12.81,1955198,-182.990,-109.980,-46.970,0.7850,1.0960
1577,17.5223,10.5537,0.7894,393216,830.47,12.81,1955198,-182.990,-109.980,-46.970,0.7850,1.0960
1578,17.5331,10.8030,0.7653,393216,830.47,12.81,1955198,-182.990,-109.980,-46.970,0.7850,1.0960
1579,17.5435,10.7616,0.7439,393216,830.47,12.81,1955198,-182.990,-109.980,-46.970,0.7850,1.0960
1580,17.5541,10.4308,0.8198,393216,830.47,12.81,1955198,-182.990,-109.980,-46.970,0.7850,1.0960
1581,17.5651,10.6633,0.7802,393216,830.47,12.81,1955198,-182.990,-109.980,-46.970,0.7850,1.0960
1582,17.5761,10.9906,0.8954,393216,830.47,12.81,1955198,-182.990,-109.980,-46.970,0.7850,1.0960
1583,17.5867,11.0118,0.9784,393216,830.47,12.81,1955198,-182.990,-109.980,-46.970,0.7850,1.0960
1584,17.5975,10.5673,0.8585,393216,830.47,12.81,1955198,-182.990,-109.980,-46.970,0.7850,1.0960
1585,17.6083,10.7600,0.8103,393216,830.47,12.81,1955198,-182.990,-109.980,-46.970,0.7850,1.0960
1586,17.6182,10.7980,0.7516,393216,830.47,12.81,1955198,-182.990,-109.980,-46.970,0.7850,1.0960
1587,17.6290,9.8915,0.7833,393216,830.47,12.81,1955198,-182.990,-109.980,-46.970,0.7850,1.0960
1588,17.6399,10.8653,0.7849,393216,830.47,12.81,1955198,-182.990,-109.980,-46.970,0.7850,1.0960
1589,17.6504,10.8443,0.8183,393216,830.47,12.81,1955198,-182.990,-109.980,-46.970,0.7850,1.0960
1590,17.6616,10.5388,1.1271,393216,830.47,12.81,1955198,-182.990,-109.980,-46.970,0.7850,1.0960
1591,17.6720,11.1487,0.7839,393216,830.47,12.81,1955198,-182.990,-109.980,-46.970,0.7850,1.0960
1592,17.6822,10.3911,0.7411,393216,830.47,12.81,1955198,-182.990,-109.980,-46.970,0.7850,1.0960
1593,17.6932,10.2740,0.8361,393216,830.47,12.81,1955198,-182.990,-109.980,-46.970,0.7850,1.0960
1594,17.7040,10.9217,0.9349,393216,830.47,12.81,1955198,-182.990,-109.980,-46.970,0.7850,1.0960
1595,17.7143,10.8554,0.8250,393216,830.47,12.81,1955198,-182.990,-109.980,-46.970,0.7850,1.0960
1596,17.7250,10.2856,0.8813,393216,830.47,12.81,1955198,-182.990,-109.980,-46.970,0.7850,1.0960
1597,17.7360,10.7594,1.0497,393216,830.47,12.81,1955198,-182.990,-109.980,-46.970,0.7850,1.0960
1598,17.7461,11.0094,0.7924,393216,830.47,12.81,1955198,-182.990,-109.980,-46.970,0.7850,1.0960
1599,17.7569,10.1276,0.8735,393216,830.47,12.81,1955198,-182.990,-109.980,-46.970,0.7850,1.0960
1600,17.7677,10.7422,0.7998,393216,830.47,12.81,1955198,-182.990,-109.980,-46.970,0.7850,1.0960
1601,17.7784,10.8164,1.0562,393216,830.47,12.81,1955198,-182.990,-109.980,-46.970,0.7850,1.0960
1602,17.7882,10.7018,0.7681,393216,830.47,12.81,1955198,-182.990,-109.980,-46.970,0.7850,1.0960
1603,17.7989,9.7933,0.7765,393216,830.47,12.81,1955198,-182.990,-109.980,-46.970,0.7850,1.0960
1604,17.8094,10.6834,0.8530,393216,830.47,12.81,1955198,-182.990,-109.980,-46.970,0.7850,1.0960
1605,17.8204,10.4446,1.1689,393216,830.47,12.81,1955198,-182.990,-109.980,-46.970,0.7850,1.0960
1606,17.8309,11.0553,0.7699,393216,830.47,12.81,1955198,-182.990,-109.980,-46.970,0.7850,1.0960
1607,17.8417,10.5182,0.8495,393216,830.47,12.81,1955198,-182.990,-109.980,-46.970,0.7850,1.0960
1608,17.8523,10.8076,0.9539,393216,830.47,12.81,1955198,-182.990,-109.980,-46.970,0.7850,1.0960
1609,17.8629,10.5101,0.7960,393216,830.47,12.81,1955198,-182.990,-109.980,-46.970,0.7850,1.0960
1610,17.8738,10.6214,0.9326,393216,830.47,12.81,1955198,-182.990,-109.980,-46.970,0.7850,1.0960
1611,17.8842,10.9434,0.8215,393216,830.47,12.81,1955198,-182.990,-109.980,-46.970,0.7850,1.0960
1612,17.8954,10.4061,1.1135,393216,830.47,12.81,1955198,-182.990,-109.980,-46.970,0.7850,1.0960
1613,17.9060,11.2120,0.7426,393216,830.47,12.81,1955198,-182.990,-109.980,-46.970,0.7850,1.0960
1614,17.9166,10.5284,0.8067,393216,830.47,12.81,1955198,-182.990,-109.980,-46.970,0.7850,1.0960
1615,17.9273,10.6418,0.7230,393216,830.47,12.81,1955198,-182.990,-109.980,-46.970,0.7850,1.0960
1616,17.9382,10.6753,0.7744,393216,830.47,12.81,1955198,-182.990,-109.980,-46.970,0.7850,1.0960
1617,17.9487,10.9108,0.7850,393216,830.47,12.81,1955198,-182.990,-109.980,-46.970,0.7850,1.0960
1618,17.9590,10.5189,0.8017,393216,830.47,12.81,1955198,-182.990,-109.980,-46.970,0.7850,1.0960
1619,17.9702,10.2970,1.1396,393216,830.47,12.81,1955198,-182.990,-109.980,-46.970,0.7850,1.0960
1620,17.9802,11.1495,0.7520,393216,830.47,12.81,1955198,-182.990,-109.980,-46.970,0.7850,1.0960
1621,17.9912,10.0736,0.8244,393216,830.47,12.81,1955198,-182.990,-109.980,-46.970,0.7850,1.0960
1622,18.0023,10.9804,0.9348,393216,830.47,12.81,1955198,-182.990,-109.980,-46.970,0.7850,1.0960
1623,18.1342,11.0607,122.2247,393216,830.47,12.81,1955198,-182.990,-109.980,-46.970,0.7850,1.0960
1624,18.1354,131.9641,0.9201,393216,830.47,12.81,1955198,-182.990,-109.980,-46.970,0.7850,1.0960
1625,18.1362,1.0875,0.6958,393216,830.47,12.81,1955198,-182.990,-109.980,-46.970,0.7850,1.0960
1626,18.1461,0.8473,0.8930,393216,830.47,12.81,1955198,-182.990,-109.980,-46.970,0.7850,1.0960
1627,18.1571,9.9725,0.8669,393216,830.47,12.81,1955198,-182.990,-109.980,-46.970,0.7850,1.0960
1628,18.1679,10.9294,0.8546,393216,830.47,12.81,1955198,-182.990,-109.980,-46.970,0.7850,1.0960
1629,18.1785,10.8431,0.9285,393216,830.47,12.81,1955198,-182.990,-109.980,-46.970,0.7850,1.0960
1630,18.1893,10.6101,0.7991,393216,830.47,12.81,1955198,-182.990,-109.980,-46.970,0.7850,1.0960
1631,18.2002,10.7236,0.9149,393216,830.47,12.81,1955198,-182.990,-109.980,-46.970,0.7850,1.0960
1632,18.2106,10.9629,0.8604,393216,830.47,12.81,1955198,-182.990,-109.980,-46.970,0.7850,1.0960
1633,18.2214,10.4026,0.7817,393216,830.47,12.81,1955198,-182.990,-109.980,-46.970,0.7850,1.0960
1634,18.2315,10.7640,0.7638,393216,830.47,12.81,1955198,-182.990,-109.980,-46.970,0.7850,1.0960
1635,18.2418,10.1242,0.7403,393216,830.47,12.81,1955198,-182.990,-109.980,-46.970,0.7850,1.0960
1636,18.2527,10.3209,0.7520,393216,830.47,12.81,1955198,-182.990,-109.980,-46.970,0.7850,1.0960
1637,18.2635,10.8727,0.8014,393216,830.47,12.81,1955198,-182.990,-109.980,-46.970,0.7850,1.0960
1638,18.2738,10.7954,0.7528,393216,830.47,12.81,1955198,-182.990,-109.980,-46.970,0.7850,1.0960
1639,18.2845,10.3128,0.7588,393216,830.47,12.81,1955198,-182.990,-109.980,-46.970,0.7850,1.0960
1640,18.2956,10.7096,0.9213,393216,830.47,12.81,1955198,-182.990,-109.980,-46.970,0.7850,1.0960
1641,18.3058,11.0624,0.7614,393216,830.47,12.81,1955198,-182.990,-109.980,-46.970,0.7850,1.0960
1642,18.3167,10.2907,0.7952,393216,830.47,12.81,1955198,-182.990,-109.980,-46.970,0.7850,1.0960
1643,18.3278,10.7737,0.9392,393216,830.47,12.81,1955198,-182.990,-109.980,-46.970,0.7850,1.0960
1644,18.3382,11.1937,0.8366,393216,830.47,12.81,1955198,-182.990,-109.980,-46.970,0.7850,1.0960
1645,18.3486,10.3463,0.7591,393216,830.47,12.81,1955198,-182.990,-109.980,-46.970,0.7850,1.0960
1646,18.3593,10.4376,0.8040,393216,830.47,12.81,1955198,-182.990,-109.980,-46.970,0.7850,1.0960
1647,18.3702,10.6869,0.9529,393216,830.47,12.81,1955198,-182.990,-109.980,-46.970,0.7850,1.0960
1648,18.3804,10.9658,0.7340,393216,830.47,12.81,1955198,-182.990,-109.980,-46.970,0.7850,1.0960
1649,18.3915,10.0860,0.8966,393216,830.47,12.81,1955198,-182.990,-109.980,-46.970,0.7850,1.0960
1650,18.4015,11.1422,0.7955,393216,830.47,12.81,1955198,-182.990,-109.980,-46.970,0.7850,1.0960
1651,18.4120,10.0010,0.9690,393216,830.47,12.81,1955198,-182.990,-109.980,-46.970,0.7850,1.0960
1652,18.4227,10.5427,0.7546,393216,830.47,12.81,1955198,-182.990,-109.980,-46.970,0.7850,1.0960
1653,18.4336,10.6428,0.7597,393216,830.47,12.81,1955198,-182.990,-109.980,-46.970,0.7850,1.0960
1654,18.4441,10.9347,0.7919,393216,830.47,12.81,1955198,-182.990,-109.980,-46.970,0.7850,1.0960
1655,18.4549,10.5033,0.8717,393216,830.47,12.81,1955198,-182.990,-109.980,-46.970,0.7850,1.0960
1656,18.4656,10.8064,0.9075,393216,830.47,12.81,1955198,-182.990,-109.980,-46.970,0.7850,1.0960
1657,18.4760,10.6662,0.8878,393216,830.47,12.81,1955198,-182.990,-109.980,-46.970,0.7850,1.0960
1658,18.4869,10.4424,0.9157,393216,830.47,12.81,1955198,-182.990,-109.980,-46.970,0.7850,1.0960
1659,18.4980,10.8419,1.2251,393216,830.47,12.81,1955198,-182.990,-109.980,-46.970,0.7850,1.0960
1660,18.5083,11.1515,1.0648,393216,830.47,12.81,1955198,-182.990,-109.980,-46.970,0.7850,1.0960
1661,18.5189,10.2938,0.9246,393216,830.47,12.81,1955198,-182.990,-109.980,-46.970,0.7850,1.0960
1662,18.5296,10.5822,0.7901,393216,830.47,12.81,1955198,-182.990,-109.980,-46.970,0.7850,1.0960
1663,18.5403,10.6696,0.8840,393216,830.47,12.81,1955198,-182.990,-109.980,-46.970,0.7850,1.0960
1664,18.5506,10.7334,0.7877,393216,830.47,12.81,1955198,-182.990,-109.980,-46.970,0.7850,1.0960
1665,18.5616,10.2652,0.8733,393216,830.47,12.81,1955198,-182.990,-109.980,-46.970,0.7850,1.0960
1666,18.5719,10.9779,0.9463,393216,830.47,12.81,1955198,-182.990,-109.980,-46.970,0.7850,1.0960
1667,18.5820,10.3468,0.8530,393216,830.47,12.81,1955198,-182.990,-109.980,-46.970,0.7850,1.0960
1668,18.5929,10.1255,0.8622,393216,830.47,12.81,1955198,-182.990,-109.980,-46.970,0.7850,1.0960
1669,18.6037,10.9150,0.8159,393216,830.47,12.81,1955198,-182.990,-109.980,-46.970,0.7850,1.0960
1670,18.6145,10.7946,1.1793,393216,830.47,12.81,1955198,-182.990,-109.980,-46.970,0.7850,1.0960
1671,18.6250,10.7692,0.8577,393216,830.47,12.81,1955198,-182.990,-109.980,-46.970,0.7850,1.0960
1672,18.6358,10.4409,0.8818,393216,830.47,12.81,1955198,-182.990,-109.980,-46.970,0.7850,1.0960
1673,18.6462,10.8045,0.8638,393216,830.47,12.81,1955198,-182.990,-109.980,-46.970,0.7850,1.0960
1674,18.6572,10.4518,0.8970,393216,830.47,12.81,1955198,-182.990,-109.980,-46.970,0.7850,1.0960
1675,18.6679,10.9764,0.8522,393216,830.47,12.81,1955198,-182.990,-109.980,-46.970,0.7850,1.0960
1676,18.6783,10.7029,0.8725,393216,830.47,12.81,1955198,-182.990,-109.980,-46.970,0.7850,1.0960
1677,18.6894,10.3814,1.2585,393216,830.47,12.81,1955198,-182.990,-109.980,-46.970,0.7850,1.0960
1678,18.6999,11.1806,0.8685,393216,830.47,12.81,1955198,-182.990,-109.980,-46.970,0.7850,1.0960
1679,18.7104,10.4390,1.0176,393216,830.47,12.81,1955198,-182.990,-109.980,-46.970,0.7850,1.0960
1680,18.7211,10.5674,0.9367,393216,830.47,12.81,1955198,-182.990,-109.980,-46.970,0.7850,1.0960
1681,18.7319,10.6293,0.9143,393216,830.47,12.81,1955198,-182.990,-109.980,-46.970,0.7850,1.0960
1682,18.7418,10.8478,0.8970,393216,830.47,12.81,1955198,-182.990,-109.980,-46.970,0.7850,1.0960
1683,18.7525,9.8289,0.8976,393216,830.47,12.81,1955198,-182.990,-109.980,-46.970,0.7850,1.0960
1684,18.7634,10.7116,0.9961,393216,830.47,12.81,1955198,-182.990,-109.980,-46.970,0.7850,1.0960
1685,18.7740,11.0004,0.8847,393216,830.47,12.81,1955198,-182.990,-109.980,-46.970,0.7850,1.0960
1686,18.7844,10.4927,0.8827,393216,830.47,12.81,1955198,-182.990,-109.980,-46.970,0.7850,1.0960
1687,18.7952,10.4705,0.9304,393216,830.47,12.81,1955198,-182.990,-109.980,-46.970,0.7850,1.0960
1688,18.8060,10.7597,0.9756,393216,830.47,12.81,1955198,-182.990,-109.980,-46.970,0.7850,1.0960
1689,18.8163,10.8118,0.7825,393216,830.47,12.81,1955198,-182.990,-109.980,-46.970,0.7850,1.0960
1690,18.8273,10.2710,0.9198,393216,830.47,12.81,1955198,-182.990,-109.980,-46.970,0.7850,1.0960
1691,18.8379,11.0270,0.8143,393216,830.47,12.81,1955198,-182.990,-109.980,-46.970,0.7850,1.0960
1692,18.8483,10.5545,0.9455,393216,830.47,12.81,1955198,-182.990,-109.980,-46.970,0.7850,1.0960
1693,18.8592,10.4639,0.8893,393216,830.47,12.81,1955198,-182.990,-109.980,-46.970,0.7850,1.0960
1694,18.8699,10.8877,0.7643,393216,830.47,12.81,1955198,-182.990,-109.980,-46.970,0.7850,1.0960
1695,18.8805,10.7164,0.8775,393216,830.47,12.81,1955198,-182.990,-109.980,-46.970,0.7850,1.0960
1696,18.8911,10.5470,0.7649,393216,830.47,12.81,1955198,-182.990,-109.980,-46.970,0.7850,1.0960
1697,18.9024,10.6329,0.8851,393216,830.47,12.81,1955198,-182.990,-109.980,-46.970,0.7850,1.0960
1698,18.9122,11.2756,0.7844,393216,830.47,12.81,1955198,-182.990,-109.980,-46.970,0.7850,1.0960
1699,18.9230,9.8432,0.9050,393216,830.47,12.81,1955198,-182.990,-109.980,-46.970,0.7850,1.0960
1700,18.9339,10.7862,0.8082,393216,830.47,12.81,1955198,-182.990,-109.980,-46.970,0.7850,1.0960
1701,18.9448,10.8530,0.8701,393216,830.47,12.81,1955198,-182.990,-109.980,-46.970,0.7850,1.0960
1702,18.9558,10.9801,1.1955,393216,830.47,12.81,1955198,-182.990,-109.980,-46.970,0.7850,1.0960
1703,18.9663,10.9490,0.8221,393216,830.47,12.81,1955198,-182.990,-109.980,-46.970,0.7850,1.0960
1704,18.9770,10.4922,0.8138,393216,830.47,12.81,1955198,-182.990,-109.980,-46.970,0.7850,1.0960
1705,18.9875,10.6949,0.7777,393216,830.47,12.81,1955198,-182.990,-109.980,-46.970,0.7850,1.0960
1706,18.9985,10.4852,0.7747,393216,830.47,12.81,1955198,-182.990,-109.980,-46.970,0.7850,1.0960
1707,19.0092,10.9863,0.7919,393216,830.47,12.81,1955198,-182.990,-109.980,-46.970,0.7850,1.0960
1708,19.0196,10.7473,0.8817,393216,830.47,12.81,1955198,-182.990,-109.980,-46.970,0.7850,1.0960
1709,19.0305,10.3948,0.9741,393216,830.47,12.81,1955198,-182.990,-109.980,-46.970,0.7850,1.0960
1710,19.0411,10.9086,0.8066,393216,830.47,12.81,1955198,-182.990,-109.980,-46.970,0.7850,1.0960
1711,19.0513,10.5995,0.7946,393216,830.47,12.81,1955198,-182.990,-109.980,-46.970,0.7850,1.0960
1712,19.0621,10.2382,0.8203,393216,830.47,12.81,1955198,-182.990,-109.980,-46.970,0.7850,1.0960
1713,19.0731,10.7548,0.8883,393216,830.47,12.81,1955198,-182.990,-109.980,-46.970,0.7850,1.0960
1714,19.0827,10.9711,0.7318,393216,830.47,12.81,1955198,-182.990,-109.980,-46.970,0.7850,1.0960
1715,19.0935,9.6637,0.7896,393216,830.47,12.81,1955198,-182.990,-109.980,-46.970,0.7850,1.0960
1716,19.1042,10.7629,0.7908,393216,830.47,12.81,1955198,-182.990,-109.980,-46.970,0.7850,1.0960
1717,19.1147,10.7369,0.8220,393216,830.47,12.81,1955198,-182.990,-109.980,-46.970,0.7850,1.0960
1718,19.1254,10.4681,0.7471,393216,830.47,12.81,1955198,-182.990,-109.980,-46.970,0.7850,1.0960
1719,19.1364,10.7156,0.8791,393216,830.47,12.81,1955198,-182.990,-109.980,-46.970,0.7850,1.0960
1720,19.1468,10.9682,0.8359,393216,830.47,12.81,1955198,-182.990,-109.980,-46.970,0.7850,1.0960
1721,19.1573,10.3802,0.7552,393216,830.47,12.81,1955198,-182.990,-109.980,-46.970,0.7850,1.0960
1722,19.1682,10.5249,0.7739,393216,830.47,12.81,1955198,-182.990,-109.980,-46.970,0.7850,1.0960
1723,19.1790,10.8623,0.8834,393216,830.47,12.81,1955198,-182.990,-109.980,-46.970,0.7850,1.0960
1724,19.1893,10.8768,0.7270,393216,830.47,12.81,1955198,-182.990,-109.980,-46.970,0.7850,1.0960
1725,19.2003,10.2949,0.7531,393216,830.47,12.81,1955198,-182.990,-109.980,-46.970,0.7850,1.0960
1726,19.2112,10.9644,0.8990,393216,830.47,12.81,1955198,-182.990,-109.980,-46.970,0.7850,1.0960
1727,19.2218,10.9479,0.9520,393216,830.47,12.81,1955198,-182.990,-109.980,-46.970,0.7850,1.0960
1728,19.2325,10.6046,0.8028,393216,830.47,12.81,1955198,-182.990,-109.980,-46.970,0.7850,1.0960
1729,19.2432,10.6327,0.7459,393216,830.47,12.81,1955198,-182.990,-109.980,-46.970,0.7850,1.0960
1730,19.2531,10.7204,0.6769,393216,830.47,12.81,1955198,-182.990,-109.980,-46.970,0.7850,1.0960
1731,19.2644,9.9173,1.0703,393216,830.47,12.81,1955198,-182.990,-109.980,-46.970,0.7850,1.0960
1732,19.2747,11.3076,0.7605,393216,830.47,12.81,1955198,-182.990,-109.980,-46.970,0.7850,1.0960
1733,19.2851,10.2327,0.7763,393216,830.47,12.81,1955198,-182.990,-109.980,-46.970,0.7850,1.0960
1734,19.2958,10.3954,0.7768,393216,830.47,12.81,1955198,-182.990,-109.980,-46.970,0.7850,1.0960
1735,19.3067,10.7797,0.8429,393216,830.47,12.81,1955198,-182.990,-109.980,-46.970,0.7850,1.0960
1736,19.3170,10.8791,0.7467,393216,830.47,12.81,1955198,-182.990,-109.980,-46.970,0.7850,1.0960
1737,19.3279,10.3317,0.8303,393216,830.47,12.81,1955198,-182.990,-109.980,-46.970,0.7850,1.0960
1738,19.3389,10.8343,1.1066,393216,830.47,12.81,1955198,-182.990,-109.980,-46.970,0.7850,1.0960
1739,19.3490,11.0317,0.8437,393216,830.47,12.81,1955198,-182.990,-109.980,-46.970,0.7850,1.0960
1740,19.3597,10.1333,0.7625,393216,830.47,12.81,1955198,-182.990,-109.980,-46.970,0.7850,1.0960
1741,19.3705,10.7000,0.7847,393216,830.47,12.81,1955198,-182.990,-109.980,-46.970,0.7850,1.0960
1742,19.3811,10.7648,0.9111,393216,830.47,12.81,1955198,-182.990,-109.980,-46.970,0.7850,1.0960
1743,19.3917,10.6234,0.8155,393216,830.47,12.81,1955198,-182.990,-109.980,-46.970,0.7850,1.0960
1744,19.4024,10.5381,0.7914,393216,830.47,12.81,1955198,-182.990,-109.980,-46.970,0.7850,1.0960
1745,19.4130,10.7698,0.8919,393216,830.47,12.81,1955198,-182.990,-109.980,-46.970,0.7850,1.0960
1746,19.4229,10.5915,0.8506,393216,830.47,12.81,1955198,-182.990,-109.980,-46.970,0.7850,1.0960
1747,19.4337,9.9203,0.7977,393216,830.47,12.81,1955198,-182.990,-109.980,-46.970,0.7850,1.0960
1748,19.4446,10.7825,0.9344,393216,830.47,12.81,1955198,-182.990,-109.980,-46.970,0.7850,1.0960
1749,19.4552,10.8661,0.9986,393216,830.47,12.81,1955198,-182.990,-109.980,-46.970,0.7850,1.0960
1750,19.4658,10.6013,0.8258,393216,830.47,12.81,1955198,-182.990,-109.980,-46.970,0.7850,1.0960
1751,19.4766,10.5975,0.8740,393216,830.47,12.81,1955198,-182.990,-109.980,-46.970,0.7850,1.0960
1752,19.4869,10.7946,0.8112,393216,830.47,12.81,1955198,-182.990,-109.980,-46.970,0.7850,1.0960
1753,19.4979,10.3266,0.8077,393216,830.47,12.81,1955198,-182.990,-109.980,-46.970,0.7850,1.0960
1754,19.5087,10.9572,0.7497,393216,830.47,12.81,1955198,-182.990,-109.980,-46.970,0.7850,1.0960
1755,19.5189,10.7935,0.7276,393216,830.47,12.81,1955198,-182.990,-109.980,-46.970,0.7850,1.0960
1756,19.5300,10.2803,0.9100,393216,830.47,12.81,1955198,-182.990,-109.980,-46.970,0.7850,1.0960
1757,19.5408,11.0159,0.7869,393216,830.47,12.81,1955198,-182.990,-109.980,-46.970,0.7850,1.0960
1758,19.5512,10.8160,0.7518,393216,830.47,12.81,1955198,-182.990,-109.980,-46.970,0.7850,1.0960
1759,19.5621,10.4589,0.8747,393216,830.47,12.81,1955198,-182.990,-109.980,-46.970,0.7850,1.0960
1760,19.5730,10.9083,0.7989,393216,830.47,12.81,1955198,-182.990,-109.980,-46.970,0.7850,1.0960
1761,19.5835,10.8262,0.7644,393216,830.47,12.81,1955198,-182.990,-109.980,-46.970,0.7850,1.0960
1762,19.5939,10.5645,0.7992,393216,830.47,12.81,1955198,-182.990,-109.980,-46.970,0.7850,1.0960
1763,19.6052,10.3629,1.1502,393216,830.47,12.81,1955198,-182.990,-109.980,-46.970,0.7850,1.0960
1764,19.6158,11.2991,0.8925,393216,830.47,12.81,1955198,-182.990,-109.980,-46.970,0.7850,1.0960
1765,19.6262,10.6322,0.7510,393216,830.47,12.81,1955198,-182.990,-109.980,-46.970,0.7850,1.0960
1766,19.6373,10.3624,0.8692,393216,830.47,12.81,1955198,-182.990,-109.980,-46.970,0.7850,1.0960
1767,19.6479,11.0972,0.7881,393216,830.47,12.81,1955198,-182.990,-109.980,-46.970,0.7850,1.0960
1768,19.6584,10.6490,0.7630,393216,830.47,12.81,1955198,-182.990,-109.980,-46.970,0.7850,1.0960
1769,19.6694,10.4429,0.8216,393216,830.47,12.81,1955198,-182.990,-109.980,-46.970,0.7850,1.0960
1770,19.6805,11.0582,0.8706,393216,830.47,12.81,1955198,-182.990,-109.980,-46.970,0.7850,1.0960
1771,19.6908,11.0505,0.7590,393216,830.47,12.81,1955198,-182.990,-109.980,-46.970,0.7850,1.0960
1772,19.7016,10.2624,0.8236,393216,830.47,12.81,1955198,-182.990,-109.980,-46.970,0.7850,1.0960
1773,19.7125,10.8948,0.7765,393216,830.47,12.81,1955198,-182.990,-109.980,-46.970,0.7850,1.0960
1774,19.7231,10.8561,0.8310,393216,830.47,12.81,1955198,-182.990,-109.980,-46.970,0.7850,1.0960
1775,19.7338,10.5666,0.8451,393216,830.47,12.81,1955198,-182.990,-109.980,-46.970,0.7850,1.0960
1776,19.7447,10.7333,0.7769,393216,830.47,12.81,1955198,-182.990,-109.980,-46.970,0.7850,1.0960
1777,19.7560,10.8897,1.2540,393216,830.47,12.81,1955198,-182.990,-109.980,-46.970,0.7850,1.0960
1778,19.7655,11.2875,0.8305,393216,830.47,12.81,1955198,-182.990,-109.980,-46.970,0.7850,1.0960
1779,19.7763,9.5007,0.8080,393216,830.47,12.81,1955198,-182.990,-109.980,-46.970,0.7850,1.0960
1780,19.7871,10.9279,0.8713,393216,830.47,12.81,1955198,-182.990,-109.980,-46.970,0.7850,1.0960
1781,19.7977,10.6705,1.0015,393216,830.47,12.81,1955198,-182.990,-109.980,-46.970,0.7850,1.0960
1782,19.8086,10.6475,0.9604,393216,830.47,12.81,1955198,-182.990,-109.980,-46.970,0.7850,1.0960
1783,19.8191,10.8444,0.8560,393216,830.47,12.81,1955198,-182.990,-109.980,-46.970,0.7850,1.0960
1784,19.8296,10.5308,0.8627,393216,830.47,12.81,1955198,-182.990,-109.980,-46.970,0.7850,1.0960
1785,19.8404,10.6634,0.8563,393216,830.47,12.81,1955198,-182.990,-109.980,-46.970,0.7850,1.0960
1786,19.8512,10.6315,0.7955,393216,830.47,12.81,1955198,-182.990,-109.980,-46.970,0.7850,1.0960
1787,19.8614,10.7656,0.7583,393216,830.47,12.81,1955198,-182.990,-109.980,-46.970,0.7850,1.0960
1788,19.8724,10.2816,1.0632,393216,830.47,12.81,1955198,-182.990,-109.980,-46.970,0.7850,1.0960
1789,19.8829,10.9212,0.7428,393216,830.47,12.81,1955198,-182.990,-109.980,-46.970,0.7850,1.0960
1790,19.8933,10.5534,0.7678,393216,830.47,12.81,1955198,-182.990,-109.980,-46.970,0.7850,1.0960
1791,19.9040,10.3879,0.7775,393216,830.47,12.81,1955198,-182.990,-109.980,-46.970,0.7850,1.0960
1792,19.9148,10.7389,0.7634,393216,830.47,12.81,1955198,-182.990,-109.980,-46.970,0.7850,1.0960
1793,19.9255,10.7810,0.8939,393216,830.47,12.81,1955198,-182.990,-109.980,-46.970,0.7850,1.0960
1794,19.9355,10.6718,0.7185,393216,830.47,12.81,1955198,-182.990,-109.980,-46.970,0.7850,1.0960
1795,19.9465,9.9693,0.9581,393216,830.47,12.81,1955198,-182.990,-109.980,-46.970,0.7850,1.0960
1796,19.9573,11.0704,0.9820,393216,830.47,12.81,1955198,-182.990,-109.980,-46.970,0.7850,1.0960
1797,19.9677,10.7286,0.9370,393216,830.47,12.81,1955198,-182.990,-109.980,-46.970,0.7850,1.0960
1798,19.9786,10.4761,0.7567,393216,830.47,12.81,1955198,-182.990,-109.980,-46.970,0.7850,1.0960
1799,19.9893,10.8579,0.8410,393216,830.47,12.81,1955198,-182.990,-109.980,-46.970,0.7850,1.0960
1800,19.9997,10.7355,0.7416,393216,830.47,12.81,1955198,-182.990,-109.980,-46.970,0.7850,1.0960
1801,20.0108,10.3640,0.7632,393216,830.47,12.81,1955198,-182.990,-109.980,-46.970,0.7850,1.0960
1802,20.0221,11.0791,1.1068,393216,830.47,12.81,1955198,-182.990,-109.980,-46.970,0.7850,1.0960
1803,20.0322,11.2948,0.7403,393216,830.47,12.81,1955198,-182.990,-109.980,-46.970,0.7850,1.0960
1804,20.0431,10.1021,0.8261,393216,830.47,12.81,1955198,-182.990,-109.980,-46.970,0.7850,1.0960
1805,20.0542,10.9292,0.7974,393216,830.47,12.81,1955198,-182.990,-109.980,-46.970,0.7850,1.0960
1806,20.0646,11.0841,0.8228,393216,830.47,12.81,1955198,-182.990,-109.980,-46.970,0.7850,1.0960
1807,20.0755,10.4340,0.8236,393216,830.47,12.81,1955198,-182.990,-109.980,-46.970,0.7850,1.0960
1808,20.0864,10.8665,0.8362,393216,830.47,12.81,1955198,-182.990,-109.980,-46.970,0.7850,1.0960
1809,20.0973,10.8773,1.2852,393216,830.47,12.81,1955198,-182.990,-109.980,-46.970,0.7850,1.0960
1810,20.1070,10.9622,0.7538,393216,830.47,12.81,1955198,-182.990,-109.980,-46.970,0.7850,1.0960
1811,20.1180,9.6928,0.8464,393216,830.47,12.81,1955198,-182.990,-109.980,-46.970,0.7850,1.0960
1812,20.1288,11.0202,0.7970,393216,830.47,12.81,1955198,-182.990,-109.980,-46.970,0.7850,1.0960
1813,20.1394,10.8042,0.8022,393216,830.47,12.81,1955198,-182.990,-109.980,-46.970,0.7850,1.0960
1814,20.1503,10.5060,0.8190,393216,830.47,12.81,1955198,-182.990,-109.980,-46.970,0.7850,1.0960
1815,20.1612,10.9094,0.8442,393216,830.47,12.81,1955198,-182.990,-109.980,-46.970,0.7850,1.0960
1816,20.1718,10.9683,1.0562,393216,830.47,12.81,1955198,-182.990,-109.980,-46.970,0.7850,1.0960
1817,20.1825,10.5578,0.7632,393216,830.47,12.81,1955198,-182.990,-109.980,-46.970,0.7850,1.0960
1818,20.1934,10.6968,0.7945,393216,830.47,12.81,1955198,-182.990,-109.980,-46.970,0.7850,1.0960
1819,20.2038,10.9608,0.7588,393216,830.47,12.81,1955198,-182.990,-109.980,-46.970,0.7850,1.0960
1820,20.2147,10.3697,0.8154,393216,830.47,12.81,1955198,-182.990,-109.980,-46.970,0.7850,1.0960
1821,20.2255,10.8666,0.7387,393216,830.47,12.81,1955198,-182.990,-109.980,-46.970,0.7850,1.0960
1822,20.2363,10.8056,1.0245,393216,830.47,12.81,1955198,-182.990,-109.980,-46.970,0.7850,1.0960
1823,20.2472,10.8410,1.1421,393216,830.47,12.81,1955198,-182.990,-109.980,-46.970,0.7850,1.0960
1824,20.2577,10.8500,0.7347,393216,830.47,12.81,1955198,-182.990,-109.980,-46.970,0.7850,1.0960
1825,20.2688,10.4743,0.9548,393216,830.47,12.81,1955198,-182.990,-109.980,-46.970,0.7850,1.0960
1826,20.2787,11.1679,0.8127,393216,830.47,12.81,1955198,-182.990,-109.980,-46.970,0.7850,1.0960
1827,20.2895,9.8953,0.7972,393216,830.47,12.81,1955198,-182.990,-109.980,-46.970,0.7850,1.0960
1828,20.3004,10.7912,0.8647,393216,830.47,12.81,1955198,-182.990,-109.980,-46.970,0.7850,1.0960
1829,20.3109,10.9044,0.7692,393216,830.47,12.81,1955198,-182.990,-109.980,-46.970,0.7850,1.0960
1830,20.3223,10.5141,1.1701,393216,830.47,12.81,1955198,-182.990,-109.980,-46.970,0.7850,1.0960
1831,20.3327,11.3741,0.7775,393216,830.47,12.81,1955198,-182.990,-109.980,-46.970,0.7850,1.0960
1832,20.3431,10.3502,0.7856,393216,830.47,12.81,1955198,-182.990,-109.980,-46.970,0.7850,1.0960
1833,20.3541,10.4753,0.7861,393216,830.47,12.81,1955198,-182.990,-109.980,-46.970,0.7850,1.0960
1834,20.3649,10.9340,0.8064,393216,830.47,12.81,1955198,-182.990,-109.980,-46.970,0.7850,1.0960
1835,20.3754,10.8472,0.7949,393216,830.47,12.81,1955198,-182.990,-109.980,-46.970,0.7850,1.0960
1836,20.3862,10.5263,0.8361,393216,830.47,12.81,1955198,-182.990,-109.980,-46.970,0.7850,1.0960
1837,20.3975,10.8233,1.0573,393216,830.47,12.81,1955198,-182.990,-109.980,-46.970,0.7850,1.0960
1838,20.4076,11.2265,0.7839,393216,830.47,12.81,1955198,-182.990,-109.980,-46.970,0.7850,1.0960
1839,20.4184,10.1326,0.7767,393216,830.47,12.81,1955198,-182.990,-109.980,-46.970,0.7850,1.0960
1840,20.4292,10.7365,0.7480,393216,830.47,12.81,1955198,-182.990,-109.980,-46.970,0.7850,1.0960
1841,20.4404,10.8825,0.9771,393216,830.47,12.81,1955198,-182.990,-109.980,-46.970,0.7850,1.0960
1842,20.4502,11.1313,0.8539,393216,830.47,12.81,1955198,-182.990,-109.980,-46.970,0.7850,1.0960
1843,20.4609,9.8122,0.7924,393216,830.47,12.81,1955198,-182.990,-109.980,-46.970,0.7850,1.0960
1844,20.4722,10.7276,1.1524,393216,830.47,12.81,1955198,-182.990,-109.980,-46.970,0.7850,1.0960
1845,20.4822,11.3099,0.7230,393216,830.47,12.81,1955198,-182.990,-109.980,-46.970,0.7850,1.0960
1846,20.4933,10.0080,0.8089,393216,830.47,12.81,1955198,-182.990,-109.980,-46.970,0.7850,1.0960
1847,20.5042,11.1123,0.7967,393216,830.47,12.81,1955198,-182.990,-109.980,-46.970,0.7850,1.0960
1848,20.5145,10.8192,0.7713,393216,830.47,12.81,1955198,-182.990,-109.980,-46.970,0.7850,1.0960
1849,20.5254,10.3833,0.8034,393216,830.47,12.81,1955198,-182.990,-109.980,-46.970,0.7850,1.0960
1850,20.5363,10.8737,0.7605,393216,830.47,12.81,1955198,-182.990,-109.980,-46.970,0.7850,1.0960
1851,20.5470,10.8801,1.0366,393216,830.47,12.81,1955198,-182.990,-109.980,-46.970,0.7850,1.0960
1852,20.5576,10.6856,0.8324,393216,830.47,12.81,1955198,-182.990,-109.980,-46.970,0.7850,1.0960
1853,20.5685,10.6093,0.8404,393216,830.47,12.81,1955198,-182.990,-109.980,-46.970,0.7850,1.0960
1854,20.5796,10.9060,1.0211,393216,830.47,12.81,1955198,-182.990,-109.980,-46.970,0.7850,1.0960
1855,20.5901,11.1525,1.0348,393216,830.47,12.81,1955198,-182.990,-109.980,-46.970,0.7850,1.0960
1856,20.6008,10.5577,0.8914,393216,830.47,12.81,1955198,-182.990,-109.980,-46.970,0.7850,1.0960
1857,20.6117,10.6204,0.9488,393216,830.47,12.81,1955198,-182.990,-109.980,-46.970,0.7850,1.0960
1858,20.6215,10.8333,0.8719,393216,830.47,12.81,1955198,-182.990,-109.980,-46.970,0.7850,1.0960
1859,20.6323,9.8877,0.8701,393216,830.47,12.81,1955198,-182.990,-109.980,-46.970,0.7850,1.0960
1860,20.6432,10.8048,0.8218,393216,830.47,12.81,1955198,-182.990,-109.980,-46.970,0.7850,1.0960
1861,20.6537,10.8611,0.8198,393216,830.47,12.81,1955198,-182.990,-109.980,-46.970,0.7850,1.0960
1862,20.6649,10.4428,1.0775,393216,830.47,12.81,1955198,-182.990,-109.980,-46.970,0.7850,1.0960
1863,20.6754,11.2117,0.8449,393216,830.47,12.81,1955198,-182.990,-109.980,-46.970,0.7850,1.0960
1864,20.6859,10.5716,0.8923,393216,830.47,12.81,1955198,-182.990,-109.980,-46.970,0.7850,1.0960
1865,20.6967,10.4620,0.8477,393216,830.47,12.81,1955198,-182.990,-109.980,-46.970,0.7850,1.0960
1866,20.7076,10.8507,0.8339,393216,830.47,12.81,1955198,-182.990,-109.980,-46.970,0.7850,1.0960
1867,20.7180,10.8038,0.7993,393216,830.47,12.81,1955198,-182.990,-109.980,-46.970,0.7850,1.0960
1868,20.7288,10.4248,0.8483,393216,830.47,12.81,1955198,-182.990,-109.980,-46.970,0.7850,1.0960
1869,20.7400,10.8397,1.0571,393216,830.47,12.81,1955198,-182.990,-109.980,-46.970,0.7850,1.0960
1870,20.7509,11.2208,0.9724,393216,830.47,12.81,1955198,-182.990,-109.980,-46.970,0.7850,1.0960
1871,20.7613,10.8470,0.8400,393216,830.47,12.81,1955198,-182.990,-109.980,-46.970,0.7850,1.0960
1872,20.7722,10.4418,0.9323,393216,830.47,12.81,1955198,-182.990,-109.980,-46.970,0.7850,1.0960
1873,20.7829,10.8902,0.9397,393216,830.47,12.81,1955198,-182.990,-109.980,-46.970,0.7850,1.0960
1874,20.7927,10.7171,0.7731,393216,830.47,12.81,1955198,-182.990,-109.980,-46.970,0.7850,1.0960
1875,20.8037,9.7341,0.8787,393216,830.47,12.81,1955198,-182.990,-109.980,-46.970,0.7850,1.0960
1876,20.8145,10.9889,0.9918,393216,830.47,12.81,1955198,-182.990,-109.980,-46.970,0.7850,1.0960
1877,20.8248,10.8979,0.7694,393216,830.47,12.81,1955198,-182.990,-109.980,-46.970,0.7850,1.0960
1878,20.8359,10.3300,0.8351,393216,830.47,12.81,1955198,-182.990,-109.980,-46.970,0.7850,1.0960
1879,20.8466,10.9849,0.8077,393216,830.47,12.81,1955198,-182.990,-109.980,-46.970,0.7850,1.0960
1880,20.8570,10.7279,0.8266,393216,830.47,12.81,1955198,-182.990,-109.980,-46.970,0.7850,1.0960
1881,20.8679,10.4064,0.8337,393216,830.47,12.81,1955198,-182.990,-109.980,-46.970,0.7850,1.0960
1882,20.8787,10.8934,0.7556,393216,830.47,12.81,1955198,-182.990,-109.980,-46.970,0.7850,1.0960
1883,20.8895,10.7719,1.0625,393216,830.47,12.81,1955198,-182.990,-109.980,-46.970,0.7850,1.0960
1884,20.9000,10.8262,0.7745,393216,830.47,12.81,1955198,-182.990,-109.980,-46.970,0.7850,1.0960
1885,20.9109,10.4791,0.8787,393216,830.47,12.81,1955198,-182.990,-109.980,-46.970,0.7850,1.0960
1886,20.9218,10.9748,0.8337,393216,830.47,12.81,1955198,-182.990,-109.980,-46.970,0.7850,1.0960
1887,20.9323,10.8978,0.8461,393216,830.47,12.81,1955198,-182.990,-109.980,-46.970,0.7850,1.0960
1888,20.9433,10.4866,0.8537,393216,830.47,12.81,1955198,-182.990,-109.980,-46.970,0.7850,1.0960
1889,20.9542,11.0036,0.8312,393216,830.47,12.81,1955198,-182.990,-109.980,-46.970,0.7850,1.0960
1890,20.9641,10.8838,0.8431,393216,830.47,12.81,1955198,-182.990,-109.980,-46.970,0.7850,1.0960
1891,20.9750,9.8854,0.8161,393216,830.47,12.81,1955198,-182.990,-109.980,-46.970,0.7850,1.0960
1892,20.9859,10.9433,0.8272,393216,830.47,12.81,1955198,-182.990,-109.980,-46.970,0.7850,1.0960
1893,20.9964,10.8698,0.8548,393216,830.47,12.81,1955198,-182.990,-109.980,-46.970,0.7850,1.0960
1894,21.0075,10.5175,0.9703,393216,830.47,12.81,1955198,-182.990,-109.980,-46.970,0.7850,1.0960
1895,21.0181,11.0486,0.8796,393216,830.47,12.81,1955198,-182.990,-109.980,-46.970,0.7850,1.0960
1896,21.0286,10.6494,0.9062,393216,830.47,12.81,1955198,-182.990,-109.980,-46.970,0.7850,1.0960
1897,21.0395,10.4739,0.9002,393216,830.47,12.81,1955198,-182.990,-109.980,-46.970,0.7850,1.0960
1898,21.0503,10.9353,0.8272,393216,830.47,12.81,1955198,-182.990,-109.980,-46.970,0.7850,1.0960
1899,21.0607,10.7395,0.7274,393216,830.47,12.81,1955198,-182.990,-109.980,-46.970,0.7850,1.0960
1900,21.0715,10.3709,0.8140,393216,830.47,12.81,1955198,-182.990,-109.980,-46.970,0.7850,1.0960
1901,21.0825,10.8207,0.8163,393216,830.47,12.81,1955198,-182.990,-109.980,-46.970,0.7850,1.0960
1902,21.0934,11.0006,0.8133,393216,830.47,12.81,1955198,-182.990,-109.980,-46.970,0.7850,1.0960
1903,21.1040,10.8802,0.8117,393216,830.47,12.81,1955198,-182.990,-109.980,-46.970,0.7850,1.0960
1904,21.1149,10.6054,0.9726,393216,830.47,12.81,1955198,-182.990,-109.980,-46.970,0.7850,1.0960
1905,21.1256,10.9768,0.7613,393216,830.47,12.81,1955198,-182.990,-109.980,-46.970,0.7850,1.0960
1906,21.1355,10.6536,0.7928,393216,830.47,12.81,1955198,-182.990,-109.980,-46.970,0.7850,1.0960
1907,21.1464,9.8995,0.8125,393216,830.47,12.81,1955198,-182.990,-109.980,-46.970,0.7850,1.0960
1908,21.1574,10.9324,0.9174,393216,830.47,12.81,1955198,-182.990,-109.980,-46.970,0.7850,1.0960
1909,21.1678,10.9285,0.7356,393216,830.47,12.81,1955198,-182.990,-109.980,-46.970,0.7850,1.0960
1910,21.1787,10.3986,0.7783,393216,830.47,12.81,1955198,-182.990,-109.980,-46.970,0.7850,1.0960
1911,21.1898,10.9196,1.0915,393216,830.47,12.81,1955198,-182.990,-109.980,-46.970,0.7850,1.0960
1912,21.2000,11.1390,0.7625,393216,830.47,12.81,1955198,-182.990,-109.980,-46.970,0.7850,1.0960
1913,21.2110,10.1548,0.8587,393216,830.47,12.81,1955198,-182.990,-109.980,-46.970,0.7850,1.0960
1914,21.2219,11.0288,0.7974,393216,830.47,12.81,1955198,-182.990,-109.980,-46.970,0.7850,1.0960
1915,21.2324,10.9382,0.8712,393216,830.47,12.81,1955198,-182.990,-109.980,-46.970,0.7850,1.0960
1916,21.2433,10.5117,0.8959,393216,830.47,12.81,1955198,-182.990,-109.980,-46.970,0.7850,1.0960
1917,21.2540,10.9110,0.7916,393216,830.47,12.81,1955198,-182.990,-109.980,-46.970,0.7850,1.0960
1918,21.2656,10.6868,1.3337,393216,830.47,12.81,1955198,-182.990,-109.980,-46.970,0.7850,1.0960
1919,21.2754,11.5275,0.7739,393216,830.47,12.81,1955198,-182.990,-109.980,-46.970,0.7850,1.0960
1920,21.2864,9.8018,0.8085,393216,830.47,12.81,1955198,-182.990,-109.980,-46.970,0.7850,1.0960
1921,21.2974,11.0140,0.8231,393216,830.47,12.81,1955198,-182.990,-109.980,-46.970,0.7850,1.0960
1922,21.3073,10.9904,0.8912,393216,830.47,12.81,1955198,-182.990,-109.980,-46.970,0.7850,1.0960
1923,21.3182,9.9450,0.8267,393216,830.47,12.81,1955198,-182.990,-109.980,-46.970,0.7850,1.0960
1924,21.3289,10.8730,0.7314,393216,830.47,12.81,1955198,-182.990,-109.980,-46.970,0.7850,1.0960
1925,21.3396,10.7122,0.8955,393216,830.47,12.81,1955198,-182.990,-109.980,-46.970,0.7850,1.0960
1926,21.3504,10.6996,0.7562,393216,830.47,12.81,1955198,-182.990,-109.980,-46.970,0.7850,1.0960
1927,21.3612,10.7538,0.7977,393216,830.47,12.81,1955198,-182.990,-109.980,-46.970,0.7850,1.0960
1928,21.3716,10.8499,0.7553,393216,830.47,12.81,1955198,-182.990,-109.980,-46.970,0.7850,1.0960
1929,21.3824,10.4274,0.8662,393216,830.47,12.81,1955198,-182.990,-109.980,-46.970,0.7850,1.0960
1930,21.3935,10.7775,0.8519,393216,830.47,12.81,1955198,-182.990,-109.980,-46.970,0.7850,1.0960
1931,21.4043,11.0481,0.8909,393216,830.47,12.81,1955198,-182.990,-109.980,-46.970,0.7850,1.0960
1932,21.4150,10.8667,1.0860,393216,830.47,12.81,1955198,-182.990,-109.980,-46.970,0.7850,1.0960
1933,21.4256,10.6794,0.7547,393216,830.47,12.81,1955198,-182.990,-109.980,-46.970,0.7850,1.0960
1934,21.4366,10.6130,0.8900,393216,830.47,12.81,1955198,-182.990,-109.980,-46.970,0.7850,1.0960
1935,21.4471,10.9509,0.8019,393216,830.47,12.81,1955198,-182.990,-109.980,-46.970,0.7850,1.0960
1936,21.4579,10.4935,0.8312,393216,830.47,12.81,1955198,-182.990,-109.980,-46.970,0.7850,1.0960
1937,21.4689,10.8593,0.7916,393216,830.47,12.81,1955198,-182.990,-109.980,-46.970,0.7850,1.0960
1938,21.4787,10.9518,0.7761,393216,830.47,12.81,1955198,-182.990,-109.980,-46.970,0.7850,1.0960
1939,21.4896,9.8681,0.8452,393216,830.47,12.81,1955198,-182.990,-109.980,-46.970,0.7850,1.0960
1940,21.5005,10.8544,0.7799,393216,830.47,12.81,1955198,-182.990,-109.980,-46.970,0.7850,1.0960
1941,21.5111,10.8972,0.8939,393216,830.47,12.81,1955198,-182.990,-109.980,-46.970,0.7850,1.0960
1942,21.5219,10.6216,0.8371,393216,830.47,12.81,1955198,-182.990,-109.980,-46.970,0.7850,1.0960
1943,21.5329,10.8279,0.8522,393216,830.47,12.81,1955198,-182.990,-109.980,-46.970,0.7850,1.0960
1944,21.5438,10.9816,0.8937,393216,830.47,12.81,1955198,-182.990,-109.980,-46.970,0.7850,1.0960
1945,21.5543,10.9224,0.7947,393216,830.47,12.81,1955198,-182.990,-109.980,-46.970,0.7850,1.0960
1946,21.5655,10.4791,1.0180,393216,830.47,12.81,1955198,-182.990,-109.980,-46.970,0.7850,1.0960
1947,21.5761,11.1522,0.7159,393216,830.47,12.81,1955198,-182.990,-109.980,-46.970,0.7850,1.0960
1948,21.5867,10.5728,0.8364,393216,830.47,12.81,1955198,-182.990,-109.980,-46.970,0.7850,1.0960
1949,21.5975,10.6192,0.8636,393216,830.47,12.81,1955198,-182.990,-109.980,-46.970,0.7850,1.0960
1950,21.6084,10.8400,0.8084,393216,830.47,12.81,1955198,-182.990,-109.980,-46.970,0.7850,1.0960
1951,21.6187,10.8458,0.7244,393216,830.47,12.81,1955198,-182.990,-109.980,-46.970,0.7850,1.0960
1952,21.6297,10.3402,0.8608,393216,830.47,12.81,1955198,-182.990,-109.980,-46.970,0.7850,1.0960
1953,21.6406,10.9980,0.9009,393216,830.47,12.81,1955198,-182.990,-109.980,-46.970,0.7850,1.0960
1954,21.6504,10.9139,0.7266,393216,830.47,12.81,1955198,-182.990,-109.980,-46.970,0.7850,1.0960
1955,21.6613,9.7972,0.8426,393216,830.47,12.81,1955198,-182.990,-109.980,-46.970,0.7850,1.0960
1956,21.6722,10.9291,0.8260,393216,830.47,12.81,1955198,-182.990,-109.980,-46.970,0.7850,1.0960
1957,21.6828,10.9102,0.8688,393216,830.47,12.81,1955198,-182.990,-109.980,-46.970,0.7850,1.0960
1958,21.6937,10.5869,0.7833,393216,830.47,12.81,1955198,-182.990,-109.980,-46.970,0.7850,1.0960
1959,21.7046,10.8539,0.7868,393216,830.47,12.81,1955198,-182.990,-109.980,-46.970,0.7850,1.0960
1960,21.7156,10.8934,1.0292,393216,830.47,12.81,1955198,-182.990,-109.980,-46.970,0.7850,1.0960
1961,21.7259,11.0585,0.7526,393216,830.47,12.81,1955198,-182.990,-109.980,-46.970,0.7850,1.0960
1962,21.7370,10.2262,0.8686,393216,830.47,12.81,1955198,-182.990,-109.980,-46.970,0.7850,1.0960
1963,21.7481,11.1193,1.1000,393216,830.47,12.81,1955198,-182.990,-109.980,-46.970,0.7850,1.0960
1964,21.7581,11.1461,0.7084,393216,830.47,12.81,1955198,-182.990,-109.980,-46.970,0.7850,1.0960
1965,21.7692,9.9899,0.8491,393216,830.47,12.81,1955198,-182.990,-109.980,-46.970,0.7850,1.0960
1966,21.7801,11.1000,0.7758,393216,830.47,12.81,1955198,-182.990,-109.980,-46.970,0.7850,1.0960
1967,21.7906,10.9008,0.8331,393216,830.47,12.81,1955198,-182.990,-109.980,-46.970,0.7850,1.0960
1968,21.8014,10.4692,0.8481,393216,830.47,12.81,1955198,-182.990,-109.980,-46.970,0.7850,1.0960
1969,21.8123,10.7966,0.8074,393216,830.47,12.81,1955198,-182.990,-109.980,-46.970,0.7850,1.0960
1970,21.8223,10.9179,0.7533,393216,830.47,12.81,1955198,-182.990,-109.980,-46.970,0.7850,1.0960
1971,21.8329,10.0288,0.8066,393216,830.47,12.81,1955198,-182.990,-109.980,-46.970,0.7850,1.0960
1972,21.8438,10.5701,0.7221,393216,830.47,12.81,1955198,-182.990,-109.980,-46.970,0.7850,1.0960
1973,21.8547,10.9122,1.0216,393216,830.47,12.81,1955198,-182.990,-109.980,-46.970,0.7850,1.0960
1974,21.8653,10.9333,0.7996,393216,830.47,12.81,1955198,-182.990,-109.980,-46.970,0.7850,1.0960
1975,21.8761,10.5848,0.7817,393216,830.47,12.81,1955198,-182.990,-109.980,-46.970,0.7850,1.0960
1976,21.8871,10.7972,0.9334,393216,830.47,12.81,1955198,-182.990,-109.980,-46.970,0.7850,1.0960
1977,21.8976,11.0256,0.9416,393216,830.47,12.81,1955198,-182.990,-109.980,-46.970,0.7850,1.0960
1978,21.9084,10.4906,0.7928,393216,830.47,12.81,1955198,-182.990,-109.980,-46.970,0.7850,1.0960
1979,21.9193,10.7692,0.7338,393216,830.47,12.81,1955198,-182.990,-109.980,-46.970,0.7850,1.0960
1980,21.9298,10.8366,0.7919,393216,830.47,12.81,1955198,-182.990,-109.980,-46.970,0.7850,1.0960
1981,21.9408,10.5176,0.8411,393216,830.47,12.81,1955198,-182.990,-109.980,-46.970,0.7850,1.0960
1982,21.9515,11.0603,0.7390,393216,830.47,12.81,1955198,-182.990,-109.980,-46.970,0.7850,1.0960
1983,21.9621,10.6535,0.8786,393216,830.47,12.81,1955198,-182.990,-109.980,-46.970,0.7850,1.0960
1984,21.9731,10.6837,1.0739,393216,830.47,12.81,1955198,-182.990,-109.980,-46.970,0.7850,1.0960
1985,21.9838,10.9855,0.7710,393216,830.47,12.81,1955198,-182.990,-109.980,-46.970,0.7850,1.0960
1986,21.9941,10.6338,0.8236,393216,830.47,12.81,1955198,-182.990,-109.980,-46.970,0.7850,1.0960
1987,22.0047,10.3560,0.8832,393216,830.47,12.81,1955198,-182.990,-109.980,-46.970,0.7850,1.0960
