frame,t_s,full_ms,cpu_ms,heap_pages,heap_capacity_mb,heap_used_mb,heap_cap_pages,px,py,pz,yaw,pitch
0,0.0458,257449472.0000,44.0537,131072,276.82,0.00,1955198,-182.990,-109.980,-46.970,0.7850,1.0960
1,0.0559,53.7392,1.4340,131072,276.82,0.00,1955198,-182.990,-109.980,-46.970,0.7850,1.0960
2,0.0574,2.3414,0.7703,131072,276.82,0.00,1955198,-182.990,-109.980,-46.970,0.7850,1.0960
3,0.0767,0.9098,1.3078,131072,276.82,0.00,1955198,-182.990,-109.980,-46.970,0.7850,1.0960
4,0.0973,19.3791,1.2633,131072,276.82,0.00,1955198,-182.990,-109.980,-46.970,0.7850,1.0960
5,0.1188,20.5753,1.5738,131072,276.82,0.00,1955198,-182.990,-109.980,-46.970,0.7850,1.0960
6,0.1394,21.4823,1.3915,131072,276.82,0.00,1955198,-182.990,-109.980,-46.970,0.7850,1.0960
7,0.1603,20.5671,1.3726,131072,276.82,0.13,1955198,-182.990,-109.980,-46.970,0.7850,1.0960
8,0.1883,20.8703,3.4034,393216,830.47,0.13,1955198,-182.990,-109.980,-46.970,0.7850,1.0960
9,0.2172,28.1076,1.4867,393216,830.47,0.13,1955198,-182.990,-109.980,-46.970,0.7850,1.0960
10,0.2563,28.8056,1.7800,393216,830.47,1.57,1955198,-182.990,-109.980,-46.970,0.7850,1.0960
11,0.2835,42.9385,1.0184,393216,830.47,3.47,1955198,-182.990,-109.980,-46.970,0.7850,1.0960
12,0.3122,23.3439,1.1365,393216,830.47,6.02,1955198,-182.990,-109.980,-46.970,0.7850,1.0960
13,0.3400,28.7449,1.1145,393216,830.47,6.02,1955198,-182.990,-109.980,-46.970,0.7850,1.0960
14,0.3708,27.8424,1.2418,393216,830.47,6.72,1955198,-182.990,-109.980,-46.970,0.7850,1.0960
15,0.3996,30.7978,0.9731,393216,830.47,6.72,1955198,-182.990,-109.980,-46.970,0.7850,1.0960
16,0.4280,28.7647,0.8744,393216,830.47,7.38,1955198,-182.990,-109.980,-46.970,0.7850,1.0960
17,0.4597,28.3873,1.4452,393216,830.47,7.38,1955198,-182.990,-109.980,-46.970,0.7850,1.0960
18,0.4902,31.6774,1.2127,393216,830.47,7.38,1955198,-182.990,-109.980,-46.970,0.7850,1.0960
19,0.5230,30.5398,1.2424,393216,830.47,7.60,1955198,-182.990,-109.980,-46.970,0.7850,1.0960
20,0.5547,32.8196,1.2156,393216,830.47,8.26,1955198,-182.990,-109.980,-46.970,0.7850,1.0960
21,0.5837,31.6811,1.0175,393216,830.47,10.21,1955198,-182.990,-109.980,-46.970,0.7850,1.0960
22,0.6144,28.9933,1.0794,393216,830.47,11.16,1955198,-182.990,-109.980,-46.970,0.7850,1.0960
23,0.6432,30.7365,0.9226,393216,830.47,11.21,1955198,-182.990,-109.980,-46.970,0.7850,1.0960
24,0.6725,28.7773,0.8861,393216,830.47,11.76,1955198,-182.990,-109.980,-46.970,0.7850,1.0960
25,0.7048,29.2418,1.2091,393216,830.47,11.76,1955198,-182.990,-109.980,-46.970,0.7850,1.0960
26,0.7338,32.3095,0.8940,393216,830.47,11.76,1955198,-182.990,-109.980,-46.970,0.7850,1.0960
27,0.7659,29.0465,1.2834,393216,830.47,12.99,1955198,-182.990,-109.980,-46.970,0.7850,1.0960
28,0.7953,32.0672,0.9402,393216,830.47,12.99,1955198,-182.990,-109.980,-46.970,0.7850,1.0960
29,0.8257,29.4674,1.0161,393216,830.47,13.73,1955198,-182.990,-109.980,-46.970,0.7850,1.0960
30,0.8558,30.3027,0.9538,393216,830.47,13.73,1955198,-182.990,-109.980,-46.970,0.7850,1.0960
31,0.8884,30.1703,1.3550,393216,830.47,13.73,1955198,-182.990,-109.980,-46.970,0.7850,1.0960
32,0.9189,32.5484,1.4133,393216,830.47,13.76,1955198,-182.990,-109.980,-46.970,0.7850,1.0960
33,0.9490,30.5370,1.1438,393216,830.47,14.28,1955198,-182.990,-109.980,-46.970,0.7850,1.0960
34,0.9789,30.1454,1.2169,393216,830.47,14.53,1955198,-182.990,-109.980,-46.970,0.7850,1.0960
35,0.9993,29.8859,0.9911,393216,830.47,14.53,1955198,-182.990,-109.980,-46.970,0.7850,1.0960
36,1.0191,20.3468,1.1619,393216,830.47,14.53,1955198,-182.990,-109.980,-46.970,0.7850,1.0960
37,1.0389,19.8658,1.0136,393216,830.47,14.53,1955198,-182.990,-109.980,-46.970,0.7850,1.0960
38,1.0589,19.7985,1.0689,393216,830.47,14.53,1955198,-182.990,-109.980,-46.970,0.7850,1.0960
39,1.0787,19.9802,1.0759,393216,830.47,14.53,1955198,-182.990,-109.980,-46.970,0.7850,1.0960
40,1.0983,19.7466,1.0283,393216,830.47,14.53,1955198,-182.990,-109.980,-46.970,0.7850,1.0960
41,1.1182,19.6325,1.0270,393216,830.47,14.53,1955198,-182.990,-109.980,-46.970,0.7850,1.0960
42,1.1381,19.8853,1.0622,393216,830.47,14.53,1955198,-182.990,-109.980,-46.970,0.7850,1.0960
43,1.1579,19.8970,1.0281,393216,830.47,14.53,1955198,-182.990,-109.980,-46.970,0.7850,1.0960
44,1.1775,19.9323,1.0429,393216,830.47,14.53,1955198,-182.990,-109.980,-46.970,0.7850,1.0960
45,1.1970,19.4667,0.8953,393216,830.47,14.53,1955198,-182.990,-109.980,-46.970,0.7850,1.0960
46,1.2169,19.5631,0.8442,393216,830.47,14.53,1955198,-182.990,-109.980,-46.970,0.7850,1.0960
47,1.2366,19.8946,0.7562,393216,830.47,14.53,1955198,-182.990,-109.980,-46.970,0.7850,1.0960
48,1.2563,19.6670,0.7761,393216,830.47,14.53,1955198,-182.990,-109.980,-46.970,0.7850,1.0960
49,1.2763,19.7266,0.7701,393216,830.47,14.53,1955198,-182.990,-109.980,-46.970,0.7850,1.0960
50,1.2959,19.9304,0.8960,393216,830.47,14.53,1955198,-182.990,-109.980,-46.970,0.7850,1.0960
51,1.3155,19.6700,0.8516,393216,830.47,14.53,1955198,-182.990,-109.980,-46.970,0.7850,1.0960
52,1.3353,19.5933,0.8431,393216,830.47,14.53,1955198,-182.990,-109.980,-46.970,0.7850,1.0960
53,1.3552,19.7725,0.7513,393216,830.47,14.53,1955198,-182.990,-109.980,-46.970,0.7850,1.0960
54,1.3754,19.9108,1.0720,393216,830.47,14.53,1955198,-182.990,-109.980,-46.970,0.7850,1.0960
55,1.3951,20.1828,0.9324,393216,830.47,14.53,1955198,-182.990,-109.980,-46.970,0.7850,1.0960
56,1.4147,19.7422,0.7984,393216,830.47,14.53,1955198,-182.990,-109.980,-46.970,0.7850,1.0960
57,1.4345,19.5509,0.8677,393216,830.47,14.53,1955198,-182.990,-109.980,-46.970,0.7850,1.0960
58,1.4543,19.7844,0.8034,393216,830.47,14.53,1955198,-182.990,-109.980,-46.970,0.7850,1.0960
59,1.4741,19.8500,0.7896,393216,830.47,14.53,1955198,-182.990,-109.980,-46.970,0.7850,1.0960
60,1.4940,19.7534,0.9366,393216,830.47,14.53,1955198,-182.990,-109.980,-46.970,0.7850,1.0960
61,1.5136,19.9165,0.8825,393216,830.47,14.53,1955198,-182.990,-109.980,-46.970,0.7850,1.0960
62,1.5335,19.5854,0.9001,393216,830.47,14.53,1955198,-182.990,-109.980,-46.970,0.7850,1.0960
63,1.5532,19.9281,0.8908,393216,830.47,14.53,1955198,-182.990,-109.980,-46.970,0.7850,1.0960
64,1.5731,19.6803,1.0729,393216,830.47,14.53,1955198,-182.990,-109.980,-46.970,0.7850,1.0960
65,1.5926,19.8671,0.8974,393216,830.47,14.53,1955198,-182.990,-109.980,-46.970,0.7850,1.0960
66,1.6117,19.5406,0.8004,393216,830.47,14.53,1955198,-182.990,-109.980,-46.970,0.7850,1.0960
67,1.6314,19.0795,0.8672,393216,830.47,14.53,1955198,-182.990,-109.980,-46.970,0.7850,1.0960
68,1.6511,19.7328,0.8207,393216,830.47,14.53,1955198,-182.990,-109.980,-46.970,0.7850,1.0960
69,1.6710,19.7536,0.7927,393216,830.47,14.53,1955198,-182.990,-109.980,-46.970,0.7850,1.0960
70,1.6909,19.7847,0.8235,393216,830.47,14.53,1955198,-182.990,-109.980,-46.970,0.7850,1.0960
71,1.7104,19.9285,0.7415,393216,830.47,14.53,1955198,-182.990,-109.980,-46.970,0.7850,1.0960
72,1.7301,19.5494,0.8316,393216,830.47,14.53,1955198,-182.990,-109.980,-46.970,0.7850,1.0960
73,1.7502,19.7155,1.0837,393216,830.47,14.53,1955198,-182.990,-109.980,-46.970,0.7850,1.0960
74,1.7698,20.0259,0.8658,393216,830.47,14.53,1955198,-182.990,-109.980,-46.970,0.7850,1.0960
75,1.7894,19.6865,0.8701,393216,830.47,14.53,1955198,-182.990,-109.980,-46.970,0.7850,1.0960
76,1.8092,19.5680,0.8589,393216,830.47,14.53,1955198,-182.990,-109.980,-46.970,0.7850,1.0960
77,1.8292,19.7408,1.1639,393216,830.47,14.53,1955198,-182.990,-109.980,-46.970,0.7850,1.0960
78,1.8488,20.0124,0.8181,393216,830.47,14.53,1955198,-182.990,-109.980,-46.970,0.7850,1.0960
79,1.8682,19.6072,0.7412,393216,830.47,14.53,1955198,-182.990,-109.980,-46.970,0.7850,1.0960
80,1.8883,19.4468,1.1471,393216,830.47,14.53,1955198,-182.990,-109.980,-46.970,0.7850,1.0960
81,1.9080,20.0603,1.0084,393216,830.47,14.53,1955198,-182.990,-109.980,-46.970,0.7850,1.0960
82,1.9279,19.7615,1.9040,393216,830.47,14.53,1955198,-182.990,-109.980,-46.970,0.7850,1.0960
83,1.9471,19.8127,1.4093,393216,830.47,14.53,1955198,-182.990,-109.980,-46.970,0.7850,1.0960
84,1.9669,19.2405,1.3325,393216,830.47,14.53,1955198,-182.990,-109.980,-46.970,0.7850,1.0960
85,1.9864,19.7554,0.9697,393216,830.47,14.53,1955198,-182.990,-109.980,-46.970,0.7850,1.0960
86,2.0063,19.5993,0.8970,393216,830.47,14.53,1955198,-182.990,-109.980,-46.970,0.7850,1.0960
87,2.0261,19.7967,0.9114,393216,830.47,14.53,1955198,-182.990,-109.980,-46.970,0.7850,1.0960
88,2.0458,19.9128,0.8656,393216,830.47,14.53,1955198,-182.990,-109.980,-46.970,0.7850,1.0960
89,2.0655,19.5966,0.9243,393216,830.47,14.53,1955198,-182.990,-109.980,-46.970,0.7850,1.0960
90,2.0854,19.8260,0.7920,393216,830.47,14.53,1955198,-182.990,-109.980,-46.970,0.7850,1.0960
91,2.1053,19.7880,0.8682,393216,830.47,14.53,1955198,-182.990,-109.980,-46.970,0.7850,1.0960
92,2.1250,19.8871,0.8863,393216,830.47,14.53,1955198,-182.990,-109.980,-46.970,0.7850,1.0960
93,2.1446,19.8055,0.7256,393216,830.47,14.53,1955198,-182.990,-109.980,-46.970,0.7850,1.0960
94,2.1646,19.5712,0.7610,393216,830.47,14.53,1955198,-182.990,-109.980,-46.970,0.7850,1.0960
95,2.1847,20.0167,1.0291,393216,830.47,14.53,1955198,-182.990,-109.980,-46.970,0.7850,1.0960
96,2.2047,20.0452,1.0630,393216,830.47,14.53,1955198,-182.990,-109.980,-46.970,0.7850,1.0960
97,2.2245,20.0182,0.9564,393216,830.47,14.53,1955198,-182.990,-109.980,-46.970,0.7850,1.0960
98,2.2437,19.8053,1.0327,393216,830.47,14.53,1955198,-182.990,-109.980,-46.970,0.7850,1.0960
99,2.2638,19.1555,0.9349,393216,830.47,14.53,1955198,-182.990,-109.980,-46.970,0.7850,1.0960
100,2.2840,20.0819,0.9377,393216,830.47,14.53,1955198,-182.990,-109.980,-46.970,0.7850,1.0960
101,2.3043,20.1897,0.9576,393216,830.47,14.53,1955198,-182.990,-109.980,-46.970,0.7850,1.0960
102,2.3248,20.3835,0.9698,393216,830.47,14.53,1955198,-182.990,-109.980,-46.970,0.7850,1.0960
103,2.3451,20.4844,0.8713,393216,830.47,14.53,1955198,-182.990,-109.980,-46.970,0.7850,1.0960
104,2.3655,20.2516,0.7869,393216,830.47,14.53,1955198,-182.990,-109.980,-46.970,0.7850,1.0960
105,2.3861,20.4576,0.7700,393216,830.47,14.53,1955198,-182.990,-109.980,-46.970,0.7850,1.0960
106,2.4068,20.5401,0.8364,393216,830.47,14.53,1955198,-182.990,-109.980,-46.970,0.7850,1.0960
107,2.4277,20.7208,0.8504,393216,830.47,14.53,1955198,-182.990,-109.980,-46.970,0.7850,1.0960
108,2.4489,20.8720,0.7702,393216,830.47,14.53,1955198,-182.990,-109.980,-46.970,0.7850,1.0960
109,2.4704,21.2714,0.7596,393216,830.47,14.53,1955198,-182.990,-109.980,-46.970,0.7850,1.0960
110,2.4929,21.5164,0.8712,393216,830.47,14.53,1955198,-182.990,-109.980,-46.970,0.7850,1.0960
111,2.5149,22.4705,0.8116,393216,830.47,14.53,1955198,-182.990,-109.980,-46.970,0.7850,1.0960
112,2.5371,21.9676,0.8332,393216,830.47,14.53,1955198,-182.990,-109.980,-46.970,0.7850,1.0960
113,2.5584,22.2440,0.8763,393216,830.47,14.53,1955198,-182.990,-109.980,-46.970,0.7850,1.0960
114,2.5790,21.4609,1.0643,393216,830.47,14.53,1955198,-182.990,-109.980,-46.970,0.7850,1.0960
115,2.5999,20.4260,0.7757,393216,830.47,14.53,1955198,-182.990,-109.980,-46.970,0.7850,1.0960
116,2.6263,20.9239,0.8927,393216,830.47,14.53,1955198,-182.990,-109.980,-46.970,0.7850,1.0960
117,2.6524,26.3881,0.7361,393216,830.47,14.53,1955198,-182.990,-109.980,-46.970,0.7850,1.0960
118,2.6802,26.0611,0.8258,393216,830.47,14.53,1955198,-182.990,-109.980,-46.970,0.7850,1.0960
119,2.7083,27.8915,0.9326,393216,830.47,14.53,1955198,-182.990,-109.980,-46.970,0.7850,1.0960
120,2.7360,27.9927,0.7567,393216,830.47,14.53,1955198,-182.990,-109.980,-46.970,0.7850,1.0960
121,2.7639,27.7824,0.7761,393216,830.47,14.53,1955198,-182.990,-109.980,-46.970,0.7850,1.0960
122,2.8018,27.8991,0.8579,393216,830.47,14.53,1955198,-182.990,-109.980,-46.970,0.7850,1.0960
123,2.8394,37.8697,0.7827,393216,830.47,14.53,1955198,-182.990,-109.980,-46.970,0.7850,1.0960
124,2.8821,37.6046,0.7444,393216,830.47,14.53,1955198,-182.990,-109.980,-46.970,0.7850,1.0960
125,2.9249,42.6789,0.9168,393216,830.47,14.53,1955198,-182.990,-109.980,-46.970,0.7850,1.0960
126,2.9677,42.8297,0.9354,393216,830.47,14.53,1955198,-182.990,-109.980,-46.970,0.7850,1.0960
127,3.0104,42.9386,1.0777,393216,830.47,14.53,1955198,-182.990,-109.980,-46.970,0.7850,1.0960
128,3.0377,42.5944,0.7820,393216,830.47,14.53,1955198,-182.990,-109.980,-46.970,0.7850,1.0960
129,3.0652,27.2613,0.7253,393216,830.47,14.53,1955198,-182.990,-109.980,-46.970,0.7850,1.0960
130,3.1133,27.4871,0.8471,393216,830.47,14.53,1955198,-182.990,-109.980,-46.970,0.7850,1.0960
131,3.1624,48.2106,0.7544,393216,830.47,14.53,1955198,-182.990,-109.980,-46.970,0.7850,1.0960
132,3.2116,49.0808,0.8933,393216,830.47,14.53,1955198,-182.990,-109.980,-46.970,0.7850,1.0960
133,3.2605,49.0660,0.7608,393216,830.47,14.53,1955198,-182.990,-109.980,-46.970,0.7850,1.0960
134,3.3094,48.9460,0.8100,393216,830.47,14.53,1955198,-182.990,-109.980,-46.970,0.7850,1.0960
135,3.3579,48.9893,0.7894,393216,830.47,14.53,1955198,-182.990,-109.980,-46.970,0.7850,1.0960
136,3.3883,48.3452,0.7163,393216,830.47,14.53,1955198,-182.990,-109.980,-46.970,0.7850,1.0960
137,3.4191,30.5005,0.8737,393216,830.47,14.53,1955198,-182.990,-109.980,-46.970,0.7850,1.0960
138,3.4496,30.7166,0.9142,393216,830.47,14.53,1955198,-182.990,-109.980,-46.970,0.7850,1.0960
139,3.4800,30.5192,0.9512,393216,830.47,14.53,1955198,-182.990,-109.980,-46.970,0.7850,1.0960
140,3.5103,30.3972,1.0185,393216,830.47,14.53,1955198,-182.990,-109.980,-46.970,0.7850,1.0960
141,3.5400,30.2739,0.9165,393216,830.47,14.53,1955198,-182.990,-109.980,-46.970,0.7850,1.0960
142,3.5638,29.7080,0.9428,393216,830.47,14.53,1955198,-182.990,-109.980,-46.970,0.7850,1.0960
143,3.5874,23.8711,0.9466,393216,830.47,14.53,1955198,-182.990,-109.980,-46.970,0.7850,1.0960
144,3.6110,23.5976,0.9347,393216,830.47,14.53,1955198,-182.990,-109.980,-46.970,0.7850,1.0960
145,3.6349,23.6047,0.9106,393216,830.47,14.53,1955198,-182.990,-109.980,-46.970,0.7850,1.0960
146,3.6571,23.8266,0.8200,393216,830.47,14.53,1955198,-182.990,-109.980,-46.970,0.7850,1.0960
147,3.6803,22.2442,0.7161,393216,830.47,14.53,1955198,-182.990,-109.980,-46.970,0.7850,1.0960
148,3.7003,23.2422,0.9071,393216,830.47,14.53,1955198,-182.990,-109.980,-46.970,0.7850,1.0960
149,3.7199,19.9258,0.8113,393216,830.47,14.53,1955198,-182.990,-109.980,-46.970,0.7850,1.0960
150,3.7396,19.6427,0.7512,393216,830.47,14.53,1955198,-182.990,-109.980,-46.970,0.7850,1.0960
151,3.7593,19.6366,0.7934,393216,830.47,14.53,1955198,-182.990,-109.980,-46.970,0.7850,1.0960
152,3.7790,19.7579,0.7625,393216,830.47,14.53,1955198,-182.990,-109.980,-46.970,0.7850,1.0960
153,3.7994,19.6454,1.0188,393216,830.47,14.53,1955198,-182.990,-109.980,-46.970,0.7850,1.0960
154,3.8195,20.4446,0.7738,393216,830.47,14.53,1955198,-182.990,-109.980,-46.970,0.7850,1.0960
155,3.8397,20.0812,0.7830,393216,830.47,14.53,1955198,-182.990,-109.980,-46.970,0.7850,1.0960
156,3.8597,20.1921,0.7025,393216,830.47,14.53,1955198,-182.990,-109.980,-46.970,0.7850,1.0960
157,3.8800,19.9809,0.9481,393216,830.47,14.53,1955198,-182.990,-109.980,-46.970,0.7850,1.0960
158,3.9010,20.3566,1.0319,393216,830.47,14.53,1955198,-182.990,-109.980,-46.970,0.7850,1.0960
159,3.9217,21.0148,0.7439,393216,830.47,14.53,1955198,-182.990,-109.980,-46.970,0.7850,1.0960
160,3.9427,20.7214,0.7722,393216,830.47,14.53,1955198,-182.990,-109.980,-46.970,0.7850,1.0960
161,3.9640,20.9797,0.9304,393216,830.47,14.53,1955198,-182.990,-109.980,-46.970,0.7850,1.0960
162,3.9837,21.2473,0.7964,393216,830.47,14.53,1955198,-182.990,-109.980,-46.970,0.7850,1.0960
163,4.0046,20.0531,1.2795,393216,830.47,14.53,1955198,-182.990,-109.980,-46.970,0.7850,1.0960
164,4.0244,20.5189,0.7787,393216,830.47,14.53,1955198,-182.990,-109.980,-46.970,0.7850,1.0960
165,4.0447,19.8149,0.7411,393216,830.47,14.53,1955198,-182.990,-109.980,-46.970,0.7850,1.0960
166,4.0657,20.3090,1.1247,393216,830.47,14.53,1955198,-182.990,-109.980,-46.970,0.7850,1.0960
167,4.0857,21.0115,0.7349,393216,830.47,14.53,1955198,-182.990,-109.980,-46.970,0.7850,1.0960
168,4.1056,19.9764,0.7277,393216,830.47,14.53,1955198,-182.990,-109.980,-46.970,0.7850,1.0960
169,4.1259,19.9364,0.9189,393216,830.47,14.53,1955198,-182.990,-109.980,-46.970,0.7850,1.0960
170,4.1461,20.3772,0.7499,393216,830.47,14.53,1955198,-182.990,-109.980,-46.970,0.7850,1.0960
171,4.1662,20.0743,0.7544,393216,830.47,14.53,1955198,-182.990,-109.980,-46.970,0.7850,1.0960
172,4.1863,20.1215,0.6857,393216,830.47,14.53,1955198,-182.990,-109.980,-46.970,0.7850,1.0960
173,4.2071,20.1485,0.9028,393216,830.47,14.53,1955198,-182.990,-109.980,-46.970,0.7850,1.0960
174,4.2274,20.7363,0.8693,393216,830.47,14.53,1955198,-182.990,-109.980,-46.970,0.7850,1.0960
175,4.2478,20.4727,0.8817,393216,830.47,14.53,1955198,-182.990,-109.980,-46.970,0.7850,1.0960
176,4.2682,20.2371,0.9646,393216,830.47,14.53,1955198,-182.990,-109.980,-46.970,0.7850,1.0960
177,4.2887,20.4260,0.9691,393216,830.47,14.53,1955198,-182.990,-109.980,-46.970,0.7850,1.0960
178,4.3087,20.5456,0.8992,393216,830.47,14.53,1955198,-182.990,-109.980,-46.970,0.7850,1.0960
179,4.3299,19.9589,0.9468,393216,830.47,14.53,1955198,-182.990,-109.980,-46.970,0.7850,1.0960
180,4.3511,21.1923,0.9964,393216,830.47,14.53,1955198,-182.990,-109.980,-46.970,0.7850,1.0960
181,4.3723,21.2054,0.8438,393216,830.47,14.53,1955198,-182.990,-109.980,-46.970,0.7850,1.0960
182,4.3935,21.1945,0.7787,393216,830.47,14.53,1955198,-182.990,-109.980,-46.970,0.7850,1.0960
183,4.4146,21.1849,0.7043,393216,830.47,14.53,1955198,-182.990,-109.980,-46.970,0.7850,1.0960
184,4.4361,21.1358,0.8152,393216,830.47,14.53,1955198,-182.990,-109.980,-46.970,0.7850,1.0960
185,4.4576,21.4494,0.8507,393216,830.47,14.53,1955198,-182.990,-109.980,-46.970,0.7850,1.0960
186,4.4790,21.6989,0.9159,393216,830.47,14.53,1955198,-182.990,-109.980,-46.970,0.7850,1.0960
187,4.5003,21.2464,0.9328,393216,830.47,14.53,1955198,-182.990,-109.980,-46.970,0.7850,1.0960
188,4.5215,21.2431,0.9254,393216,830.47,14.53,1955198,-182.990,-109.980,-46.970,0.7850,1.0960
189,4.5421,21.2579,0.9812,393216,830.47,14.53,1955198,-182.990,-109.980,-46.970,0.7850,1.0960
190,4.5625,20.5725,0.8918,393216,830.47,14.53,1955198,-182.990,-109.980,-46.970,0.7850,1.0960
191,4.5829,20.4232,0.8384,393216,830.47,14.53,1955198,-182.990,-109.980,-46.970,0.7850,1.0960
192,4.6032,20.3753,0.8074,393216,830.47,14.53,1955198,-182.990,-109.980,-46.970,0.7850,1.0960
193,4.6238,20.3571,0.9083,393216,830.47,14.53,1955198,-182.990,-109.980,-46.970,0.7850,1.0960
194,4.6430,20.5528,0.8336,393216,830.47,14.53,1955198,-182.990,-109.980,-46.970,0.7850,1.0960
195,4.6627,19.2315,0.8759,393216,830.47,14.53,1955198,-182.990,-109.980,-46.970,0.7850,1.0960
196,4.6825,19.6884,0.8154,393216,830.47,14.53,1955198,-182.990,-109.980,-46.970,0.7850,1.0960
197,4.7025,19.7480,0.9469,393216,830.47,14.53,1955198,-182.990,-109.980,-46.970,0.7850,1.0960
198,4.7223,19.9832,0.9748,393216,830.47,14.53,1955198,-182.990,-109.980,-46.970,0.7850,1.0960
199,4.7420,19.8913,0.9105,393216,830.47,14.53,1955198,-182.990,-109.980,-46.970,0.7850,1.0960
200,4.7617,19.6526,0.8469,393216,830.47,14.53,1955198,-182.990,-109.980,-46.970,0.7850,1.0960
201,4.7813,19.7446,0.8545,393216,830.47,14.53,1955198,-182.990,-109.980,-46.970,0.7850,1.0960
202,4.8010,19.5905,0.9195,393216,830.47,14.53,1955198,-182.990,-109.980,-46.970,0.7850,1.0960
203,4.8207,19.6562,1.0008,393216,830.47,14.53,1955198,-182.990,-109.980,-46.970,0.7850,1.0960
204,4.8402,19.6910,0.9517,393216,830.47,14.53,1955198,-182.990,-109.980,-46.970,0.7850,1.0960
205,4.8598,19.4867,0.9333,393216,830.47,14.53,1955198,-182.990,-109.980,-46.970,0.7850,1.0960
206,4.8790,19.5940,0.7609,393216,830.47,14.53,1955198,-182.990,-109.980,-46.970,0.7850,1.0960
207,4.8986,19.2710,0.8760,393216,830.47,14.53,1955198,-182.990,-109.980,-46.970,0.7850,1.0960
208,4.9182,19.6093,0.9281,393216,830.47,14.53,1955198,-182.990,-109.980,-46.970,0.7850,1.0960
209,4.9376,19.5530,0.7837,393216,830.47,14.53,1955198,-182.990,-109.980,-46.970,0.7850,1.0960
210,4.9559,19.3718,0.8965,393216,830.47,14.53,1955198,-182.990,-109.980,-46.970,0.7850,1.0960
211,4.9754,18.3882,0.8342,393216,830.47,14.53,1955198,-182.990,-109.980,-46.970,0.7850,1.0960
212,4.9948,19.4597,0.8356,393216,830.47,14.53,1955198,-182.990,-109.980,-46.970,0.7850,1.0960
213,5.0146,19.4298,0.9585,393216,830.47,14.53,1955198,-182.990,-109.980,-46.970,0.7850,1.0960
214,5.0339,19.7313,0.9370,393216,830.47,14.53,1955198,-182.990,-109.980,-46.970,0.7850,1.0960
215,5.0538,19.3417,0.9619,393216,830.47,14.53,1955198,-182.990,-109.980,-46.970,0.7850,1.0960
216,5.0730,19.9216,0.9891,393216,830.47,14.53,1955198,-182.990,-109.980,-46.970,0.7850,1.0960
217,5.0923,19.1610,0.9192,393216,830.47,14.53,1955198,-182.990,-109.980,-46.970,0.7850,1.0960
218,5.1119,19.4531,0.8660,393216,830.47,14.53,1955198,-182.990,-109.980,-46.970,0.7850,1.0960
219,5.1313,19.4645,0.7702,393216,830.47,14.53,1955198,-182.990,-109.980,-46.970,0.7850,1.0960
220,5.1509,19.3738,0.8534,393216,830.47,14.53,1955198,-182.990,-109.980,-46.970,0.7850,1.0960
221,5.1704,19.6127,0.8378,393216,830.47,14.53,1955198,-182.990,-109.980,-46.970,0.7850,1.0960
222,5.1901,19.5371,0.9471,393216,830.47,14.53,1955198,-182.990,-109.980,-46.970,0.7850,1.0960
223,5.2094,19.6244,0.8316,393216,830.47,14.53,1955198,-182.990,-109.980,-46.970,0.7850,1.0960
224,5.2290,19.3660,0.9548,393216,830.47,14.53,1955198,-182.990,-109.980,-46.970,0.7850,1.0960
225,5.2479,19.5773,0.7233,393216,830.47,14.53,1955198,-182.990,-109.980,-46.970,0.7850,1.0960
226,5.2667,18.9167,0.7004,393216,830.47,14.53,1955198,-182.990,-109.980,-46.970,0.7850,1.0960
227,5.2859,18.7857,0.6775,393216,830.47,14.53,1955198,-182.990,-109.980,-46.970,0.7850,1.0960
228,5.3051,19.1644,0.6816,393216,830.47,14.53,1955198,-182.990,-109.980,-46.970,0.7850,1.0960
229,5.3243,19.2389,0.6714,393216,830.47,14.53,1955198,-182.990,-109.980,-46.970,0.7850,1.0960
230,5.3436,19.2116,0.7278,393216,830.47,14.53,1955198,-182.990,-109.980,-46.970,0.7850,1.0960
231,5.3627,19.2380,0.6758,393216,830.47,14.53,1955198,-182.990,-109.980,-46.970,0.7850,1.0960
232,5.3822,19.1677,0.9370,393216,830.47,14.53,1955198,-182.990,-109.980,-46.970,0.7850,1.0960
233,5.4014,19.4693,0.9110,393216,830.47,14.53,1955198,-182.990,-109.980,-46.970,0.7850,1.0960
234,5.4213,19.2133,1.4511,393216,830.47,14.53,1955198,-182.990,-109.980,-46.970,0.7850,1.0960
235,5.4399,19.8480,0.8994,393216,830.47,14.53,1955198,-182.990,-109.980,-46.970,0.7850,1.0960
236,5.4598,18.5932,1.5923,393216,830.47,14.53,1955198,-182.990,-109.980,-46.970,0.7850,1.0960
237,5.4784,19.9060,0.9377,393216,830.47,14.53,1955198,-182.990,-109.980,-46.970,0.7850,1.0960
238,5.4976,18.6185,0.9435,393216,830.47,14.53,1955198,-182.990,-109.980,-46.970,0.7850,1.0960
239,5.5168,19.2692,0.9396,393216,830.47,14.53,1955198,-182.990,-109.980,-46.970,0.7850,1.0960
240,5.5362,19.1942,1.0221,393216,830.47,14.53,1955198,-182.990,-109.980,-46.970,0.7850,1.0960
241,5.5554,19.3876,0.9152,393216,830.47,14.53,1955198,-182.990,-109.980,-46.970,0.7850,1.0960
242,5.5740,19.2004,0.8411,393216,830.47,14.53,1955198,-182.990,-109.980,-46.970,0.7850,1.0960
243,5.5934,18.6363,0.8965,393216,830.47,14.53,1955198,-182.990,-109.980,-46.970,0.7850,1.0960
244,5.6123,19.2872,0.7690,393216,830.47,14.53,1955198,-182.990,-109.980,-46.970,0.7850,1.0960
245,5.6316,18.9633,0.8146,393216,830.47,14.53,1955198,-182.990,-109.980,-46.970,0.7850,1.0960
246,5.6508,19.2671,0.8509,393216,830.47,14.53,1955198,-182.990,-109.980,-46.970,0.7850,1.0960
247,5.6700,19.2395,0.8166,393216,830.47,14.53,1955198,-182.990,-109.980,-46.970,0.7850,1.0960
248,5.6891,19.1443,0.6833,393216,830.47,14.53,1955198,-182.990,-109.980,-46.970,0.7850,1.0960
249,5.7086,19.0892,0.9300,393216,830.47,14.53,1955198,-182.990,-109.980,-46.970,0.7850,1.0960
250,5.7277,19.5354,0.8745,393216,830.47,14.53,1955198,-182.990,-109.980,-46.970,0.7850,1.0960
251,5.7468,19.1004,0.8548,393216,830.47,14.53,1955198,-182.990,-109.980,-46.970,0.7850,1.0960
252,5.7661,19.1506,0.8039,393216,830.47,14.53,1955198,-182.990,-109.980,-46.970,0.7850,1.0960
253,5.7855,19.2471,0.9543,393216,830.47,14.53,1955198,-182.990,-109.980,-46.970,0.7850,1.0960
254,5.8047,19.4147,0.8722,393216,830.47,14.53,1955198,-182.990,-109.980,-46.970,0.7850,1.0960
255,5.8238,19.1631,0.8782,393216,830.47,14.53,1955198,-182.990,-109.980,-46.970,0.7850,1.0960
256,5.8431,19.0991,0.9256,393216,830.47,14.53,1955198,-182.990,-109.980,-46.970,0.7850,1.0960
257,5.8622,19.3078,0.8871,393216,830.47,14.53,1955198,-182.990,-109.980,-46.970,0.7850,1.0960
258,5.8808,19.1690,0.6861,393216,830.47,14.53,1955198,-182.990,-109.980,-46.970,0.7850,1.0960
259,5.8999,18.5455,0.6292,393216,830.47,14.53,1955198,-182.990,-109.980,-46.970,0.7850,1.0960
260,5.9193,19.1041,0.7751,393216,830.47,14.53,1955198,-182.990,-109.980,-46.970,0.7850,1.0960
261,5.9389,19.4165,1.0786,393216,830.47,14.53,1955198,-182.990,-109.980,-46.970,0.7850,1.0960
262,5.9577,19.6128,0.6997,393216,830.47,14.53,1955198,-182.990,-109.980,-46.970,0.7850,1.0960
263,5.9768,18.7423,0.6357,393216,830.47,14.53,1955198,-182.990,-109.980,-46.970,0.7850,1.0960
264,5.9964,19.1458,0.9306,393216,830.47,14.53,1955198,-182.990,-109.980,-46.970,0.7850,1.0960
265,6.0155,19.6075,0.8027,393216,830.47,14.53,1955198,-182.990,-109.980,-46.970,0.7850,1.0960
266,6.0346,19.0895,0.6817,393216,830.47,14.53,1955198,-182.990,-109.980,-46.970,0.7850,1.0960
267,6.0538,19.0718,0.7512,393216,830.47,14.53,1955198,-182.990,-109.980,-46.970,0.7850,1.0960
268,6.0730,19.2526,0.6833,393216,830.47,14.53,1955198,-182.990,-109.980,-46.970,0.7850,1.0960
269,6.0922,19.1705,0.6484,393216,830.47,14.53,1955198,-182.990,-109.980,-46.970,0.7850,1.0960
270,6.1115,19.1525,0.7522,393216,830.47,14.53,1955198,-182.990,-109.980,-46.970,0.7850,1.0960
271,6.1309,19.3254,1.0520,393216,830.47,14.53,1955198,-182.990,-109.980,-46.970,0.7850,1.0960
272,6.1501,19.4412,1.0034,393216,830.47,14.53,1955198,-182.990,-109.980,-46.970,0.7850,1.0960
273,6.1692,19.1527,0.9461,393216,830.47,14.53,1955198,-182.990,-109.980,-46.970,0.7850,1.0960
274,6.1876,19.0987,0.7080,393216,830.47,14.53,1955198,-182.990,-109.980,-46.970,0.7850,1.0960
275,6.2067,18.4624,0.6579,393216,830.47,14.53,1955198,-182.990,-109.980,-46.970,0.7850,1.0960
276,6.2260,19.0947,0.6844,393216,830.47,14.53,1955198,-182.990,-109.980,-46.970,0.7850,1.0960
277,6.2453,19.2834,0.7161,393216,830.47,14.53,1955198,-182.990,-109.980,-46.970,0.7850,1.0960
278,6.2648,19.2736,0.9478,393216,830.47,14.53,1955198,-182.990,-109.980,-46.970,0.7850,1.0960
279,6.2839,19.5385,0.8613,393216,830.47,14.53,1955198,-182.990,-109.980,-46.970,0.7850,1.0960
280,6.3030,19.0414,0.7307,393216,830.47,14.53,1955198,-182.990,-109.980,-46.970,0.7850,1.0960
281,6.3221,19.1205,0.6395,393216,830.47,14.53,1955198,-182.990,-109.980,-46.970,0.7850,1.0960
282,6.3418,19.1060,1.1379,393216,830.47,14.53,1955198,-182.990,-109.980,-46.970,0.7850,1.0960
283,6.3606,19.7016,0.7304,393216,830.47,14.53,1955198,-182.990,-109.980,-46.970,0.7850,1.0960
284,6.3803,18.8419,1.1731,393216,830.47,14.53,1955198,-182.990,-109.980,-46.970,0.7850,1.0960
285,6.3997,19.6647,1.2875,393216,830.47,14.53,1955198,-182.990,-109.980,-46.970,0.7850,1.0960
286,6.4186,19.4269,0.8490,393216,830.47,14.53,1955198,-182.990,-109.980,-46.970,0.7850,1.0960
287,6.4377,18.9123,0.8794,393216,830.47,14.53,1955198,-182.990,-109.980,-46.970,0.7850,1.0960
288,6.4570,19.0466,0.9628,393216,830.47,14.53,1955198,-182.990,-109.980,-46.970,0.7850,1.0960
289,6.4763,19.3404,0.9836,393216,830.47,14.53,1955198,-182.990,-109.980,-46.970,0.7850,1.0960
290,6.4953,19.2490,0.9567,393216,830.47,14.53,1955198,-182.990,-109.980,-46.970,0.7850,1.0960
291,6.5144,19.0347,0.9154,393216,830.47,14.53,1955198,-182.990,-109.980,-46.970,0.7850,1.0960
292,6.5336,19.1435,0.9078,393216,830.47,14.53,1955198,-182.990,-109.980,-46.970,0.7850,1.0960
293,6.5531,19.1788,1.0284,393216,830.47,14.53,1955198,-182.990,-109.980,-46.970,0.7850,1.0960
294,6.5722,19.4730,0.9422,393216,830.47,14.53,1955198,-182.990,-109.980,-46.970,0.7850,1.0960
295,6.5915,19.0701,0.9742,393216,830.47,14.53,1955198,-182.990,-109.980,-46.970,0.7850,1.0960
296,6.6107,19.3443,0.9547,393216,830.47,14.53,1955198,-182.990,-109.980,-46.970,0.7850,1.0960
297,6.6301,19.2347,0.8834,393216,830.47,14.53,1955198,-182.990,-109.980,-46.970,0.7850,1.0960
298,6.6497,19.3432,1.0510,393216,830.47,14.53,1955198,-182.990,-109.980,-46.970,0.7850,1.0960
299,6.6687,19.6290,0.7666,393216,830.47,14.53,1955198,-182.990,-109.980,-46.970,0.7850,1.0960
300,6.6880,18.9607,0.8521,393216,830.47,14.53,1955198,-182.990,-109.980,-46.970,0.7850,1.0960
301,6.7073,19.2708,0.8034,393216,830.47,14.53,1955198,-182.990,-109.980,-46.970,0.7850,1.0960
302,6.7275,19.3763,1.5319,393216,830.47,14.53,1955198,-182.990,-109.980,-46.970,0.7850,1.0960
303,6.7462,20.1551,0.8950,393216,830.47,14.53,1955198,-182.990,-109.980,-46.970,0.7850,1.0960
304,6.7656,18.6856,1.0043,393216,830.47,14.53,1955198,-182.990,-109.980,-46.970,0.7850,1.0960
305,6.7850,19.4450,1.0344,393216,830.47,14.53,1955198,-182.990,-109.980,-46.970,0.7850,1.0960
306,6.8037,19.3727,0.9161,393216,830.47,14.53,1955198,-182.990,-109.980,-46.970,0.7850,1.0960
307,6.8230,18.7598,0.8402,393216,830.47,14.53,1955198,-182.990,-109.980,-46.970,0.7850,1.0960
308,6.8423,19.2552,0.9778,393216,830.47,14.53,1955198,-182.990,-109.980,-46.970,0.7850,1.0960
309,6.8618,19.2588,0.9557,393216,830.47,14.53,1955198,-182.990,-109.980,-46.970,0.7850,1.0960
310,6.8809,19.5101,0.9769,393216,830.47,14.53,1955198,-182.990,-109.980,-46.970,0.7850,1.0960
311,6.9001,19.1820,0.8503,393216,830.47,14.53,1955198,-182.990,-109.980,-46.970,0.7850,1.0960
312,6.9197,19.1763,1.0722,393216,830.47,14.53,1955198,-182.990,-109.980,-46.970,0.7850,1.0960
313,6.9390,19.5341,1.0234,393216,830.47,14.53,1955198,-182.990,-109.980,-46.970,0.7850,1.0960
314,6.9582,19.3579,0.9933,393216,830.47,14.53,1955198,-182.990,-109.980,-46.970,0.7850,1.0960
315,6.9774,19.2043,0.9449,393216,830.47,14.53,1955198,-182.990,-109.980,-46.970,0.7850,1.0960
316,6.9968,19.2094,1.0267,393216,830.47,14.53,1955198,-182.990,-109.980,-46.970,0.7850,1.0960
317,7.0161,19.3578,1.0515,393216,830.47,14.53,1955198,-182.990,-109.980,-46.970,0.7850,1.0960
318,7.0353,19.2805,0.9737,393216,830.47,14.53,1955198,-182.990,-109.980,-46.970,0.7850,1.0960
319,7.0550,19.2560,1.0811,393216,830.47,14.53,1955198,-182.990,-109.980,-46.970,0.7850,1.0960
320,7.0746,19.7055,1.0118,393216,830.47,14.53,1955198,-182.990,-109.980,-46.970,0.7850,1.0960
321,7.0943,19.5369,0.9760,393216,830.47,14.53,1955198,-182.990,-109.980,-46.970,0.7850,1.0960
322,7.1130,19.7070,0.8003,393216,830.47,14.53,1955198,-182.990,-109.980,-46.970,0.7850,1.0960
323,7.1328,18.7724,0.9921,393216,830.47,14.53,1955198,-182.990,-109.980,-46.970,0.7850,1.0960
324,7.1523,19.7902,0.9501,393216,830.47,14.53,1955198,-182.990,-109.980,-46.970,0.7850,1.0960
325,7.1720,19.4794,0.9470,393216,830.47,14.53,1955198,-182.990,-109.980,-46.970,0.7850,1.0960
326,7.1917,19.7008,0.9436,393216,830.47,14.53,1955198,-182.990,-109.980,-46.970,0.7850,1.0960
327,7.2111,19.7172,0.8150,393216,830.47,14.53,1955198,-182.990,-109.980,-46.970,0.7850,1.0960
328,7.2307,19.3584,0.9086,393216,830.47,14.53,1955198,-182.990,-109.980,-46.970,0.7850,1.0960
329,7.2504,19.5570,0.9229,393216,830.47,14.53,1955198,-182.990,-109.980,-46.970,0.7850,1.0960
330,7.2704,19.7461,1.2319,393216,830.47,14.53,1955198,-182.990,-109.980,-46.970,0.7850,1.0960
331,7.2893,19.9482,0.7828,393216,830.47,14.53,1955198,-182.990,-109.980,-46.970,0.7850,1.0960
332,7.3089,18.9244,0.8670,393216,830.47,14.53,1955198,-182.990,-109.980,-46.970,0.7850,1.0960
333,7.3283,19.6728,0.8878,393216,830.47,14.53,1955198,-182.990,-109.980,-46.970,0.7850,1.0960
334,7.3475,19.3468,0.8230,393216,830.47,14.53,1955198,-182.990,-109.980,-46.970,0.7850,1.0960
335,7.3670,19.1754,1.1531,393216,830.47,14.53,1955198,-182.990,-109.980,-46.970,0.7850,1.0960
336,7.3862,19.5659,1.0251,393216,830.47,14.53,1955198,-182.990,-109.980,-46.970,0.7850,1.0960
337,7.4054,19.1343,0.9535,393216,830.47,14.53,1955198,-182.990,-109.980,-46.970,0.7850,1.0960
338,7.4242,19.2120,0.8955,393216,830.47,14.53,1955198,-182.990,-109.980,-46.970,0.7850,1.0960
339,7.4436,18.8233,0.9865,393216,830.47,14.53,1955198,-182.990,-109.980,-46.970,0.7850,1.0960
340,7.4628,19.3681,0.9917,393216,830.47,14.53,1955198,-182.990,-109.980,-46.970,0.7850,1.0960
341,7.4821,19.2512,0.9188,393216,830.47,14.53,1955198,-182.990,-109.980,-46.970,0.7850,1.0960
342,7.5014,19.2803,0.8991,393216,830.47,14.53,1955198,-182.990,-109.980,-46.970,0.7850,1.0960
343,7.5207,19.2951,0.9695,393216,830.47,14.53,1955198,-182.990,-109.980,-46.970,0.7850,1.0960
344,7.5401,19.2643,1.0866,393216,830.47,14.53,1955198,-182.990,-109.980,-46.970,0.7850,1.0960
345,7.5593,19.4524,0.9685,393216,830.47,14.53,1955198,-182.990,-109.980,-46.970,0.7850,1.0960
346,7.5786,19.2044,1.0285,393216,830.47,14.53,1955198,-182.990,-109.980,-46.970,0.7850,1.0960
347,7.5979,19.2499,1.0147,393216,830.47,14.53,1955198,-182.990,-109.980,-46.970,0.7850,1.0960
348,7.6171,19.3376,0.9035,393216,830.47,14.53,1955198,-182.990,-109.980,-46.970,0.7850,1.0960
349,7.6364,19.2348,0.9518,393216,830.47,14.53,1955198,-182.990,-109.980,-46.970,0.7850,1.0960
350,7.6556,19.2438,0.9447,393216,830.47,14.53,1955198,-182.990,-109.980,-46.970,0.7850,1.0960
351,7.6749,19.2460,0.9599,393216,830.47,14.53,1955198,-182.990,-109.980,-46.970,0.7850,1.0960
352,7.6943,19.2965,1.0031,393216,830.47,14.53,1955198,-182.990,-109.980,-46.970,0.7850,1.0960
353,7.7135,19.3360,0.9384,393216,830.47,14.53,1955198,-182.990,-109.980,-46.970,0.7850,1.0960
354,7.7325,19.2575,0.9644,393216,830.47,14.53,1955198,-182.990,-109.980,-46.970,0.7850,1.0960
355,7.7517,18.9375,0.9605,393216,830.47,14.53,1955198,-182.990,-109.980,-46.970,0.7850,1.0960
356,7.7712,19.2326,1.0179,393216,830.47,14.53,1955198,-182.990,-109.980,-46.970,0.7850,1.0960
357,7.7904,19.4755,1.0024,393216,830.47,14.53,1955198,-182.990,-109.980,-46.970,0.7850,1.0960
358,7.8096,20.3632,1.0106,393216,830.47,14.53,1955198,-182.990,-109.980,-46.970,0.7850,1.0960
359,7.8289,18.0809,0.9845,393216,830.47,14.53,1955198,-182.990,-109.980,-46.970,0.7850,1.0960
360,7.8481,19.2804,1.0060,393216,830.47,14.53,1955198,-182.990,-109.980,-46.970,0.7850,1.0960
361,7.8675,19.2337,1.0130,393216,830.47,14.53,1955198,-182.990,-109.980,-46.970,0.7850,1.0960
362,7.8867,19.3940,0.8885,393216,830.47,14.53,1955198,-182.990,-109.980,-46.970,0.7850,1.0960
363,7.9059,19.2148,0.8360,393216,830.47,14.53,1955198,-182.990,-109.980,-46.970,0.7850,1.0960
364,7.9255,19.2187,1.0020,393216,830.47,14.53,1955198,-182.990,-109.980,-46.970,0.7850,1.0960
365,7.9449,19.5873,0.8683,393216,830.47,14.53,1955198,-182.990,-109.980,-46.970,0.7850,1.0960
366,7.9644,19.3395,1.0200,393216,830.47,14.53,1955198,-182.990,-109.980,-46.970,0.7850,1.0960
367,7.9837,19.5625,0.9209,393216,830.47,14.53,1955198,-182.990,-109.980,-46.970,0.7850,1.0960
368,8.0029,19.3110,0.8695,393216,830.47,14.53,1955198,-182.990,-109.980,-46.970,0.7850,1.0960
369,8.0225,19.1416,0.9715,393216,830.47,14.53,1955198,-182.990,-109.980,-46.970,0.7850,1.0960
370,8.0406,19.5953,0.9151,393216,830.47,14.53,1955198,-182.990,-109.980,-46.970,0.7850,1.0960
371,8.0599,18.1289,0.8467,393216,830.47,14.53,1955198,-182.990,-109.980,-46.970,0.7850,1.0960
372,8.0793,19.2458,0.9310,393216,830.47,14.53,1955198,-182.990,-109.980,-46.970,0.7850,1.0960
373,8.0986,19.5015,0.7942,393216,830.47,14.53,1955198,-182.990,-109.980,-46.970,0.7850,1.0960
374,8.1181,19.3021,0.9144,393216,830.47,14.53,1955198,-182.990,-109.980,-46.970,0.7850,1.0960
375,8.1376,19.4641,0.9631,393216,830.47,14.53,1955198,-182.990,-109.980,-46.970,0.7850,1.0960
376,8.1566,19.4838,0.9029,393216,830.47,14.53,1955198,-182.990,-109.980,-46.970,0.7850,1.0960
377,8.1761,19.0221,0.9095,393216,830.47,14.53,1955198,-182.990,-109.980,-46.970,0.7850,1.0960
378,8.1956,19.4561,1.0157,393216,830.47,14.53,1955198,-182.990,-109.980,-46.970,0.7850,1.0960
379,8.2150,19.5604,1.1331,393216,830.47,14.53,1955198,-182.990,-109.980,-46.970,0.7850,1.0960
380,8.2341,19.3345,0.9013,393216,830.47,14.53,1955198,-182.990,-109.980,-46.970,0.7850,1.0960
381,8.2535,19.1001,0.8526,393216,830.47,14.53,1955198,-182.990,-109.980,-46.970,0.7850,1.0960
382,8.2729,19.4086,0.8525,393216,830.47,14.53,1955198,-182.990,-109.980,-46.970,0.7850,1.0960
383,8.2922,19.3671,0.9433,393216,830.47,14.53,1955198,-182.990,-109.980,-46.970,0.7850,1.0960
384,8.3115,19.3426,0.9493,393216,830.47,14.53,1955198,-182.990,-109.980,-46.970,0.7850,1.0960
385,8.3308,19.2482,0.9494,393216,830.47,14.53,1955198,-182.990,-109.980,-46.970,0.7850,1.0960
386,8.3497,19.3254,1.0263,393216,830.47,14.53,1955198,-182.990,-109.980,-46.970,0.7850,1.0960
387,8.3690,18.9122,0.9803,393216,830.47,14.53,1955198,-182.990,-109.980,-46.970,0.7850,1.0960
388,8.3886,19.3628,0.8625,393216,830.47,14.53,1955198,-182.990,-109.980,-46.970,0.7850,1.0960
389,8.4084,19.5023,1.0963,393216,830.47,14.53,1955198,-182.990,-109.980,-46.970,0.7850,1.0960
390,8.4282,19.8005,1.0326,393216,830.47,14.53,1955198,-182.990,-109.980,-46.970,0.7850,1.0960
391,8.4476,19.8172,0.9692,393216,830.47,14.53,1955198,-182.990,-109.980,-46.970,0.7850,1.0960
392,8.4673,19.4802,1.0196,393216,830.47,14.53,1955198,-182.990,-109.980,-46.970,0.7850,1.0960
393,8.4870,19.6774,1.0260,393216,830.47,14.53,1955198,-182.990,-109.980,-46.970,0.7850,1.0960
394,8.5067,19.6299,1.0042,393216,830.47,14.53,1955198,-182.990,-109.980,-46.970,0.7850,1.0960
395,8.5263,19.7425,1.0077,393216,830.47,14.53,1955198,-182.990,-109.980,-46.970,0.7850,1.0960
396,8.5460,19.6425,1.0105,393216,830.47,14.53,1955198,-182.990,-109.980,-46.970,0.7850,1.0960
397,8.5656,19.6128,0.9604,393216,830.47,14.53,1955198,-182.990,-109.980,-46.970,0.7850,1.0960
398,8.5852,19.5906,0.9540,393216,830.47,14.53,1955198,-182.990,-109.980,-46.970,0.7850,1.0960
399,8.6049,19.6879,0.9780,393216,830.47,14.53,1955198,-182.990,-109.980,-46.970,0.7850,1.0960
400,8.6246,19.6926,1.0236,393216,830.47,14.53,1955198,-182.990,-109.980,-46.970,0.7850,1.0960
401,8.6442,19.6495,0.9782,393216,830.47,14.53,1955198,-182.990,-109.980,-46.970,0.7850,1.0960
402,8.6632,19.6183,1.0186,393216,830.47,14.53,1955198,-182.990,-109.980,-46.970,0.7850,1.0960
403,8.6830,18.9973,1.1319,393216,830.47,14.53,1955198,-182.990,-109.980,-46.970,0.7850,1.0960
404,8.7023,19.7743,0.8900,393216,830.47,14.53,1955198,-182.990,-109.980,-46.970,0.7850,1.0960
405,8.7220,19.3578,0.9427,393216,830.47,14.53,1955198,-182.990,-109.980,-46.970,0.7850,1.0960
406,8.7417,19.7075,0.9328,393216,830.47,14.53,1955198,-182.990,-109.980,-46.970,0.7850,1.0960
407,8.7615,19.6579,0.9995,393216,830.47,14.53,1955198,-182.990,-109.980,-46.970,0.7850,1.0960
408,8.7810,19.8642,0.9537,393216,830.47,14.53,1955198,-182.990,-109.980,-46.970,0.7850,1.0960
409,8.8009,19.4648,0.9643,393216,830.47,14.53,1955198,-182.990,-109.980,-46.970,0.7850,1.0960
410,8.8205,21.3221,0.8168,393216,830.47,14.53,1955198,-182.990,-109.980,-46.970,0.7850,1.0960
411,8.8408,18.1226,1.2463,393216,830.47,14.53,1955198,-182.990,-109.980,-46.970,0.7850,1.0960
412,8.8601,20.3167,0.9496,393216,830.47,14.53,1955198,-182.990,-109.980,-46.970,0.7850,1.0960
413,8.8799,19.2861,0.9371,393216,830.47,14.53,1955198,-182.990,-109.980,-46.970,0.7850,1.0960
414,8.8996,19.7823,1.0689,393216,830.47,14.53,1955198,-182.990,-109.980,-46.970,0.7850,1.0960
415,8.9192,19.7503,0.9505,393216,830.47,14.53,1955198,-182.990,-109.980,-46.970,0.7850,1.0960
416,8.9389,19.6114,0.8237,393216,830.47,14.53,1955198,-182.990,-109.980,-46.970,0.7850,1.0960
417,8.9587,19.7132,0.8546,393216,830.47,14.53,1955198,-182.990,-109.980,-46.970,0.7850,1.0960
418,8.9770,19.7582,0.8063,393216,830.47,14.53,1955198,-182.990,-109.980,-46.970,0.7850,1.0960
419,8.9967,18.3050,0.8044,393216,830.47,14.53,1955198,-182.990,-109.980,-46.970,0.7850,1.0960
420,9.0164,19.7186,0.7688,393216,830.47,14.53,1955198,-182.990,-109.980,-46.970,0.7850,1.0960
421,9.0363,19.7076,0.9416,393216,830.47,14.53,1955198,-182.990,-109.980,-46.970,0.7850,1.0960
422,9.0561,19.9100,0.9252,393216,830.47,14.53,1955198,-182.990,-109.980,-46.970,0.7850,1.0960
423,9.0756,19.7664,0.8390,393216,830.47,14.53,1955198,-182.990,-109.980,-46.970,0.7850,1.0960
424,9.0951,19.4504,0.7500,393216,830.47,14.53,1955198,-182.990,-109.980,-46.970,0.7850,1.0960
425,9.1150,19.5997,0.8985,393216,830.47,14.53,1955198,-182.990,-109.980,-46.970,0.7850,1.0960
426,9.1345,19.8381,0.7026,393216,830.47,14.53,1955198,-182.990,-109.980,-46.970,0.7850,1.0960
427,9.1542,19.5056,0.7656,393216,830.47,14.53,1955198,-182.990,-109.980,-46.970,0.7850,1.0960
428,9.1738,19.7008,0.7323,393216,830.47,14.53,1955198,-182.990,-109.980,-46.970,0.7850,1.0960
429,9.1937,19.6236,0.9358,393216,830.47,14.53,1955198,-182.990,-109.980,-46.970,0.7850,1.0960
430,9.2136,19.8934,0.9880,393216,830.47,14.53,1955198,-182.990,-109.980,-46.970,0.7850,1.0960
431,9.2333,19.8886,0.9862,393216,830.47,14.53,1955198,-182.990,-109.980,-46.970,0.7850,1.0960
432,9.2527,19.6895,0.9367,393216,830.47,14.53,1955198,-182.990,-109.980,-46.970,0.7850,1.0960
433,9.2727,19.4258,1.0997,393216,830.47,14.53,1955198,-182.990,-109.980,-46.970,0.7850,1.0960
434,9.2911,19.9380,1.1383,393216,830.47,14.53,1955198,-182.990,-109.980,-46.970,0.7850,1.0960
435,9.3103,18.4051,0.6901,393216,830.47,14.53,1955198,-182.990,-109.980,-46.970,0.7850,1.0960
436,9.3309,19.2556,1.4405,393216,830.47,14.53,1955198,-182.990,-109.980,-46.970,0.7850,1.0960
437,9.3499,20.5873,0.7665,393216,830.47,14.53,1955198,-182.990,-109.980,-46.970,0.7850,1.0960
438,9.3696,19.0006,0.8408,393216,830.47,14.53,1955198,-182.990,-109.980,-46.970,0.7850,1.0960
439,9.3892,19.7352,0.7076,393216,830.47,14.53,1955198,-182.990,-109.980,-46.970,0.7850,1.0960
440,9.4089,19.5433,0.7252,393216,830.47,14.53,1955198,-182.990,-109.980,-46.970,0.7850,1.0960
441,9.4285,19.7039,0.6979,393216,830.47,14.53,1955198,-182.990,-109.980,-46.970,0.7850,1.0960
442,9.4484,19.6284,0.9549,393216,830.47,14.53,1955198,-182.990,-109.980,-46.970,0.7850,1.0960
443,9.4681,19.8941,0.8879,393216,830.47,14.53,1955198,-182.990,-109.980,-46.970,0.7850,1.0960
444,9.4878,19.6672,0.8945,393216,830.47,14.53,1955198,-182.990,-109.980,-46.970,0.7850,1.0960
445,9.5073,19.7397,0.7382,393216,830.47,14.53,1955198,-182.990,-109.980,-46.970,0.7850,1.0960
446,9.5274,19.4918,0.9901,393216,830.47,14.53,1955198,-182.990,-109.980,-46.970,0.7850,1.0960
447,9.5469,20.0871,0.8405,393216,830.47,14.53,1955198,-182.990,-109.980,-46.970,0.7850,1.0960
448,9.5667,19.5070,0.9405,393216,830.47,14.53,1955198,-182.990,-109.980,-46.970,0.7850,1.0960
449,9.5862,19.8363,0.7645,393216,830.47,14.53,1955198,-182.990,-109.980,-46.970,0.7850,1.0960
450,9.6047,19.4728,0.8569,393216,830.47,14.53,1955198,-182.990,-109.980,-46.970,0.7850,1.0960
451,9.6242,18.4570,0.7864,393216,830.47,14.53,1955198,-182.990,-109.980,-46.970,0.7850,1.0960
452,9.6442,19.5596,0.8509,393216,830.47,14.53,1955198,-182.990,-109.980,-46.970,0.7850,1.0960
453,9.6640,19.9723,0.8618,393216,830.47,14.53,1955198,-182.990,-109.980,-46.970,0.7850,1.0960
454,9.6838,19.7900,0.9752,393216,830.47,14.53,1955198,-182.990,-109.980,-46.970,0.7850,1.0960
455,9.7033,19.8094,0.8826,393216,830.47,14.53,1955198,-182.990,-109.980,-46.970,0.7850,1.0960
456,9.7230,19.5377,0.7935,393216,830.47,14.53,1955198,-182.990,-109.980,-46.970,0.7850,1.0960
457,9.7427,19.6526,0.7225,393216,830.47,14.53,1955198,-182.990,-109.980,-46.970,0.7850,1.0960
458,9.7624,19.6983,0.8077,393216,830.47,14.53,1955198,-182.990,-109.980,-46.970,0.7850,1.0960
459,9.7821,19.7557,0.7722,393216,830.47,14.53,1955198,-182.990,-109.980,-46.970,0.7850,1.0960
460,9.8017,19.6897,0.7317,393216,830.47,14.53,1955198,-182.990,-109.980,-46.970,0.7850,1.0960
461,9.8217,19.5348,1.0334,393216,830.47,14.53,1955198,-182.990,-109.980,-46.970,0.7850,1.0960
462,9.8416,20.0608,1.0988,393216,830.47,14.53,1955198,-182.990,-109.980,-46.970,0.7850,1.0960
463,9.8610,19.8735,0.8135,393216,830.47,14.53,1955198,-182.990,-109.980,-46.970,0.7850,1.0960
464,9.8810,19.4108,1.2102,393216,830.47,14.53,1955198,-182.990,-109.980,-46.970,0.7850,1.0960
465,9.9003,20.0288,0.7189,393216,830.47,14.53,1955198,-182.990,-109.980,-46.970,0.7850,1.0960
466,9.9187,19.2575,0.7565,393216,830.47,14.53,1955198,-182.990,-109.980,-46.970,0.7850,1.0960
467,9.9384,18.3655,0.7180,393216,830.47,14.53,1955198,-182.990,-109.980,-46.970,0.7850,1.0960
468,9.9583,19.7008,0.9763,393216,830.47,14.53,1955198,-182.990,-109.980,-46.970,0.7850,1.0960
469,9.9782,19.9618,1.0664,393216,830.47,14.53,1955198,-182.990,-109.980,-46.970,0.7850,1.0960
470,9.9977,19.8628,0.7690,393216,830.47,14.53,1955198,-182.990,-109.980,-46.970,0.7850,1.0960
471,10.0174,19.5247,0.7772,393216,830.47,14.53,1955198,-182.990,-109.980,-46.970,0.7850,1.0960
472,10.0373,19.6575,0.9598,393216,830.47,14.53,1955198,-182.990,-109.980,-46.970,0.7850,1.0960
473,10.0570,19.9355,0.9835,393216,830.47,14.53,1955198,-182.990,-109.980,-46.970,0.7850,1.0960
474,10.0765,19.7088,0.8329,393216,830.47,14.53,1955198,-182.990,-109.980,-46.970,0.7850,1.0960
475,10.0963,19.4950,0.8005,393216,830.47,14.53,1955198,-182.990,-109.980,-46.970,0.7850,1.0960
476,10.1159,19.7688,0.7657,393216,830.47,14.53,1955198,-182.990,-109.980,-46.970,0.7850,1.0960
477,10.1360,19.6150,1.0304,393216,830.47,14.53,1955198,-182.990,-109.980,-46.970,0.7850,1.0960
478,10.1557,20.0969,0.9916,393216,830.47,14.53,1955198,-182.990,-109.980,-46.970,0.7850,1.0960
479,10.1752,19.7266,0.9002,393216,830.47,14.53,1955198,-182.990,-109.980,-46.970,0.7850,1.0960
480,10.1948,19.5519,0.7220,393216,830.47,14.53,1955198,-182.990,-109.980,-46.970,0.7850,1.0960
481,10.2145,19.5163,0.7130,393216,830.47,14.53,1955198,-182.990,-109.980,-46.970,0.7850,1.0960
482,10.2329,19.7685,0.7256,393216,830.47,14.53,1955198,-182.990,-109.980,-46.970,0.7850,1.0960
483,10.2524,18.3020,0.7005,393216,830.47,14.53,1955198,-182.990,-109.980,-46.970,0.7850,1.0960
484,10.2724,19.5731,1.0118,393216,830.47,14.53,1955198,-182.990,-109.980,-46.970,0.7850,1.0960
485,10.2918,20.0021,0.7819,393216,830.47,14.53,1955198,-182.990,-109.980,-46.970,0.7850,1.0960
486,10.3114,19.4020,0.7512,393216,830.47,14.53,1955198,-182.990,-109.980,-46.970,0.7850,1.0960
487,10.3309,19.5330,0.6898,393216,830.47,14.53,1955198,-182.990,-109.980,-46.970,0.7850,1.0960
488,10.3506,19.4799,0.7001,393216,830.47,14.53,1955198,-182.990,-109.980,-46.970,0.7850,1.0960
489,10.3704,19.7165,0.7447,393216,830.47,14.53,1955198,-182.990,-109.980,-46.970,0.7850,1.0960
490,10.3904,19.7951,0.8345,393216,830.47,14.53,1955198,-182.990,-109.980,-46.970,0.7850,1.0960
491,10.4099,20.0061,0.7727,393216,830.47,14.53,1955198,-182.990,-109.980,-46.970,0.7850,1.0960
492,10.4295,19.5676,0.7448,393216,830.47,14.53,1955198,-182.990,-109.980,-46.970,0.7850,1.0960
493,10.4492,19.5941,0.7392,393216,830.47,14.53,1955198,-182.990,-109.980,-46.970,0.7850,1.0960
494,10.4691,19.7194,0.9540,393216,830.47,14.53,1955198,-182.990,-109.980,-46.970,0.7850,1.0960
495,10.4886,19.8247,0.7514,393216,830.47,14.53,1955198,-182.990,-109.980,-46.970,0.7850,1.0960
496,10.5082,19.5622,0.6989,393216,830.47,14.53,1955198,-182.990,-109.980,-46.970,0.7850,1.0960
497,10.5282,19.5883,0.9513,393216,830.47,14.53,1955198,-182.990,-109.980,-46.970,0.7850,1.0960
498,10.5467,19.9542,0.9680,393216,830.47,14.53,1955198,-182.990,-109.980,-46.970,0.7850,1.0960
499,10.5664,18.5191,1.1991,393216,830.47,14.53,1955198,-182.990,-109.980,-46.970,0.7850,1.0960
500,10.5857,19.7438,0.9097,393216,830.47,14.53,1955198,-182.990,-109.980,-46.970,0.7850,1.0960
501,10.6055,19.3284,0.9719,393216,830.47,14.53,1955198,-182.990,-109.980,-46.970,0.7850,1.0960
502,10.6251,19.6962,0.9786,393216,830.47,14.53,1955198,-182.990,-109.980,-46.970,0.7850,1.0960
503,10.6447,19.6443,1.0507,393216,830.47,14.53,1955198,-182.990,-109.980,-46.970,0.7850,1.0960
504,10.6643,19.5999,0.9366,393216,830.47,14.53,1955198,-182.990,-109.980,-46.970,0.7850,1.0960
505,10.6841,19.5791,0.9695,393216,830.47,14.53,1955198,-182.990,-109.980,-46.970,0.7850,1.0960
506,10.7038,19.7968,1.0681,393216,830.47,14.53,1955198,-182.990,-109.980,-46.970,0.7850,1.0960
507,10.7233,19.6962,0.9022,393216,830.47,14.53,1955198,-182.990,-109.980,-46.970,0.7850,1.0960
508,10.7428,19.5557,0.8371,393216,830.47,14.53,1955198,-182.990,-109.980,-46.970,0.7850,1.0960
509,10.7623,19.4514,0.7671,393216,830.47,14.53,1955198,-182.990,-109.980,-46.970,0.7850,1.0960
510,10.7822,19.4994,0.9439,393216,830.47,14.53,1955198,-182.990,-109.980,-46.970,0.7850,1.0960
511,10.8016,19.9338,0.8289,393216,830.47,14.53,1955198,-182.990,-109.980,-46.970,0.7850,1.0960
512,10.8212,19.3933,0.7873,393216,830.47,14.53,1955198,-182.990,-109.980,-46.970,0.7850,1.0960
513,10.8410,19.5813,1.0782,393216,830.47,14.53,1955198,-182.990,-109.980,-46.970,0.7850,1.0960
514,10.8590,19.8584,0.7457,393216,830.47,14.53,1955198,-182.990,-109.980,-46.970,0.7850,1.0960
515,10.8785,17.9510,0.7297,393216,830.47,14.53,1955198,-182.990,-109.980,-46.970,0.7850,1.0960
516,10.8984,19.5330,0.7357,393216,830.47,14.53,1955198,-182.990,-109.980,-46.970,0.7850,1.0960
517,10.9183,19.8408,1.0394,393216,830.47,14.53,1955198,-182.990,-109.980,-46.970,0.7850,1.0960
518,10.9379,19.9543,0.9902,393216,830.47,14.53,1955198,-182.990,-109.980,-46.970,0.7850,1.0960
519,10.9575,19.5480,0.9696,393216,830.47,14.53,1955198,-182.990,-109.980,-46.970,0.7850,1.0960
520,10.9772,19.6418,1.0099,393216,830.47,14.53,1955198,-182.990,-109.980,-46.970,0.7850,1.0960
521,10.9968,19.6932,0.8301,393216,830.47,14.53,1955198,-182.990,-109.980,-46.970,0.7850,1.0960
522,11.0163,19.5737,0.7339,393216,830.47,14.53,1955198,-182.990,-109.980,-46.970,0.7850,1.0960
523,11.0362,19.5744,0.9681,393216,830.47,14.53,1955198,-182.990,-109.980,-46.970,0.7850,1.0960
524,11.0557,19.8030,0.9440,393216,830.47,14.53,1955198,-182.990,-109.980,-46.970,0.7850,1.0960
525,11.0754,19.5388,0.9188,393216,830.47,14.53,1955198,-182.990,-109.980,-46.970,0.7850,1.0960
526,11.0950,19.7146,0.8301,393216,830.47,14.53,1955198,-182.990,-109.980,-46.970,0.7850,1.0960
527,11.1146,19.5578,0.7294,393216,830.47,14.53,1955198,-182.990,-109.980,-46.970,0.7850,1.0960
528,11.1341,19.5856,0.7294,393216,830.47,14.53,1955198,-182.990,-109.980,-46.970,0.7850,1.0960
529,11.1539,19.5788,0.7725,393216,830.47,14.53,1955198,-182.990,-109.980,-46.970,0.7850,1.0960
530,11.1723,19.7398,1.0613,393216,830.47,14.53,1955198,-182.990,-109.980,-46.970,0.7850,1.0960
531,11.1920,18.4632,1.0510,393216,830.47,14.53,1955198,-182.990,-109.980,-46.970,0.7850,1.0960
532,11.2115,19.6997,0.9589,393216,830.47,14.53,1955198,-182.990,-109.980,-46.970,0.7850,1.0960
533,11.2312,19.4814,0.9494,393216,830.47,14.53,1955198,-182.990,-109.980,-46.970,0.7850,1.0960
534,11.2508,19.7205,0.9103,393216,830.47,14.53,1955198,-182.990,-109.980,-46.970,0.7850,1.0960
535,11.2703,19.5590,0.8147,393216,830.47,14.53,1955198,-182.990,-109.980,-46.970,0.7850,1.0960
536,11.2900,19.4999,0.9025,393216,830.47,14.53,1955198,-182.990,-109.980,-46.970,0.7850,1.0960
537,11.3095,19.7002,0.7962,393216,830.47,14.53,1955198,-182.990,-109.980,-46.970,0.7850,1.0960
538,11.3292,19.4864,0.7319,393216,830.47,14.53,1955198,-182.990,-109.980,-46.970,0.7850,1.0960
539,11.3493,19.7649,1.0974,393216,830.47,14.53,1955198,-182.990,-109.980,-46.970,0.7850,1.0960
540,11.3688,20.0392,1.0072,393216,830.47,14.53,1955198,-182.990,-109.980,-46.970,0.7850,1.0960
541,11.3887,19.5256,1.1507,393216,830.47,14.53,1955198,-182.990,-109.980,-46.970,0.7850,1.0960
542,11.4080,19.8490,0.8201,393216,830.47,14.53,1955198,-182.990,-109.980,-46.970,0.7850,1.0960
543,11.4276,19.3412,0.7688,393216,830.47,14.53,1955198,-182.990,-109.980,-46.970,0.7850,1.0960
544,11.4473,19.6542,0.7562,393216,830.47,14.53,1955198,-182.990,-109.980,-46.970,0.7850,1.0960
545,11.4670,19.6520,0.7147,393216,830.47,14.53,1955198,-182.990,-109.980,-46.970,0.7850,1.0960
546,11.4857,19.7072,1.1945,393216,830.47,14.53,1955198,-182.990,-109.980,-46.970,0.7850,1.0960
547,11.5051,18.7228,1.0043,393216,830.47,14.53,1955198,-182.990,-109.980,-46.970,0.7850,1.0960
548,11.5245,19.3629,0.8090,393216,830.47,14.53,1955198,-182.990,-109.980,-46.970,0.7850,1.0960
549,11.5442,19.4249,0.8034,393216,830.47,14.53,1955198,-182.990,-109.980,-46.970,0.7850,1.0960
550,11.5640,19.6897,0.8793,393216,830.47,14.53,1955198,-182.990,-109.980,-46.970,0.7850,1.0960
551,11.5836,19.7511,0.8893,393216,830.47,14.53,1955198,-182.990,-109.980,-46.970,0.7850,1.0960
552,11.6030,19.5860,0.7859,393216,830.47,14.53,1955198,-182.990,-109.980,-46.970,0.7850,1.0960
553,11.6226,19.4149,0.7254,393216,830.47,14.53,1955198,-182.990,-109.980,-46.970,0.7850,1.0960
554,11.6425,19.6496,0.9329,393216,830.47,14.53,1955198,-182.990,-109.980,-46.970,0.7850,1.0960
555,11.6619,19.8771,0.7412,393216,830.47,14.53,1955198,-182.990,-109.980,-46.970,0.7850,1.0960
556,11.6817,19.4491,0.8801,393216,830.47,14.53,1955198,-182.990,-109.980,-46.970,0.7850,1.0960
557,11.7014,19.7064,0.8873,393216,830.47,14.53,1955198,-182.990,-109.980,-46.970,0.7850,1.0960
558,11.7210,19.7679,0.7835,393216,830.47,14.53,1955198,-182.990,-109.980,-46.970,0.7850,1.0960
559,11.7406,19.5323,0.7400,393216,830.47,14.53,1955198,-182.990,-109.980,-46.970,0.7850,1.0960
560,11.7603,19.6624,0.8804,393216,830.47,14.53,1955198,-182.990,-109.980,-46.970,0.7850,1.0960
561,11.7800,19.6878,0.8105,393216,830.47,14.53,1955198,-182.990,-109.980,-46.970,0.7850,1.0960
562,11.7982,19.7072,0.8412,393216,830.47,14.53,1955198,-182.990,-109.980,-46.970,0.7850,1.0960
563,11.8180,18.2367,0.9646,393216,830.47,14.53,1955198,-182.990,-109.980,-46.970,0.7850,1.0960
564,11.8376,19.7831,0.7791,393216,830.47,14.53,1955198,-182.990,-109.980,-46.970,0.7850,1.0960
565,11.8572,19.5682,0.7666,393216,830.47,14.53,1955198,-182.990,-109.980,-46.970,0.7850,1.0960
566,11.8769,19.6686,0.8038,393216,830.47,14.53,1955198,-182.990,-109.980,-46.970,0.7850,1.0960
567,11.8966,19.6047,0.8317,393216,830.47,14.53,1955198,-182.990,-109.980,-46.970,0.7850,1.0960
568,11.9161,19.6937,0.7749,393216,830.47,14.53,1955198,-182.990,-109.980,-46.970,0.7850,1.0960
569,11.9361,19.5374,1.0317,393216,830.47,14.53,1955198,-182.990,-109.980,-46.970,0.7850,1.0960
570,11.9557,19.9630,1.0121,393216,830.47,14.53,1955198,-182.990,-109.980,-46.970,0.7850,1.0960
571,11.9752,19.6424,0.9583,393216,830.47,14.53,1955198,-182.990,-109.980,-46.970,0.7850,1.0960
572,11.9950,19.4908,1.0932,393216,830.47,14.53,1955198,-182.990,-109.980,-46.970,0.7850,1.0960
573,12.0147,19.7843,1.0659,393216,830.47,14.53,1955198,-182.990,-109.980,-46.970,0.7850,1.0960
574,12.0343,19.6997,0.9991,393216,830.47,14.53,1955198,-182.990,-109.980,-46.970,0.7850,1.0960
575,12.0540,19.6087,1.0170,393216,830.47,14.53,1955198,-182.990,-109.980,-46.970,0.7850,1.0960
576,12.0737,19.7271,1.0700,393216,830.47,14.53,1955198,-182.990,-109.980,-46.970,0.7850,1.0960
577,12.0932,19.7137,0.9058,393216,830.47,14.53,1955198,-182.990,-109.980,-46.970,0.7850,1.0960
578,12.1114,19.4447,0.8613,393216,830.47,14.53,1955198,-182.990,-109.980,-46.970,0.7850,1.0960
579,12.1309,18.2234,0.7131,393216,830.47,14.53,1955198,-182.990,-109.980,-46.970,0.7850,1.0960
580,12.1509,19.5428,0.9691,393216,830.47,14.53,1955198,-182.990,-109.980,-46.970,0.7850,1.0960
581,12.1705,19.9406,0.9416,393216,830.47,14.53,1955198,-182.990,-109.980,-46.970,0.7850,1.0960
582,12.1905,19.6036,1.2076,393216,830.47,14.53,1955198,-182.990,-109.980,-46.970,0.7850,1.0960
583,12.2097,19.9929,0.8787,393216,830.47,14.53,1955198,-182.990,-109.980,-46.970,0.7850,1.0960
584,12.2292,19.2036,0.7849,393216,830.47,14.53,1955198,-182.990,-109.980,-46.970,0.7850,1.0960
585,12.2490,19.5377,0.8082,393216,830.47,14.53,1955198,-182.990,-109.980,-46.970,0.7850,1.0960
586,12.2687,19.7285,0.7909,393216,830.47,14.53,1955198,-182.990,-109.980,-46.970,0.7850,1.0960
587,12.2890,19.7318,1.4640,393216,830.47,14.53,1955198,-182.990,-109.980,-46.970,0.7850,1.0960
588,12.3081,20.3007,0.9904,393216,830.47,14.53,1955198,-182.990,-109.980,-46.970,0.7850,1.0960
589,12.3277,19.1406,0.9327,393216,830.47,14.53,1955198,-182.990,-109.980,-46.970,0.7850,1.0960
590,12.3475,19.5790,0.9600,393216,830.47,14.53,1955198,-182.990,-109.980,-46.970,0.7850,1.0960
591,12.3671,19.7565,0.9628,393216,830.47,14.53,1955198,-182.990,-109.980,-46.970,0.7850,1.0960
592,12.3868,19.5939,1.0437,393216,830.47,14.53,1955198,-182.990,-109.980,-46.970,0.7850,1.0960
593,12.4063,19.7440,0.9960,393216,830.47,14.53,1955198,-182.990,-109.980,-46.970,0.7850,1.0960
594,12.4246,19.5128,0.9926,393216,830.47,14.53,1955198,-182.990,-109.980,-46.970,0.7850,1.0960
595,12.4443,18.3178,1.0498,393216,830.47,14.53,1955198,-182.990,-109.980,-46.970,0.7850,1.0960
596,12.4639,19.6867,0.9600,393216,830.47,14.53,1955198,-182.990,-109.980,-46.970,0.7850,1.0960
597,12.4837,19.5648,1.0428,393216,830.47,14.53,1955198,-182.990,-109.980,-46.970,0.7850,1.0960
598,12.5033,19.8069,0.9700,393216,830.47,14.53,1955198,-182.990,-109.980,-46.970,0.7850,1.0960
599,12.5229,19.6619,0.8304,393216,830.47,14.53,1955198,-182.990,-109.980,-46.970,0.7850,1.0960
600,12.5425,19.5115,0.7246,393216,830.47,14.53,1955198,-182.990,-109.980,-46.970,0.7850,1.0960
601,12.5622,19.6151,0.8454,393216,830.47,14.53,1955198,-182.990,-109.980,-46.970,0.7850,1.0960
602,12.5819,19.6680,0.8637,393216,830.47,14.53,1955198,-182.990,-109.980,-46.970,0.7850,1.0960
603,12.6016,19.7166,0.8879,393216,830.47,14.53,1955198,-182.990,-109.980,-46.970,0.7850,1.0960
604,12.6213,19.7494,0.9390,393216,830.47,14.53,1955198,-182.990,-109.980,-46.970,0.7850,1.0960
605,12.6407,19.7213,0.7263,393216,830.47,14.53,1955198,-182.990,-109.980,-46.970,0.7850,1.0960
606,12.6604,19.3599,0.6802,393216,830.47,14.53,1955198,-182.990,-109.980,-46.970,0.7850,1.0960
607,12.6805,19.7497,1.0271,393216,830.47,14.53,1955198,-182.990,-109.980,-46.970,0.7850,1.0960
608,12.7000,20.0560,1.0105,393216,830.47,14.53,1955198,-182.990,-109.980,-46.970,0.7850,1.0960
609,12.7194,19.5498,0.8199,393216,830.47,14.53,1955198,-182.990,-109.980,-46.970,0.7850,1.0960
610,12.7378,19.4026,0.8492,393216,830.47,14.53,1955198,-182.990,-109.980,-46.970,0.7850,1.0960
611,12.7574,18.3314,0.7716,393216,830.47,14.53,1955198,-182.990,-109.980,-46.970,0.7850,1.0960
612,12.7772,19.5717,1.0593,393216,830.47,14.53,1955198,-182.990,-109.980,-46.970,0.7850,1.0960
613,12.7967,19.8954,0.8530,393216,830.47,14.53,1955198,-182.990,-109.980,-46.970,0.7850,1.0960
614,12.8163,19.4842,0.7665,393216,830.47,14.53,1955198,-182.990,-109.980,-46.970,0.7850,1.0960
615,12.8363,19.5818,0.8513,393216,830.47,14.53,1955198,-182.990,-109.980,-46.970,0.7850,1.0960
616,12.8557,20.0294,0.7860,393216,830.47,14.53,1955198,-182.990,-109.980,-46.970,0.7850,1.0960
617,12.8753,19.3375,0.7983,393216,830.47,14.53,1955198,-182.990,-109.980,-46.970,0.7850,1.0960
618,12.8951,19.6060,0.8433,393216,830.47,14.53,1955198,-182.990,-109.980,-46.970,0.7850,1.0960
619,12.9147,19.7756,0.7420,393216,830.47,14.53,1955198,-182.990,-109.980,-46.970,0.7850,1.0960
620,12.9342,19.6304,0.6970,393216,830.47,14.53,1955198,-182.990,-109.980,-46.970,0.7850,1.0960
621,12.9540,19.4921,0.7869,393216,830.47,14.53,1955198,-182.990,-109.980,-46.970,0.7850,1.0960
622,12.9740,19.8273,1.0834,393216,830.47,14.53,1955198,-182.990,-109.980,-46.970,0.7850,1.0960
623,12.9936,19.9417,1.0423,393216,830.47,14.53,1955198,-182.990,-109.980,-46.970,0.7850,1.0960
624,13.0131,19.6565,0.9722,393216,830.47,14.53,1955198,-182.990,-109.980,-46.970,0.7850,1.0960
625,13.0327,19.4654,0.9193,393216,830.47,14.53,1955198,-182.990,-109.980,-46.970,0.7850,1.0960
626,13.0511,19.6127,0.9144,393216,830.47,14.53,1955198,-182.990,-109.980,-46.970,0.7850,1.0960
627,13.0708,18.3625,0.9702,393216,830.47,14.53,1955198,-182.990,-109.980,-46.970,0.7850,1.0960
628,13.0907,19.7515,1.1460,393216,830.47,14.53,1955198,-182.990,-109.980,-46.970,0.7850,1.0960
629,13.1101,19.9122,0.9004,393216,830.47,14.53,1955198,-182.990,-109.980,-46.970,0.7850,1.0960
630,13.1296,19.3750,0.8292,393216,830.47,14.53,1955198,-182.990,-109.980,-46.970,0.7850,1.0960
631,13.1492,19.5223,0.7444,393216,830.47,14.53,1955198,-182.990,-109.980,-46.970,0.7850,1.0960
632,13.1688,19.5434,0.7741,393216,830.47,14.53,1955198,-182.990,-109.980,-46.970,0.7850,1.0960
633,13.1886,19.6649,0.7970,393216,830.47,14.53,1955198,-182.990,-109.980,-46.970,0.7850,1.0960
634,13.2083,19.7699,0.9406,393216,830.47,14.53,1955198,-182.990,-109.980,-46.970,0.7850,1.0960
635,13.2278,19.7130,0.7911,393216,830.47,14.53,1955198,-182.990,-109.980,-46.970,0.7850,1.0960
636,13.2474,19.4791,0.8481,393216,830.47,14.53,1955198,-182.990,-109.980,-46.970,0.7850,1.0960
637,13.2670,19.6557,0.7427,393216,830.47,14.53,1955198,-182.990,-109.980,-46.970,0.7850,1.0960
638,13.2871,19.5898,1.0510,393216,830.47,14.53,1955198,-182.990,-109.980,-46.970,0.7850,1.0960
639,13.3069,20.0549,1.1684,393216,830.47,14.53,1955198,-182.990,-109.980,-46.970,0.7850,1.0960
640,13.3261,19.8040,0.7462,393216,830.47,14.53,1955198,-182.990,-109.980,-46.970,0.7850,1.0960
641,13.3459,19.1868,1.0375,393216,830.47,14.53,1955198,-182.990,-109.980,-46.970,0.7850,1.0960
642,13.3640,19.8606,0.9051,393216,830.47,14.53,1955198,-182.990,-109.980,-46.970,0.7850,1.0960
643,13.3836,18.0777,0.9144,393216,830.47,14.53,1955198,-182.990,-109.980,-46.970,0.7850,1.0960
644,13.4034,19.5597,0.9175,393216,830.47,14.53,1955198,-182.990,-109.980,-46.970,0.7850,1.0960
645,13.4229,19.7789,0.8410,393216,830.47,14.53,1955198,-182.990,-109.980,-46.970,0.7850,1.0960
646,13.4425,19.5770,0.7898,393216,830.47,14.53,1955198,-182.990,-109.980,-46.970,0.7850,1.0960
647,13.4619,19.6063,0.7251,393216,830.47,14.53,1955198,-182.990,-109.980,-46.970,0.7850,1.0960
648,13.4819,19.4114,1.1035,393216,830.47,14.53,1955198,-182.990,-109.980,-46.970,0.7850,1.0960
649,13.5016,20.0001,1.0422,393216,830.47,14.53,1955198,-182.990,-109.980,-46.970,0.7850,1.0960
650,13.5212,19.6419,1.0150,393216,830.47,14.53,1955198,-182.990,-109.980,-46.970,0.7850,1.0960
651,13.5408,19.6501,0.9826,393216,830.47,14.53,1955198,-182.990,-109.980,-46.970,0.7850,1.0960
652,13.5605,19.5618,0.9938,393216,830.47,14.53,1955198,-182.990,-109.980,-46.970,0.7850,1.0960
653,13.5802,19.7044,1.0008,393216,830.47,14.53,1955198,-182.990,-109.980,-46.970,0.7850,1.0960
654,13.5999,19.6744,0.9997,393216,830.47,14.53,1955198,-182.990,-109.980,-46.970,0.7850,1.0960
655,13.6195,19.6885,1.0603,393216,830.47,14.53,1955198,-182.990,-109.980,-46.970,0.7850,1.0960
656,13.6392,19.6575,1.0628,393216,830.47,14.53,1955198,-182.990,-109.980,-46.970,0.7850,1.0960
657,13.6587,19.6973,0.9629,393216,830.47,14.53,1955198,-182.990,-109.980,-46.970,0.7850,1.0960
658,13.6770,19.5099,0.9889,393216,830.47,14.53,1955198,-182.990,-109.980,-46.970,0.7850,1.0960
659,13.6969,18.2425,1.0670,393216,830.47,14.53,1955198,-182.990,-109.980,-46.970,0.7850,1.0960
660,13.7161,19.9101,0.8035,393216,830.47,14.53,1955198,-182.990,-109.980,-46.970,0.7850,1.0960
661,13.7359,19.2370,0.9967,393216,830.47,14.53,1955198,-182.990,-109.980,-46.970,0.7850,1.0960
662,13.7554,19.8061,0.8317,393216,830.47,14.53,1955198,-182.990,-109.980,-46.970,0.7850,1.0960
663,13.7751,19.5053,0.8055,393216,830.47,14.53,1955198,-182.990,-109.980,-46.970,0.7850,1.0960
664,13.7951,19.6444,1.2166,393216,830.47,14.53,1955198,-182.990,-109.980,-46.970,0.7850,1.0960
665,13.8145,20.0703,0.8381,393216,830.47,14.53,1955198,-182.990,-109.980,-46.970,0.7850,1.0960
666,13.8342,19.3421,0.8109,393216,830.47,14.53,1955198,-182.990,-109.980,-46.970,0.7850,1.0960
667,13.8540,19.7392,0.9647,393216,830.47,14.53,1955198,-182.990,-109.980,-46.970,0.7850,1.0960
668,13.8736,19.7605,0.9217,393216,830.47,14.53,1955198,-182.990,-109.980,-46.970,0.7850,1.0960
669,13.8932,19.6328,0.8188,393216,830.47,14.53,1955198,-182.990,-109.980,-46.970,0.7850,1.0960
670,13.9130,19.5838,0.9312,393216,830.47,14.53,1955198,-182.990,-109.980,-46.970,0.7850,1.0960
671,13.9325,19.8471,0.7251,393216,830.47,14.53,1955198,-182.990,-109.980,-46.970,0.7850,1.0960
672,13.9522,19.4607,0.8587,393216,830.47,14.53,1955198,-182.990,-109.980,-46.970,0.7850,1.0960
673,13.9720,19.7099,0.7471,393216,830.47,14.53,1955198,-182.990,-109.980,-46.970,0.7850,1.0960
674,13.9904,19.7912,0.8507,393216,830.47,14.53,1955198,-182.990,-109.980,-46.970,0.7850,1.0960
675,14.0102,18.3735,0.8844,393216,830.47,14.53,1955198,-182.990,-109.980,-46.970,0.7850,1.0960
676,14.0297,19.7840,0.7715,393216,830.47,14.53,1955198,-182.990,-109.980,-46.970,0.7850,1.0960
677,14.0495,19.4992,0.7653,393216,830.47,14.53,1955198,-182.990,-109.980,-46.970,0.7850,1.0960
678,14.0692,19.8599,0.8553,393216,830.47,14.53,1955198,-182.990,-109.980,-46.970,0.7850,1.0960
679,14.0888,19.7250,0.7393,393216,830.47,14.53,1955198,-182.990,-109.980,-46.970,0.7850,1.0960
680,14.1090,19.5813,1.0789,393216,830.47,14.53,1955198,-182.990,-109.980,-46.970,0.7850,1.0960
681,14.1285,20.1797,0.8240,393216,830.47,14.53,1955198,-182.990,-109.980,-46.970,0.7850,1.0960
682,14.1484,19.4710,0.8895,393216,830.47,14.53,1955198,-182.990,-109.980,-46.970,0.7850,1.0960
683,14.1687,19.8919,0.7667,393216,830.47,14.53,1955198,-182.990,-109.980,-46.970,0.7850,1.0960
684,14.1889,20.3151,0.7701,393216,830.47,14.53,1955198,-182.990,-109.980,-46.970,0.7850,1.0960
685,14.2096,20.2403,0.9315,393216,830.47,14.53,1955198,-182.990,-109.980,-46.970,0.7850,1.0960
686,14.2301,20.6442,1.1499,393216,830.47,14.53,1955198,-182.990,-109.980,-46.970,0.7850,1.0960
687,14.2501,20.5655,0.7726,393216,830.47,14.53,1955198,-182.990,-109.980,-46.970,0.7850,1.0960
688,14.2717,19.9509,0.8741,393216,830.47,14.53,1955198,-182.990,-109.980,-46.970,0.7850,1.0960
689,14.2932,21.6040,0.9214,393216,830.47,14.53,1955198,-182.990,-109.980,-46.970,0.7850,1.0960
690,14.3132,21.5104,0.9186,393216,830.47,14.53,1955198,-182.990,-109.980,-46.970,0.7850,1.0960
691,14.3347,20.0228,0.8300,393216,830.47,14.53,1955198,-182.990,-109.980,-46.970,0.7850,1.0960
692,14.3563,21.4612,1.0592,393216,830.47,14.53,1955198,-182.990,-109.980,-46.970,0.7850,1.0960
693,14.3757,21.5763,0.7979,393216,830.47,14.53,1955198,-182.990,-109.980,-46.970,0.7850,1.0960
694,14.3955,19.4081,0.8732,393216,830.47,14.53,1955198,-182.990,-109.980,-46.970,0.7850,1.0960
695,14.4151,19.8560,0.7374,393216,830.47,14.53,1955198,-182.990,-109.980,-46.970,0.7850,1.0960
696,14.4348,19.6680,0.6888,393216,830.47,14.53,1955198,-182.990,-109.980,-46.970,0.7850,1.0960
697,14.4547,19.6429,0.8023,393216,830.47,14.53,1955198,-182.990,-109.980,-46.970,0.7850,1.0960
698,14.4744,19.8916,0.6691,393216,830.47,14.53,1955198,-182.990,-109.980,-46.970,0.7850,1.0960
699,14.4942,19.6999,0.6818,393216,830.47,14.53,1955198,-182.990,-109.980,-46.970,0.7850,1.0960
700,14.5142,19.7020,0.7062,393216,830.47,14.53,1955198,-182.990,-109.980,-46.970,0.7850,1.0960
701,14.5337,20.0294,0.6168,393216,830.47,14.53,1955198,-182.990,-109.980,-46.970,0.7850,1.0960
702,14.5536,19.5538,0.6689,393216,830.47,14.53,1955198,-182.990,-109.980,-46.970,0.7850,1.0960
703,14.5735,19.8368,0.6806,393216,830.47,14.53,1955198,-182.990,-109.980,-46.970,0.7850,1.0960
704,14.5932,19.9461,0.7018,393216,830.47,14.53,1955198,-182.990,-109.980,-46.970,0.7850,1.0960
705,14.6132,19.6458,0.7846,393216,830.47,14.53,1955198,-182.990,-109.980,-46.970,0.7850,1.0960
706,14.6314,19.9984,0.7969,393216,830.47,14.53,1955198,-182.990,-109.980,-46.970,0.7850,1.0960
707,14.6511,18.2741,0.7166,393216,830.47,14.53,1955198,-182.990,-109.980,-46.970,0.7850,1.0960
708,14.6708,19.6668,0.6471,393216,830.47,14.53,1955198,-182.990,-109.980,-46.970,0.7850,1.0960
709,14.6907,19.6728,0.7279,393216,830.47,14.53,1955198,-182.990,-109.980,-46.970,0.7850,1.0960
710,14.7106,19.9496,0.7053,393216,830.47,14.53,1955198,-182.990,-109.980,-46.970,0.7850,1.0960
711,14.7303,19.8863,0.7066,393216,830.47,14.53,1955198,-182.990,-109.980,-46.970,0.7850,1.0960
712,14.7503,19.6745,0.8320,393216,830.47,14.53,1955198,-182.990,-109.980,-46.970,0.7850,1.0960
713,14.7700,20.0106,0.8233,393216,830.47,14.53,1955198,-182.990,-109.980,-46.970,0.7850,1.0960
714,14.7899,19.7391,0.7844,393216,830.47,14.53,1955198,-182.990,-109.980,-46.970,0.7850,1.0960
715,14.8098,19.8911,0.8529,393216,830.47,14.53,1955198,-182.990,-109.980,-46.970,0.7850,1.0960
716,14.8296,19.8444,0.8621,393216,830.47,14.53,1955198,-182.990,-109.980,-46.970,0.7850,1.0960
717,14.8493,19.8274,0.8767,393216,830.47,14.53,1955198,-182.990,-109.980,-46.970,0.7850,1.0960
718,14.8693,19.7621,0.8592,393216,830.47,14.53,1955198,-182.990,-109.980,-46.970,0.7850,1.0960
719,14.8889,19.9196,0.8225,393216,830.47,14.53,1955198,-182.990,-109.980,-46.970,0.7850,1.0960
720,14.9086,19.5824,0.7942,393216,830.47,14.53,1955198,-182.990,-109.980,-46.970,0.7850,1.0960
721,14.9285,19.7381,0.8186,393216,830.47,14.53,1955198,-182.990,-109.980,-46.970,0.7850,1.0960
722,14.9469,19.8694,0.8277,393216,830.47,14.53,1955198,-182.990,-109.980,-46.970,0.7850,1.0960
723,14.9667,18.4243,0.8976,393216,830.47,14.53,1955198,-182.990,-109.980,-46.970,0.7850,1.0960
724,14.9862,19.8491,0.8010,393216,830.47,14.53,1955198,-182.990,-109.980,-46.970,0.7850,1.0960
725,15.0059,19.5086,0.7637,393216,830.47,14.53,1955198,-182.990,-109.980,-46.970,0.7850,1.0960
726,15.0257,19.6839,0.7721,393216,830.47,14.53,1955198,-182.990,-109.980,-46.970,0.7850,1.0960
727,15.0456,19.7517,0.9807,393216,830.47,14.53,1955198,-182.990,-109.980,-46.970,0.7850,1.0960
728,15.0652,19.8990,0.9035,393216,830.47,14.53,1955198,-182.990,-109.980,-46.970,0.7850,1.0960
729,15.0848,19.6198,0.7506,393216,830.47,14.53,1955198,-182.990,-109.980,-46.970,0.7850,1.0960
730,15.1045,19.5624,0.8125,393216,830.47,14.53,1955198,-182.990,-109.980,-46.970,0.7850,1.0960
731,15.1243,19.7304,0.8521,393216,830.47,14.53,1955198,-182.990,-109.980,-46.970,0.7850,1.0960
732,15.1438,19.7962,0.7870,393216,830.47,14.53,1955198,-182.990,-109.980,-46.970,0.7850,1.0960
733,15.1636,19.5471,0.8253,393216,830.47,14.53,1955198,-182.990,-109.980,-46.970,0.7850,1.0960
734,15.1835,19.7620,0.9356,393216,830.47,14.53,1955198,-182.990,-109.980,-46.970,0.7850,1.0960
735,15.2031,19.8890,0.8780,393216,830.47,14.53,1955198,-182.990,-109.980,-46.970,0.7850,1.0960
736,15.2229,19.5841,0.9224,393216,830.47,14.53,1955198,-182.990,-109.980,-46.970,0.7850,1.0960
737,15.2425,19.8478,0.8096,393216,830.47,14.53,1955198,-182.990,-109.980,-46.970,0.7850,1.0960
738,15.2607,19.5757,0.6984,393216,830.47,14.53,1955198,-182.990,-109.980,-46.970,0.7850,1.0960
739,15.2803,18.2597,0.6950,393216,830.47,14.53,1955198,-182.990,-109.980,-46.970,0.7850,1.0960
740,15.3000,19.5935,0.6835,393216,830.47,14.53,1955198,-182.990,-109.980,-46.970,0.7850,1.0960
741,15.3199,19.6513,0.7520,393216,830.47,14.53,1955198,-182.990,-109.980,-46.970,0.7850,1.0960
742,15.3396,19.8831,0.7399,393216,830.47,14.53,1955198,-182.990,-109.980,-46.970,0.7850,1.0960
743,15.3593,19.7644,0.7031,393216,830.47,14.53,1955198,-182.990,-109.980,-46.970,0.7850,1.0960
744,15.3790,19.6429,0.6679,393216,830.47,14.53,1955198,-182.990,-109.980,-46.970,0.7850,1.0960
745,15.3991,19.7175,1.0355,393216,830.47,14.53,1955198,-182.990,-109.980,-46.970,0.7850,1.0960
746,15.4190,20.1337,1.2001,393216,830.47,14.53,1955198,-182.990,-109.980,-46.970,0.7850,1.0960
747,15.4384,19.8922,0.8897,393216,830.47,14.53,1955198,-182.990,-109.980,-46.970,0.7850,1.0960
748,15.4582,19.3437,1.0253,393216,830.47,14.53,1955198,-182.990,-109.980,-46.970,0.7850,1.0960
749,15.4777,19.8347,0.7718,393216,830.47,14.53,1955198,-182.990,-109.980,-46.970,0.7850,1.0960
750,15.4969,19.5571,0.6960,393216,830.47,14.53,1955198,-182.990,-109.980,-46.970,0.7850,1.0960
751,15.5166,19.1301,1.0666,393216,830.47,14.53,1955198,-182.990,-109.980,-46.970,0.7850,1.0960
752,15.5359,19.7142,1.0183,393216,830.47,14.53,1955198,-182.990,-109.980,-46.970,0.7850,1.0960
753,15.5549,19.2882,0.7417,393216,830.47,14.53,1955198,-182.990,-109.980,-46.970,0.7850,1.0960
754,15.5738,19.0225,0.7706,393216,830.47,14.53,1955198,-182.990,-109.980,-46.970,0.7850,1.0960
755,15.5930,18.8710,0.8058,393216,830.47,14.53,1955198,-182.990,-109.980,-46.970,0.7850,1.0960
756,15.6123,19.1724,0.8235,393216,830.47,14.53,1955198,-182.990,-109.980,-46.970,0.7850,1.0960
757,15.6318,19.3526,0.8500,393216,830.47,14.53,1955198,-182.990,-109.980,-46.970,0.7850,1.0960
758,15.6510,19.4641,0.8102,393216,830.47,14.53,1955198,-182.990,-109.980,-46.970,0.7850,1.0960
759,15.6702,19.2303,0.7307,393216,830.47,14.53,1955198,-182.990,-109.980,-46.970,0.7850,1.0960
760,15.6896,19.2172,0.7623,393216,830.47,14.53,1955198,-182.990,-109.980,-46.970,0.7850,1.0960
761,15.7088,19.3798,0.7644,393216,830.47,14.53,1955198,-182.990,-109.980,-46.970,0.7850,1.0960
762,15.7282,19.2392,0.7743,393216,830.47,14.53,1955198,-182.990,-109.980,-46.970,0.7850,1.0960
763,15.7475,19.3019,0.7856,393216,830.47,14.53,1955198,-182.990,-109.980,-46.970,0.7850,1.0960
764,15.7667,19.3842,0.6058,393216,830.47,14.53,1955198,-182.990,-109.980,-46.970,0.7850,1.0960
765,15.7862,19.1203,0.7244,393216,830.47,14.53,1955198,-182.990,-109.980,-46.970,0.7850,1.0960
766,15.8058,19.5260,0.9350,393216,830.47,14.53,1955198,-182.990,-109.980,-46.970,0.7850,1.0960
767,15.8249,19.5830,0.7965,393216,830.47,14.53,1955198,-182.990,-109.980,-46.970,0.7850,1.0960
768,15.8441,19.1320,0.7962,393216,830.47,14.53,1955198,-182.990,-109.980,-46.970,0.7850,1.0960
769,15.8633,19.2592,0.7873,393216,830.47,14.53,1955198,-182.990,-109.980,-46.970,0.7850,1.0960
770,15.8822,19.1881,0.8009,393216,830.47,14.53,1955198,-182.990,-109.980,-46.970,0.7850,1.0960
771,15.9014,18.8693,0.7612,393216,830.47,14.53,1955198,-182.990,-109.980,-46.970,0.7850,1.0960
772,15.9207,19.2191,0.7049,393216,830.47,14.53,1955198,-182.990,-109.980,-46.970,0.7850,1.0960
773,15.9402,19.2324,0.9433,393216,830.47,14.53,1955198,-182.990,-109.980,-46.970,0.7850,1.0960
774,15.9594,19.5119,0.9554,393216,830.47,14.53,1955198,-182.990,-109.980,-46.970,0.7850,1.0960
775,15.9785,19.2619,0.9009,393216,830.47,14.53,1955198,-182.990,-109.980,-46.970,0.7850,1.0960
776,15.9977,19.0365,0.8772,393216,830.47,14.53,1955198,-182.990,-109.980,-46.970,0.7850,1.0960
777,16.0171,19.2795,0.8945,393216,830.47,14.53,1955198,-182.990,-109.980,-46.970,0.7850,1.0960
778,16.0364,19.3022,0.9255,393216,830.47,14.53,1955198,-182.990,-109.980,-46.970,0.7850,1.0960
779,16.0556,19.3034,0.8712,393216,830.47,14.53,1955198,-182.990,-109.980,-46.970,0.7850,1.0960
780,16.0750,19.2063,0.9878,393216,830.47,14.53,1955198,-182.990,-109.980,-46.970,0.7850,1.0960
781,16.0939,19.4552,0.7774,393216,830.47,14.53,1955198,-182.990,-109.980,-46.970,0.7850,1.0960
782,16.1133,18.9439,0.8392,393216,830.47,14.53,1955198,-182.990,-109.980,-46.970,0.7850,1.0960
783,16.1327,19.3066,1.0188,393216,830.47,14.53,1955198,-182.990,-109.980,-46.970,0.7850,1.0960
784,16.1517,19.4478,0.7775,393216,830.47,14.53,1955198,-182.990,-109.980,-46.970,0.7850,1.0960
785,16.1708,18.9627,0.6783,393216,830.47,14.53,1955198,-182.990,-109.980,-46.970,0.7850,1.0960
786,16.1897,19.0791,0.7284,393216,830.47,14.53,1955198,-182.990,-109.980,-46.970,0.7850,1.0960
787,16.2089,18.9026,0.6861,393216,830.47,14.53,1955198,-182.990,-109.980,-46.970,0.7850,1.0960
788,16.2282,19.2113,0.7235,393216,830.47,14.53,1955198,-182.990,-109.980,-46.970,0.7850,1.0960
789,16.2476,19.3036,0.7827,393216,830.47,14.53,1955198,-182.990,-109.980,-46.970,0.7850,1.0960
790,16.2666,19.3905,0.6968,393216,830.47,14.53,1955198,-182.990,-109.980,-46.970,0.7850,1.0960
791,16.2862,19.0707,1.0383,393216,830.47,14.53,1955198,-182.990,-109.980,-46.970,0.7850,1.0960
792,16.3054,19.5916,0.9184,393216,830.47,14.53,1955198,-182.990,-109.980,-46.970,0.7850,1.0960
793,16.3249,19.1279,1.0172,393216,830.47,14.53,1955198,-182.990,-109.980,-46.970,0.7850,1.0960
794,16.3439,19.4878,0.7767,393216,830.47,14.53,1955198,-182.990,-109.980,-46.970,0.7850,1.0960
795,16.3630,18.9972,0.6185,393216,830.47,14.53,1955198,-182.990,-109.980,-46.970,0.7850,1.0960
796,16.3823,19.1291,0.6537,393216,830.47,14.53,1955198,-182.990,-109.980,-46.970,0.7850,1.0960
797,16.4015,19.2916,0.5938,393216,830.47,14.53,1955198,-182.990,-109.980,-46.970,0.7850,1.0960
798,16.4215,19.2710,1.1708,393216,830.47,14.53,1955198,-182.990,-109.980,-46.970,0.7850,1.0960
799,16.4405,19.9358,0.9418,393216,830.47,14.53,1955198,-182.990,-109.980,-46.970,0.7850,1.0960
800,16.4599,19.0202,0.9565,393216,830.47,14.53,1955198,-182.990,-109.980,-46.970,0.7850,1.0960
801,16.4791,19.4305,0.9139,393216,830.47,14.53,1955198,-182.990,-109.980,-46.970,0.7850,1.0960
802,16.4981,19.2127,0.9029,393216,830.47,14.53,1955198,-182.990,-109.980,-46.970,0.7850,1.0960
803,16.5176,18.9520,0.9947,393216,830.47,14.53,1955198,-182.990,-109.980,-46.970,0.7850,1.0960
804,16.5368,19.5363,0.8008,393216,830.47,14.53,1955198,-182.990,-109.980,-46.970,0.7850,1.0960
805,16.5562,19.1513,0.7035,393216,830.47,14.53,1955198,-182.990,-109.980,-46.970,0.7850,1.0960
806,16.5756,19.4142,0.6265,393216,830.47,14.53,1955198,-182.990,-109.980,-46.970,0.7850,1.0960
807,16.5951,19.3702,0.6832,393216,830.47,14.53,1955198,-182.990,-109.980,-46.970,0.7850,1.0960
808,16.6147,19.5708,0.7671,393216,830.47,14.53,1955198,-182.990,-109.980,-46.970,0.7850,1.0960
809,16.6341,19.5879,0.6636,393216,830.47,14.53,1955198,-182.990,-109.980,-46.970,0.7850,1.0960
810,16.6544,19.3892,0.7452,393216,830.47,14.53,1955198,-182.990,-109.980,-46.970,0.7850,1.0960
811,16.6744,20.2620,0.8524,393216,830.47,14.53,1955198,-182.990,-109.980,-46.970,0.7850,1.0960
812,16.6944,20.0435,0.7888,393216,830.47,14.53,1955198,-182.990,-109.980,-46.970,0.7850,1.0960
813,16.7145,19.9932,0.7801,393216,830.47,14.53,1955198,-182.990,-109.980,-46.970,0.7850,1.0960
814,16.7346,20.0851,0.7158,393216,830.47,14.53,1955198,-182.990,-109.980,-46.970,0.7850,1.0960
815,16.7560,20.1477,0.7271,393216,830.47,14.53,1955198,-182.990,-109.980,-46.970,0.7850,1.0960
816,16.7774,21.3957,0.6374,393216,830.47,14.53,1955198,-182.990,-109.980,-46.970,0.7850,1.0960
817,16.7988,21.3337,0.7069,393216,830.47,14.53,1955198,-182.990,-109.980,-46.970,0.7850,1.0960
818,16.8196,21.4033,0.8515,393216,830.47,14.53,1955198,-182.990,-109.980,-46.970,0.7850,1.0960
819,16.8409,20.8780,1.0761,393216,830.47,14.53,1955198,-182.990,-109.980,-46.970,0.7850,1.0960
820,16.8597,21.2428,0.7492,393216,830.47,14.53,1955198,-182.990,-109.980,-46.970,0.7850,1.0960
821,16.8791,18.8457,0.7370,393216,830.47,14.53,1955198,-182.990,-109.980,-46.970,0.7850,1.0960
822,16.8983,19.3164,0.6516,393216,830.47,14.53,1955198,-182.990,-109.980,-46.970,0.7850,1.0960
823,16.9181,19.2426,1.1111,393216,830.47,14.53,1955198,-182.990,-109.980,-46.970,0.7850,1.0960
824,16.9369,19.8314,0.7542,393216,830.47,14.53,1955198,-182.990,-109.980,-46.970,0.7850,1.0960
825,16.9561,18.8454,0.7049,393216,830.47,14.53,1955198,-182.990,-109.980,-46.970,0.7850,1.0960
826,16.9757,19.1617,0.9862,393216,830.47,14.53,1955198,-182.990,-109.980,-46.970,0.7850,1.0960
827,16.9948,19.5979,0.7939,393216,830.47,14.53,1955198,-182.990,-109.980,-46.970,0.7850,1.0960
828,17.0141,19.1080,0.7825,393216,830.47,14.53,1955198,-182.990,-109.980,-46.970,0.7850,1.0960
829,17.0332,19.2424,0.6595,393216,830.47,14.53,1955198,-182.990,-109.980,-46.970,0.7850,1.0960
830,17.0527,19.0719,0.8656,393216,830.47,14.53,1955198,-182.990,-109.980,-46.970,0.7850,1.0960
831,17.0718,19.5197,0.8751,393216,830.47,14.53,1955198,-182.990,-109.980,-46.970,0.7850,1.0960
832,17.0912,19.1682,0.9301,393216,830.47,14.53,1955198,-182.990,-109.980,-46.970,0.7850,1.0960
833,17.1102,19.3307,0.7720,393216,830.47,14.53,1955198,-182.990,-109.980,-46.970,0.7850,1.0960
834,17.1289,19.0552,0.6428,393216,830.47,14.53,1955198,-182.990,-109.980,-46.970,0.7850,1.0960
835,17.1485,18.6400,0.9200,393216,830.47,14.53,1955198,-182.990,-109.980,-46.970,0.7850,1.0960
836,17.1676,19.6497,0.8652,393216,830.47,14.53,1955198,-182.990,-109.980,-46.970,0.7850,1.0960
837,17.1870,19.1126,0.9005,393216,830.47,14.53,1955198,-182.990,-109.980,-46.970,0.7850,1.0960
838,17.2062,19.3984,0.8591,393216,830.47,14.53,1955198,-182.990,-109.980,-46.970,0.7850,1.0960
839,17.2255,19.1803,0.9439,393216,830.47,14.53,1955198,-182.990,-109.980,-46.970,0.7850,1.0960
840,17.2448,19.3018,0.9366,393216,830.47,14.53,1955198,-182.990,-109.980,-46.970,0.7850,1.0960
841,17.2640,19.3089,0.9093,393216,830.47,14.53,1955198,-182.990,-109.980,-46.970,0.7850,1.0960
842,17.2833,19.2182,0.9367,393216,830.47,14.53,1955198,-182.990,-109.980,-46.970,0.7850,1.0960
843,17.3023,19.2250,0.7824,393216,830.47,14.53,1955198,-182.990,-109.980,-46.970,0.7850,1.0960
844,17.3217,18.9971,0.8851,393216,830.47,14.53,1955198,-182.990,-109.980,-46.970,0.7850,1.0960
845,17.3409,19.4279,0.9167,393216,830.47,14.53,1955198,-182.990,-109.980,-46.970,0.7850,1.0960
846,17.3600,19.2131,0.8047,393216,830.47,14.53,1955198,-182.990,-109.980,-46.970,0.7850,1.0960
847,17.3798,19.1186,1.3627,393216,830.47,14.53,1955198,-182.990,-109.980,-46.970,0.7850,1.0960
848,17.3983,19.7630,0.7448,393216,830.47,14.53,1955198,-182.990,-109.980,-46.970,0.7850,1.0960
849,17.4175,18.5333,0.7575,393216,830.47,14.53,1955198,-182.990,-109.980,-46.970,0.7850,1.0960
850,17.4363,19.2269,0.8054,393216,830.47,14.53,1955198,-182.990,-109.980,-46.970,0.7850,1.0960
851,17.4553,18.7636,0.6532,393216,830.47,14.53,1955198,-182.990,-109.980,-46.970,0.7850,1.0960
852,17.4747,18.9472,0.9222,393216,830.47,14.53,1955198,-182.990,-109.980,-46.970,0.7850,1.0960
853,17.4941,19.4718,1.0023,393216,830.47,14.53,1955198,-182.990,-109.980,-46.970,0.7850,1.0960
854,17.5130,19.3550,0.7095,393216,830.47,14.53,1955198,-182.990,-109.980,-46.970,0.7850,1.0960
855,17.5323,18.9128,0.8879,393216,830.47,14.53,1955198,-182.990,-109.980,-46.970,0.7850,1.0960
856,17.5514,19.2901,0.6972,393216,830.47,14.53,1955198,-182.990,-109.980,-46.970,0.7850,1.0960
857,17.5707,19.1668,0.6853,393216,830.47,14.53,1955198,-182.990,-109.980,-46.970,0.7850,1.0960
858,17.5899,19.2101,0.6492,393216,830.47,14.53,1955198,-182.990,-109.980,-46.970,0.7850,1.0960
859,17.6094,19.2816,0.7539,393216,830.47,14.53,1955198,-182.990,-109.980,-46.970,0.7850,1.0960
860,17.6287,19.4527,0.8022,393216,830.47,14.53,1955198,-182.990,-109.980,-46.970,0.7850,1.0960
861,17.6480,19.3096,0.7723,393216,830.47,14.53,1955198,-182.990,-109.980,-46.970,0.7850,1.0960
862,17.6677,19.3594,1.0149,393216,830.47,14.53,1955198,-182.990,-109.980,-46.970,0.7850,1.0960
863,17.6868,19.6149,0.9048,393216,830.47,14.53,1955198,-182.990,-109.980,-46.970,0.7850,1.0960
864,17.7064,19.0787,1.1284,393216,830.47,14.53,1955198,-182.990,-109.980,-46.970,0.7850,1.0960
865,17.7252,19.6275,0.7574,393216,830.47,14.53,1955198,-182.990,-109.980,-46.970,0.7850,1.0960
866,17.7439,18.8232,0.7445,393216,830.47,14.53,1955198,-182.990,-109.980,-46.970,0.7850,1.0960
867,17.7629,18.6518,0.6263,393216,830.47,14.53,1955198,-182.990,-109.980,-46.970,0.7850,1.0960
868,17.7823,19.0775,0.7235,393216,830.47,14.53,1955198,-182.990,-109.980,-46.970,0.7850,1.0960
869,17.8016,19.3134,0.7487,393216,830.47,14.53,1955198,-182.990,-109.980,-46.970,0.7850,1.0960
870,17.8207,19.3333,0.6813,393216,830.47,14.53,1955198,-182.990,-109.980,-46.970,0.7850,1.0960
871,17.8402,19.0593,1.0028,393216,830.47,14.53,1955198,-182.990,-109.980,-46.970,0.7850,1.0960
872,17.8593,19.5977,0.9128,393216,830.47,14.53,1955198,-182.990,-109.980,-46.970,0.7850,1.0960
873,17.8784,19.0687,0.8838,393216,830.47,14.53,1955198,-182.990,-109.980,-46.970,0.7850,1.0960
874,17.8978,19.1311,0.9501,393216,830.47,14.53,1955198,-182.990,-109.980,-46.970,0.7850,1.0960
875,17.9170,19.4011,0.9007,393216,830.47,14.53,1955198,-182.990,-109.980,-46.970,0.7850,1.0960
876,17.9361,19.1474,0.8105,393216,830.47,14.53,1955198,-182.990,-109.980,-46.970,0.7850,1.0960
877,17.9553,19.1509,0.7369,393216,830.47,14.53,1955198,-182.990,-109.980,-46.970,0.7850,1.0960
878,17.9748,19.1461,0.9710,393216,830.47,14.53,1955198,-182.990,-109.980,-46.970,0.7850,1.0960
879,17.9944,19.5147,1.1940,393216,830.47,14.53,1955198,-182.990,-109.980,-46.970,0.7850,1.0960
880,18.0135,19.5767,1.1560,393216,830.47,14.53,1955198,-182.990,-109.980,-46.970,0.7850,1.0960
881,18.0327,19.1532,1.0308,393216,830.47,14.53,1955198,-182.990,-109.980,-46.970,0.7850,1.0960
882,18.0512,19.1850,0.7645,393216,830.47,14.53,1955198,-182.990,-109.980,-46.970,0.7850,1.0960
883,18.0706,18.4752,0.9379,393216,830.47,14.53,1955198,-182.990,-109.980,-46.970,0.7850,1.0960
884,18.0894,19.3834,0.6608,393216,830.47,14.53,1955198,-182.990,-109.980,-46.970,0.7850,1.0960
885,18.1088,18.8504,0.6540,393216,830.47,14.53,1955198,-182.990,-109.980,-46.970,0.7850,1.0960
886,18.1280,19.3176,0.6626,393216,830.47,14.53,1955198,-182.990,-109.980,-46.970,0.7850,1.0960
887,18.1472,19.2509,0.6779,393216,830.47,14.53,1955198,-182.990,-109.980,-46.970,0.7850,1.0960
888,18.1668,19.2098,0.8790,393216,830.47,14.53,1955198,-182.990,-109.980,-46.970,0.7850,1.0960
889,18.1858,19.5607,0.7046,393216,830.47,14.53,1955198,-182.990,-109.980,-46.970,0.7850,1.0960
890,18.2055,19.0716,0.9169,393216,830.47,14.53,1955198,-182.990,-109.980,-46.970,0.7850,1.0960
891,18.2248,19.6211,1.0456,393216,830.47,14.53,1955198,-182.990,-109.980,-46.970,0.7850,1.0960
892,18.2440,19.3173,1.0277,393216,830.47,14.53,1955198,-182.990,-109.980,-46.970,0.7850,1.0960
893,18.2631,19.2280,0.7725,393216,830.47,14.53,1955198,-182.990,-109.980,-46.970,0.7850,1.0960
894,18.2823,19.1540,0.6632,393216,830.47,14.53,1955198,-182.990,-109.980,-46.970,0.7850,1.0960
895,18.3016,19.0906,0.7190,393216,830.47,14.53,1955198,-182.990,-109.980,-46.970,0.7850,1.0960
896,18.3208,19.3197,0.6613,393216,830.47,14.53,1955198,-182.990,-109.980,-46.970,0.7850,1.0960
897,18.3406,19.2100,1.1201,393216,830.47,14.53,1955198,-182.990,-109.980,-46.970,0.7850,1.0960
898,18.3590,19.8234,0.9106,393216,830.47,14.53,1955198,-182.990,-109.980,-46.970,0.7850,1.0960
899,18.3791,18.3831,1.5708,393216,830.47,14.53,1955198,-182.990,-109.980,-46.970,0.7850,1.0960
900,18.3975,20.1104,0.9322,393216,830.47,14.53,1955198,-182.990,-109.980,-46.970,0.7850,1.0960
901,18.4169,18.3998,0.9510,393216,830.47,14.53,1955198,-182.990,-109.980,-46.970,0.7850,1.0960
902,18.4361,19.3954,0.8147,393216,830.47,14.53,1955198,-182.990,-109.980,-46.970,0.7850,1.0960
903,18.4553,19.1739,0.9117,393216,830.47,14.53,1955198,-182.990,-109.980,-46.970,0.7850,1.0960
904,18.4744,19.2136,0.8910,393216,830.47,14.53,1955198,-182.990,-109.980,-46.970,0.7850,1.0960
905,18.4938,19.1515,0.9110,393216,830.47,14.53,1955198,-182.990,-109.980,-46.970,0.7850,1.0960
906,18.5131,19.3638,0.9480,393216,830.47,14.53,1955198,-182.990,-109.980,-46.970,0.7850,1.0960
907,18.5324,19.3125,0.9477,393216,830.47,14.53,1955198,-182.990,-109.980,-46.970,0.7850,1.0960
908,18.5518,19.2781,0.8755,393216,830.47,14.53,1955198,-182.990,-109.980,-46.970,0.7850,1.0960
909,18.5708,19.4421,0.6936,393216,830.47,14.53,1955198,-182.990,-109.980,-46.970,0.7850,1.0960
910,18.5900,18.9845,0.6662,393216,830.47,14.53,1955198,-182.990,-109.980,-46.970,0.7850,1.0960
911,18.6096,19.2202,0.9416,393216,830.47,14.53,1955198,-182.990,-109.980,-46.970,0.7850,1.0960
912,18.6291,19.5291,1.1316,393216,830.47,14.53,1955198,-182.990,-109.980,-46.970,0.7850,1.0960
913,18.6481,19.5814,0.8161,393216,830.47,14.53,1955198,-182.990,-109.980,-46.970,0.7850,1.0960
914,18.6668,19.0148,0.6974,393216,830.47,14.53,1955198,-182.990,-109.980,-46.970,0.7850,1.0960
915,18.6862,18.6540,0.7646,393216,830.47,14.53,1955198,-182.990,-109.980,-46.970,0.7850,1.0960
916,18.7056,19.3512,0.7577,393216,830.47,14.53,1955198,-182.990,-109.980,-46.970,0.7850,1.0960
917,18.7250,19.4363,0.9198,393216,830.47,14.53,1955198,-182.990,-109.980,-46.970,0.7850,1.0960
918,18.7442,19.4306,0.8373,393216,830.47,14.53,1955198,-182.990,-109.980,-46.970,0.7850,1.0960
919,18.7635,19.1568,0.7228,393216,830.47,14.53,1955198,-182.990,-109.980,-46.970,0.7850,1.0960
920,18.7827,19.3112,0.6628,393216,830.47,14.53,1955198,-182.990,-109.980,-46.970,0.7850,1.0960
921,18.8019,19.1885,0.6776,393216,830.47,14.53,1955198,-182.990,-109.980,-46.970,0.7850,1.0960
922,18.8217,19.2799,1.0170,393216,830.47,14.53,1955198,-182.990,-109.980,-46.970,0.7850,1.0960
923,18.8408,19.7419,0.7936,393216,830.47,14.53,1955198,-182.990,-109.980,-46.970,0.7850,1.0960
924,18.8598,19.0667,0.6819,393216,830.47,14.53,1955198,-182.990,-109.980,-46.970,0.7850,1.0960
925,18.8795,19.0660,1.0255,393216,830.47,14.53,1955198,-182.990,-109.980,-46.970,0.7850,1.0960
926,18.8987,19.6639,0.8871,393216,830.47,14.53,1955198,-182.990,-109.980,-46.970,0.7850,1.0960
927,18.9180,19.2012,0.9268,393216,830.47,14.53,1955198,-182.990,-109.980,-46.970,0.7850,1.0960
928,18.9376,19.3056,1.0733,393216,830.47,14.53,1955198,-182.990,-109.980,-46.970,0.7850,1.0960
929,18.9567,19.5890,0.9489,393216,830.47,14.53,1955198,-182.990,-109.980,-46.970,0.7850,1.0960
930,18.9756,19.1243,0.9356,393216,830.47,14.53,1955198,-182.990,-109.980,-46.970,0.7850,1.0960
931,18.9949,18.9165,0.8782,393216,830.47,14.53,1955198,-182.990,-109.980,-46.970,0.7850,1.0960
932,19.0148,19.2188,1.3916,393216,830.47,14.53,1955198,-182.990,-109.980,-46.970,0.7850,1.0960
933,19.0334,19.9006,0.6851,393216,830.47,14.53,1955198,-182.990,-109.980,-46.970,0.7850,1.0960
934,19.0527,18.6859,0.7723,393216,830.47,14.53,1955198,-182.990,-109.980,-46.970,0.7850,1.0960
935,19.0720,19.2976,0.8258,393216,830.47,14.53,1955198,-182.990,-109.980,-46.970,0.7850,1.0960
936,19.0915,19.2412,0.9050,393216,830.47,14.53,1955198,-182.990,-109.980,-46.970,0.7850,1.0960
937,19.1109,19.4909,0.9894,393216,830.47,14.53,1955198,-182.990,-109.980,-46.970,0.7850,1.0960
938,19.1306,19.4009,1.1346,393216,830.47,14.53,1955198,-182.990,-109.980,-46.970,0.7850,1.0960
939,19.1499,19.7695,0.8317,393216,830.47,14.53,1955198,-182.990,-109.980,-46.970,0.7850,1.0960
940,19.1697,19.2645,0.9217,393216,830.47,14.53,1955198,-182.990,-109.980,-46.970,0.7850,1.0960
941,19.1895,19.8298,0.9505,393216,830.47,14.53,1955198,-182.990,-109.980,-46.970,0.7850,1.0960
942,19.2090,19.7766,0.7873,393216,830.47,14.53,1955198,-182.990,-109.980,-46.970,0.7850,1.0960
943,19.2289,19.5311,0.8399,393216,830.47,14.53,1955198,-182.990,-109.980,-46.970,0.7850,1.0960
944,19.2486,19.9075,0.7842,393216,830.47,14.53,1955198,-182.990,-109.980,-46.970,0.7850,1.0960
945,19.2683,19.6603,0.8106,393216,830.47,14.53,1955198,-182.990,-109.980,-46.970,0.7850,1.0960
946,19.2868,19.7393,0.8257,393216,830.47,14.53,1955198,-182.990,-109.980,-46.970,0.7850,1.0960
947,19.3066,18.4854,0.7555,393216,830.47,14.53,1955198,-182.990,-109.980,-46.970,0.7850,1.0960
948,19.3263,19.7512,0.7884,393216,830.47,14.53,1955198,-182.990,-109.980,-46.970,0.7850,1.0960
949,19.3463,19.7418,1.0950,393216,830.47,14.53,1955198,-182.990,-109.980,-46.970,0.7850,1.0960
950,19.3660,19.9858,0.9855,393216,830.47,14.53,1955198,-182.990,-109.980,-46.970,0.7850,1.0960
951,19.3856,19.6494,0.9820,393216,830.47,14.53,1955198,-182.990,-109.980,-46.970,0.7850,1.0960
952,19.4050,19.6016,0.7626,393216,830.47,14.53,1955198,-182.990,-109.980,-46.970,0.7850,1.0960
953,19.4247,19.4765,0.7146,393216,830.47,14.53,1955198,-182.990,-109.980,-46.970,0.7850,1.0960
954,19.4447,19.7134,0.8776,393216,830.47,14.53,1955198,-182.990,-109.980,-46.970,0.7850,1.0960
955,19.4641,19.9984,0.6874,393216,830.47,14.53,1955198,-182.990,-109.980,-46.970,0.7850,1.0960
956,19.4841,19.3638,0.9660,393216,830.47,14.53,1955198,-182.990,-109.980,-46.970,0.7850,1.0960
957,19.5039,19.9873,1.0105,393216,830.47,14.53,1955198,-182.990,-109.980,-46.970,0.7850,1.0960
958,19.5236,19.7715,0.9366,393216,830.47,14.53,1955198,-182.990,-109.980,-46.970,0.7850,1.0960
959,19.5436,19.7156,1.2261,393216,830.47,14.53,1955198,-182.990,-109.980,-46.970,0.7850,1.0960
960,19.5630,19.9865,0.8920,393216,830.47,14.53,1955198,-182.990,-109.980,-46.970,0.7850,1.0960
961,19.5825,19.4425,0.7774,393216,830.47,14.53,1955198,-182.990,-109.980,-46.970,0.7850,1.0960
962,19.6009,19.4697,0.7150,393216,830.47,14.53,1955198,-182.990,-109.980,-46.970,0.7850,1.0960
963,19.6208,18.3725,0.9865,393216,830.47,14.53,1955198,-182.990,-109.980,-46.970,0.7850,1.0960
964,19.6406,19.9507,0.9671,393216,830.47,14.53,1955198,-182.990,-109.980,-46.970,0.7850,1.0960
965,19.6604,19.7514,1.0918,393216,830.47,14.53,1955198,-182.990,-109.980,-46.970,0.7850,1.0960
966,19.6801,19.8323,1.0794,393216,830.47,14.53,1955198,-182.990,-109.980,-46.970,0.7850,1.0960
967,19.6997,19.6768,1.0308,393216,830.47,14.53,1955198,-182.990,-109.980,-46.970,0.7850,1.0960
968,19.7194,19.5847,1.0710,393216,830.47,14.53,1955198,-182.990,-109.980,-46.970,0.7850,1.0960
969,19.7391,19.7116,0.9912,393216,830.47,14.53,1955198,-182.990,-109.980,-46.970,0.7850,1.0960
970,19.7588,19.7459,1.0123,393216,830.47,14.53,1955198,-182.990,-109.980,-46.970,0.7850,1.0960
971,19.7785,19.6908,1.0247,393216,830.47,14.53,1955198,-182.990,-109.980,-46.970,0.7850,1.0960
972,19.7981,19.6937,1.0021,393216,830.47,14.53,1955198,-182.990,-109.980,-46.970,0.7850,1.0960
973,19.8179,19.6380,1.0096,393216,830.47,14.53,1955198,-182.990,-109.980,-46.970,0.7850,1.0960
974,19.8373,19.7461,0.8166,393216,830.47,14.53,1955198,-182.990,-109.980,-46.970,0.7850,1.0960
975,19.8571,19.4575,0.8546,393216,830.47,14.53,1955198,-182.990,-109.980,-46.970,0.7850,1.0960
976,19.8769,19.8049,0.9349,393216,830.47,14.53,1955198,-182.990,-109.980,-46.970,0.7850,1.0960
977,19.8965,19.7452,0.9237,393216,830.47,14.53,1955198,-182.990,-109.980,-46.970,0.7850,1.0960
978,19.9148,19.5813,0.8619,393216,830.47,14.53,1955198,-182.990,-109.980,-46.970,0.7850,1.0960
979,19.9344,18.3136,0.8585,393216,830.47,14.53,1955198,-182.990,-109.980,-46.970,0.7850,1.0960
980,19.9542,19.6055,0.8893,393216,830.47,14.53,1955198,-182.990,-109.980,-46.970,0.7850,1.0960
981,19.9739,19.8204,0.8278,393216,830.47,14.53,1955198,-182.990,-109.980,-46.970,0.7850,1.0960
982,19.9934,19.7118,0.7857,393216,830.47,14.53,1955198,-182.990,-109.980,-46.970,0.7850,1.0960
983,20.0132,19.4895,0.9155,393216,830.47,14.53,1955198,-182.990,-109.980,-46.970,0.7850,1.0960
984,20.2912,19.7359,259.1980,393216,830.47,14.53,1955198,-182.990,-109.980,-46.970,0.7850,1.0960
985,20.2925,278.0808,1.1198,393216,830.47,14.53,1955198,-182.990,-109.980,-46.970,0.7850,1.0960
986,20.2934,1.2765,0.7278,393216,830.47,14.53,1955198,-182.990,-109.980,-46.970,0.7850,1.0960
987,20.3123,0.8370,0.8081,393216,830.47,14.53,1955198,-182.990,-109.980,-46.970,0.7850,1.0960
988,20.3318,18.9319,0.6796,393216,830.47,14.53,1955198,-182.990,-109.980,-46.970,0.7850,1.0960
989,20.3517,19.5101,0.7955,393216,830.47,14.53,1955198,-182.990,-109.980,-46.970,0.7850,1.0960
990,20.3713,19.9398,0.7456,393216,830.47,14.53,1955198,-182.990,-109.980,-46.970,0.7850,1.0960
991,20.3910,19.6217,0.8643,393216,830.47,14.53,1955198,-182.990,-109.980,-46.970,0.7850,1.0960
992,20.4107,19.6905,0.7825,393216,830.47,14.53,1955198,-182.990,-109.980,-46.970,0.7850,1.0960
993,20.4303,19.6561,0.7849,393216,830.47,14.53,1955198,-182.990,-109.980,-46.970,0.7850,1.0960
994,20.4487,19.5737,0.7481,393216,830.47,14.53,1955198,-182.990,-109.980,-46.970,0.7850,1.0960
995,20.4684,18.4091,0.7648,393216,830.47,14.53,1955198,-182.990,-109.980,-46.970,0.7850,1.0960
996,20.4880,19.8432,0.8265,393216,830.47,14.53,1955198,-182.990,-109.980,-46.970,0.7850,1.0960
997,20.5075,19.5512,0.7429,393216,830.47,14.53,1955198,-182.990,-109.980,-46.970,0.7850,1.0960
998,20.5272,19.4634,0.7481,393216,830.47,14.53,1955198,-182.990,-109.980,-46.970,0.7850,1.0960
999,20.5469,19.6241,0.7731,393216,830.47,14.53,1955198,-182.990,-109.980,-46.970,0.7850,1.0960
1000,20.5666,19.7257,0.7521,393216,830.47,14.53,1955198,-182.990,-109.980,-46.970,0.7850,1.0960
1001,20.5861,19.6729,0.7318,393216,830.47,14.53,1955198,-182.990,-109.980,-46.970,0.7850,1.0960
1002,20.6061,19.5636,1.0183,393216,830.47,14.53,1955198,-182.990,-109.980,-46.970,0.7850,1.0960
1003,20.6258,20.0268,0.9771,393216,830.47,14.53,1955198,-182.990,-109.980,-46.970,0.7850,1.0960
1004,20.6455,19.6640,1.0177,393216,830.47,14.53,1955198,-182.990,-109.980,-46.970,0.7850,1.0960
1005,20.6649,19.7163,0.7958,393216,830.47,14.53,1955198,-182.990,-109.980,-46.970,0.7850,1.0960
1006,20.6849,19.4032,0.8883,393216,830.47,14.53,1955198,-182.990,-109.980,-46.970,0.7850,1.0960
1007,20.7046,19.9801,0.8923,393216,830.47,14.53,1955198,-182.990,-109.980,-46.970,0.7850,1.0960
1008,20.7241,19.6970,0.7046,393216,830.47,14.53,1955198,-182.990,-109.980,-46.970,0.7850,1.0960
1009,20.7441,19.4608,1.0993,393216,830.47,14.53,1955198,-182.990,-109.980,-46.970,0.7850,1.0960
1010,20.7620,20.0606,0.7985,393216,830.47,14.53,1955198,-182.990,-109.980,-46.970,0.7850,1.0960
1011,20.7819,17.8735,0.9631,393216,830.47,14.53,1955198,-182.990,-109.980,-46.970,0.7850,1.0960
1012,20.8013,19.8589,0.8062,393216,830.47,14.53,1955198,-182.990,-109.980,-46.970,0.7850,1.0960
1013,20.8211,19.3867,0.9635,393216,830.47,14.53,1955198,-182.990,-109.980,-46.970,0.7850,1.0960
1014,20.8407,19.8714,0.9747,393216,830.47,14.53,1955198,-182.990,-109.980,-46.970,0.7850,1.0960
1015,20.8604,19.6044,1.0869,393216,830.47,14.53,1955198,-182.990,-109.980,-46.970,0.7850,1.0960
1016,20.8800,19.7234,1.0507,393216,830.47,14.53,1955198,-182.990,-109.980,-46.970,0.7850,1.0960
1017,20.8995,19.5889,0.9962,393216,830.47,14.53,1955198,-182.990,-109.980,-46.970,0.7850,1.0960
1018,20.9191,19.5198,0.9142,393216,830.47,14.53,1955198,-182.990,-109.980,-46.970,0.7850,1.0960
1019,20.9389,19.5128,1.0608,393216,830.47,14.53,1955198,-182.990,-109.980,-46.970,0.7850,1.0960
1020,20.9584,19.8274,0.9785,393216,830.47,14.53,1955198,-182.990,-109.980,-46.970,0.7850,1.0960
1021,20.9780,19.4951,0.9272,393216,830.47,14.53,1955198,-182.990,-109.980,-46.970,0.7850,1.0960
1022,20.9975,19.5924,0.8689,393216,830.47,14.53,1955198,-182.990,-109.980,-46.970,0.7850,1.0960
1023,21.0170,19.5190,0.8188,393216,830.47,14.53,1955198,-182.990,-109.980,-46.970,0.7850,1.0960
1024,21.0368,19.5481,0.8989,393216,830.47,14.53,1955198,-182.990,-109.980,-46.970,0.7850,1.0960
1025,21.0563,19.7211,0.8301,393216,830.47,14.53,1955198,-182.990,-109.980,-46.970,0.7850,1.0960
1026,21.0745,19.5480,0.7920,393216,830.47,14.53,1955198,-182.990,-109.980,-46.970,0.7850,1.0960
1027,21.0942,18.1811,0.8372,393216,830.47,14.53,1955198,-182.990,-109.980,-46.970,0.7850,1.0960
1028,21.1139,19.7343,0.8359,393216,830.47,14.53,1955198,-182.990,-109.980,-46.970,0.7850,1.0960
1029,21.1336,19.7145,0.8034,393216,830.47,14.53,1955198,-182.990,-109.980,-46.970,0.7850,1.0960
1030,21.1536,19.6052,1.2240,393216,830.47,14.53,1955198,-182.990,-109.980,-46.970,0.7850,1.0960
1031,21.1727,20.0173,0.7907,393216,830.47,14.53,1955198,-182.990,-109.980,-46.970,0.7850,1.0960
1032,21.1925,19.1420,0.9307,393216,830.47,14.53,1955198,-182.990,-109.980,-46.970,0.7850,1.0960
1033,21.2122,19.8162,0.9718,393216,830.47,14.53,1955198,-182.990,-109.980,-46.970,0.7850,1.0960
1034,21.2317,19.7143,0.8541,393216,830.47,14.53,1955198,-182.990,-109.980,-46.970,0.7850,1.0960
1035,21.2514,19.4754,0.8611,393216,830.47,14.53,1955198,-182.990,-109.980,-46.970,0.7850,1.0960
1036,21.2711,19.7022,0.8152,393216,830.47,14.53,1955198,-182.990,-109.980,-46.970,0.7850,1.0960
1037,21.2906,19.7079,0.7901,393216,830.47,14.53,1955198,-182.990,-109.980,-46.970,0.7850,1.0960
1038,21.3105,19.5160,0.9201,393216,830.47,14.53,1955198,-182.990,-109.980,-46.970,0.7850,1.0960
1039,21.3299,19.8476,0.7431,393216,830.47,14.53,1955198,-182.990,-109.980,-46.970,0.7850,1.0960
1040,21.3495,19.4488,0.7339,393216,830.47,14.53,1955198,-182.990,-109.980,-46.970,0.7850,1.0960
1041,21.3692,19.5277,0.8232,393216,830.47,14.53,1955198,-182.990,-109.980,-46.970,0.7850,1.0960
1042,21.3875,19.7649,0.8150,393216,830.47,14.53,1955198,-182.990,-109.980,-46.970,0.7850,1.0960
1043,21.4071,18.2565,0.7827,393216,830.47,14.53,1955198,-182.990,-109.980,-46.970,0.7850,1.0960
1044,21.4269,19.6375,0.9024,393216,830.47,14.53,1955198,-182.990,-109.980,-46.970,0.7850,1.0960
1045,21.4466,19.7451,0.8798,393216,830.47,14.53,1955198,-182.990,-109.980,-46.970,0.7850,1.0960
1046,21.4663,19.7708,0.8708,393216,830.47,14.53,1955198,-182.990,-109.980,-46.970,0.7850,1.0960
1047,21.4860,19.6999,0.8453,393216,830.47,14.53,1955198,-182.990,-109.980,-46.970,0.7850,1.0960
1048,21.5055,19.6232,0.7983,393216,830.47,14.53,1955198,-182.990,-109.980,-46.970,0.7850,1.0960
1049,21.5255,19.5542,0.9861,393216,830.47,14.53,1955198,-182.990,-109.980,-46.970,0.7850,1.0960
1050,21.5451,19.9348,0.9736,393216,830.47,14.53,1955198,-182.990,-109.980,-46.970,0.7850,1.0960
1051,21.5648,19.6555,0.8871,393216,830.47,14.53,1955198,-182.990,-109.980,-46.970,0.7850,1.0960
1052,21.5843,19.6391,0.8258,393216,830.47,14.53,1955198,-182.990,-109.980,-46.970,0.7850,1.0960
1053,21.6040,19.6057,0.8012,393216,830.47,14.53,1955198,-182.990,-109.980,-46.970,0.7850,1.0960
1054,21.6237,19.6894,0.7387,393216,830.47,14.53,1955198,-182.990,-109.980,-46.970,0.7850,1.0960
1055,21.6436,19.6573,1.0400,393216,830.47,14.53,1955198,-182.990,-109.980,-46.970,0.7850,1.0960
1056,21.6631,19.8752,0.8992,393216,830.47,14.53,1955198,-182.990,-109.980,-46.970,0.7850,1.0960
1057,21.6827,19.5400,0.7626,393216,830.47,14.53,1955198,-182.990,-109.980,-46.970,0.7850,1.0960
1058,21.7011,19.5489,0.8016,393216,830.47,14.53,1955198,-182.990,-109.980,-46.970,0.7850,1.0960
1059,21.7206,18.3912,0.7958,393216,830.47,14.53,1955198,-182.990,-109.980,-46.970,0.7850,1.0960
1060,21.7403,19.5871,0.8070,393216,830.47,14.53,1955198,-182.990,-109.980,-46.970,0.7850,1.0960
1061,21.7602,19.6904,0.9528,393216,830.47,14.53,1955198,-182.990,-109.980,-46.970,0.7850,1.0960
1062,21.7797,19.8722,0.8275,393216,830.47,14.53,1955198,-182.990,-109.980,-46.970,0.7850,1.0960
1063,21.7994,19.4515,0.8519,393216,830.47,14.53,1955198,-182.990,-109.980,-46.970,0.7850,1.0960
1064,21.8190,19.7159,0.7873,393216,830.47,14.53,1955198,-182.990,-109.980,-46.970,0.7850,1.0960
1065,21.8386,19.5993,0.7319,393216,830.47,14.53,1955198,-182.990,-109.980,-46.970,0.7850,1.0960
1066,21.8584,19.5950,0.9185,393216,830.47,14.53,1955198,-182.990,-109.980,-46.970,0.7850,1.0960
1067,21.8780,19.8419,0.8250,393216,830.47,14.53,1955198,-182.990,-109.980,-46.970,0.7850,1.0960
1068,21.8977,19.5696,0.8024,393216,830.47,14.53,1955198,-182.990,-109.980,-46.970,0.7850,1.0960
1069,21.9175,19.6903,0.9935,393216,830.47,14.53,1955198,-182.990,-109.980,-46.970,0.7850,1.0960
1070,21.9371,19.8106,0.9515,393216,830.47,14.53,1955198,-182.990,-109.980,-46.970,0.7850,1.0960
1071,21.9570,19.6369,1.1574,393216,830.47,14.53,1955198,-182.990,-109.980,-46.970,0.7850,1.0960
1072,21.9765,19.8866,0.9714,393216,830.47,14.53,1955198,-182.990,-109.980,-46.970,0.7850,1.0960
1073,21.9960,19.4616,0.9018,393216,830.47,14.53,1955198,-182.990,-109.980,-46.970,0.7850,1.0960
1074,22.0145,19.5088,0.8830,393216,830.47,14.53,1955198,-182.990,-109.980,-46.970,0.7850,1.0960
1075,22.0340,18.5432,0.7517,393216,830.47,14.53,1955198,-182.990,-109.980,-46.970,0.7850,1.0960
1076,22.0542,19.4750,1.1061,393216,830.47,14.53,1955198,-182.990,-109.980,-46.970,0.7850,1.0960
1077,22.0737,20.1998,0.9695,393216,830.47,14.53,1955198,-182.990,-109.980,-46.970,0.7850,1.0960
1078,22.0934,19.5030,0.9878,393216,830.47,14.53,1955198,-182.990,-109.980,-46.970,0.7850,1.0960
1079,22.1129,19.7159,0.9006,393216,830.47,14.53,1955198,-182.990,-109.980,-46.970,0.7850,1.0960
1080,22.1327,19.4978,1.0334,393216,830.47,14.53,1955198,-182.990,-109.980,-46.970,0.7850,1.0960
1081,22.1523,19.8434,1.0177,393216,830.47,14.53,1955198,-182.990,-109.980,-46.970,0.7850,1.0960
1082,22.1719,19.5885,0.9463,393216,830.47,14.53,1955198,-182.990,-109.980,-46.970,0.7850,1.0960
1083,22.1917,19.5505,1.0474,393216,830.47,14.53,1955198,-182.990,-109.980,-46.970,0.7850,1.0960
1084,22.2113,19.8450,0.9919,393216,830.47,14.53,1955198,-182.990,-109.980,-46.970,0.7850,1.0960
1085,22.2309,19.5882,0.8950,393216,830.47,14.53,1955198,-182.990,-109.980,-46.970,0.7850,1.0960
1086,22.2507,19.5332,1.0638,393216,830.47,14.53,1955198,-182.990,-109.980,-46.970,0.7850,1.0960
1087,22.2703,19.8709,0.9699,393216,830.47,14.53,1955198,-182.990,-109.980,-46.970,0.7850,1.0960
1088,22.2899,19.5772,0.8618,393216,830.47,14.53,1955198,-182.990,-109.980,-46.970,0.7850,1.0960
1089,22.3098,19.5905,1.0783,393216,830.47,14.53,1955198,-182.990,-109.980,-46.970,0.7850,1.0960
1090,22.3281,19.9160,1.0031,393216,830.47,14.53,1955198,-182.990,-109.980,-46.970,0.7850,1.0960
1091,22.3476,18.3246,0.8602,393216,830.47,14.53,1955198,-182.990,-109.980,-46.970,0.7850,1.0960
1092,22.3674,19.4458,0.8482,393216,830.47,14.53,1955198,-182.990,-109.980,-46.970,0.7850,1.0960
1093,22.3869,19.7911,0.8550,393216,830.47,14.53,1955198,-182.990,-109.980,-46.970,0.7850,1.0960
1094,22.4064,19.5567,0.7346,393216,830.47,14.53,1955198,-182.990,-109.980,-46.970,0.7850,1.0960
1095,22.4263,19.5108,0.9926,393216,830.47,14.53,1955198,-182.990,-109.980,-46.970,0.7850,1.0960
1096,22.4459,19.8699,0.9069,393216,830.47,14.53,1955198,-182.990,-109.980,-46.970,0.7850,1.0960
1097,22.4657,19.6386,1.0523,393216,830.47,14.53,1955198,-182.990,-109.980,-46.970,0.7850,1.0960
1098,22.4853,19.7861,0.9383,393216,830.47,14.53,1955198,-182.990,-109.980,-46.970,0.7850,1.0960
1099,22.5050,19.5889,0.8940,393216,830.47,14.53,1955198,-182.990,-109.980,-46.970,0.7850,1.0960
1100,22.5246,19.7090,0.9401,393216,830.47,14.53,1955198,-182.990,-109.980,-46.970,0.7850,1.0960
1101,22.5443,19.5960,0.8842,393216,830.47,14.53,1955198,-182.990,-109.980,-46.970,0.7850,1.0960
1102,22.5644,19.6832,1.1872,393216,830.47,14.53,1955198,-182.990,-109.980,-46.970,0.7850,1.0960
1103,22.5836,20.0425,0.8452,393216,830.47,14.53,1955198,-182.990,-109.980,-46.970,0.7850,1.0960
1104,22.6031,19.2571,0.8012,393216,830.47,14.53,1955198,-182.990,-109.980,-46.970,0.7850,1.0960
1105,22.6226,19.4899,0.7027,393216,830.47,14.53,1955198,-182.990,-109.980,-46.970,0.7850,1.0960
1106,22.6410,19.5132,0.7920,393216,830.47,14.53,1955198,-182.990,-109.980,-46.970,0.7850,1.0960
1107,22.6611,18.3774,1.1798,393216,830.47,14.53,1955198,-182.990,-109.980,-46.970,0.7850,1.0960
1108,22.6805,20.1334,0.8917,393216,830.47,14.53,1955198,-182.990,-109.980,-46.970,0.7850,1.0960
1109,22.7001,19.3956,0.8797,393216,830.47,14.53,1955198,-182.990,-109.980,-46.970,0.7850,1.0960
1110,22.7198,19.6313,0.8522,393216,830.47,14.53,1955198,-182.990,-109.980,-46.970,0.7850,1.0960
1111,22.7395,19.5980,0.8436,393216,830.47,14.53,1955198,-182.990,-109.980,-46.970,0.7850,1.0960
1112,22.7593,19.7125,0.8377,393216,830.47,14.53,1955198,-182.990,-109.980,-46.970,0.7850,1.0960
1113,22.7791,19.7882,1.0247,393216,830.47,14.53,1955198,-182.990,-109.980,-46.970,0.7850,1.0960
1114,22.7986,19.8871,0.8598,393216,830.47,14.53,1955198,-182.990,-109.980,-46.970,0.7850,1.0960
1115,22.8181,19.4571,0.7127,393216,830.47,14.53,1955198,-182.990,-109.980,-46.970,0.7850,1.0960
1116,22.8378,19.5095,0.7312,393216,830.47,14.53,1955198,-182.990,-109.980,-46.970,0.7850,1.0960
1117,22.8578,19.6816,1.0178,393216,830.47,14.53,1955198,-182.990,-109.980,-46.970,0.7850,1.0960
1118,22.8775,20.0124,0.9251,393216,830.47,14.53,1955198,-182.990,-109.980,-46.970,0.7850,1.0960
1119,22.8971,19.7559,0.7855,393216,830.47,14.53,1955198,-182.990,-109.980,-46.970,0.7850,1.0960
1120,22.9168,19.5199,1.0115,393216,830.47,14.53,1955198,-182.990,-109.980,-46.970,0.7850,1.0960
1121,22.9365,19.7553,0.9151,393216,830.47,14.53,1955198,-182.990,-109.980,-46.970,0.7850,1.0960
1122,22.9550,19.6131,0.9878,393216,830.47,14.53,1955198,-182.990,-109.980,-46.970,0.7850,1.0960
1123,22.9743,18.5418,0.7720,393216,830.47,14.53,1955198,-182.990,-109.980,-46.970,0.7850,1.0960
1124,22.9940,19.3638,0.8214,393216,830.47,14.53,1955198,-182.990,-109.980,-46.970,0.7850,1.0960
1125,23.0137,19.6876,0.7348,393216,830.47,14.53,1955198,-182.990,-109.980,-46.970,0.7850,1.0960
1126,23.0333,19.6249,0.7171,393216,830.47,14.53,1955198,-182.990,-109.980,-46.970,0.7850,1.0960
1127,23.0533,19.6341,1.0224,393216,830.47,14.53,1955198,-182.990,-109.980,-46.970,0.7850,1.0960
1128,23.0731,20.0168,1.1372,393216,830.47,14.53,1955198,-182.990,-109.980,-46.970,0.7850,1.0960
1129,23.0924,19.7748,0.7878,393216,830.47,14.53,1955198,-182.990,-109.980,-46.970,0.7850,1.0960
1130,23.1121,19.3164,0.8168,393216,830.47,14.53,1955198,-182.990,-109.980,-46.970,0.7850,1.0960
1131,23.1316,19.6652,0.7697,393216,830.47,14.53,1955198,-182.990,-109.980,-46.970,0.7850,1.0960
1132,23.1515,19.5837,0.7763,393216,830.47,14.53,1955198,-182.990,-109.980,-46.970,0.7850,1.0960
1133,23.1709,19.8013,0.7862,393216,830.47,14.53,1955198,-182.990,-109.980,-46.970,0.7850,1.0960
1134,23.1907,19.4686,0.7729,393216,830.47,14.53,1955198,-182.990,-109.980,-46.970,0.7850,1.0960
1135,23.2105,19.7487,0.7271,393216,830.47,14.53,1955198,-182.990,-109.980,-46.970,0.7850,1.0960
1136,23.2305,19.8593,1.1004,393216,830.47,14.53,1955198,-182.990,-109.980,-46.970,0.7850,1.0960
1137,23.2499,19.9353,0.9005,393216,830.47,14.53,1955198,-182.990,-109.980,-46.970,0.7850,1.0960
1138,23.2684,19.4554,1.0508,393216,830.47,14.53,1955198,-182.990,-109.980,-46.970,0.7850,1.0960
1139,23.2881,18.4739,0.9986,393216,830.47,14.53,1955198,-182.990,-109.980,-46.970,0.7850,1.0960
1140,23.3078,19.7535,0.9875,393216,830.47,14.53,1955198,-182.990,-109.980,-46.970,0.7850,1.0960
1141,23.3276,19.6158,1.0449,393216,830.47,14.53,1955198,-182.990,-109.980,-46.970,0.7850,1.0960
1142,23.3471,19.8527,0.9030,393216,830.47,14.53,1955198,-182.990,-109.980,-46.970,0.7850,1.0960
1143,23.3669,19.5297,0.9839,393216,830.47,14.53,1955198,-182.990,-109.980,-46.970,0.7850,1.0960
1144,23.3865,19.7175,0.9580,393216,830.47,14.53,1955198,-182.990,-109.980,-46.970,0.7850,1.0960
1145,23.4062,19.6776,0.9236,393216,830.47,14.53,1955198,-182.990,-109.980,-46.970,0.7850,1.0960
1146,23.4257,19.6330,0.8301,393216,830.47,14.53,1955198,-182.990,-109.980,-46.970,0.7850,1.0960
1147,23.4453,19.5677,0.6578,393216,830.47,14.53,1955198,-182.990,-109.980,-46.970,0.7850,1.0960
1148,23.4650,19.5588,0.7971,393216,830.47,14.53,1955198,-182.990,-109.980,-46.970,0.7850,1.0960
1149,23.4846,19.7103,0.7450,393216,830.47,14.53,1955198,-182.990,-109.980,-46.970,0.7850,1.0960
1150,23.5045,19.5723,0.9772,393216,830.47,14.53,1955198,-182.990,-109.980,-46.970,0.7850,1.0960
1151,23.5240,19.9505,0.9307,393216,830.47,14.53,1955198,-182.990,-109.980,-46.970,0.7850,1.0960
1152,23.5437,19.4694,0.9283,393216,830.47,14.53,1955198,-182.990,-109.980,-46.970,0.7850,1.0960
1153,23.5632,19.7043,0.7941,393216,830.47,14.53,1955198,-182.990,-109.980,-46.970,0.7850,1.0960
1154,23.5814,19.4598,0.8333,393216,830.47,14.53,1955198,-182.990,-109.980,-46.970,0.7850,1.0960
1155,23.6010,18.2623,0.8098,393216,830.47,14.53,1955198,-182.990,-109.980,-46.970,0.7850,1.0960
1156,23.6209,19.5699,0.9559,393216,830.47,14.53,1955198,-182.990,-109.980,-46.970,0.7850,1.0960
1157,23.6405,19.8660,1.0024,393216,830.47,14.53,1955198,-182.990,-109.980,-46.970,0.7850,1.0960
1158,23.6599,19.6318,0.7971,393216,830.47,14.53,1955198,-182.990,-109.980,-46.970,0.7850,1.0960
1159,23.6796,19.4296,0.8403,393216,830.47,14.53,1955198,-182.990,-109.980,-46.970,0.7850,1.0960
1160,23.6992,19.6847,0.7775,393216,830.47,14.53,1955198,-182.990,-109.980,-46.970,0.7850,1.0960
1161,23.7189,19.5991,0.8787,393216,830.47,14.53,1955198,-182.990,-109.980,-46.970,0.7850,1.0960
1162,23.7385,19.6866,0.7736,393216,830.47,14.53,1955198,-182.990,-109.980,-46.970,0.7850,1.0960
1163,23.7581,19.5643,0.8418,393216,830.47,14.53,1955198,-182.990,-109.980,-46.970,0.7850,1.0960
1164,23.7780,19.6758,0.9715,393216,830.47,14.53,1955198,-182.990,-109.980,-46.970,0.7850,1.0960
1165,23.7974,19.9025,0.8194,393216,830.47,14.53,1955198,-182.990,-109.980,-46.970,0.7850,1.0960
1166,23.8170,19.3575,0.7974,393216,830.47,14.53,1955198,-182.990,-109.980,-46.970,0.7850,1.0960
1167,23.8367,19.6677,0.7978,393216,830.47,14.53,1955198,-182.990,-109.980,-46.970,0.7850,1.0960
1168,23.8564,19.6524,0.8077,393216,830.47,14.53,1955198,-182.990,-109.980,-46.970,0.7850,1.0960
1169,23.8760,19.6985,0.8257,393216,830.47,14.53,1955198,-182.990,-109.980,-46.970,0.7850,1.0960
1170,23.8942,19.6206,0.7993,393216,830.47,14.53,1955198,-182.990,-109.980,-46.970,0.7850,1.0960
1171,23.9138,18.1928,0.8044,393216,830.47,14.53,1955198,-182.990,-109.980,-46.970,0.7850,1.0960
1172,23.9335,19.6009,0.7752,393216,830.47,14.53,1955198,-182.990,-109.980,-46.970,0.7850,1.0960
1173,23.9534,19.6292,0.9780,393216,830.47,14.53,1955198,-182.990,-109.980,-46.970,0.7850,1.0960
1174,23.9734,19.9144,1.1732,393216,830.47,14.53,1955198,-182.990,-109.980,-46.970,0.7850,1.0960
1175,23.9926,20.0207,0.8014,393216,830.47,14.53,1955198,-182.990,-109.980,-46.970,0.7850,1.0960
1176,24.0122,19.1761,0.7510,393216,830.47,14.53,1955198,-182.990,-109.980,-46.970,0.7850,1.0960
