frame,t_s,full_ms,cpu_ms,heap_pages,heap_capacity_mb,heap_used_mb,heap_cap_pages,px,py,pz,yaw,pitch
0,0.0448,260581952.0000,44.0291,131072,276.82,0.00,1955198,-195.000,-122.000,-34.500,0.7854,1.1546
1,0.0547,52.7851,1.2055,131072,276.82,0.00,1955198,-195.000,-122.000,-34.500,0.7854,1.1546
2,0.0561,1.8887,0.8695,131072,276.82,0.00,1955198,-195.000,-122.000,-34.500,0.7854,1.1546
3,0.0718,0.9744,1.2587,131072,276.82,0.00,1955198,-195.000,-122.000,-34.500,0.7854,1.1546
4,0.0886,15.7507,1.2642,131072,276.82,0.00,1955198,-195.000,-122.000,-34.500,0.7854,1.1546
5,0.1055,16.7443,1.3191,131072,276.82,0.00,1955198,-195.000,-122.000,-34.500,0.7854,1.1546
6,0.1227,16.9518,1.3858,131072,276.82,0.00,1955198,-195.000,-122.000,-34.500,0.7854,1.1546
7,0.1393,17.2042,1.1433,131072,276.82,0.00,1955198,-195.000,-122.000,-34.500,0.7854,1.1546
8,0.1563,16.6247,1.1258,131072,276.82,0.03,1955198,-195.000,-122.000,-34.500,0.7854,1.1546
9,0.1767,16.9752,3.0305,393216,830.47,0.03,1955198,-195.000,-122.000,-34.500,0.7854,1.1546
10,0.1932,20.3705,1.3519,393216,830.47,0.03,1955198,-195.000,-122.000,-34.500,0.7854,1.1546
11,0.2194,16.5168,1.2174,393216,830.47,0.66,1955198,-195.000,-122.000,-34.500,0.7854,1.1546
12,0.2356,28.4246,1.0766,393216,830.47,1.14,1955198,-195.000,-122.000,-34.500,0.7854,1.1546
13,0.2523,13.9660,1.0765,393216,830.47,1.61,1955198,-195.000,-122.000,-34.500,0.7854,1.1546
14,0.2735,16.7015,1.3425,393216,830.47,1.61,1955198,-195.000,-122.000,-34.500,0.7854,1.1546
15,0.2941,21.2227,1.5133,393216,830.47,1.61,1955198,-195.000,-122.000,-34.500,0.7854,1.1546
16,0.3124,20.5765,1.0853,393216,830.47,3.28,1955198,-195.000,-122.000,-34.500,0.7854,1.1546
17,0.3299,18.3391,1.0803,393216,830.47,5.12,1955198,-195.000,-122.000,-34.500,0.7854,1.1546
18,0.3486,17.5075,1.1438,393216,830.47,5.30,1955198,-195.000,-122.000,-34.500,0.7854,1.1546
19,0.3661,18.6790,1.0134,393216,830.47,5.30,1955198,-195.000,-122.000,-34.500,0.7854,1.1546
20,0.3832,17.4363,1.0383,393216,830.47,5.62,1955198,-195.000,-122.000,-34.500,0.7854,1.1546
21,0.4026,17.1792,1.6420,393216,830.47,5.62,1955198,-195.000,-122.000,-34.500,0.7854,1.1546
22,0.4211,19.3625,1.2495,393216,830.47,5.62,1955198,-195.000,-122.000,-34.500,0.7854,1.1546
23,0.4416,18.4520,1.2146,393216,830.47,5.95,1955198,-195.000,-122.000,-34.500,0.7854,1.1546
24,0.4618,20.5267,1.5396,393216,830.47,6.36,1955198,-195.000,-122.000,-34.500,0.7854,1.1546
25,0.4791,20.2056,1.2874,393216,830.47,8.01,1955198,-195.000,-122.000,-34.500,0.7854,1.1546
26,0.4973,17.2884,1.1424,393216,830.47,8.98,1955198,-195.000,-122.000,-34.500,0.7854,1.1546
27,0.5146,18.2546,1.0016,393216,830.47,8.98,1955198,-195.000,-122.000,-34.500,0.7854,1.1546
28,0.5322,17.2413,1.1260,393216,830.47,9.22,1955198,-195.000,-122.000,-34.500,0.7854,1.1546
29,0.5499,17.6716,1.0452,393216,830.47,9.22,1955198,-195.000,-122.000,-34.500,0.7854,1.1546
30,0.5681,17.6698,1.3602,393216,830.47,9.22,1955198,-195.000,-122.000,-34.500,0.7854,1.1546
31,0.5853,18.1459,1.0706,393216,830.47,9.22,1955198,-195.000,-122.000,-34.500,0.7854,1.1546
32,0.6037,17.2508,1.2954,393216,830.47,9.22,1955198,-195.000,-122.000,-34.500,0.7854,1.1546
33,0.6210,18.4365,1.0673,393216,830.47,9.22,1955198,-195.000,-122.000,-34.500,0.7854,1.1546
34,0.6386,17.2966,1.0684,393216,830.47,9.39,1955198,-195.000,-122.000,-34.500,0.7854,1.1546
35,0.6464,17.5782,0.7445,393216,830.47,9.43,1955198,-195.000,-122.000,-34.500,0.7854,1.1546
36,0.6538,7.7810,1.0285,393216,830.47,9.43,1955198,-195.000,-122.000,-34.500,0.7854,1.1546
37,0.6612,7.3996,1.1316,393216,830.47,9.43,1955198,-195.000,-122.000,-34.500,0.7854,1.1546
38,0.6678,7.4182,0.7580,393216,830.47,9.43,1955198,-195.000,-122.000,-34.500,0.7854,1.1546
39,0.6754,6.6142,0.8224,393216,830.47,9.43,1955198,-195.000,-122.000,-34.500,0.7854,1.1546
40,0.6824,7.6095,0.7034,393216,830.47,9.43,1955198,-195.000,-122.000,-34.500,0.7854,1.1546
41,0.6893,6.9410,0.7465,393216,830.47,9.43,1955198,-195.000,-122.000,-34.500,0.7854,1.1546
42,0.6965,6.8725,0.7742,393216,830.47,9.43,1955198,-195.000,-122.000,-34.500,0.7854,1.1546
43,0.7034,7.2701,0.7722,393216,830.47,9.43,1955198,-195.000,-122.000,-34.500,0.7854,1.1546
44,0.7110,7.0062,1.0120,393216,830.47,9.43,1955198,-195.000,-122.000,-34.500,0.7854,1.1546
45,0.7178,7.4498,0.9172,393216,830.47,9.43,1955198,-195.000,-122.000,-34.500,0.7854,1.1546
46,0.7253,6.8353,0.8876,393216,830.47,9.43,1955198,-195.000,-122.000,-34.500,0.7854,1.1546
47,0.7321,7.4367,0.8236,393216,830.47,9.43,1955198,-195.000,-122.000,-34.500,0.7854,1.1546
48,0.7399,6.8092,0.8834,393216,830.47,9.43,1955198,-195.000,-122.000,-34.500,0.7854,1.1546
49,0.7467,7.8383,0.8059,393216,830.47,9.43,1955198,-195.000,-122.000,-34.500,0.7854,1.1546
50,0.7540,6.8296,0.8508,393216,830.47,9.43,1955198,-195.000,-122.000,-34.500,0.7854,1.1546
51,0.7610,7.2701,0.7686,393216,830.47,9.43,1955198,-195.000,-122.000,-34.500,0.7854,1.1546
52,0.7678,6.9649,0.6642,393216,830.47,9.43,1955198,-195.000,-122.000,-34.500,0.7854,1.1546
53,0.7753,6.8747,0.8092,393216,830.47,9.43,1955198,-195.000,-122.000,-34.500,0.7854,1.1546
54,0.7824,7.4987,0.7998,393216,830.47,9.43,1955198,-195.000,-122.000,-34.500,0.7854,1.1546
55,0.7897,7.0258,0.8218,393216,830.47,9.43,1955198,-195.000,-122.000,-34.500,0.7854,1.1546
56,0.7969,7.3041,0.7563,393216,830.47,9.43,1955198,-195.000,-122.000,-34.500,0.7854,1.1546
57,0.8043,7.2008,0.7510,393216,830.47,9.43,1955198,-195.000,-122.000,-34.500,0.7854,1.1546
58,0.8112,7.4179,0.7301,393216,830.47,9.43,1955198,-195.000,-122.000,-34.500,0.7854,1.1546
59,0.8186,6.9195,0.7791,393216,830.47,9.43,1955198,-195.000,-122.000,-34.500,0.7854,1.1546
60,0.8257,7.4440,0.8526,393216,830.47,9.43,1955198,-195.000,-122.000,-34.500,0.7854,1.1546
61,0.8331,7.0225,0.8613,393216,830.47,9.43,1955198,-195.000,-122.000,-34.500,0.7854,1.1546
62,0.8402,7.3869,0.8158,393216,830.47,9.43,1955198,-195.000,-122.000,-34.500,0.7854,1.1546
63,0.8473,7.1188,0.8021,393216,830.47,9.43,1955198,-195.000,-122.000,-34.500,0.7854,1.1546
64,0.8546,7.1262,0.7983,393216,830.47,9.43,1955198,-195.000,-122.000,-34.500,0.7854,1.1546
65,0.8616,7.3322,0.7836,393216,830.47,9.43,1955198,-195.000,-122.000,-34.500,0.7854,1.1546
66,0.8690,6.9671,0.8692,393216,830.47,9.43,1955198,-195.000,-122.000,-34.500,0.7854,1.1546
67,0.8757,7.4056,0.7898,393216,830.47,9.43,1955198,-195.000,-122.000,-34.500,0.7854,1.1546
68,0.8832,6.7242,0.8063,393216,830.47,9.43,1955198,-195.000,-122.000,-34.500,0.7854,1.1546
69,0.8904,7.4926,0.9027,393216,830.47,9.43,1955198,-195.000,-122.000,-34.500,0.7854,1.1546
70,0.8977,7.1811,0.8015,393216,830.47,9.43,1955198,-195.000,-122.000,-34.500,0.7854,1.1546
71,0.9048,7.2570,0.7768,393216,830.47,9.43,1955198,-195.000,-122.000,-34.500,0.7854,1.1546
72,0.9121,7.0981,0.8483,393216,830.47,9.43,1955198,-195.000,-122.000,-34.500,0.7854,1.1546
73,0.9193,7.3121,0.9441,393216,830.47,9.43,1955198,-195.000,-122.000,-34.500,0.7854,1.1546
74,0.9263,7.2635,0.8949,393216,830.47,9.43,1955198,-195.000,-122.000,-34.500,0.7854,1.1546
75,0.9336,6.9889,0.8573,393216,830.47,9.43,1955198,-195.000,-122.000,-34.500,0.7854,1.1546
76,0.9407,7.2925,0.8587,393216,830.47,9.43,1955198,-195.000,-122.000,-34.500,0.7854,1.1546
77,0.9481,7.0436,0.8091,393216,830.47,9.43,1955198,-195.000,-122.000,-34.500,0.7854,1.1546
78,0.9552,7.4076,0.8963,393216,830.47,9.43,1955198,-195.000,-122.000,-34.500,0.7854,1.1546
79,0.9626,7.1371,0.8399,393216,830.47,9.43,1955198,-195.000,-122.000,-34.500,0.7854,1.1546
80,0.9696,7.3795,0.9345,393216,830.47,9.43,1955198,-195.000,-122.000,-34.500,0.7854,1.1546
81,0.9770,7.0673,0.8975,393216,830.47,9.43,1955198,-195.000,-122.000,-34.500,0.7854,1.1546
82,0.9837,7.3140,0.8070,393216,830.47,9.43,1955198,-195.000,-122.000,-34.500,0.7854,1.1546
83,0.9913,6.7606,0.9966,393216,830.47,9.43,1955198,-195.000,-122.000,-34.500,0.7854,1.1546
84,0.9981,7.5877,0.8302,393216,830.47,9.43,1955198,-195.000,-122.000,-34.500,0.7854,1.1546
85,1.0052,6.7757,0.8274,393216,830.47,9.43,1955198,-195.000,-122.000,-34.500,0.7854,1.1546
86,1.0126,7.1471,0.8247,393216,830.47,9.43,1955198,-195.000,-122.000,-34.500,0.7854,1.1546
87,1.0196,7.3339,0.9229,393216,830.47,9.43,1955198,-195.000,-122.000,-34.500,0.7854,1.1546
88,1.0270,7.0468,0.8843,393216,830.47,9.43,1955198,-195.000,-122.000,-34.500,0.7854,1.1546
89,1.0339,7.5374,0.8239,393216,830.47,9.43,1955198,-195.000,-122.000,-34.500,0.7854,1.1546
90,1.0413,6.7205,0.8812,393216,830.47,9.43,1955198,-195.000,-122.000,-34.500,0.7854,1.1546
91,1.0486,7.3937,0.8196,393216,830.47,9.43,1955198,-195.000,-122.000,-34.500,0.7854,1.1546
92,1.0558,7.2902,0.8241,393216,830.47,9.43,1955198,-195.000,-122.000,-34.500,0.7854,1.1546
93,1.0627,7.2092,0.8089,393216,830.47,9.43,1955198,-195.000,-122.000,-34.500,0.7854,1.1546
94,1.0702,6.9160,0.9482,393216,830.47,9.43,1955198,-195.000,-122.000,-34.500,0.7854,1.1546
95,1.0774,7.5421,1.0118,393216,830.47,9.43,1955198,-195.000,-122.000,-34.500,0.7854,1.1546
96,1.0841,7.2190,0.8618,393216,830.47,9.43,1955198,-195.000,-122.000,-34.500,0.7854,1.1546
97,1.0915,6.6953,0.8723,393216,830.47,9.43,1955198,-195.000,-122.000,-34.500,0.7854,1.1546
98,1.0983,7.3876,0.8879,393216,830.47,9.43,1955198,-195.000,-122.000,-34.500,0.7854,1.1546
99,1.1057,6.8092,0.8463,393216,830.47,9.43,1955198,-195.000,-122.000,-34.500,0.7854,1.1546
100,1.1128,7.3261,0.9231,393216,830.47,9.43,1955198,-195.000,-122.000,-34.500,0.7854,1.1546
101,1.1202,7.1304,0.9414,393216,830.47,9.43,1955198,-195.000,-122.000,-34.500,0.7854,1.1546
102,1.1271,7.4347,0.8063,393216,830.47,9.43,1955198,-195.000,-122.000,-34.500,0.7854,1.1546
103,1.1347,6.8882,0.8451,393216,830.47,9.43,1955198,-195.000,-122.000,-34.500,0.7854,1.1546
104,1.1418,7.5709,0.8976,393216,830.47,9.43,1955198,-195.000,-122.000,-34.500,0.7854,1.1546
105,1.1494,7.0721,0.9537,393216,830.47,9.43,1955198,-195.000,-122.000,-34.500,0.7854,1.1546
106,1.1565,7.6281,0.9742,393216,830.47,9.43,1955198,-195.000,-122.000,-34.500,0.7854,1.1546
107,1.1639,7.0804,0.9117,393216,830.47,9.43,1955198,-195.000,-122.000,-34.500,0.7854,1.1546
108,1.1707,7.4230,0.8130,393216,830.47,9.43,1955198,-195.000,-122.000,-34.500,0.7854,1.1546
109,1.1778,6.8349,0.9167,393216,830.47,9.43,1955198,-195.000,-122.000,-34.500,0.7854,1.1546
110,1.1850,7.0772,0.7176,393216,830.47,9.43,1955198,-195.000,-122.000,-34.500,0.7854,1.1546
111,1.1923,7.1738,0.9325,393216,830.47,9.43,1955198,-195.000,-122.000,-34.500,0.7854,1.1546
112,1.1997,7.2843,0.8713,393216,830.47,9.43,1955198,-195.000,-122.000,-34.500,0.7854,1.1546
113,1.2067,7.4228,0.8784,393216,830.47,9.43,1955198,-195.000,-122.000,-34.500,0.7854,1.1546
114,1.2138,6.9688,0.8475,393216,830.47,9.43,1955198,-195.000,-122.000,-34.500,0.7854,1.1546
115,1.2207,7.1829,0.7813,393216,830.47,9.43,1955198,-195.000,-122.000,-34.500,0.7854,1.1546
116,1.2285,6.9191,1.0769,393216,830.47,9.43,1955198,-195.000,-122.000,-34.500,0.7854,1.1546
117,1.2353,7.6952,0.7749,393216,830.47,9.43,1955198,-195.000,-122.000,-34.500,0.7854,1.1546
118,1.2427,6.8371,0.8784,393216,830.47,9.43,1955198,-195.000,-122.000,-34.500,0.7854,1.1546
119,1.2497,7.3694,0.8503,393216,830.47,9.43,1955198,-195.000,-122.000,-34.500,0.7854,1.1546
120,1.2567,7.0153,0.7906,393216,830.47,9.43,1955198,-195.000,-122.000,-34.500,0.7854,1.1546
121,1.2641,7.0552,0.8259,393216,830.47,9.43,1955198,-195.000,-122.000,-34.500,0.7854,1.1546
122,1.2712,7.3859,0.8176,393216,830.47,9.43,1955198,-195.000,-122.000,-34.500,0.7854,1.1546
123,1.2788,7.0688,0.8692,393216,830.47,9.43,1955198,-195.000,-122.000,-34.500,0.7854,1.1546
124,1.2860,7.5949,0.9454,393216,830.47,9.43,1955198,-195.000,-122.000,-34.500,0.7854,1.1546
125,1.2934,7.1899,0.7523,393216,830.47,9.43,1955198,-195.000,-122.000,-34.500,0.7854,1.1546
126,1.3005,7.3810,0.8943,393216,830.47,9.43,1955198,-195.000,-122.000,-34.500,0.7854,1.1546
127,1.3079,7.1474,0.9595,393216,830.47,9.43,1955198,-195.000,-122.000,-34.500,0.7854,1.1546
128,1.3149,7.3969,0.8415,393216,830.47,9.43,1955198,-195.000,-122.000,-34.500,0.7854,1.1546
129,1.3222,6.9546,0.8234,393216,830.47,9.43,1955198,-195.000,-122.000,-34.500,0.7854,1.1546
130,1.3292,7.3651,0.9793,393216,830.47,9.43,1955198,-195.000,-122.000,-34.500,0.7854,1.1546
131,1.3360,7.0195,0.8159,393216,830.47,9.43,1955198,-195.000,-122.000,-34.500,0.7854,1.1546
132,1.3437,6.7378,0.9232,393216,830.47,9.43,1955198,-195.000,-122.000,-34.500,0.7854,1.1546
133,1.3506,7.7468,1.0375,393216,830.47,9.43,1955198,-195.000,-122.000,-34.500,0.7854,1.1546
134,1.3577,6.9458,0.9055,393216,830.47,9.43,1955198,-195.000,-122.000,-34.500,0.7854,1.1546
135,1.3647,7.0541,0.8825,393216,830.47,9.43,1955198,-195.000,-122.000,-34.500,0.7854,1.1546
136,1.3723,6.9864,0.9168,393216,830.47,9.43,1955198,-195.000,-122.000,-34.500,0.7854,1.1546
137,1.3792,7.5987,0.9105,393216,830.47,9.43,1955198,-195.000,-122.000,-34.500,0.7854,1.1546
138,1.3867,6.9398,1.0686,393216,830.47,9.43,1955198,-195.000,-122.000,-34.500,0.7854,1.1546
139,1.3937,7.4656,0.9354,393216,830.47,9.43,1955198,-195.000,-122.000,-34.500,0.7854,1.1546
140,1.4011,7.0460,0.8855,393216,830.47,9.43,1955198,-195.000,-122.000,-34.500,0.7854,1.1546
141,1.4082,7.2954,0.8816,393216,830.47,9.43,1955198,-195.000,-122.000,-34.500,0.7854,1.1546
142,1.4152,7.1980,0.8368,393216,830.47,9.43,1955198,-195.000,-122.000,-34.500,0.7854,1.1546
143,1.4231,6.9041,1.4088,393216,830.47,9.43,1955198,-195.000,-122.000,-34.500,0.7854,1.1546
144,1.4299,7.9622,1.2133,393216,830.47,9.43,1955198,-195.000,-122.000,-34.500,0.7854,1.1546
145,1.4372,6.7800,1.1123,393216,830.47,9.43,1955198,-195.000,-122.000,-34.500,0.7854,1.1546
146,1.4448,7.3420,1.7930,393216,830.47,9.43,1955198,-195.000,-122.000,-34.500,0.7854,1.1546
147,1.4522,7.6207,1.1780,393216,830.47,9.43,1955198,-195.000,-122.000,-34.500,0.7854,1.1546
148,1.4605,7.3164,2.5736,393216,830.47,9.43,1955198,-195.000,-122.000,-34.500,0.7854,1.1546
149,1.4666,8.3730,0.9650,393216,830.47,9.43,1955198,-195.000,-122.000,-34.500,0.7854,1.1546
150,1.4735,6.0258,0.8899,393216,830.47,9.43,1955198,-195.000,-122.000,-34.500,0.7854,1.1546
151,1.4812,6.9522,0.9303,393216,830.47,9.43,1955198,-195.000,-122.000,-34.500,0.7854,1.1546
152,1.4881,7.6423,0.8826,393216,830.47,9.43,1955198,-195.000,-122.000,-34.500,0.7854,1.1546
153,1.4951,6.9277,0.9901,393216,830.47,9.43,1955198,-195.000,-122.000,-34.500,0.7854,1.1546
154,1.5026,7.0514,1.0692,393216,830.47,9.43,1955198,-195.000,-122.000,-34.500,0.7854,1.1546
155,1.5093,7.4491,0.8561,393216,830.47,9.43,1955198,-195.000,-122.000,-34.500,0.7854,1.1546
156,1.5169,6.7524,1.0801,393216,830.47,9.43,1955198,-195.000,-122.000,-34.500,0.7854,1.1546
157,1.5239,7.6086,0.9564,393216,830.47,9.43,1955198,-195.000,-122.000,-34.500,0.7854,1.1546
158,1.5314,6.9004,1.0263,393216,830.47,9.43,1955198,-195.000,-122.000,-34.500,0.7854,1.1546
159,1.5383,7.5297,0.8598,393216,830.47,9.43,1955198,-195.000,-122.000,-34.500,0.7854,1.1546
160,1.5458,6.9278,0.9678,393216,830.47,9.43,1955198,-195.000,-122.000,-34.500,0.7854,1.1546
161,1.5530,7.5203,1.0248,393216,830.47,9.43,1955198,-195.000,-122.000,-34.500,0.7854,1.1546
162,1.5600,7.1777,0.7068,393216,830.47,9.43,1955198,-195.000,-122.000,-34.500,0.7854,1.1546
163,1.5673,6.9996,0.8462,393216,830.47,9.43,1955198,-195.000,-122.000,-34.500,0.7854,1.1546
164,1.5749,7.3225,0.8555,393216,830.47,9.43,1955198,-195.000,-122.000,-34.500,0.7854,1.1546
165,1.5822,7.5195,0.9826,393216,830.47,9.43,1955198,-195.000,-122.000,-34.500,0.7854,1.1546
166,1.5893,7.3829,0.8696,393216,830.47,9.43,1955198,-195.000,-122.000,-34.500,0.7854,1.1546
167,1.5969,7.0915,0.8397,393216,830.47,9.43,1955198,-195.000,-122.000,-34.500,0.7854,1.1546
168,1.6041,7.6061,0.8239,393216,830.47,9.43,1955198,-195.000,-122.000,-34.500,0.7854,1.1546
169,1.6118,7.1321,0.8968,393216,830.47,9.43,1955198,-195.000,-122.000,-34.500,0.7854,1.1546
170,1.6191,7.7485,1.0309,393216,830.47,9.43,1955198,-195.000,-122.000,-34.500,0.7854,1.1546
171,1.6267,7.2575,0.8963,393216,830.47,9.43,1955198,-195.000,-122.000,-34.500,0.7854,1.1546
172,1.6338,7.6280,0.8206,393216,830.47,9.43,1955198,-195.000,-122.000,-34.500,0.7854,1.1546
173,1.6420,7.1285,0.8814,393216,830.47,9.43,1955198,-195.000,-122.000,-34.500,0.7854,1.1546
174,1.6495,8.1248,0.9278,393216,830.47,9.43,1955198,-195.000,-122.000,-34.500,0.7854,1.1546
175,1.6575,7.5638,0.8450,393216,830.47,9.43,1955198,-195.000,-122.000,-34.500,0.7854,1.1546
176,1.6658,7.9633,1.3842,393216,830.47,9.43,1955198,-195.000,-122.000,-34.500,0.7854,1.1546
177,1.6736,8.3253,1.1189,393216,830.47,9.43,1955198,-195.000,-122.000,-34.500,0.7854,1.1546
178,1.6808,7.8406,0.8612,393216,830.47,9.43,1955198,-195.000,-122.000,-34.500,0.7854,1.1546
179,1.6902,7.1172,0.8292,393216,830.47,9.43,1955198,-195.000,-122.000,-34.500,0.7854,1.1546
180,1.6993,9.4375,0.7577,393216,830.47,9.43,1955198,-195.000,-122.000,-34.500,0.7854,1.1546
181,1.7090,9.1333,0.8603,393216,830.47,9.43,1955198,-195.000,-122.000,-34.500,0.7854,1.1546
182,1.7192,9.6373,1.2504,393216,830.47,9.43,1955198,-195.000,-122.000,-34.500,0.7854,1.1546
183,1.7282,10.2348,0.8808,393216,830.47,9.43,1955198,-195.000,-122.000,-34.500,0.7854,1.1546
184,1.7382,8.9521,0.8510,393216,830.47,9.43,1955198,-195.000,-122.000,-34.500,0.7854,1.1546
185,1.7512,10.0082,0.8734,393216,830.47,9.43,1955198,-195.000,-122.000,-34.500,0.7854,1.1546
186,1.7641,13.0462,0.8859,393216,830.47,9.43,1955198,-195.000,-122.000,-34.500,0.7854,1.1546
187,1.7769,12.8840,0.8869,393216,830.47,9.43,1955198,-195.000,-122.000,-34.500,0.7854,1.1546
188,1.7900,12.7939,0.8908,393216,830.47,9.43,1955198,-195.000,-122.000,-34.500,0.7854,1.1546
189,1.8038,13.1140,1.0186,393216,830.47,9.43,1955198,-195.000,-122.000,-34.500,0.7854,1.1546
190,1.8124,13.8299,0.8240,393216,830.47,9.43,1955198,-195.000,-122.000,-34.500,0.7854,1.1546
191,1.8208,8.5281,0.7506,393216,830.47,9.43,1955198,-195.000,-122.000,-34.500,0.7854,1.1546
192,1.8296,8.4219,0.9099,393216,830.47,9.43,1955198,-195.000,-122.000,-34.500,0.7854,1.1546
193,1.8375,8.8625,0.8149,393216,830.47,9.43,1955198,-195.000,-122.000,-34.500,0.7854,1.1546
194,1.8458,7.8848,0.8803,393216,830.47,9.43,1955198,-195.000,-122.000,-34.500,0.7854,1.1546
195,1.8548,8.2136,0.7737,393216,830.47,9.43,1955198,-195.000,-122.000,-34.500,0.7854,1.1546
196,1.8644,9.0977,0.8622,393216,830.47,9.43,1955198,-195.000,-122.000,-34.500,0.7854,1.1546
197,1.8737,9.5399,0.8265,393216,830.47,9.43,1955198,-195.000,-122.000,-34.500,0.7854,1.1546
198,1.8829,9.3629,0.8276,393216,830.47,9.43,1955198,-195.000,-122.000,-34.500,0.7854,1.1546
199,1.8928,9.1159,0.9197,393216,830.47,9.43,1955198,-195.000,-122.000,-34.500,0.7854,1.1546
200,1.9017,9.9143,0.7561,393216,830.47,9.43,1955198,-195.000,-122.000,-34.500,0.7854,1.1546
201,1.9113,8.9093,1.0786,393216,830.47,9.43,1955198,-195.000,-122.000,-34.500,0.7854,1.1546
202,1.9205,9.6020,0.8705,393216,830.47,9.43,1955198,-195.000,-122.000,-34.500,0.7854,1.1546
203,1.9295,9.2086,0.8767,393216,830.47,9.43,1955198,-195.000,-122.000,-34.500,0.7854,1.1546
204,1.9388,9.0177,0.8345,393216,830.47,9.43,1955198,-195.000,-122.000,-34.500,0.7854,1.1546
205,1.9477,9.2411,0.8113,393216,830.47,9.43,1955198,-195.000,-122.000,-34.500,0.7854,1.1546
206,1.9567,8.9477,0.8206,393216,830.47,9.43,1955198,-195.000,-122.000,-34.500,0.7854,1.1546
207,1.9643,8.9973,0.9306,393216,830.47,9.43,1955198,-195.000,-122.000,-34.500,0.7854,1.1546
208,1.9721,7.5922,0.8493,393216,830.47,9.43,1955198,-195.000,-122.000,-34.500,0.7854,1.1546
209,1.9799,7.7573,0.9120,393216,830.47,9.43,1955198,-195.000,-122.000,-34.500,0.7854,1.1546
210,1.9876,7.8481,0.8119,393216,830.47,9.43,1955198,-195.000,-122.000,-34.500,0.7854,1.1546
211,1.9954,7.7361,0.7986,393216,830.47,9.43,1955198,-195.000,-122.000,-34.500,0.7854,1.1546
212,2.0035,7.7713,0.8499,393216,830.47,9.43,1955198,-195.000,-122.000,-34.500,0.7854,1.1546
213,2.0109,8.1206,0.8506,393216,830.47,9.43,1955198,-195.000,-122.000,-34.500,0.7854,1.1546
214,2.0186,7.3891,0.8780,393216,830.47,9.43,1955198,-195.000,-122.000,-34.500,0.7854,1.1546
215,2.0264,7.6392,0.8843,393216,830.47,9.43,1955198,-195.000,-122.000,-34.500,0.7854,1.1546
216,2.0342,7.8047,0.9061,393216,830.47,9.43,1955198,-195.000,-122.000,-34.500,0.7854,1.1546
217,2.0418,7.8146,0.7882,393216,830.47,9.43,1955198,-195.000,-122.000,-34.500,0.7854,1.1546
218,2.0505,7.6103,0.8875,393216,830.47,9.43,1955198,-195.000,-122.000,-34.500,0.7854,1.1546
219,2.0596,8.7520,0.8962,393216,830.47,9.43,1955198,-195.000,-122.000,-34.500,0.7854,1.1546
220,2.0678,9.0462,0.8114,393216,830.47,9.43,1955198,-195.000,-122.000,-34.500,0.7854,1.1546
221,2.0760,8.1828,0.8713,393216,830.47,9.43,1955198,-195.000,-122.000,-34.500,0.7854,1.1546
222,2.0837,8.2197,0.7986,393216,830.47,9.43,1955198,-195.000,-122.000,-34.500,0.7854,1.1546
223,2.0918,7.7105,0.8662,393216,830.47,9.43,1955198,-195.000,-122.000,-34.500,0.7854,1.1546
224,2.1010,8.1400,0.8402,393216,830.47,9.43,1955198,-195.000,-122.000,-34.500,0.7854,1.1546
225,2.1109,9.1899,0.9964,393216,830.47,9.43,1955198,-195.000,-122.000,-34.500,0.7854,1.1546
226,2.1200,9.9085,0.9468,393216,830.47,9.43,1955198,-195.000,-122.000,-34.500,0.7854,1.1546
227,2.1294,9.0470,0.8642,393216,830.47,9.43,1955198,-195.000,-122.000,-34.500,0.7854,1.1546
228,2.1390,9.4641,0.9462,393216,830.47,9.43,1955198,-195.000,-122.000,-34.500,0.7854,1.1546
229,2.1482,9.5694,0.8412,393216,830.47,9.43,1955198,-195.000,-122.000,-34.500,0.7854,1.1546
230,2.1557,9.1690,0.8098,393216,830.47,9.43,1955198,-195.000,-122.000,-34.500,0.7854,1.1546
231,2.1628,7.4946,0.7842,393216,830.47,9.43,1955198,-195.000,-122.000,-34.500,0.7854,1.1546
232,2.1703,7.1312,0.7914,393216,830.47,9.43,1955198,-195.000,-122.000,-34.500,0.7854,1.1546
233,2.1774,7.4751,0.7893,393216,830.47,9.43,1955198,-195.000,-122.000,-34.500,0.7854,1.1546
234,2.1850,7.1548,0.8495,393216,830.47,9.43,1955198,-195.000,-122.000,-34.500,0.7854,1.1546
235,2.1922,7.5863,0.8624,393216,830.47,9.43,1955198,-195.000,-122.000,-34.500,0.7854,1.1546
236,2.1998,7.2195,0.9660,393216,830.47,9.43,1955198,-195.000,-122.000,-34.500,0.7854,1.1546
237,2.2066,7.5199,0.8608,393216,830.47,9.43,1955198,-195.000,-122.000,-34.500,0.7854,1.1546
238,2.2136,6.8757,0.7322,393216,830.47,9.43,1955198,-195.000,-122.000,-34.500,0.7854,1.1546
239,2.2211,6.9242,0.7902,393216,830.47,9.43,1955198,-195.000,-122.000,-34.500,0.7854,1.1546
240,2.2282,7.5258,0.8377,393216,830.47,9.43,1955198,-195.000,-122.000,-34.500,0.7854,1.1546
241,2.2355,7.0864,0.7664,393216,830.47,9.43,1955198,-195.000,-122.000,-34.500,0.7854,1.1546
242,2.2424,7.3275,0.7558,393216,830.47,9.43,1955198,-195.000,-122.000,-34.500,0.7854,1.1546
243,2.2501,6.9046,0.7793,393216,830.47,9.43,1955198,-195.000,-122.000,-34.500,0.7854,1.1546
244,2.2572,7.6355,0.8485,393216,830.47,9.43,1955198,-195.000,-122.000,-34.500,0.7854,1.1546
245,2.2646,7.1606,0.7859,393216,830.47,9.43,1955198,-195.000,-122.000,-34.500,0.7854,1.1546
246,2.2718,7.3977,0.8200,393216,830.47,9.43,1955198,-195.000,-122.000,-34.500,0.7854,1.1546
247,2.2793,7.2115,0.8987,393216,830.47,9.43,1955198,-195.000,-122.000,-34.500,0.7854,1.1546
248,2.2868,7.4586,0.8931,393216,830.47,9.43,1955198,-195.000,-122.000,-34.500,0.7854,1.1546
249,2.2942,7.4811,0.9302,393216,830.47,9.43,1955198,-195.000,-122.000,-34.500,0.7854,1.1546
250,2.3015,7.5382,0.8746,393216,830.47,9.43,1955198,-195.000,-122.000,-34.500,0.7854,1.1546
251,2.3089,7.2158,0.9541,393216,830.47,9.43,1955198,-195.000,-122.000,-34.500,0.7854,1.1546
252,2.3165,7.4077,0.8374,393216,830.47,9.43,1955198,-195.000,-122.000,-34.500,0.7854,1.1546
253,2.3236,7.5922,0.8426,393216,830.47,9.43,1955198,-195.000,-122.000,-34.500,0.7854,1.1546
254,2.3313,7.0709,0.9545,393216,830.47,9.43,1955198,-195.000,-122.000,-34.500,0.7854,1.1546
255,2.3384,7.7518,0.8927,393216,830.47,9.43,1955198,-195.000,-122.000,-34.500,0.7854,1.1546
256,2.3460,7.0734,0.8359,393216,830.47,9.43,1955198,-195.000,-122.000,-34.500,0.7854,1.1546
257,2.3532,7.5939,0.9253,393216,830.47,9.43,1955198,-195.000,-122.000,-34.500,0.7854,1.1546
258,2.3608,7.1995,1.0565,393216,830.47,9.43,1955198,-195.000,-122.000,-34.500,0.7854,1.1546
259,2.3676,7.6198,0.7805,393216,830.47,9.43,1955198,-195.000,-122.000,-34.500,0.7854,1.1546
260,2.3751,6.7354,0.8115,393216,830.47,9.43,1955198,-195.000,-122.000,-34.500,0.7854,1.1546
261,2.3823,7.5827,0.8679,393216,830.47,9.43,1955198,-195.000,-122.000,-34.500,0.7854,1.1546
262,2.3898,7.1260,0.8986,393216,830.47,9.43,1955198,-195.000,-122.000,-34.500,0.7854,1.1546
263,2.3968,7.5347,0.8716,393216,830.47,9.43,1955198,-195.000,-122.000,-34.500,0.7854,1.1546
264,2.4039,7.0364,0.8170,393216,830.47,9.43,1955198,-195.000,-122.000,-34.500,0.7854,1.1546
265,2.4115,7.0966,1.0250,393216,830.47,9.43,1955198,-195.000,-122.000,-34.500,0.7854,1.1546
266,2.4183,7.6490,0.7247,393216,830.47,9.43,1955198,-195.000,-122.000,-34.500,0.7854,1.1546
267,2.4259,6.7746,0.8624,393216,830.47,9.43,1955198,-195.000,-122.000,-34.500,0.7854,1.1546
268,2.4329,7.5103,0.8617,393216,830.47,9.43,1955198,-195.000,-122.000,-34.500,0.7854,1.1546
269,2.4404,7.0521,0.9071,393216,830.47,9.43,1955198,-195.000,-122.000,-34.500,0.7854,1.1546
270,2.4473,7.4625,0.8343,393216,830.47,9.43,1955198,-195.000,-122.000,-34.500,0.7854,1.1546
271,2.4547,6.8735,0.8286,393216,830.47,9.43,1955198,-195.000,-122.000,-34.500,0.7854,1.1546
272,2.4620,7.4516,0.9948,393216,830.47,9.43,1955198,-195.000,-122.000,-34.500,0.7854,1.1546
273,2.4695,7.2541,1.0707,393216,830.47,9.43,1955198,-195.000,-122.000,-34.500,0.7854,1.1546
274,2.4761,7.5140,0.9141,393216,830.47,9.43,1955198,-195.000,-122.000,-34.500,0.7854,1.1546
275,2.4840,6.6675,0.9659,393216,830.47,9.43,1955198,-195.000,-122.000,-34.500,0.7854,1.1546
276,2.4910,7.8370,0.9033,393216,830.47,9.43,1955198,-195.000,-122.000,-34.500,0.7854,1.1546
277,2.4980,7.1161,0.7876,393216,830.47,9.43,1955198,-195.000,-122.000,-34.500,0.7854,1.1546
278,2.5055,6.9724,0.8188,393216,830.47,9.43,1955198,-195.000,-122.000,-34.500,0.7854,1.1546
279,2.5125,7.4313,0.8199,393216,830.47,9.43,1955198,-195.000,-122.000,-34.500,0.7854,1.1546
280,2.5199,7.0414,0.8651,393216,830.47,9.43,1955198,-195.000,-122.000,-34.500,0.7854,1.1546
281,2.5269,7.3913,0.7964,393216,830.47,9.43,1955198,-195.000,-122.000,-34.500,0.7854,1.1546
282,2.5345,6.9535,0.9698,393216,830.47,9.43,1955198,-195.000,-122.000,-34.500,0.7854,1.1546
283,2.5414,7.5845,0.8417,393216,830.47,9.43,1955198,-195.000,-122.000,-34.500,0.7854,1.1546
284,2.5487,6.9061,0.7879,393216,830.47,9.43,1955198,-195.000,-122.000,-34.500,0.7854,1.1546
285,2.5557,7.3428,0.7813,393216,830.47,9.43,1955198,-195.000,-122.000,-34.500,0.7854,1.1546
286,2.5633,7.0013,0.9793,393216,830.47,9.43,1955198,-195.000,-122.000,-34.500,0.7854,1.1546
287,2.5705,7.6224,1.1647,393216,830.47,9.43,1955198,-195.000,-122.000,-34.500,0.7854,1.1546
288,2.5773,7.1325,0.9014,393216,830.47,9.43,1955198,-195.000,-122.000,-34.500,0.7854,1.1546
289,2.5843,6.7775,0.6992,393216,830.47,9.43,1955198,-195.000,-122.000,-34.500,0.7854,1.1546
290,2.5910,7.0148,0.6705,393216,830.47,9.43,1955198,-195.000,-122.000,-34.500,0.7854,1.1546
291,2.5984,6.7393,0.7617,393216,830.47,9.43,1955198,-195.000,-122.000,-34.500,0.7854,1.1546
292,2.6054,7.4405,0.7363,393216,830.47,9.43,1955198,-195.000,-122.000,-34.500,0.7854,1.1546
293,2.6127,6.9700,0.7264,393216,830.47,9.43,1955198,-195.000,-122.000,-34.500,0.7854,1.1546
294,2.6199,7.3312,0.7809,393216,830.47,9.43,1955198,-195.000,-122.000,-34.500,0.7854,1.1546
295,2.6274,7.1294,0.9029,393216,830.47,9.43,1955198,-195.000,-122.000,-34.500,0.7854,1.1546
296,2.6342,7.4820,0.7083,393216,830.47,9.43,1955198,-195.000,-122.000,-34.500,0.7854,1.1546
297,2.6418,6.7857,0.8917,393216,830.47,9.43,1955198,-195.000,-122.000,-34.500,0.7854,1.1546
298,2.6486,7.6853,0.7458,393216,830.47,9.43,1955198,-195.000,-122.000,-34.500,0.7854,1.1546
299,2.6556,6.7687,0.7885,393216,830.47,9.43,1955198,-195.000,-122.000,-34.500,0.7854,1.1546
300,2.6628,6.9996,0.8108,393216,830.47,9.43,1955198,-195.000,-122.000,-34.500,0.7854,1.1546
301,2.6697,7.2364,0.7618,393216,830.47,9.43,1955198,-195.000,-122.000,-34.500,0.7854,1.1546
302,2.6774,6.8518,1.0879,393216,830.47,9.43,1955198,-195.000,-122.000,-34.500,0.7854,1.1546
303,2.6842,7.7697,0.8495,393216,830.47,9.43,1955198,-195.000,-122.000,-34.500,0.7854,1.1546
304,2.6917,6.6985,0.7854,393216,830.47,9.43,1955198,-195.000,-122.000,-34.500,0.7854,1.1546
305,2.6987,7.5324,0.7395,393216,830.47,9.43,1955198,-195.000,-122.000,-34.500,0.7854,1.1546
306,2.7059,7.0029,0.7711,393216,830.47,9.43,1955198,-195.000,-122.000,-34.500,0.7854,1.1546
307,2.7130,7.1984,0.7833,393216,830.47,9.43,1955198,-195.000,-122.000,-34.500,0.7854,1.1546
308,2.7202,7.0742,0.7764,393216,830.47,9.43,1955198,-195.000,-122.000,-34.500,0.7854,1.1546
309,2.7271,7.2677,0.7227,393216,830.47,9.43,1955198,-195.000,-122.000,-34.500,0.7854,1.1546
310,2.7340,6.8635,0.6580,393216,830.47,9.43,1955198,-195.000,-122.000,-34.500,0.7854,1.1546
311,2.7415,6.8679,0.7980,393216,830.47,9.43,1955198,-195.000,-122.000,-34.500,0.7854,1.1546
312,2.7487,7.6217,0.7764,393216,830.47,9.43,1955198,-195.000,-122.000,-34.500,0.7854,1.1546
313,2.7562,7.1145,0.9304,393216,830.47,9.43,1955198,-195.000,-122.000,-34.500,0.7854,1.1546
314,2.7630,7.5254,0.7418,393216,830.47,9.43,1955198,-195.000,-122.000,-34.500,0.7854,1.1546
315,2.7704,6.7563,0.7932,393216,830.47,9.43,1955198,-195.000,-122.000,-34.500,0.7854,1.1546
316,2.7773,7.4330,0.8120,393216,830.47,9.43,1955198,-195.000,-122.000,-34.500,0.7854,1.1546
317,2.7846,6.8972,0.6719,393216,830.47,9.43,1955198,-195.000,-122.000,-34.500,0.7854,1.1546
318,2.7919,7.3135,0.8213,393216,830.47,9.43,1955198,-195.000,-122.000,-34.500,0.7854,1.1546
319,2.7997,7.2462,0.8626,393216,830.47,9.43,1955198,-195.000,-122.000,-34.500,0.7854,1.1546
320,2.8064,7.7886,0.7971,393216,830.47,9.43,1955198,-195.000,-122.000,-34.500,0.7854,1.1546
321,2.8136,6.7858,0.8210,393216,830.47,9.43,1955198,-195.000,-122.000,-34.500,0.7854,1.1546
322,2.8206,7.1115,0.7438,393216,830.47,9.43,1955198,-195.000,-122.000,-34.500,0.7854,1.1546
323,2.8277,7.0676,0.8081,393216,830.47,9.43,1955198,-195.000,-122.000,-34.500,0.7854,1.1546
324,2.8352,7.0773,0.7800,393216,830.47,9.43,1955198,-195.000,-122.000,-34.500,0.7854,1.1546
325,2.8419,7.4678,0.7659,393216,830.47,9.43,1955198,-195.000,-122.000,-34.500,0.7854,1.1546
326,2.8496,6.7667,0.8826,393216,830.47,9.43,1955198,-195.000,-122.000,-34.500,0.7854,1.1546
327,2.8567,7.6548,0.9064,393216,830.47,9.43,1955198,-195.000,-122.000,-34.500,0.7854,1.1546
328,2.8639,7.1452,0.7982,393216,830.47,9.43,1955198,-195.000,-122.000,-34.500,0.7854,1.1546
329,2.8711,7.1832,0.7862,393216,830.47,9.43,1955198,-195.000,-122.000,-34.500,0.7854,1.1546
330,2.8785,7.1621,0.9469,393216,830.47,9.43,1955198,-195.000,-122.000,-34.500,0.7854,1.1546
331,2.8856,7.4653,0.9668,393216,830.47,9.43,1955198,-195.000,-122.000,-34.500,0.7854,1.1546
332,2.8923,7.0325,0.7721,393216,830.47,9.43,1955198,-195.000,-122.000,-34.500,0.7854,1.1546
333,2.8999,6.7693,0.8810,393216,830.47,9.43,1955198,-195.000,-122.000,-34.500,0.7854,1.1546
334,2.9070,7.5158,0.8989,393216,830.47,9.43,1955198,-195.000,-122.000,-34.500,0.7854,1.1546
335,2.9142,7.1733,0.7791,393216,830.47,9.43,1955198,-195.000,-122.000,-34.500,0.7854,1.1546
336,2.9212,7.2206,0.7709,393216,830.47,9.43,1955198,-195.000,-122.000,-34.500,0.7854,1.1546
337,2.9288,6.8939,0.8986,393216,830.47,9.43,1955198,-195.000,-122.000,-34.500,0.7854,1.1546
338,2.9355,7.6114,0.7893,393216,830.47,9.43,1955198,-195.000,-122.000,-34.500,0.7854,1.1546
339,2.9429,6.8884,0.7824,393216,830.47,9.43,1955198,-195.000,-122.000,-34.500,0.7854,1.1546
340,2.9499,7.2083,0.8288,393216,830.47,9.43,1955198,-195.000,-122.000,-34.500,0.7854,1.1546
341,2.9574,7.0757,0.9046,393216,830.47,9.43,1955198,-195.000,-122.000,-34.500,0.7854,1.1546
342,2.9644,7.5644,0.8372,393216,830.47,9.43,1955198,-195.000,-122.000,-34.500,0.7854,1.1546
343,2.9719,6.9916,0.8991,393216,830.47,9.43,1955198,-195.000,-122.000,-34.500,0.7854,1.1546
344,2.9788,7.4321,0.8130,393216,830.47,9.43,1955198,-195.000,-122.000,-34.500,0.7854,1.1546
345,2.9857,6.8948,0.7589,393216,830.47,9.43,1955198,-195.000,-122.000,-34.500,0.7854,1.1546
346,2.9935,6.8756,0.9273,393216,830.47,9.43,1955198,-195.000,-122.000,-34.500,0.7854,1.1546
347,3.0006,7.8370,0.7821,393216,830.47,9.43,1955198,-195.000,-122.000,-34.500,0.7854,1.1546
348,3.0079,7.0354,0.7800,393216,830.47,9.43,1955198,-195.000,-122.000,-34.500,0.7854,1.1546
349,3.0148,7.3350,0.7633,393216,830.47,9.43,1955198,-195.000,-122.000,-34.500,0.7854,1.1546
350,3.0225,6.9351,0.8399,393216,830.47,9.43,1955198,-195.000,-122.000,-34.500,0.7854,1.1546
351,3.0293,7.6640,0.7187,393216,830.47,9.43,1955198,-195.000,-122.000,-34.500,0.7854,1.1546
352,3.0366,6.8046,0.7846,393216,830.47,9.43,1955198,-195.000,-122.000,-34.500,0.7854,1.1546
353,3.0436,7.3152,0.7297,393216,830.47,9.43,1955198,-195.000,-122.000,-34.500,0.7854,1.1546
354,3.0504,7.0358,0.7339,393216,830.47,9.43,1955198,-195.000,-122.000,-34.500,0.7854,1.1546
355,3.0579,6.7425,0.7814,393216,830.47,9.43,1955198,-195.000,-122.000,-34.500,0.7854,1.1546
356,3.0647,7.5619,0.7135,393216,830.47,9.43,1955198,-195.000,-122.000,-34.500,0.7854,1.1546
357,3.0721,6.7723,0.7316,393216,830.47,9.43,1955198,-195.000,-122.000,-34.500,0.7854,1.1546
358,3.0793,7.3708,0.8169,393216,830.47,9.43,1955198,-195.000,-122.000,-34.500,0.7854,1.1546
359,3.0870,7.1589,0.9743,393216,830.47,9.43,1955198,-195.000,-122.000,-34.500,0.7854,1.1546
360,3.0938,7.7248,0.8395,393216,830.47,9.43,1955198,-195.000,-122.000,-34.500,0.7854,1.1546
361,3.1014,6.8019,0.8656,393216,830.47,9.43,1955198,-195.000,-122.000,-34.500,0.7854,1.1546
362,3.1085,7.5812,0.9752,393216,830.47,9.43,1955198,-195.000,-122.000,-34.500,0.7854,1.1546
363,3.1158,7.1065,0.9673,393216,830.47,9.43,1955198,-195.000,-122.000,-34.500,0.7854,1.1546
364,3.1227,7.3221,0.9430,393216,830.47,9.43,1955198,-195.000,-122.000,-34.500,0.7854,1.1546
365,3.1296,6.8858,0.9075,393216,830.47,9.43,1955198,-195.000,-122.000,-34.500,0.7854,1.1546
366,3.1368,6.9256,0.9029,393216,830.47,9.43,1955198,-195.000,-122.000,-34.500,0.7854,1.1546
367,3.1436,7.2328,0.7910,393216,830.47,9.43,1955198,-195.000,-122.000,-34.500,0.7854,1.1546
368,3.1511,6.7837,0.8391,393216,830.47,9.43,1955198,-195.000,-122.000,-34.500,0.7854,1.1546
369,3.1580,7.4765,0.8316,393216,830.47,9.43,1955198,-195.000,-122.000,-34.500,0.7854,1.1546
370,3.1653,6.8805,0.8804,393216,830.47,9.43,1955198,-195.000,-122.000,-34.500,0.7854,1.1546
371,3.1722,7.2943,0.8888,393216,830.47,9.43,1955198,-195.000,-122.000,-34.500,0.7854,1.1546
372,3.1794,6.9291,0.8763,393216,830.47,9.43,1955198,-195.000,-122.000,-34.500,0.7854,1.1546
373,3.1864,7.2104,0.9351,393216,830.47,9.43,1955198,-195.000,-122.000,-34.500,0.7854,1.1546
374,3.1939,6.9601,1.0753,393216,830.47,9.43,1955198,-195.000,-122.000,-34.500,0.7854,1.1546
375,3.2008,7.5772,0.8773,393216,830.47,9.43,1955198,-195.000,-122.000,-34.500,0.7854,1.1546
376,3.2077,6.8381,0.8018,393216,830.47,9.43,1955198,-195.000,-122.000,-34.500,0.7854,1.1546
377,3.2151,6.9461,0.8501,393216,830.47,9.43,1955198,-195.000,-122.000,-34.500,0.7854,1.1546
378,3.2221,7.3781,0.8034,393216,830.47,9.43,1955198,-195.000,-122.000,-34.500,0.7854,1.1546
379,3.2296,7.0103,0.8611,393216,830.47,9.43,1955198,-195.000,-122.000,-34.500,0.7854,1.1546
380,3.2368,7.5017,0.8753,393216,830.47,9.43,1955198,-195.000,-122.000,-34.500,0.7854,1.1546
381,3.2444,7.2163,1.0427,393216,830.47,9.43,1955198,-195.000,-122.000,-34.500,0.7854,1.1546
382,3.2512,7.5880,0.8356,393216,830.47,9.43,1955198,-195.000,-122.000,-34.500,0.7854,1.1546
383,3.2586,6.7769,0.9197,393216,830.47,9.43,1955198,-195.000,-122.000,-34.500,0.7854,1.1546
384,3.2656,7.4274,0.8518,393216,830.47,9.43,1955198,-195.000,-122.000,-34.500,0.7854,1.1546
385,3.2731,6.9682,0.9113,393216,830.47,9.43,1955198,-195.000,-122.000,-34.500,0.7854,1.1546
386,3.2798,7.5007,0.7579,393216,830.47,9.43,1955198,-195.000,-122.000,-34.500,0.7854,1.1546
387,3.2868,6.6626,0.8763,393216,830.47,9.43,1955198,-195.000,-122.000,-34.500,0.7854,1.1546
388,3.2944,7.0386,1.0186,393216,830.47,9.43,1955198,-195.000,-122.000,-34.500,0.7854,1.1546
389,3.3010,7.6009,0.6875,393216,830.47,9.43,1955198,-195.000,-122.000,-34.500,0.7854,1.1546
390,3.3084,6.5477,0.7480,393216,830.47,9.43,1955198,-195.000,-122.000,-34.500,0.7854,1.1546
391,3.3155,7.4367,0.7786,393216,830.47,9.43,1955198,-195.000,-122.000,-34.500,0.7854,1.1546
392,3.3230,7.0887,0.7959,393216,830.47,9.43,1955198,-195.000,-122.000,-34.500,0.7854,1.1546
393,3.3305,7.4941,1.4507,393216,830.47,9.43,1955198,-195.000,-122.000,-34.500,0.7854,1.1546
394,3.3373,7.5701,0.7962,393216,830.47,9.43,1955198,-195.000,-122.000,-34.500,0.7854,1.1546
395,3.3442,6.7190,0.8638,393216,830.47,9.43,1955198,-195.000,-122.000,-34.500,0.7854,1.1546
396,3.3516,6.9628,0.8499,393216,830.47,9.43,1955198,-195.000,-122.000,-34.500,0.7854,1.1546
397,3.3587,7.3611,0.7276,393216,830.47,9.43,1955198,-195.000,-122.000,-34.500,0.7854,1.1546
398,3.3657,7.1070,0.7203,393216,830.47,9.43,1955198,-195.000,-122.000,-34.500,0.7854,1.1546
399,3.3731,6.9548,0.8431,393216,830.47,9.43,1955198,-195.000,-122.000,-34.500,0.7854,1.1546
400,3.3799,7.4190,0.7002,393216,830.47,9.43,1955198,-195.000,-122.000,-34.500,0.7854,1.1546
401,3.3874,6.8570,0.8523,393216,830.47,9.43,1955198,-195.000,-122.000,-34.500,0.7854,1.1546
402,3.3943,7.4630,0.9007,393216,830.47,9.43,1955198,-195.000,-122.000,-34.500,0.7854,1.1546
403,3.4023,6.8645,1.1624,393216,830.47,9.43,1955198,-195.000,-122.000,-34.500,0.7854,1.1546
404,3.4091,8.0610,0.9354,393216,830.47,9.43,1955198,-195.000,-122.000,-34.500,0.7854,1.1546
405,3.4166,6.7476,0.8350,393216,830.47,9.43,1955198,-195.000,-122.000,-34.500,0.7854,1.1546
406,3.4238,7.5572,0.9011,393216,830.47,9.43,1955198,-195.000,-122.000,-34.500,0.7854,1.1546
407,3.4312,7.1839,0.9247,393216,830.47,9.43,1955198,-195.000,-122.000,-34.500,0.7854,1.1546
408,3.4382,7.4447,0.8467,393216,830.47,9.43,1955198,-195.000,-122.000,-34.500,0.7854,1.1546
409,3.4458,6.9810,0.9820,393216,830.47,9.43,1955198,-195.000,-122.000,-34.500,0.7854,1.1546
410,3.4529,7.5882,1.0348,393216,830.47,9.43,1955198,-195.000,-122.000,-34.500,0.7854,1.1546
411,3.4595,7.0956,0.6958,393216,830.47,9.43,1955198,-195.000,-122.000,-34.500,0.7854,1.1546
412,3.4671,6.5584,0.7818,393216,830.47,9.43,1955198,-195.000,-122.000,-34.500,0.7854,1.1546
413,3.4742,7.5901,0.8703,393216,830.47,9.43,1955198,-195.000,-122.000,-34.500,0.7854,1.1546
414,3.4815,7.1018,0.8592,393216,830.47,9.43,1955198,-195.000,-122.000,-34.500,0.7854,1.1546
415,3.4884,7.2946,0.8523,393216,830.47,9.43,1955198,-195.000,-122.000,-34.500,0.7854,1.1546
416,3.4958,6.9093,0.8474,393216,830.47,9.43,1955198,-195.000,-122.000,-34.500,0.7854,1.1546
417,3.5028,7.4193,0.9119,393216,830.47,9.43,1955198,-195.000,-122.000,-34.500,0.7854,1.1546
418,3.5098,7.0369,0.7519,393216,830.47,9.43,1955198,-195.000,-122.000,-34.500,0.7854,1.1546
419,3.5168,7.0024,0.7330,393216,830.47,9.43,1955198,-195.000,-122.000,-34.500,0.7854,1.1546
420,3.5239,6.9820,0.8933,393216,830.47,9.43,1955198,-195.000,-122.000,-34.500,0.7854,1.1546
421,3.5313,7.1317,0.8361,393216,830.47,9.43,1955198,-195.000,-122.000,-34.500,0.7854,1.1546
422,3.5384,7.3218,0.8148,393216,830.47,9.43,1955198,-195.000,-122.000,-34.500,0.7854,1.1546
423,3.5457,7.1257,0.8379,393216,830.47,9.43,1955198,-195.000,-122.000,-34.500,0.7854,1.1546
424,3.5527,7.3651,0.9114,393216,830.47,9.43,1955198,-195.000,-122.000,-34.500,0.7854,1.1546
425,3.5601,6.9859,0.9123,393216,830.47,9.43,1955198,-195.000,-122.000,-34.500,0.7854,1.1546
426,3.5670,7.4188,0.8475,393216,830.47,9.43,1955198,-195.000,-122.000,-34.500,0.7854,1.1546
427,3.5745,6.8412,0.9973,393216,830.47,9.43,1955198,-195.000,-122.000,-34.500,0.7854,1.1546
428,3.5814,7.5425,0.8266,393216,830.47,9.43,1955198,-195.000,-122.000,-34.500,0.7854,1.1546
429,3.5890,6.9070,0.9796,393216,830.47,9.43,1955198,-195.000,-122.000,-34.500,0.7854,1.1546
430,3.5961,7.5222,1.1189,393216,830.47,9.43,1955198,-195.000,-122.000,-34.500,0.7854,1.1546
431,3.6030,7.1045,0.9554,393216,830.47,9.43,1955198,-195.000,-122.000,-34.500,0.7854,1.1546
432,3.6109,6.9174,1.2268,393216,830.47,9.43,1955198,-195.000,-122.000,-34.500,0.7854,1.1546
433,3.6175,7.8847,0.8226,393216,830.47,9.43,1955198,-195.000,-122.000,-34.500,0.7854,1.1546
434,3.6248,6.6742,0.9031,393216,830.47,9.43,1955198,-195.000,-122.000,-34.500,0.7854,1.1546
435,3.6318,7.2814,0.9621,393216,830.47,9.43,1955198,-195.000,-122.000,-34.500,0.7854,1.1546
436,3.6396,7.0036,0.9177,393216,830.47,9.43,1955198,-195.000,-122.000,-34.500,0.7854,1.1546
437,3.6465,7.7422,0.8377,393216,830.47,9.43,1955198,-195.000,-122.000,-34.500,0.7854,1.1546
438,3.6542,6.9141,0.8989,393216,830.47,9.43,1955198,-195.000,-122.000,-34.500,0.7854,1.1546
439,3.6612,7.6781,0.9102,393216,830.47,9.43,1955198,-195.000,-122.000,-34.500,0.7854,1.1546
440,3.6693,7.0231,1.3446,393216,830.47,9.43,1955198,-195.000,-122.000,-34.500,0.7854,1.1546
441,3.6757,8.1356,0.8212,393216,830.47,9.43,1955198,-195.000,-122.000,-34.500,0.7854,1.1546
442,3.6834,6.4119,0.9161,393216,830.47,9.43,1955198,-195.000,-122.000,-34.500,0.7854,1.1546
443,3.6904,7.6277,0.8492,393216,830.47,9.43,1955198,-195.000,-122.000,-34.500,0.7854,1.1546
444,3.6974,7.0482,0.7581,393216,830.47,9.43,1955198,-195.000,-122.000,-34.500,0.7854,1.1546
445,3.7050,7.0400,0.8650,393216,830.47,9.43,1955198,-195.000,-122.000,-34.500,0.7854,1.1546
446,3.7121,7.5220,0.7606,393216,830.47,9.43,1955198,-195.000,-122.000,-34.500,0.7854,1.1546
447,3.7201,7.1347,0.9331,393216,830.47,9.43,1955198,-195.000,-122.000,-34.500,0.7854,1.1546
448,3.7272,7.9680,1.0586,393216,830.47,9.43,1955198,-195.000,-122.000,-34.500,0.7854,1.1546
449,3.7348,7.1021,0.9783,393216,830.47,9.43,1955198,-195.000,-122.000,-34.500,0.7854,1.1546
450,3.7414,7.6223,0.8429,393216,830.47,9.43,1955198,-195.000,-122.000,-34.500,0.7854,1.1546
451,3.7489,6.6053,0.8758,393216,830.47,9.43,1955198,-195.000,-122.000,-34.500,0.7854,1.1546
452,3.7560,7.4993,0.8092,393216,830.47,9.43,1955198,-195.000,-122.000,-34.500,0.7854,1.1546
453,3.7635,7.0720,0.9654,393216,830.47,9.43,1955198,-195.000,-122.000,-34.500,0.7854,1.1546
454,3.7704,7.5627,0.7822,393216,830.47,9.43,1955198,-195.000,-122.000,-34.500,0.7854,1.1546
455,3.7781,6.8788,0.9621,393216,830.47,9.43,1955198,-195.000,-122.000,-34.500,0.7854,1.1546
456,3.7850,7.6865,0.8003,393216,830.47,9.43,1955198,-195.000,-122.000,-34.500,0.7854,1.1546
457,3.7920,6.8566,0.6821,393216,830.47,9.43,1955198,-195.000,-122.000,-34.500,0.7854,1.1546
458,3.7996,6.9909,0.9014,393216,830.47,9.43,1955198,-195.000,-122.000,-34.500,0.7854,1.1546
459,3.8067,7.7014,0.9302,393216,830.47,9.43,1955198,-195.000,-122.000,-34.500,0.7854,1.1546
460,3.8140,7.0646,0.8538,393216,830.47,9.43,1955198,-195.000,-122.000,-34.500,0.7854,1.1546
461,3.8211,7.3011,0.8049,393216,830.47,9.43,1955198,-195.000,-122.000,-34.500,0.7854,1.1546
462,3.8285,7.0594,0.7671,393216,830.47,9.43,1955198,-195.000,-122.000,-34.500,0.7854,1.1546
463,3.8357,7.4471,0.8799,393216,830.47,9.43,1955198,-195.000,-122.000,-34.500,0.7854,1.1546
464,3.8436,7.1873,1.2581,393216,830.47,9.43,1955198,-195.000,-122.000,-34.500,0.7854,1.1546
465,3.8501,7.9160,0.7287,393216,830.47,9.43,1955198,-195.000,-122.000,-34.500,0.7854,1.1546
466,3.8574,6.4271,0.8163,393216,830.47,9.43,1955198,-195.000,-122.000,-34.500,0.7854,1.1546
467,3.8646,7.3668,0.8965,393216,830.47,9.43,1955198,-195.000,-122.000,-34.500,0.7854,1.1546
468,3.8715,7.1514,0.7964,393216,830.47,9.43,1955198,-195.000,-122.000,-34.500,0.7854,1.1546
469,3.8790,6.9239,0.8034,393216,830.47,9.43,1955198,-195.000,-122.000,-34.500,0.7854,1.1546
470,3.8860,7.5442,0.7650,393216,830.47,9.43,1955198,-195.000,-122.000,-34.500,0.7854,1.1546
471,3.8939,6.9525,1.1870,393216,830.47,9.43,1955198,-195.000,-122.000,-34.500,0.7854,1.1546
472,3.9003,7.9107,0.7148,393216,830.47,9.43,1955198,-195.000,-122.000,-34.500,0.7854,1.1546
473,3.9081,6.3950,0.8105,393216,830.47,9.43,1955198,-195.000,-122.000,-34.500,0.7854,1.1546
474,3.9151,7.7539,0.8044,393216,830.47,9.43,1955198,-195.000,-122.000,-34.500,0.7854,1.1546
475,3.9230,7.0931,0.7817,393216,830.47,9.43,1955198,-195.000,-122.000,-34.500,0.7854,1.1546
476,3.9300,7.8294,0.8607,393216,830.47,9.43,1955198,-195.000,-122.000,-34.500,0.7854,1.1546
477,3.9375,7.0229,0.9312,393216,830.47,9.43,1955198,-195.000,-122.000,-34.500,0.7854,1.1546
478,3.9447,7.4913,1.0574,393216,830.47,9.43,1955198,-195.000,-122.000,-34.500,0.7854,1.1546
479,3.9524,7.2027,1.3243,393216,830.47,9.43,1955198,-195.000,-122.000,-34.500,0.7854,1.1546
480,3.9588,7.7127,0.7522,393216,830.47,9.43,1955198,-195.000,-122.000,-34.500,0.7854,1.1546
481,3.9659,6.3783,0.7743,393216,830.47,9.43,1955198,-195.000,-122.000,-34.500,0.7854,1.1546
482,3.9733,7.1388,0.8946,393216,830.47,9.43,1955198,-195.000,-122.000,-34.500,0.7854,1.1546
483,3.9802,7.3474,0.7743,393216,830.47,9.43,1955198,-195.000,-122.000,-34.500,0.7854,1.1546
484,3.9879,6.9050,0.8769,393216,830.47,9.43,1955198,-195.000,-122.000,-34.500,0.7854,1.1546
485,3.9948,7.7226,0.8773,393216,830.47,9.43,1955198,-195.000,-122.000,-34.500,0.7854,1.1546
486,4.0025,6.9080,1.0115,393216,830.47,9.43,1955198,-195.000,-122.000,-34.500,0.7854,1.1546
487,4.0092,7.6493,0.6930,393216,830.47,9.43,1955198,-195.000,-122.000,-34.500,0.7854,1.1546
488,4.0170,6.7393,0.9887,393216,830.47,9.43,1955198,-195.000,-122.000,-34.500,0.7854,1.1546
489,4.0241,7.7929,0.8954,393216,830.47,9.43,1955198,-195.000,-122.000,-34.500,0.7854,1.1546
490,4.0316,7.1776,0.9275,393216,830.47,9.43,1955198,-195.000,-122.000,-34.500,0.7854,1.1546
491,4.0391,7.4182,1.3356,393216,830.47,9.43,1955198,-195.000,-122.000,-34.500,0.7854,1.1546
492,4.0463,7.5617,0.9783,393216,830.47,9.43,1955198,-195.000,-122.000,-34.500,0.7854,1.1546
493,4.0532,7.1463,0.8875,393216,830.47,9.43,1955198,-195.000,-122.000,-34.500,0.7854,1.1546
494,4.0605,6.9274,1.0453,393216,830.47,9.43,1955198,-195.000,-122.000,-34.500,0.7854,1.1546
495,4.0677,7.2415,0.8848,393216,830.47,9.43,1955198,-195.000,-122.000,-34.500,0.7854,1.1546
496,4.0746,7.2702,0.7947,393216,830.47,9.43,1955198,-195.000,-122.000,-34.500,0.7854,1.1546
497,4.0821,6.9107,0.9227,393216,830.47,9.43,1955198,-195.000,-122.000,-34.500,0.7854,1.1546
498,4.0887,7.4294,0.7545,393216,830.47,9.43,1955198,-195.000,-122.000,-34.500,0.7854,1.1546
499,4.0965,6.6803,0.8298,393216,830.47,9.43,1955198,-195.000,-122.000,-34.500,0.7854,1.1546
500,4.1034,7.7033,0.8441,393216,830.47,9.43,1955198,-195.000,-122.000,-34.500,0.7854,1.1546
501,4.1109,6.9541,0.9333,393216,830.47,9.43,1955198,-195.000,-122.000,-34.500,0.7854,1.1546
502,4.1178,7.4959,0.7373,393216,830.47,9.43,1955198,-195.000,-122.000,-34.500,0.7854,1.1546
503,4.1256,6.9275,1.1785,393216,830.47,9.43,1955198,-195.000,-122.000,-34.500,0.7854,1.1546
504,4.1324,7.7761,0.8553,393216,830.47,9.43,1955198,-195.000,-122.000,-34.500,0.7854,1.1546
505,4.1395,6.8106,0.7904,393216,830.47,9.43,1955198,-195.000,-122.000,-34.500,0.7854,1.1546
506,4.1471,7.0425,0.8834,393216,830.47,9.43,1955198,-195.000,-122.000,-34.500,0.7854,1.1546
507,4.1543,7.6077,0.8767,393216,830.47,9.43,1955198,-195.000,-122.000,-34.500,0.7854,1.1546
508,4.1619,7.2047,0.8601,393216,830.47,9.43,1955198,-195.000,-122.000,-34.500,0.7854,1.1546
509,4.1690,7.6257,0.9013,393216,830.47,9.43,1955198,-195.000,-122.000,-34.500,0.7854,1.1546
510,4.1768,7.1002,0.9892,393216,830.47,9.43,1955198,-195.000,-122.000,-34.500,0.7854,1.1546
511,4.1839,7.7687,0.7743,393216,830.47,9.43,1955198,-195.000,-122.000,-34.500,0.7854,1.1546
512,4.1918,7.1270,0.8185,393216,830.47,9.43,1955198,-195.000,-122.000,-34.500,0.7854,1.1546
513,4.1993,7.9387,0.8301,393216,830.47,9.43,1955198,-195.000,-122.000,-34.500,0.7854,1.1546
514,4.2070,7.4548,0.8664,393216,830.47,9.43,1955198,-195.000,-122.000,-34.500,0.7854,1.1546
515,4.2144,7.7156,0.8645,393216,830.47,9.43,1955198,-195.000,-122.000,-34.500,0.7854,1.1546
516,4.2222,7.4411,0.8896,393216,830.47,9.43,1955198,-195.000,-122.000,-34.500,0.7854,1.1546
517,4.2290,7.7242,0.7748,393216,830.47,9.43,1955198,-195.000,-122.000,-34.500,0.7854,1.1546
518,4.2366,6.8457,0.9285,393216,830.47,9.43,1955198,-195.000,-122.000,-34.500,0.7854,1.1546
519,4.2439,7.5982,1.1491,393216,830.47,9.43,1955198,-195.000,-122.000,-34.500,0.7854,1.1546
520,4.2511,7.2737,0.8800,393216,830.47,9.43,1955198,-195.000,-122.000,-34.500,0.7854,1.1546
521,4.2581,7.2057,0.8274,393216,830.47,9.43,1955198,-195.000,-122.000,-34.500,0.7854,1.1546
522,4.2653,6.9968,0.8564,393216,830.47,9.43,1955198,-195.000,-122.000,-34.500,0.7854,1.1546
523,4.2729,7.1640,0.8290,393216,830.47,9.43,1955198,-195.000,-122.000,-34.500,0.7854,1.1546
524,4.2802,7.6121,0.8717,393216,830.47,9.43,1955198,-195.000,-122.000,-34.500,0.7854,1.1546
525,4.2879,7.3480,0.8154,393216,830.47,9.43,1955198,-195.000,-122.000,-34.500,0.7854,1.1546
526,4.2953,7.6929,0.7852,393216,830.47,9.43,1955198,-195.000,-122.000,-34.500,0.7854,1.1546
527,4.3031,7.3772,0.8881,393216,830.47,9.43,1955198,-195.000,-122.000,-34.500,0.7854,1.1546
528,4.3110,7.8196,0.8430,393216,830.47,9.43,1955198,-195.000,-122.000,-34.500,0.7854,1.1546
529,4.3196,7.9253,0.9140,393216,830.47,9.43,1955198,-195.000,-122.000,-34.500,0.7854,1.1546
530,4.3274,8.5881,0.8979,393216,830.47,9.43,1955198,-195.000,-122.000,-34.500,0.7854,1.1546
531,4.3362,7.7796,0.9943,393216,830.47,9.43,1955198,-195.000,-122.000,-34.500,0.7854,1.1546
532,4.3446,8.7749,1.0633,393216,830.47,9.43,1955198,-195.000,-122.000,-34.500,0.7854,1.1546
533,4.3528,8.4860,0.8873,393216,830.47,9.43,1955198,-195.000,-122.000,-34.500,0.7854,1.1546
534,4.3614,8.1344,0.9089,393216,830.47,9.43,1955198,-195.000,-122.000,-34.500,0.7854,1.1546
535,4.3696,8.5980,0.7680,393216,830.47,9.43,1955198,-195.000,-122.000,-34.500,0.7854,1.1546
536,4.3784,8.2358,0.8639,393216,830.47,9.43,1955198,-195.000,-122.000,-34.500,0.7854,1.1546
537,4.3866,8.7782,0.8205,393216,830.47,9.43,1955198,-195.000,-122.000,-34.500,0.7854,1.1546
538,4.3953,8.2273,0.8146,393216,830.47,9.43,1955198,-195.000,-122.000,-34.500,0.7854,1.1546
539,4.4034,8.6452,0.7632,393216,830.47,9.43,1955198,-195.000,-122.000,-34.500,0.7854,1.1546
540,4.4111,8.1463,0.8305,393216,830.47,9.43,1955198,-195.000,-122.000,-34.500,0.7854,1.1546
541,4.4183,7.6437,0.9957,393216,830.47,9.43,1955198,-195.000,-122.000,-34.500,0.7854,1.1546
542,4.4256,7.1911,0.8232,393216,830.47,9.43,1955198,-195.000,-122.000,-34.500,0.7854,1.1546
543,4.4327,7.3061,0.8627,393216,830.47,9.43,1955198,-195.000,-122.000,-34.500,0.7854,1.1546
544,4.4404,7.1662,0.9216,393216,830.47,9.43,1955198,-195.000,-122.000,-34.500,0.7854,1.1546
545,4.4474,7.6884,0.8969,393216,830.47,9.43,1955198,-195.000,-122.000,-34.500,0.7854,1.1546
546,4.4548,7.0258,0.8635,393216,830.47,9.43,1955198,-195.000,-122.000,-34.500,0.7854,1.1546
547,4.4621,7.3273,0.8747,393216,830.47,9.43,1955198,-195.000,-122.000,-34.500,0.7854,1.1546
548,4.4691,7.2833,0.8139,393216,830.47,9.43,1955198,-195.000,-122.000,-34.500,0.7854,1.1546
549,4.4770,7.0053,1.0903,393216,830.47,9.43,1955198,-195.000,-122.000,-34.500,0.7854,1.1546
550,4.4843,7.9705,0.8016,393216,830.47,9.43,1955198,-195.000,-122.000,-34.500,0.7854,1.1546
551,4.4920,7.3155,0.7883,393216,830.47,9.43,1955198,-195.000,-122.000,-34.500,0.7854,1.1546
552,4.4994,7.6870,0.8157,393216,830.47,9.43,1955198,-195.000,-122.000,-34.500,0.7854,1.1546
553,4.5071,7.3369,0.8162,393216,830.47,9.43,1955198,-195.000,-122.000,-34.500,0.7854,1.1546
554,4.5144,7.7078,0.7508,393216,830.47,9.43,1955198,-195.000,-122.000,-34.500,0.7854,1.1546
555,4.5242,7.2982,0.9123,393216,830.47,9.43,1955198,-195.000,-122.000,-34.500,0.7854,1.1546
556,4.5342,9.8804,1.1158,393216,830.47,9.43,1955198,-195.000,-122.000,-34.500,0.7854,1.1546
557,4.5435,9.9617,1.1090,393216,830.47,9.43,1955198,-195.000,-122.000,-34.500,0.7854,1.1546
558,4.5532,9.3221,0.9830,393216,830.47,9.43,1955198,-195.000,-122.000,-34.500,0.7854,1.1546
559,4.5623,9.6509,0.9434,393216,830.47,9.43,1955198,-195.000,-122.000,-34.500,0.7854,1.1546
560,4.5720,9.0695,0.9530,393216,830.47,9.43,1955198,-195.000,-122.000,-34.500,0.7854,1.1546
561,4.5796,9.7600,1.0119,393216,830.47,9.43,1955198,-195.000,-122.000,-34.500,0.7854,1.1546
562,4.5866,7.5527,1.1431,393216,830.47,9.43,1955198,-195.000,-122.000,-34.500,0.7854,1.1546
563,4.5934,7.0144,0.9683,393216,830.47,9.43,1955198,-195.000,-122.000,-34.500,0.7854,1.1546
564,4.6009,6.7782,0.9847,393216,830.47,9.43,1955198,-195.000,-122.000,-34.500,0.7854,1.1546
565,4.6080,7.7504,0.9463,393216,830.47,9.43,1955198,-195.000,-122.000,-34.500,0.7854,1.1546
566,4.6156,6.9366,1.0317,393216,830.47,9.43,1955198,-195.000,-122.000,-34.500,0.7854,1.1546
567,4.6226,7.5668,0.9502,393216,830.47,9.43,1955198,-195.000,-122.000,-34.500,0.7854,1.1546
568,4.6301,6.9775,0.9377,393216,830.47,9.43,1955198,-195.000,-122.000,-34.500,0.7854,1.1546
569,4.6372,7.5565,0.8932,393216,830.47,9.43,1955198,-195.000,-122.000,-34.500,0.7854,1.1546
570,4.6449,7.0372,1.0916,393216,830.47,9.43,1955198,-195.000,-122.000,-34.500,0.7854,1.1546
571,4.6520,7.6953,1.2160,393216,830.47,9.43,1955198,-195.000,-122.000,-34.500,0.7854,1.1546
572,4.6591,7.1059,0.8936,393216,830.47,9.43,1955198,-195.000,-122.000,-34.500,0.7854,1.1546
573,4.6661,7.1234,0.9909,393216,830.47,9.43,1955198,-195.000,-122.000,-34.500,0.7854,1.1546
574,4.6733,7.0083,0.9888,393216,830.47,9.43,1955198,-195.000,-122.000,-34.500,0.7854,1.1546
575,4.6814,7.2199,1.2067,393216,830.47,9.43,1955198,-195.000,-122.000,-34.500,0.7854,1.1546
576,4.6881,8.0504,0.9642,393216,830.47,9.43,1955198,-195.000,-122.000,-34.500,0.7854,1.1546
577,4.6956,6.7381,0.9748,393216,830.47,9.43,1955198,-195.000,-122.000,-34.500,0.7854,1.1546
578,4.7025,7.4313,0.9917,393216,830.47,9.43,1955198,-195.000,-122.000,-34.500,0.7854,1.1546
579,4.7103,6.9500,1.0961,393216,830.47,9.43,1955198,-195.000,-122.000,-34.500,0.7854,1.1546
580,4.7172,7.8014,1.0596,393216,830.47,9.43,1955198,-195.000,-122.000,-34.500,0.7854,1.1546
581,4.7246,6.9300,0.9297,393216,830.47,9.43,1955198,-195.000,-122.000,-34.500,0.7854,1.1546
582,4.7318,7.3791,0.9925,393216,830.47,9.43,1955198,-195.000,-122.000,-34.500,0.7854,1.1546
583,4.7393,7.2286,0.9815,393216,830.47,9.43,1955198,-195.000,-122.000,-34.500,0.7854,1.1546
584,4.7464,7.4755,0.9607,393216,830.47,9.43,1955198,-195.000,-122.000,-34.500,0.7854,1.1546
585,4.7542,7.0743,1.1171,393216,830.47,9.43,1955198,-195.000,-122.000,-34.500,0.7854,1.1546
586,4.7611,7.8366,1.0037,393216,830.47,9.43,1955198,-195.000,-122.000,-34.500,0.7854,1.1546
587,4.7684,6.9190,1.1524,393216,830.47,9.43,1955198,-195.000,-122.000,-34.500,0.7854,1.1546
588,4.7758,7.2646,0.9791,393216,830.47,9.43,1955198,-195.000,-122.000,-34.500,0.7854,1.1546
589,4.7827,7.4206,0.9518,393216,830.47,9.43,1955198,-195.000,-122.000,-34.500,0.7854,1.1546
590,4.7904,6.9709,0.9677,393216,830.47,9.43,1955198,-195.000,-122.000,-34.500,0.7854,1.1546
591,4.7974,7.6597,0.9682,393216,830.47,9.43,1955198,-195.000,-122.000,-34.500,0.7854,1.1546
592,4.8049,6.9071,0.9609,393216,830.47,9.43,1955198,-195.000,-122.000,-34.500,0.7854,1.1546
593,4.8118,7.5205,0.9401,393216,830.47,9.43,1955198,-195.000,-122.000,-34.500,0.7854,1.1546
594,4.8194,6.9255,1.2207,393216,830.47,9.43,1955198,-195.000,-122.000,-34.500,0.7854,1.1546
595,4.8262,7.5868,1.0201,393216,830.47,9.43,1955198,-195.000,-122.000,-34.500,0.7854,1.1546
596,4.8337,6.8115,0.9671,393216,830.47,9.43,1955198,-195.000,-122.000,-34.500,0.7854,1.1546
597,4.8408,7.4701,0.9690,393216,830.47,9.43,1955198,-195.000,-122.000,-34.500,0.7854,1.1546
598,4.8485,7.0944,1.1799,393216,830.47,9.43,1955198,-195.000,-122.000,-34.500,0.7854,1.1546
599,4.8555,7.7378,1.0591,393216,830.47,9.43,1955198,-195.000,-122.000,-34.500,0.7854,1.1546
600,4.8624,6.9820,1.0034,393216,830.47,9.43,1955198,-195.000,-122.000,-34.500,0.7854,1.1546
601,4.8698,6.9315,0.9711,393216,830.47,9.43,1955198,-195.000,-122.000,-34.500,0.7854,1.1546
602,4.8769,7.3312,0.9822,393216,830.47,9.43,1955198,-195.000,-122.000,-34.500,0.7854,1.1546
603,4.8848,7.1023,1.0734,393216,830.47,9.43,1955198,-195.000,-122.000,-34.500,0.7854,1.1546
604,4.8917,7.9716,0.9450,393216,830.47,9.43,1955198,-195.000,-122.000,-34.500,0.7854,1.1546
605,4.8992,6.8124,1.0477,393216,830.47,9.43,1955198,-195.000,-122.000,-34.500,0.7854,1.1546
606,4.9062,7.5514,1.0591,393216,830.47,9.43,1955198,-195.000,-122.000,-34.500,0.7854,1.1546
607,4.9134,7.0390,0.9315,393216,830.47,9.43,1955198,-195.000,-122.000,-34.500,0.7854,1.1546
608,4.9204,7.1378,1.0163,393216,830.47,9.43,1955198,-195.000,-122.000,-34.500,0.7854,1.1546
609,4.9280,7.0608,1.0408,393216,830.47,9.43,1955198,-195.000,-122.000,-34.500,0.7854,1.1546
610,4.9347,7.5876,0.9479,393216,830.47,9.43,1955198,-195.000,-122.000,-34.500,0.7854,1.1546
611,4.9417,6.6810,0.9556,393216,830.47,9.43,1955198,-195.000,-122.000,-34.500,0.7854,1.1546
612,4.9491,7.0263,0.9558,393216,830.47,9.43,1955198,-195.000,-122.000,-34.500,0.7854,1.1546
613,4.9564,7.3768,1.0131,393216,830.47,9.43,1955198,-195.000,-122.000,-34.500,0.7854,1.1546
614,4.9635,7.2437,0.9279,393216,830.47,9.43,1955198,-195.000,-122.000,-34.500,0.7854,1.1546
615,4.9706,7.1541,0.9302,393216,830.47,9.43,1955198,-195.000,-122.000,-34.500,0.7854,1.1546
616,4.9783,7.0706,1.0186,393216,830.47,9.43,1955198,-195.000,-122.000,-34.500,0.7854,1.1546
617,4.9856,7.7059,1.1166,393216,830.47,9.43,1955198,-195.000,-122.000,-34.500,0.7854,1.1546
618,4.9930,7.2673,1.0242,393216,830.47,9.43,1955198,-195.000,-122.000,-34.500,0.7854,1.1546
619,4.9999,7.4689,0.9147,393216,830.47,9.43,1955198,-195.000,-122.000,-34.500,0.7854,1.1546
620,5.0076,6.8538,1.1432,393216,830.47,9.43,1955198,-195.000,-122.000,-34.500,0.7854,1.1546
621,5.0144,7.7512,0.9193,393216,830.47,9.43,1955198,-195.000,-122.000,-34.500,0.7854,1.1546
622,5.0220,6.7655,0.9932,393216,830.47,9.43,1955198,-195.000,-122.000,-34.500,0.7854,1.1546
623,5.0290,7.6069,0.9399,393216,830.47,9.43,1955198,-195.000,-122.000,-34.500,0.7854,1.1546
624,5.0362,7.0202,0.9955,393216,830.47,9.43,1955198,-195.000,-122.000,-34.500,0.7854,1.1546
625,5.0436,7.1790,1.0798,393216,830.47,9.43,1955198,-195.000,-122.000,-34.500,0.7854,1.1546
626,5.0503,7.5597,0.9852,393216,830.47,9.43,1955198,-195.000,-122.000,-34.500,0.7854,1.1546
627,5.0579,6.6244,1.0204,393216,830.47,9.43,1955198,-195.000,-122.000,-34.500,0.7854,1.1546
628,5.0647,7.5292,0.8783,393216,830.47,9.43,1955198,-195.000,-122.000,-34.500,0.7854,1.1546
629,5.0724,6.8303,0.9538,393216,830.47,9.43,1955198,-195.000,-122.000,-34.500,0.7854,1.1546
630,5.0791,7.6305,0.8132,393216,830.47,9.43,1955198,-195.000,-122.000,-34.500,0.7854,1.1546
631,5.0866,6.7674,0.9506,393216,830.47,9.43,1955198,-195.000,-122.000,-34.500,0.7854,1.1546
632,5.0937,7.4739,0.9099,393216,830.47,9.43,1955198,-195.000,-122.000,-34.500,0.7854,1.1546
633,5.1016,7.1044,1.1907,393216,830.47,9.43,1955198,-195.000,-122.000,-34.500,0.7854,1.1546
634,5.1082,7.8713,0.8967,393216,830.47,9.43,1955198,-195.000,-122.000,-34.500,0.7854,1.1546
635,5.1157,6.6553,1.1802,393216,830.47,9.43,1955198,-195.000,-122.000,-34.500,0.7854,1.1546
636,5.1229,7.4630,0.9696,393216,830.47,9.43,1955198,-195.000,-122.000,-34.500,0.7854,1.1546
637,5.1298,7.1989,0.9007,393216,830.47,9.43,1955198,-195.000,-122.000,-34.500,0.7854,1.1546
638,5.1373,6.9057,0.9487,393216,830.47,9.43,1955198,-195.000,-122.000,-34.500,0.7854,1.1546
639,5.1443,7.5083,0.9539,393216,830.47,9.43,1955198,-195.000,-122.000,-34.500,0.7854,1.1546
640,5.1521,6.9736,1.1554,393216,830.47,9.43,1955198,-195.000,-122.000,-34.500,0.7854,1.1546
641,5.1589,7.8087,0.9338,393216,830.47,9.43,1955198,-195.000,-122.000,-34.500,0.7854,1.1546
642,5.1661,6.7919,0.9537,393216,830.47,9.43,1955198,-195.000,-122.000,-34.500,0.7854,1.1546
643,5.1732,7.2263,0.9043,393216,830.47,9.43,1955198,-195.000,-122.000,-34.500,0.7854,1.1546
644,5.1808,7.0579,1.0554,393216,830.47,9.43,1955198,-195.000,-122.000,-34.500,0.7854,1.1546
645,5.1877,7.5977,0.9536,393216,830.47,9.43,1955198,-195.000,-122.000,-34.500,0.7854,1.1546
646,5.1952,6.9002,1.0275,393216,830.47,9.43,1955198,-195.000,-122.000,-34.500,0.7854,1.1546
647,5.2022,7.5044,0.9943,393216,830.47,9.43,1955198,-195.000,-122.000,-34.500,0.7854,1.1546
648,5.2092,7.0491,0.9006,393216,830.47,9.43,1955198,-195.000,-122.000,-34.500,0.7854,1.1546
649,5.2164,6.9490,0.9288,393216,830.47,9.43,1955198,-195.000,-122.000,-34.500,0.7854,1.1546
650,5.2235,7.2598,0.9548,393216,830.47,9.43,1955198,-195.000,-122.000,-34.500,0.7854,1.1546
651,5.2311,7.0662,0.9739,393216,830.47,9.43,1955198,-195.000,-122.000,-34.500,0.7854,1.1546
652,5.2379,7.5585,0.9059,393216,830.47,9.43,1955198,-195.000,-122.000,-34.500,0.7854,1.1546
653,5.2457,6.9176,0.9913,393216,830.47,9.43,1955198,-195.000,-122.000,-34.500,0.7854,1.1546
654,5.2527,7.7489,0.9427,393216,830.47,9.43,1955198,-195.000,-122.000,-34.500,0.7854,1.1546
655,5.2604,7.0153,1.1986,393216,830.47,9.43,1955198,-195.000,-122.000,-34.500,0.7854,1.1546
656,5.2671,7.6367,0.9028,393216,830.47,9.43,1955198,-195.000,-122.000,-34.500,0.7854,1.1546
657,5.2745,6.7003,0.9702,393216,830.47,9.43,1955198,-195.000,-122.000,-34.500,0.7854,1.1546
658,5.2812,7.4230,0.8042,393216,830.47,9.43,1955198,-195.000,-122.000,-34.500,0.7854,1.1546
659,5.2886,6.6851,0.8643,393216,830.47,9.43,1955198,-195.000,-122.000,-34.500,0.7854,1.1546
660,5.2963,7.3788,0.9524,393216,830.47,9.43,1955198,-195.000,-122.000,-34.500,0.7854,1.1546
661,5.3033,7.6789,0.9314,393216,830.47,9.43,1955198,-195.000,-122.000,-34.500,0.7854,1.1546
662,5.3107,7.1100,1.0111,393216,830.47,9.43,1955198,-195.000,-122.000,-34.500,0.7854,1.1546
663,5.3179,7.3354,1.0847,393216,830.47,9.43,1955198,-195.000,-122.000,-34.500,0.7854,1.1546
664,5.3251,7.2056,0.8955,393216,830.47,9.43,1955198,-195.000,-122.000,-34.500,0.7854,1.1546
665,5.3322,7.1799,0.9326,393216,830.47,9.43,1955198,-195.000,-122.000,-34.500,0.7854,1.1546
666,5.3397,7.1485,0.9491,393216,830.47,9.43,1955198,-195.000,-122.000,-34.500,0.7854,1.1546
667,5.3467,7.4955,0.9165,393216,830.47,9.43,1955198,-195.000,-122.000,-34.500,0.7854,1.1546
668,5.3542,7.0030,0.9711,393216,830.47,9.43,1955198,-195.000,-122.000,-34.500,0.7854,1.1546
669,5.3612,7.4407,0.9923,393216,830.47,9.43,1955198,-195.000,-122.000,-34.500,0.7854,1.1546
670,5.3684,7.0372,1.1393,393216,830.47,9.43,1955198,-195.000,-122.000,-34.500,0.7854,1.1546
671,5.3754,7.1602,0.9492,393216,830.47,9.43,1955198,-195.000,-122.000,-34.500,0.7854,1.1546
672,5.3824,7.0233,0.9371,393216,830.47,9.43,1955198,-195.000,-122.000,-34.500,0.7854,1.1546
673,5.3899,6.9819,1.0209,393216,830.47,9.43,1955198,-195.000,-122.000,-34.500,0.7854,1.1546
674,5.3964,7.4785,0.8338,393216,830.47,9.43,1955198,-195.000,-122.000,-34.500,0.7854,1.1546
675,5.4040,6.5604,0.9826,393216,830.47,9.43,1955198,-195.000,-122.000,-34.500,0.7854,1.1546
676,5.4110,7.5757,0.9453,393216,830.47,9.43,1955198,-195.000,-122.000,-34.500,0.7854,1.1546
677,5.4187,6.9603,1.2489,393216,830.47,9.43,1955198,-195.000,-122.000,-34.500,0.7854,1.1546
678,5.4256,7.7517,1.0125,393216,830.47,9.43,1955198,-195.000,-122.000,-34.500,0.7854,1.1546
679,5.4329,6.9227,0.9835,393216,830.47,9.43,1955198,-195.000,-122.000,-34.500,0.7854,1.1546
680,5.4399,7.3413,0.9214,393216,830.47,9.43,1955198,-195.000,-122.000,-34.500,0.7854,1.1546
681,5.4470,6.9396,1.0181,393216,830.47,9.43,1955198,-195.000,-122.000,-34.500,0.7854,1.1546
682,5.4542,7.1217,0.9375,393216,830.47,9.43,1955198,-195.000,-122.000,-34.500,0.7854,1.1546
683,5.4613,7.2006,0.9895,393216,830.47,9.43,1955198,-195.000,-122.000,-34.500,0.7854,1.1546
684,5.4689,7.1071,1.1529,393216,830.47,9.43,1955198,-195.000,-122.000,-34.500,0.7854,1.1546
685,5.4755,7.5543,0.7984,393216,830.47,9.43,1955198,-195.000,-122.000,-34.500,0.7854,1.1546
686,5.4830,6.5888,0.8905,393216,830.47,9.43,1955198,-195.000,-122.000,-34.500,0.7854,1.1546
687,5.4900,7.5114,0.9234,393216,830.47,9.43,1955198,-195.000,-122.000,-34.500,0.7854,1.1546
688,5.4979,7.0304,1.0028,393216,830.47,9.43,1955198,-195.000,-122.000,-34.500,0.7854,1.1546
689,5.5049,7.8725,0.9103,393216,830.47,9.43,1955198,-195.000,-122.000,-34.500,0.7854,1.1546
690,5.5124,7.0496,1.0519,393216,830.47,9.43,1955198,-195.000,-122.000,-34.500,0.7854,1.1546
691,5.5192,7.4647,0.9847,393216,830.47,9.43,1955198,-195.000,-122.000,-34.500,0.7854,1.1546
692,5.5268,6.8022,1.0185,393216,830.47,9.43,1955198,-195.000,-122.000,-34.500,0.7854,1.1546
693,5.5337,7.6088,0.9267,393216,830.47,9.43,1955198,-195.000,-122.000,-34.500,0.7854,1.1546
694,5.5408,6.9175,0.9683,393216,830.47,9.43,1955198,-195.000,-122.000,-34.500,0.7854,1.1546
695,5.5482,7.0512,0.9472,393216,830.47,9.43,1955198,-195.000,-122.000,-34.500,0.7854,1.1546
696,5.5555,7.4062,0.9240,393216,830.47,9.43,1955198,-195.000,-122.000,-34.500,0.7854,1.1546
697,5.5629,7.2721,0.9444,393216,830.47,9.43,1955198,-195.000,-122.000,-34.500,0.7854,1.1546
698,5.5698,7.4631,0.8922,393216,830.47,9.43,1955198,-195.000,-122.000,-34.500,0.7854,1.1546
699,5.5775,6.8737,0.9991,393216,830.47,9.43,1955198,-195.000,-122.000,-34.500,0.7854,1.1546
700,5.5844,7.7355,0.8956,393216,830.47,9.43,1955198,-195.000,-122.000,-34.500,0.7854,1.1546
701,5.5919,6.8279,1.0144,393216,830.47,9.43,1955198,-195.000,-122.000,-34.500,0.7854,1.1546
702,5.5989,7.4894,0.9336,393216,830.47,9.43,1955198,-195.000,-122.000,-34.500,0.7854,1.1546
703,5.6066,7.1064,0.9792,393216,830.47,9.43,1955198,-195.000,-122.000,-34.500,0.7854,1.1546
704,5.6136,7.6932,0.9002,393216,830.47,9.43,1955198,-195.000,-122.000,-34.500,0.7854,1.1546
705,5.6207,6.9897,0.9537,393216,830.47,9.43,1955198,-195.000,-122.000,-34.500,0.7854,1.1546
706,5.6279,7.0808,0.9364,393216,830.47,9.43,1955198,-195.000,-122.000,-34.500,0.7854,1.1546
707,5.6349,7.1336,0.9851,393216,830.47,9.43,1955198,-195.000,-122.000,-34.500,0.7854,1.1546
708,5.6427,7.0869,1.1375,393216,830.47,9.43,1955198,-195.000,-122.000,-34.500,0.7854,1.1546
709,5.6495,7.7458,0.9807,393216,830.47,9.43,1955198,-195.000,-122.000,-34.500,0.7854,1.1546
710,5.6569,6.7993,0.9794,393216,830.47,9.43,1955198,-195.000,-122.000,-34.500,0.7854,1.1546
711,5.6641,7.4497,0.9522,393216,830.47,9.43,1955198,-195.000,-122.000,-34.500,0.7854,1.1546
712,5.6715,7.1830,0.9131,393216,830.47,9.43,1955198,-195.000,-122.000,-34.500,0.7854,1.1546
713,5.6785,7.3464,0.9133,393216,830.47,9.43,1955198,-195.000,-122.000,-34.500,0.7854,1.1546
714,5.6859,7.0343,0.9778,393216,830.47,9.43,1955198,-195.000,-122.000,-34.500,0.7854,1.1546
715,5.6930,7.4120,0.9702,393216,830.47,9.43,1955198,-195.000,-122.000,-34.500,0.7854,1.1546
716,5.7000,7.1332,0.9345,393216,830.47,9.43,1955198,-195.000,-122.000,-34.500,0.7854,1.1546
717,5.7073,6.9156,0.9545,393216,830.47,9.43,1955198,-195.000,-122.000,-34.500,0.7854,1.1546
718,5.7143,7.3388,0.9309,393216,830.47,9.43,1955198,-195.000,-122.000,-34.500,0.7854,1.1546
719,5.7217,7.0472,0.9384,393216,830.47,9.43,1955198,-195.000,-122.000,-34.500,0.7854,1.1546
720,5.7287,7.3675,0.8653,393216,830.47,9.43,1955198,-195.000,-122.000,-34.500,0.7854,1.1546
721,5.7361,6.9337,0.9505,393216,830.47,9.43,1955198,-195.000,-122.000,-34.500,0.7854,1.1546
722,5.7432,7.4909,1.1042,393216,830.47,9.43,1955198,-195.000,-122.000,-34.500,0.7854,1.1546
723,5.7505,7.0317,0.9631,393216,830.47,9.43,1955198,-195.000,-122.000,-34.500,0.7854,1.1546
724,5.7575,7.3742,0.9056,393216,830.47,9.43,1955198,-195.000,-122.000,-34.500,0.7854,1.1546
725,5.7652,6.9674,0.9953,393216,830.47,9.43,1955198,-195.000,-122.000,-34.500,0.7854,1.1546
726,5.7722,7.6833,0.9029,393216,830.47,9.43,1955198,-195.000,-122.000,-34.500,0.7854,1.1546
727,5.7792,6.9662,0.8703,393216,830.47,9.43,1955198,-195.000,-122.000,-34.500,0.7854,1.1546
728,5.7865,7.0449,0.8264,393216,830.47,9.43,1955198,-195.000,-122.000,-34.500,0.7854,1.1546
729,5.7936,7.3230,0.9662,393216,830.47,9.43,1955198,-195.000,-122.000,-34.500,0.7854,1.1546
730,5.8015,7.0866,1.2280,393216,830.47,9.43,1955198,-195.000,-122.000,-34.500,0.7854,1.1546
731,5.8084,7.8860,0.9168,393216,830.47,9.43,1955198,-195.000,-122.000,-34.500,0.7854,1.1546
732,5.8159,6.8729,0.9431,393216,830.47,9.43,1955198,-195.000,-122.000,-34.500,0.7854,1.1546
733,5.8228,7.5355,0.9452,393216,830.47,9.43,1955198,-195.000,-122.000,-34.500,0.7854,1.1546
734,5.8303,6.9324,0.9089,393216,830.47,9.43,1955198,-195.000,-122.000,-34.500,0.7854,1.1546
735,5.8373,7.4305,0.9064,393216,830.47,9.43,1955198,-195.000,-122.000,-34.500,0.7854,1.1546
736,5.8446,7.0623,0.9046,393216,830.47,9.43,1955198,-195.000,-122.000,-34.500,0.7854,1.1546
737,5.8517,7.2218,0.9532,393216,830.47,9.43,1955198,-195.000,-122.000,-34.500,0.7854,1.1546
738,5.8594,7.1337,1.2649,393216,830.47,9.43,1955198,-195.000,-122.000,-34.500,0.7854,1.1546
739,5.8660,7.6825,0.9145,393216,830.47,9.43,1955198,-195.000,-122.000,-34.500,0.7854,1.1546
740,5.8731,6.6293,0.9404,393216,830.47,9.43,1955198,-195.000,-122.000,-34.500,0.7854,1.1546
741,5.8806,7.0977,0.9812,393216,830.47,9.43,1955198,-195.000,-122.000,-34.500,0.7854,1.1546
742,5.8877,7.5123,0.9538,393216,830.47,9.43,1955198,-195.000,-122.000,-34.500,0.7854,1.1546
743,5.8953,7.0999,0.9397,393216,830.47,9.43,1955198,-195.000,-122.000,-34.500,0.7854,1.1546
744,5.9023,7.5973,0.9670,393216,830.47,9.43,1955198,-195.000,-122.000,-34.500,0.7854,1.1546
745,5.9101,7.0353,1.0798,393216,830.47,9.43,1955198,-195.000,-122.000,-34.500,0.7854,1.1546
746,5.9171,7.7284,1.0283,393216,830.47,9.43,1955198,-195.000,-122.000,-34.500,0.7854,1.1546
747,5.9245,6.9806,0.9800,393216,830.47,9.43,1955198,-195.000,-122.000,-34.500,0.7854,1.1546
748,5.9316,7.4773,0.9470,393216,830.47,9.43,1955198,-195.000,-122.000,-34.500,0.7854,1.1546
749,5.9391,7.0206,1.0223,393216,830.47,9.43,1955198,-195.000,-122.000,-34.500,0.7854,1.1546
750,5.9460,7.5585,0.8990,393216,830.47,9.43,1955198,-195.000,-122.000,-34.500,0.7854,1.1546
751,5.9531,6.8789,0.9786,393216,830.47,9.43,1955198,-195.000,-122.000,-34.500,0.7854,1.1546
752,5.9605,7.1134,0.9842,393216,830.47,9.43,1955198,-195.000,-122.000,-34.500,0.7854,1.1546
753,5.9676,7.4499,0.9863,393216,830.47,9.43,1955198,-195.000,-122.000,-34.500,0.7854,1.1546
754,5.9746,7.0495,0.9413,393216,830.47,9.43,1955198,-195.000,-122.000,-34.500,0.7854,1.1546
755,5.9817,7.0406,0.9597,393216,830.47,9.43,1955198,-195.000,-122.000,-34.500,0.7854,1.1546
756,5.9893,7.1009,0.9668,393216,830.47,9.43,1955198,-195.000,-122.000,-34.500,0.7854,1.1546
757,5.9963,7.6005,0.9437,393216,830.47,9.43,1955198,-195.000,-122.000,-34.500,0.7854,1.1546
758,6.0036,6.9732,0.8714,393216,830.47,9.43,1955198,-195.000,-122.000,-34.500,0.7854,1.1546
759,6.0106,7.2478,0.9259,393216,830.47,9.43,1955198,-195.000,-122.000,-34.500,0.7854,1.1546
760,6.0184,7.0286,1.0461,393216,830.47,9.43,1955198,-195.000,-122.000,-34.500,0.7854,1.1546
761,6.0252,7.7920,0.9152,393216,830.47,9.43,1955198,-195.000,-122.000,-34.500,0.7854,1.1546
762,6.0326,6.8602,1.0183,393216,830.47,9.43,1955198,-195.000,-122.000,-34.500,0.7854,1.1546
763,6.0399,7.3103,0.9710,393216,830.47,9.43,1955198,-195.000,-122.000,-34.500,0.7854,1.1546
764,6.0471,7.3817,0.9631,393216,830.47,9.43,1955198,-195.000,-122.000,-34.500,0.7854,1.1546
765,6.0544,7.1762,0.9658,393216,830.47,9.43,1955198,-195.000,-122.000,-34.500,0.7854,1.1546
766,6.0615,7.3314,0.9773,393216,830.47,9.43,1955198,-195.000,-122.000,-34.500,0.7854,1.1546
767,6.0691,7.0507,0.9918,393216,830.47,9.43,1955198,-195.000,-122.000,-34.500,0.7854,1.1546
768,6.0761,7.5946,1.0608,393216,830.47,9.43,1955198,-195.000,-122.000,-34.500,0.7854,1.1546
769,6.0835,7.0541,0.9848,393216,830.47,9.43,1955198,-195.000,-122.000,-34.500,0.7854,1.1546
770,6.0903,7.3482,0.9703,393216,830.47,9.43,1955198,-195.000,-122.000,-34.500,0.7854,1.1546
771,6.0978,6.7713,1.1490,393216,830.47,9.43,1955198,-195.000,-122.000,-34.500,0.7854,1.1546
772,6.1045,7.5190,0.9387,393216,830.47,9.43,1955198,-195.000,-122.000,-34.500,0.7854,1.1546
773,6.1116,6.7627,0.9989,393216,830.47,9.43,1955198,-195.000,-122.000,-34.500,0.7854,1.1546
774,6.1190,7.0531,1.0200,393216,830.47,9.43,1955198,-195.000,-122.000,-34.500,0.7854,1.1546
775,6.1259,7.3756,0.9659,393216,830.47,9.43,1955198,-195.000,-122.000,-34.500,0.7854,1.1546
776,6.1333,6.9377,0.9965,393216,830.47,9.43,1955198,-195.000,-122.000,-34.500,0.7854,1.1546
777,6.1402,7.4089,0.9997,393216,830.47,9.43,1955198,-195.000,-122.000,-34.500,0.7854,1.1546
778,6.1476,6.9510,0.9631,393216,830.47,9.43,1955198,-195.000,-122.000,-34.500,0.7854,1.1546
779,6.1546,7.3595,0.9500,393216,830.47,9.43,1955198,-195.000,-122.000,-34.500,0.7854,1.1546
780,6.1620,6.9808,1.0098,393216,830.47,9.43,1955198,-195.000,-122.000,-34.500,0.7854,1.1546
781,6.1690,7.3469,1.0215,393216,830.47,9.43,1955198,-195.000,-122.000,-34.500,0.7854,1.1546
782,6.1767,7.0823,1.1966,393216,830.47,9.43,1955198,-195.000,-122.000,-34.500,0.7854,1.1546
783,6.1835,7.6255,1.1019,393216,830.47,9.43,1955198,-195.000,-122.000,-34.500,0.7854,1.1546
784,6.1904,6.8444,1.0239,393216,830.47,9.43,1955198,-195.000,-122.000,-34.500,0.7854,1.1546
785,6.1978,6.8823,1.0904,393216,830.47,9.43,1955198,-195.000,-122.000,-34.500,0.7854,1.1546
786,6.2044,7.3603,1.0331,393216,830.47,9.43,1955198,-195.000,-122.000,-34.500,0.7854,1.1546
787,6.2121,6.6118,1.0061,393216,830.47,9.43,1955198,-195.000,-122.000,-34.500,0.7854,1.1546
788,6.2190,7.7066,1.0391,393216,830.47,9.43,1955198,-195.000,-122.000,-34.500,0.7854,1.1546
789,6.2267,6.9112,1.1849,393216,830.47,9.43,1955198,-195.000,-122.000,-34.500,0.7854,1.1546
790,6.2337,7.7694,0.9455,393216,830.47,9.43,1955198,-195.000,-122.000,-34.500,0.7854,1.1546
791,6.2412,6.9064,0.9641,393216,830.47,9.43,1955198,-195.000,-122.000,-34.500,0.7854,1.1546
792,6.2483,7.5348,0.9919,393216,830.47,9.43,1955198,-195.000,-122.000,-34.500,0.7854,1.1546
793,6.2557,7.0651,1.0596,393216,830.47,9.43,1955198,-195.000,-122.000,-34.500,0.7854,1.1546
794,6.2626,7.4395,0.9691,393216,830.47,9.43,1955198,-195.000,-122.000,-34.500,0.7854,1.1546
795,6.2697,6.9274,1.0751,393216,830.47,9.43,1955198,-195.000,-122.000,-34.500,0.7854,1.1546
796,6.2771,7.1201,1.0916,393216,830.47,9.43,1955198,-195.000,-122.000,-34.500,0.7854,1.1546
797,6.2840,7.3642,0.9990,393216,830.47,9.43,1955198,-195.000,-122.000,-34.500,0.7854,1.1546
798,6.2914,6.8631,1.0121,393216,830.47,9.43,1955198,-195.000,-122.000,-34.500,0.7854,1.1546
799,6.2983,7.3941,0.9914,393216,830.47,9.43,1955198,-195.000,-122.000,-34.500,0.7854,1.1546
800,6.3055,6.9142,1.0011,393216,830.47,9.43,1955198,-195.000,-122.000,-34.500,0.7854,1.1546
801,6.3125,7.2599,1.0271,393216,830.47,9.43,1955198,-195.000,-122.000,-34.500,0.7854,1.1546
802,6.3200,6.9316,1.1015,393216,830.47,9.43,1955198,-195.000,-122.000,-34.500,0.7854,1.1546
803,6.3267,7.5306,1.0732,393216,830.47,9.43,1955198,-195.000,-122.000,-34.500,0.7854,1.1546
804,6.3342,6.7161,1.0713,393216,830.47,9.43,1955198,-195.000,-122.000,-34.500,0.7854,1.1546
805,6.3411,7.4663,1.0401,393216,830.47,9.43,1955198,-195.000,-122.000,-34.500,0.7854,1.1546
806,6.3481,6.8880,0.9787,393216,830.47,9.43,1955198,-195.000,-122.000,-34.500,0.7854,1.1546
807,6.3556,7.0386,1.0741,393216,830.47,9.43,1955198,-195.000,-122.000,-34.500,0.7854,1.1546
808,6.3624,7.4628,0.9756,393216,830.47,9.43,1955198,-195.000,-122.000,-34.500,0.7854,1.1546
809,6.3698,6.8226,0.9782,393216,830.47,9.43,1955198,-195.000,-122.000,-34.500,0.7854,1.1546
810,6.3767,7.3800,0.9630,393216,830.47,9.43,1955198,-195.000,-122.000,-34.500,0.7854,1.1546
811,6.3846,6.8916,1.3370,393216,830.47,9.43,1955198,-195.000,-122.000,-34.500,0.7854,1.1546
812,6.3911,7.8878,0.9970,393216,830.47,9.43,1955198,-195.000,-122.000,-34.500,0.7854,1.1546
813,6.3986,6.5649,1.0689,393216,830.47,9.43,1955198,-195.000,-122.000,-34.500,0.7854,1.1546
814,6.4055,7.4596,1.0504,393216,830.47,9.43,1955198,-195.000,-122.000,-34.500,0.7854,1.1546
815,6.4131,6.9702,1.1526,393216,830.47,9.43,1955198,-195.000,-122.000,-34.500,0.7854,1.1546
816,6.4203,7.5107,1.1497,393216,830.47,9.43,1955198,-195.000,-122.000,-34.500,0.7854,1.1546
817,6.4274,7.2334,1.1729,393216,830.47,9.43,1955198,-195.000,-122.000,-34.500,0.7854,1.1546
818,6.4344,7.1323,1.0915,393216,830.47,9.43,1955198,-195.000,-122.000,-34.500,0.7854,1.1546
819,6.4414,6.9964,1.0551,393216,830.47,9.43,1955198,-195.000,-122.000,-34.500,0.7854,1.1546
820,6.4489,6.9434,1.0469,393216,830.47,9.43,1955198,-195.000,-122.000,-34.500,0.7854,1.1546
821,6.4558,7.5292,1.0396,393216,830.47,9.43,1955198,-195.000,-122.000,-34.500,0.7854,1.1546
822,6.4632,6.9487,1.0409,393216,830.47,9.43,1955198,-195.000,-122.000,-34.500,0.7854,1.1546
823,6.4701,7.3454,1.0656,393216,830.47,9.43,1955198,-195.000,-122.000,-34.500,0.7854,1.1546
824,6.4778,6.9316,1.0341,393216,830.47,9.43,1955198,-195.000,-122.000,-34.500,0.7854,1.1546
825,6.4849,7.6655,1.2755,393216,830.47,9.43,1955198,-195.000,-122.000,-34.500,0.7854,1.1546
826,6.4923,7.1590,1.1673,393216,830.47,9.43,1955198,-195.000,-122.000,-34.500,0.7854,1.1546
827,6.4991,7.3448,1.0331,393216,830.47,9.43,1955198,-195.000,-122.000,-34.500,0.7854,1.1546
828,6.5061,6.8150,1.0790,393216,830.47,9.43,1955198,-195.000,-122.000,-34.500,0.7854,1.1546
829,6.5133,6.9907,1.0200,393216,830.47,9.43,1955198,-195.000,-122.000,-34.500,0.7854,1.1546
830,6.5205,7.1962,1.0523,393216,830.47,9.43,1955198,-195.000,-122.000,-34.500,0.7854,1.1546
831,6.5282,7.2147,1.0481,393216,830.47,9.43,1955198,-195.000,-122.000,-34.500,0.7854,1.1546
832,6.5352,7.6855,1.1448,393216,830.47,9.43,1955198,-195.000,-122.000,-34.500,0.7854,1.1546
833,6.5432,7.0498,1.5509,393216,830.47,9.43,1955198,-195.000,-122.000,-34.500,0.7854,1.1546
834,6.5494,8.0047,0.9763,393216,830.47,9.43,1955198,-195.000,-122.000,-34.500,0.7854,1.1546
835,6.5568,6.1375,1.0160,393216,830.47,9.43,1955198,-195.000,-122.000,-34.500,0.7854,1.1546
836,6.5640,7.4477,1.0881,393216,830.47,9.43,1955198,-195.000,-122.000,-34.500,0.7854,1.1546
837,6.5715,7.1543,1.1902,393216,830.47,9.43,1955198,-195.000,-122.000,-34.500,0.7854,1.1546
838,6.5784,7.5567,1.0405,393216,830.47,9.43,1955198,-195.000,-122.000,-34.500,0.7854,1.1546
839,6.5854,6.8142,1.0127,393216,830.47,9.43,1955198,-195.000,-122.000,-34.500,0.7854,1.1546
840,6.5929,7.0737,1.1544,393216,830.47,9.43,1955198,-195.000,-122.000,-34.500,0.7854,1.1546
841,6.6000,7.4286,1.0107,393216,830.47,9.43,1955198,-195.000,-122.000,-34.500,0.7854,1.1546
842,6.6074,7.1570,0.9764,393216,830.47,9.43,1955198,-195.000,-122.000,-34.500,0.7854,1.1546
843,6.6145,7.3545,1.0149,393216,830.47,9.43,1955198,-195.000,-122.000,-34.500,0.7854,1.1546
844,6.6220,7.0759,0.9852,393216,830.47,9.43,1955198,-195.000,-122.000,-34.500,0.7854,1.1546
845,6.6291,7.5246,1.0159,393216,830.47,9.43,1955198,-195.000,-122.000,-34.500,0.7854,1.1546
846,6.6366,7.1151,1.0181,393216,830.47,9.43,1955198,-195.000,-122.000,-34.500,0.7854,1.1546
847,6.6435,7.4809,1.0080,393216,830.47,9.43,1955198,-195.000,-122.000,-34.500,0.7854,1.1546
848,6.6512,6.9418,1.0635,393216,830.47,9.43,1955198,-195.000,-122.000,-34.500,0.7854,1.1546
849,6.6581,7.6675,1.0285,393216,830.47,9.43,1955198,-195.000,-122.000,-34.500,0.7854,1.1546
850,6.6649,6.8836,1.0612,393216,830.47,9.43,1955198,-195.000,-122.000,-34.500,0.7854,1.1546
851,6.6723,6.8643,1.0365,393216,830.47,9.43,1955198,-195.000,-122.000,-34.500,0.7854,1.1546
852,6.6791,7.3993,0.9936,393216,830.47,9.43,1955198,-195.000,-122.000,-34.500,0.7854,1.1546
853,6.6866,6.8621,0.9656,393216,830.47,9.43,1955198,-195.000,-122.000,-34.500,0.7854,1.1546
854,6.6937,7.3809,1.0239,393216,830.47,9.43,1955198,-195.000,-122.000,-34.500,0.7854,1.1546
855,6.7013,7.1306,1.1535,393216,830.47,9.43,1955198,-195.000,-122.000,-34.500,0.7854,1.1546
856,6.7080,7.5686,0.9787,393216,830.47,9.43,1955198,-195.000,-122.000,-34.500,0.7854,1.1546
857,6.7156,6.7612,1.0208,393216,830.47,9.43,1955198,-195.000,-122.000,-34.500,0.7854,1.1546
858,6.7227,7.6100,0.9925,393216,830.47,9.43,1955198,-195.000,-122.000,-34.500,0.7854,1.1546
859,6.7306,7.1060,1.0940,393216,830.47,9.43,1955198,-195.000,-122.000,-34.500,0.7854,1.1546
860,6.7374,7.8330,1.0188,393216,830.47,9.43,1955198,-195.000,-122.000,-34.500,0.7854,1.1546
861,6.7446,6.8631,1.0462,393216,830.47,9.43,1955198,-195.000,-122.000,-34.500,0.7854,1.1546
862,6.7520,7.1297,1.0815,393216,830.47,9.43,1955198,-195.000,-122.000,-34.500,0.7854,1.1546
863,6.7591,7.4532,1.0570,393216,830.47,9.43,1955198,-195.000,-122.000,-34.500,0.7854,1.1546
864,6.7665,7.1115,1.0497,393216,830.47,9.43,1955198,-195.000,-122.000,-34.500,0.7854,1.1546
865,6.7737,7.4255,1.0750,393216,830.47,9.43,1955198,-195.000,-122.000,-34.500,0.7854,1.1546
866,6.7810,7.1314,0.9889,393216,830.47,9.43,1955198,-195.000,-122.000,-34.500,0.7854,1.1546
867,6.7878,7.3334,0.9859,393216,830.47,9.43,1955198,-195.000,-122.000,-34.500,0.7854,1.1546
868,6.7954,6.8106,1.0152,393216,830.47,9.43,1955198,-195.000,-122.000,-34.500,0.7854,1.1546
869,6.8025,7.6039,0.9820,393216,830.47,9.43,1955198,-195.000,-122.000,-34.500,0.7854,1.1546
870,6.8102,7.0278,1.2011,393216,830.47,9.43,1955198,-195.000,-122.000,-34.500,0.7854,1.1546
871,6.8174,7.7503,1.1440,393216,830.47,9.43,1955198,-195.000,-122.000,-34.500,0.7854,1.1546
872,6.8245,7.1840,0.9874,393216,830.47,9.43,1955198,-195.000,-122.000,-34.500,0.7854,1.1546
873,6.8317,7.0904,1.0151,393216,830.47,9.43,1955198,-195.000,-122.000,-34.500,0.7854,1.1546
874,6.8387,7.1922,0.9732,393216,830.47,9.43,1955198,-195.000,-122.000,-34.500,0.7854,1.1546
875,6.8461,7.0171,0.9846,393216,830.47,9.43,1955198,-195.000,-122.000,-34.500,0.7854,1.1546
876,6.8530,7.3696,0.9889,393216,830.47,9.43,1955198,-195.000,-122.000,-34.500,0.7854,1.1546
877,6.8605,6.9864,1.0158,393216,830.47,9.43,1955198,-195.000,-122.000,-34.500,0.7854,1.1546
878,6.8674,7.4188,0.9414,393216,830.47,9.43,1955198,-195.000,-122.000,-34.500,0.7854,1.1546
879,6.8750,6.9554,1.0189,393216,830.47,9.43,1955198,-195.000,-122.000,-34.500,0.7854,1.1546
880,6.8818,7.5988,0.9698,393216,830.47,9.43,1955198,-195.000,-122.000,-34.500,0.7854,1.1546
881,6.8894,6.8116,1.0101,393216,830.47,9.43,1955198,-195.000,-122.000,-34.500,0.7854,1.1546
882,6.8962,7.5301,1.0005,393216,830.47,9.43,1955198,-195.000,-122.000,-34.500,0.7854,1.1546
883,6.9036,6.8031,1.0621,393216,830.47,9.43,1955198,-195.000,-122.000,-34.500,0.7854,1.1546
884,6.9106,7.4307,1.0285,393216,830.47,9.43,1955198,-195.000,-122.000,-34.500,0.7854,1.1546
885,6.9175,6.9572,1.0258,393216,830.47,9.43,1955198,-195.000,-122.000,-34.500,0.7854,1.1546
886,6.9248,6.9225,1.0204,393216,830.47,9.43,1955198,-195.000,-122.000,-34.500,0.7854,1.1546
887,6.9317,7.3361,1.0014,393216,830.47,9.43,1955198,-195.000,-122.000,-34.500,0.7854,1.1546
888,6.9392,6.9053,1.0311,393216,830.47,9.43,1955198,-195.000,-122.000,-34.500,0.7854,1.1546
889,6.9461,7.5170,1.0007,393216,830.47,9.43,1955198,-195.000,-122.000,-34.500,0.7854,1.1546
890,6.9537,6.8734,0.9904,393216,830.47,9.43,1955198,-195.000,-122.000,-34.500,0.7854,1.1546
891,6.9608,7.5708,0.9856,393216,830.47,9.43,1955198,-195.000,-122.000,-34.500,0.7854,1.1546
892,6.9683,7.1024,1.0492,393216,830.47,9.43,1955198,-195.000,-122.000,-34.500,0.7854,1.1546
893,6.9752,7.5557,0.9668,393216,830.47,9.43,1955198,-195.000,-122.000,-34.500,0.7854,1.1546
894,6.9828,6.8832,1.1145,393216,830.47,9.43,1955198,-195.000,-122.000,-34.500,0.7854,1.1546
895,6.9897,7.6093,1.0032,393216,830.47,9.43,1955198,-195.000,-122.000,-34.500,0.7854,1.1546
896,6.9967,6.9003,0.9787,393216,830.47,9.43,1955198,-195.000,-122.000,-34.500,0.7854,1.1546
897,7.0040,6.9679,1.0045,393216,830.47,9.43,1955198,-195.000,-122.000,-34.500,0.7854,1.1546
898,7.0108,7.3008,1.0404,393216,830.47,9.43,1955198,-195.000,-122.000,-34.500,0.7854,1.1546
899,7.0185,6.8357,1.2665,393216,830.47,9.43,1955198,-195.000,-122.000,-34.500,0.7854,1.1546
900,7.0253,7.6249,1.0928,393216,830.47,9.43,1955198,-195.000,-122.000,-34.500,0.7854,1.1546
901,7.0325,6.8300,0.9928,393216,830.47,9.43,1955198,-195.000,-122.000,-34.500,0.7854,1.1546
902,7.0395,7.2248,0.9700,393216,830.47,9.43,1955198,-195.000,-122.000,-34.500,0.7854,1.1546
903,7.0473,6.9559,1.1766,393216,830.47,9.43,1955198,-195.000,-122.000,-34.500,0.7854,1.1546
904,7.0540,7.8741,1.0066,393216,830.47,9.43,1955198,-195.000,-122.000,-34.500,0.7854,1.1546
905,7.0609,6.6199,1.0036,393216,830.47,9.43,1955198,-195.000,-122.000,-34.500,0.7854,1.1546
906,7.0686,6.9717,1.2203,393216,830.47,9.43,1955198,-195.000,-122.000,-34.500,0.7854,1.1546
907,7.0753,7.6331,1.0247,393216,830.47,9.43,1955198,-195.000,-122.000,-34.500,0.7854,1.1546
908,7.0827,6.7293,1.0752,393216,830.47,9.43,1955198,-195.000,-122.000,-34.500,0.7854,1.1546
909,7.0898,7.3936,0.9921,393216,830.47,9.43,1955198,-195.000,-122.000,-34.500,0.7854,1.1546
910,7.0973,7.0621,1.0455,393216,830.47,9.43,1955198,-195.000,-122.000,-34.500,0.7854,1.1546
911,7.1042,7.5500,0.9887,393216,830.47,9.43,1955198,-195.000,-122.000,-34.500,0.7854,1.1546
912,7.1115,6.8749,0.9943,393216,830.47,9.43,1955198,-195.000,-122.000,-34.500,0.7854,1.1546
913,7.1187,7.3315,1.1262,393216,830.47,9.43,1955198,-195.000,-122.000,-34.500,0.7854,1.1546
914,7.1261,7.1398,1.1582,393216,830.47,9.43,1955198,-195.000,-122.000,-34.500,0.7854,1.1546
915,7.1332,7.4242,1.0673,393216,830.47,9.43,1955198,-195.000,-122.000,-34.500,0.7854,1.1546
916,7.1402,7.1415,1.0550,393216,830.47,9.43,1955198,-195.000,-122.000,-34.500,0.7854,1.1546
917,7.1478,6.9889,1.0004,393216,830.47,9.43,1955198,-195.000,-122.000,-34.500,0.7854,1.1546
918,7.1549,7.5720,1.0301,393216,830.47,9.43,1955198,-195.000,-122.000,-34.500,0.7854,1.1546
919,7.1624,7.1141,0.9957,393216,830.47,9.43,1955198,-195.000,-122.000,-34.500,0.7854,1.1546
920,7.1693,7.4700,1.0009,393216,830.47,9.43,1955198,-195.000,-122.000,-34.500,0.7854,1.1546
921,7.1771,6.9606,1.1739,393216,830.47,9.43,1955198,-195.000,-122.000,-34.500,0.7854,1.1546
922,7.1839,7.7234,1.0371,393216,830.47,9.43,1955198,-195.000,-122.000,-34.500,0.7854,1.1546
923,7.1915,6.8854,1.0442,393216,830.47,9.43,1955198,-195.000,-122.000,-34.500,0.7854,1.1546
924,7.1985,7.6115,1.0548,393216,830.47,9.43,1955198,-195.000,-122.000,-34.500,0.7854,1.1546
925,7.2059,6.9471,1.0753,393216,830.47,9.43,1955198,-195.000,-122.000,-34.500,0.7854,1.1546
926,7.2130,7.4199,1.0443,393216,830.47,9.43,1955198,-195.000,-122.000,-34.500,0.7854,1.1546
927,7.2205,7.0931,1.2270,393216,830.47,9.43,1955198,-195.000,-122.000,-34.500,0.7854,1.1546
928,7.2274,7.5396,1.0605,393216,830.47,9.43,1955198,-195.000,-122.000,-34.500,0.7854,1.1546
929,7.2343,6.8428,1.0395,393216,830.47,9.43,1955198,-195.000,-122.000,-34.500,0.7854,1.1546
930,7.2415,6.9456,1.0808,393216,830.47,9.43,1955198,-195.000,-122.000,-34.500,0.7854,1.1546
931,7.2484,7.1742,1.0513,393216,830.47,9.43,1955198,-195.000,-122.000,-34.500,0.7854,1.1546
932,7.2557,6.9347,1.0295,393216,830.47,9.43,1955198,-195.000,-122.000,-34.500,0.7854,1.1546
933,7.2627,7.2396,1.0907,393216,830.47,9.43,1955198,-195.000,-122.000,-34.500,0.7854,1.1546
934,7.2702,7.0349,1.0343,393216,830.47,9.43,1955198,-195.000,-122.000,-34.500,0.7854,1.1546
935,7.2773,7.5183,1.1135,393216,830.47,9.43,1955198,-195.000,-122.000,-34.500,0.7854,1.1546
936,7.2848,7.0554,1.2171,393216,830.47,9.43,1955198,-195.000,-122.000,-34.500,0.7854,1.1546
937,7.2915,7.5272,1.0026,393216,830.47,9.43,1955198,-195.000,-122.000,-34.500,0.7854,1.1546
938,7.2986,6.6896,1.0568,393216,830.47,9.43,1955198,-195.000,-122.000,-34.500,0.7854,1.1546
939,7.3059,7.0835,1.0795,393216,830.47,9.43,1955198,-195.000,-122.000,-34.500,0.7854,1.1546
940,7.3128,7.3266,1.0224,393216,830.47,9.43,1955198,-195.000,-122.000,-34.500,0.7854,1.1546
941,7.3202,6.8817,1.0309,393216,830.47,9.43,1955198,-195.000,-122.000,-34.500,0.7854,1.1546
942,7.3273,7.4206,1.1001,393216,830.47,9.43,1955198,-195.000,-122.000,-34.500,0.7854,1.1546
943,7.3355,7.0763,1.6235,393216,830.47,9.43,1955198,-195.000,-122.000,-34.500,0.7854,1.1546
944,7.3419,8.2390,1.0649,393216,830.47,9.43,1955198,-195.000,-122.000,-34.500,0.7854,1.1546
945,7.3493,6.3493,1.0742,393216,830.47,9.43,1955198,-195.000,-122.000,-34.500,0.7854,1.1546
946,7.3561,7.4388,1.0058,393216,830.47,9.43,1955198,-195.000,-122.000,-34.500,0.7854,1.1546
947,7.3637,6.7699,1.1076,393216,830.47,9.43,1955198,-195.000,-122.000,-34.500,0.7854,1.1546
948,7.3707,7.5791,1.0649,393216,830.47,9.43,1955198,-195.000,-122.000,-34.500,0.7854,1.1546
949,7.3783,7.0287,1.2752,393216,830.47,9.43,1955198,-195.000,-122.000,-34.500,0.7854,1.1546
950,7.3853,7.6115,1.2113,393216,830.47,9.43,1955198,-195.000,-122.000,-34.500,0.7854,1.1546
951,7.3922,6.9409,0.9638,393216,830.47,9.43,1955198,-195.000,-122.000,-34.500,0.7854,1.1546
952,7.3997,6.9880,1.0206,393216,830.47,9.43,1955198,-195.000,-122.000,-34.500,0.7854,1.1546
953,7.4067,7.4204,1.0647,393216,830.47,9.43,1955198,-195.000,-122.000,-34.500,0.7854,1.1546
954,7.4140,7.0749,1.0544,393216,830.47,9.43,1955198,-195.000,-122.000,-34.500,0.7854,1.1546
955,7.4210,7.2115,1.0181,393216,830.47,9.43,1955198,-195.000,-122.000,-34.500,0.7854,1.1546
956,7.4285,6.9979,1.1308,393216,830.47,9.43,1955198,-195.000,-122.000,-34.500,0.7854,1.1546
957,7.4355,7.6135,1.1811,393216,830.47,9.43,1955198,-195.000,-122.000,-34.500,0.7854,1.1546
958,7.4432,6.9718,1.3302,393216,830.47,9.43,1955198,-195.000,-122.000,-34.500,0.7854,1.1546
959,7.4501,7.6443,1.0466,393216,830.47,9.43,1955198,-195.000,-122.000,-34.500,0.7854,1.1546
960,7.4576,6.9112,1.1460,393216,830.47,9.43,1955198,-195.000,-122.000,-34.500,0.7854,1.1546
961,7.4646,7.5878,1.0419,393216,830.47,9.43,1955198,-195.000,-122.000,-34.500,0.7854,1.1546
962,7.4713,6.8978,1.0528,393216,830.47,9.43,1955198,-195.000,-122.000,-34.500,0.7854,1.1546
963,7.4790,6.7612,1.3011,393216,830.47,9.43,1955198,-195.000,-122.000,-34.500,0.7854,1.1546
964,7.4859,7.6217,1.0723,393216,830.47,9.43,1955198,-195.000,-122.000,-34.500,0.7854,1.1546
965,7.4932,6.9014,1.1437,393216,830.47,9.43,1955198,-195.000,-122.000,-34.500,0.7854,1.1546
966,7.5001,7.3148,1.0461,393216,830.47,9.43,1955198,-195.000,-122.000,-34.500,0.7854,1.1546
967,7.5076,6.8942,1.0750,393216,830.47,9.43,1955198,-195.000,-122.000,-34.500,0.7854,1.1546
968,7.5146,7.5472,1.0636,393216,830.47,9.43,1955198,-195.000,-122.000,-34.500,0.7854,1.1546
969,7.5222,7.0259,1.1430,393216,830.47,9.43,1955198,-195.000,-122.000,-34.500,0.7854,1.1546
970,7.5291,7.5930,1.0528,393216,830.47,9.43,1955198,-195.000,-122.000,-34.500,0.7854,1.1546
971,7.5362,6.8846,1.0887,393216,830.47,9.43,1955198,-195.000,-122.000,-34.500,0.7854,1.1546
972,7.5436,7.0501,1.1329,393216,830.47,9.43,1955198,-195.000,-122.000,-34.500,0.7854,1.1546
973,7.5505,7.3899,1.0662,393216,830.47,9.43,1955198,-195.000,-122.000,-34.500,0.7854,1.1546
974,7.5579,6.9162,1.0557,393216,830.47,9.43,1955198,-195.000,-122.000,-34.500,0.7854,1.1546
975,7.5649,7.4633,1.0763,393216,830.47,9.43,1955198,-195.000,-122.000,-34.500,0.7854,1.1546
976,7.5722,6.9287,1.0834,393216,830.47,9.43,1955198,-195.000,-122.000,-34.500,0.7854,1.1546
977,7.5791,7.3429,1.0417,393216,830.47,9.43,1955198,-195.000,-122.000,-34.500,0.7854,1.1546
978,7.5867,6.9105,1.3582,393216,830.47,9.43,1955198,-195.000,-122.000,-34.500,0.7854,1.1546
979,7.5934,7.6093,1.1457,393216,830.47,9.43,1955198,-195.000,-122.000,-34.500,0.7854,1.1546
980,7.6010,6.7231,1.2427,393216,830.47,9.43,1955198,-195.000,-122.000,-34.500,0.7854,1.1546
981,7.6080,7.5901,1.2076,393216,830.47,9.43,1955198,-195.000,-122.000,-34.500,0.7854,1.1546
982,7.6150,6.9872,1.1744,393216,830.47,9.43,1955198,-195.000,-122.000,-34.500,0.7854,1.1546
983,7.6223,6.9777,1.1804,393216,830.47,9.43,1955198,-195.000,-122.000,-34.500,0.7854,1.1546
984,7.6293,7.3000,1.0964,393216,830.47,9.43,1955198,-195.000,-122.000,-34.500,0.7854,1.1546
985,7.6368,6.9910,1.0741,393216,830.47,9.43,1955198,-195.000,-122.000,-34.500,0.7854,1.1546
986,7.6438,7.4629,1.1254,393216,830.47,9.43,1955198,-195.000,-122.000,-34.500,0.7854,1.1546
987,7.6521,7.0183,1.7351,393216,830.47,9.43,1955198,-195.000,-122.000,-34.500,0.7854,1.1546
988,7.6585,8.3623,1.1146,393216,830.47,9.43,1955198,-195.000,-122.000,-34.500,0.7854,1.1546
989,7.6659,6.3611,1.0729,393216,830.47,9.43,1955198,-195.000,-122.000,-34.500,0.7854,1.1546
990,7.6730,7.4425,1.1364,393216,830.47,9.43,1955198,-195.000,-122.000,-34.500,0.7854,1.1546
991,7.6808,7.0925,1.4232,393216,830.47,9.43,1955198,-195.000,-122.000,-34.500,0.7854,1.1546
992,7.6875,7.7463,1.1482,393216,830.47,9.43,1955198,-195.000,-122.000,-34.500,0.7854,1.1546
993,7.6947,6.6665,1.2326,393216,830.47,9.43,1955198,-195.000,-122.000,-34.500,0.7854,1.1546
994,7.7019,7.2207,1.2806,393216,830.47,9.43,1955198,-195.000,-122.000,-34.500,0.7854,1.1546
995,7.7089,7.2435,1.1968,393216,830.47,9.43,1955198,-195.000,-122.000,-34.500,0.7854,1.1546
996,7.7162,6.9780,1.1269,393216,830.47,9.43,1955198,-195.000,-122.000,-34.500,0.7854,1.1546
997,7.7232,7.3236,1.1252,393216,830.47,9.43,1955198,-195.000,-122.000,-34.500,0.7854,1.1546
998,7.7306,6.9325,1.1289,393216,830.47,9.43,1955198,-195.000,-122.000,-34.500,0.7854,1.1546
999,7.7378,7.4437,1.2519,393216,830.47,9.43,1955198,-195.000,-122.000,-34.500,0.7854,1.1546
1000,7.7450,7.2397,1.1124,393216,830.47,9.43,1955198,-195.000,-122.000,-34.500,0.7854,1.1546
1001,7.7522,7.2029,1.1332,393216,830.47,9.43,1955198,-195.000,-122.000,-34.500,0.7854,1.1546
1002,7.7602,7.1683,1.7506,393216,830.47,9.43,1955198,-195.000,-122.000,-34.500,0.7854,1.1546
1003,7.7667,8.0273,1.2104,393216,830.47,9.43,1955198,-195.000,-122.000,-34.500,0.7854,1.1546
1004,7.7741,6.5329,1.1825,393216,830.47,9.43,1955198,-195.000,-122.000,-34.500,0.7854,1.1546
1005,7.7810,7.3473,1.1089,393216,830.47,9.43,1955198,-195.000,-122.000,-34.500,0.7854,1.1546
1006,7.7881,6.9331,1.0915,393216,830.47,9.43,1955198,-195.000,-122.000,-34.500,0.7854,1.1546
1007,7.7955,7.0757,1.0857,393216,830.47,9.43,1955198,-195.000,-122.000,-34.500,0.7854,1.1546
1008,7.8025,7.4066,1.1236,393216,830.47,9.43,1955198,-195.000,-122.000,-34.500,0.7854,1.1546
1009,7.8106,6.9883,1.3461,393216,830.47,9.43,1955198,-195.000,-122.000,-34.500,0.7854,1.1546
1010,7.8170,8.0724,1.1383,393216,830.47,9.43,1955198,-195.000,-122.000,-34.500,0.7854,1.1546
1011,7.8244,6.3695,1.1140,393216,830.47,9.43,1955198,-195.000,-122.000,-34.500,0.7854,1.1546
1012,7.8313,7.4452,1.1248,393216,830.47,9.43,1955198,-195.000,-122.000,-34.500,0.7854,1.1546
1013,7.8387,6.9031,1.1368,393216,830.47,9.43,1955198,-195.000,-122.000,-34.500,0.7854,1.1546
1014,7.8459,7.3966,1.2712,393216,830.47,9.43,1955198,-195.000,-122.000,-34.500,0.7854,1.1546
1015,7.8532,7.2222,1.1776,393216,830.47,9.43,1955198,-195.000,-122.000,-34.500,0.7854,1.1546
1016,7.8604,7.2897,1.1604,393216,830.47,9.43,1955198,-195.000,-122.000,-34.500,0.7854,1.1546
1017,7.8675,7.2122,1.2034,393216,830.47,9.43,1955198,-195.000,-122.000,-34.500,0.7854,1.1546
1018,7.8749,7.1067,1.1097,393216,830.47,9.43,1955198,-195.000,-122.000,-34.500,0.7854,1.1546
1019,7.8822,7.3747,1.2690,393216,830.47,9.43,1955198,-195.000,-122.000,-34.500,0.7854,1.1546
1020,7.8894,7.2748,1.1262,393216,830.47,9.43,1955198,-195.000,-122.000,-34.500,0.7854,1.1546
1021,7.8965,7.1954,1.1533,393216,830.47,9.43,1955198,-195.000,-122.000,-34.500,0.7854,1.1546
1022,7.9043,7.1257,1.1149,393216,830.47,9.43,1955198,-195.000,-122.000,-34.500,0.7854,1.1546
1023,7.9110,7.7918,1.1438,393216,830.47,9.43,1955198,-195.000,-122.000,-34.500,0.7854,1.1546
1024,7.9186,6.7186,1.2069,393216,830.47,9.43,1955198,-195.000,-122.000,-34.500,0.7854,1.1546
1025,7.9257,7.5770,1.2520,393216,830.47,9.43,1955198,-195.000,-122.000,-34.500,0.7854,1.1546
1026,7.9329,7.1700,1.2456,393216,830.47,9.43,1955198,-195.000,-122.000,-34.500,0.7854,1.1546
1027,7.9401,7.1463,1.2608,393216,830.47,9.43,1955198,-195.000,-122.000,-34.500,0.7854,1.1546
1028,7.9469,7.1957,1.1542,393216,830.47,9.43,1955198,-195.000,-122.000,-34.500,0.7854,1.1546
1029,7.9543,6.7900,1.2403,393216,830.47,9.43,1955198,-195.000,-122.000,-34.500,0.7854,1.1546
1030,7.9614,7.4035,1.3022,393216,830.47,9.43,1955198,-195.000,-122.000,-34.500,0.7854,1.1546
1031,7.9688,7.0704,1.2091,393216,830.47,9.43,1955198,-195.000,-122.000,-34.500,0.7854,1.1546
1032,7.9765,7.4314,1.9553,393216,830.47,9.43,1955198,-195.000,-122.000,-34.500,0.7854,1.1546
1033,7.9831,7.6700,1.0934,393216,830.47,9.43,1955198,-195.000,-122.000,-34.500,0.7854,1.1546
1034,7.9900,6.6010,1.1158,393216,830.47,9.43,1955198,-195.000,-122.000,-34.500,0.7854,1.1546
1035,7.9975,6.9531,1.1786,393216,830.47,9.43,1955198,-195.000,-122.000,-34.500,0.7854,1.1546
1036,8.0047,7.4420,1.1231,393216,830.47,9.43,1955198,-195.000,-122.000,-34.500,0.7854,1.1546
1037,8.0121,7.2306,1.2177,393216,830.47,9.43,1955198,-195.000,-122.000,-34.500,0.7854,1.1546
1038,8.0192,7.3830,1.2653,393216,830.47,9.43,1955198,-195.000,-122.000,-34.500,0.7854,1.1546
1039,8.0262,7.1915,1.2405,393216,830.47,9.43,1955198,-195.000,-122.000,-34.500,0.7854,1.1546
1040,8.0334,6.9332,1.1708,393216,830.47,9.43,1955198,-195.000,-122.000,-34.500,0.7854,1.1546
1041,8.0404,7.2697,1.1402,393216,830.47,9.43,1955198,-195.000,-122.000,-34.500,0.7854,1.1546
1042,8.0473,6.9313,1.0991,393216,830.47,9.43,1955198,-195.000,-122.000,-34.500,0.7854,1.1546
1043,8.0547,6.9245,1.0877,393216,830.47,9.43,1955198,-195.000,-122.000,-34.500,0.7854,1.1546
1044,8.0621,7.3328,1.1450,393216,830.47,9.43,1955198,-195.000,-122.000,-34.500,0.7854,1.1546
1045,8.0693,7.4367,1.1149,393216,830.47,9.43,1955198,-195.000,-122.000,-34.500,0.7854,1.1546
1046,8.0768,7.2024,1.1411,393216,830.47,9.43,1955198,-195.000,-122.000,-34.500,0.7854,1.1546
1047,8.0841,7.4619,1.2567,393216,830.47,9.43,1955198,-195.000,-122.000,-34.500,0.7854,1.1546
1048,8.0913,7.3661,1.1373,393216,830.47,9.43,1955198,-195.000,-122.000,-34.500,0.7854,1.1546
1049,8.0983,7.1908,1.1838,393216,830.47,9.43,1955198,-195.000,-122.000,-34.500,0.7854,1.1546
1050,8.1052,7.0006,1.1381,393216,830.47,9.43,1955198,-195.000,-122.000,-34.500,0.7854,1.1546
1051,8.1126,6.8820,1.1798,393216,830.47,9.43,1955198,-195.000,-122.000,-34.500,0.7854,1.1546
1052,8.1195,7.3615,1.1369,393216,830.47,9.43,1955198,-195.000,-122.000,-34.500,0.7854,1.1546
1053,8.1270,6.9392,1.2910,393216,830.47,9.43,1955198,-195.000,-122.000,-34.500,0.7854,1.1546
1054,8.1339,7.5082,1.2311,393216,830.47,9.43,1955198,-195.000,-122.000,-34.500,0.7854,1.1546
1055,8.1416,6.9069,1.2621,393216,830.47,9.43,1955198,-195.000,-122.000,-34.500,0.7854,1.1546
1056,8.1482,7.7202,1.1231,393216,830.47,9.43,1955198,-195.000,-122.000,-34.500,0.7854,1.1546
1057,8.1556,6.5935,1.1268,393216,830.47,9.43,1955198,-195.000,-122.000,-34.500,0.7854,1.1546
1058,8.1624,7.3931,1.1561,393216,830.47,9.43,1955198,-195.000,-122.000,-34.500,0.7854,1.1546
1059,8.1703,6.8113,1.2506,393216,830.47,9.43,1955198,-195.000,-122.000,-34.500,0.7854,1.1546
1060,8.1768,7.8398,1.1236,393216,830.47,9.43,1955198,-195.000,-122.000,-34.500,0.7854,1.1546
1061,8.1838,6.5084,1.1350,393216,830.47,9.43,1955198,-195.000,-122.000,-34.500,0.7854,1.1546
1062,8.1912,7.0352,1.1608,393216,830.47,9.43,1955198,-195.000,-122.000,-34.500,0.7854,1.1546
1063,8.1982,7.4162,1.1490,393216,830.47,9.43,1955198,-195.000,-122.000,-34.500,0.7854,1.1546
1064,8.2057,6.9656,1.3308,393216,830.47,9.43,1955198,-195.000,-122.000,-34.500,0.7854,1.1546
1065,8.2124,7.4546,1.1418,393216,830.47,9.43,1955198,-195.000,-122.000,-34.500,0.7854,1.1546
1066,8.2197,6.7766,1.0698,393216,830.47,9.43,1955198,-195.000,-122.000,-34.500,0.7854,1.1546
1067,8.2267,7.2806,1.0788,393216,830.47,9.43,1955198,-195.000,-122.000,-34.500,0.7854,1.1546
1068,8.2342,7.0432,1.1926,393216,830.47,9.43,1955198,-195.000,-122.000,-34.500,0.7854,1.1546
1069,8.2410,7.4175,1.0464,393216,830.47,9.43,1955198,-195.000,-122.000,-34.500,0.7854,1.1546
1070,8.2480,6.8117,1.1299,393216,830.47,9.43,1955198,-195.000,-122.000,-34.500,0.7854,1.1546
1071,8.2554,7.0666,1.1348,393216,830.47,9.43,1955198,-195.000,-122.000,-34.500,0.7854,1.1546
1072,8.2627,7.3905,1.0671,393216,830.47,9.43,1955198,-195.000,-122.000,-34.500,0.7854,1.1546
1073,8.2700,7.2435,1.1170,393216,830.47,9.43,1955198,-195.000,-122.000,-34.500,0.7854,1.1546
1074,8.2768,7.3140,1.1954,393216,830.47,9.43,1955198,-195.000,-122.000,-34.500,0.7854,1.1546
1075,8.2844,6.8488,1.2924,393216,830.47,9.43,1955198,-195.000,-122.000,-34.500,0.7854,1.1546
1076,8.2913,7.5280,1.1377,393216,830.47,9.43,1955198,-195.000,-122.000,-34.500,0.7854,1.1546
1077,8.2986,6.9172,1.1170,393216,830.47,9.43,1955198,-195.000,-122.000,-34.500,0.7854,1.1546
1078,8.3057,7.3347,1.1323,393216,830.47,9.43,1955198,-195.000,-122.000,-34.500,0.7854,1.1546
1079,8.3131,7.0347,1.1693,393216,830.47,9.43,1955198,-195.000,-122.000,-34.500,0.7854,1.1546
1080,8.3202,7.4262,1.1219,393216,830.47,9.43,1955198,-195.000,-122.000,-34.500,0.7854,1.1546
1081,8.3273,7.1441,1.1743,393216,830.47,9.43,1955198,-195.000,-122.000,-34.500,0.7854,1.1546
1082,8.3350,7.0429,1.5190,393216,830.47,9.43,1955198,-195.000,-122.000,-34.500,0.7854,1.1546
1083,8.3415,7.6980,1.0764,393216,830.47,9.43,1955198,-195.000,-122.000,-34.500,0.7854,1.1546
1084,8.3488,6.5628,1.0706,393216,830.47,9.43,1955198,-195.000,-122.000,-34.500,0.7854,1.1546
1085,8.3558,7.3111,1.0813,393216,830.47,9.43,1955198,-195.000,-122.000,-34.500,0.7854,1.1546
1086,8.3632,6.9450,1.1273,393216,830.47,9.43,1955198,-195.000,-122.000,-34.500,0.7854,1.1546
1087,8.3706,7.4540,1.0804,393216,830.47,9.43,1955198,-195.000,-122.000,-34.500,0.7854,1.1546
1088,8.3780,7.3623,1.1623,393216,830.47,9.43,1955198,-195.000,-122.000,-34.500,0.7854,1.1546
1089,8.3850,7.4259,1.1137,393216,830.47,9.43,1955198,-195.000,-122.000,-34.500,0.7854,1.1546
1090,8.3925,7.0129,1.3175,393216,830.47,9.43,1955198,-195.000,-122.000,-34.500,0.7854,1.1546
1091,8.3991,7.4256,1.0027,393216,830.47,9.43,1955198,-195.000,-122.000,-34.500,0.7854,1.1546
1092,8.4061,6.5817,1.0740,393216,830.47,9.43,1955198,-195.000,-122.000,-34.500,0.7854,1.1546
1093,8.4134,7.0681,1.0493,393216,830.47,9.43,1955198,-195.000,-122.000,-34.500,0.7854,1.1546
1094,8.4204,7.2462,1.0813,393216,830.47,9.43,1955198,-195.000,-122.000,-34.500,0.7854,1.1546
1095,8.4280,7.0379,1.1199,393216,830.47,9.43,1955198,-195.000,-122.000,-34.500,0.7854,1.1546
1096,8.4351,7.6039,1.3145,393216,830.47,9.43,1955198,-195.000,-122.000,-34.500,0.7854,1.1546
1097,8.4427,7.1270,1.3727,393216,830.47,9.43,1955198,-195.000,-122.000,-34.500,0.7854,1.1546
1098,8.4496,7.5657,1.2134,393216,830.47,9.43,1955198,-195.000,-122.000,-34.500,0.7854,1.1546
1099,8.4570,6.9090,1.0979,393216,830.47,9.43,1955198,-195.000,-122.000,-34.500,0.7854,1.1546
1100,8.4638,7.3377,1.1037,393216,830.47,9.43,1955198,-195.000,-122.000,-34.500,0.7854,1.1546
1101,8.4714,6.8900,1.2668,393216,830.47,9.43,1955198,-195.000,-122.000,-34.500,0.7854,1.1546
1102,8.4784,7.6127,1.0921,393216,830.47,9.43,1955198,-195.000,-122.000,-34.500,0.7854,1.1546
1103,8.4855,6.9270,1.2236,393216,830.47,9.43,1955198,-195.000,-122.000,-34.500,0.7854,1.1546
1104,8.4931,7.1750,1.5083,393216,830.47,9.43,1955198,-195.000,-122.000,-34.500,0.7854,1.1546
1105,8.4996,7.5242,1.0890,393216,830.47,9.43,1955198,-195.000,-122.000,-34.500,0.7854,1.1546
1106,8.5069,6.5126,1.1448,393216,830.47,9.43,1955198,-195.000,-122.000,-34.500,0.7854,1.1546
1107,8.5139,7.2974,1.1150,393216,830.47,9.43,1955198,-195.000,-122.000,-34.500,0.7854,1.1546
1108,8.5211,6.9820,1.0821,393216,830.47,9.43,1955198,-195.000,-122.000,-34.500,0.7854,1.1546
1109,8.5282,7.2193,1.0769,393216,830.47,9.43,1955198,-195.000,-122.000,-34.500,0.7854,1.1546
1110,8.5358,7.0938,1.1852,393216,830.47,9.43,1955198,-195.000,-122.000,-34.500,0.7854,1.1546
1111,8.5427,7.5922,1.2192,393216,830.47,9.43,1955198,-195.000,-122.000,-34.500,0.7854,1.1546
1112,8.5501,6.9746,1.1675,393216,830.47,9.43,1955198,-195.000,-122.000,-34.500,0.7854,1.1546
1113,8.5571,7.3666,1.0888,393216,830.47,9.43,1955198,-195.000,-122.000,-34.500,0.7854,1.1546
1114,8.5645,7.0122,1.1428,393216,830.47,9.43,1955198,-195.000,-122.000,-34.500,0.7854,1.1546
1115,8.5718,7.4255,1.1305,393216,830.47,9.43,1955198,-195.000,-122.000,-34.500,0.7854,1.1546
1116,8.5788,7.2839,1.1796,393216,830.47,9.43,1955198,-195.000,-122.000,-34.500,0.7854,1.1546
1117,8.5861,7.0083,1.0524,393216,830.47,9.43,1955198,-195.000,-122.000,-34.500,0.7854,1.1546
1118,8.5932,7.2873,1.1280,393216,830.47,9.43,1955198,-195.000,-122.000,-34.500,0.7854,1.1546
1119,8.6007,7.0517,1.0970,393216,830.47,9.43,1955198,-195.000,-122.000,-34.500,0.7854,1.1546
1120,8.6074,7.4647,0.8929,393216,830.47,9.43,1955198,-195.000,-122.000,-34.500,0.7854,1.1546
1121,8.6150,6.7761,0.9925,393216,830.47,9.43,1955198,-195.000,-122.000,-34.500,0.7854,1.1546
1122,8.6219,7.5786,1.0623,393216,830.47,9.43,1955198,-195.000,-122.000,-34.500,0.7854,1.1546
1123,8.6295,6.9212,1.1914,393216,830.47,9.43,1955198,-195.000,-122.000,-34.500,0.7854,1.1546
1124,8.6363,7.5740,1.0374,393216,830.47,9.43,1955198,-195.000,-122.000,-34.500,0.7854,1.1546
1125,8.6435,6.8230,1.1821,393216,830.47,9.43,1955198,-195.000,-122.000,-34.500,0.7854,1.1546
1126,8.6510,7.1758,1.2981,393216,830.47,9.43,1955198,-195.000,-122.000,-34.500,0.7854,1.1546
1127,8.6582,7.5434,1.3099,393216,830.47,9.43,1955198,-195.000,-122.000,-34.500,0.7854,1.1546
1128,8.6653,7.2181,1.1098,393216,830.47,9.43,1955198,-195.000,-122.000,-34.500,0.7854,1.1546
1129,8.6724,7.0633,1.0947,393216,830.47,9.43,1955198,-195.000,-122.000,-34.500,0.7854,1.1546
1130,8.6798,7.1216,1.0470,393216,830.47,9.43,1955198,-195.000,-122.000,-34.500,0.7854,1.1546
1131,8.6868,7.3159,1.0645,393216,830.47,9.43,1955198,-195.000,-122.000,-34.500,0.7854,1.1546
1132,8.6944,7.0006,1.1546,393216,830.47,9.43,1955198,-195.000,-122.000,-34.500,0.7854,1.1546
1133,8.7014,7.5923,1.1396,393216,830.47,9.43,1955198,-195.000,-122.000,-34.500,0.7854,1.1546
1134,8.7090,6.9998,1.3496,393216,830.47,9.43,1955198,-195.000,-122.000,-34.500,0.7854,1.1546
1135,8.7158,7.6544,1.1232,393216,830.47,9.43,1955198,-195.000,-122.000,-34.500,0.7854,1.1546
1136,8.7232,6.7681,1.1208,393216,830.47,9.43,1955198,-195.000,-122.000,-34.500,0.7854,1.1546
1137,8.7304,7.3981,1.1244,393216,830.47,9.43,1955198,-195.000,-122.000,-34.500,0.7854,1.1546
1138,8.7370,7.1968,1.1524,393216,830.47,9.43,1955198,-195.000,-122.000,-34.500,0.7854,1.1546
1139,8.7444,6.6728,1.0696,393216,830.47,9.43,1955198,-195.000,-122.000,-34.500,0.7854,1.1546
1140,8.7515,7.3844,1.1187,393216,830.47,9.43,1955198,-195.000,-122.000,-34.500,0.7854,1.1546
1141,8.7591,7.0467,1.2070,393216,830.47,9.43,1955198,-195.000,-122.000,-34.500,0.7854,1.1546
1142,8.7660,7.6183,1.0536,393216,830.47,9.43,1955198,-195.000,-122.000,-34.500,0.7854,1.1546
1143,8.7735,6.8677,1.0663,393216,830.47,9.43,1955198,-195.000,-122.000,-34.500,0.7854,1.1546
1144,8.7808,7.5326,1.0737,393216,830.47,9.43,1955198,-195.000,-122.000,-34.500,0.7854,1.1546
1145,8.7885,7.2861,1.1115,393216,830.47,9.43,1955198,-195.000,-122.000,-34.500,0.7854,1.1546
1146,8.7958,7.7481,1.1656,393216,830.47,9.43,1955198,-195.000,-122.000,-34.500,0.7854,1.1546
1147,8.8036,7.2667,1.1416,393216,830.47,9.43,1955198,-195.000,-122.000,-34.500,0.7854,1.1546
1148,8.8108,7.7702,1.0849,393216,830.47,9.43,1955198,-195.000,-122.000,-34.500,0.7854,1.1546
1149,8.8186,7.2252,1.2042,393216,830.47,9.43,1955198,-195.000,-122.000,-34.500,0.7854,1.1546
1150,8.8257,7.8252,1.2217,393216,830.47,9.43,1955198,-195.000,-122.000,-34.500,0.7854,1.1546
1151,8.8327,7.1140,1.0556,393216,830.47,9.43,1955198,-195.000,-122.000,-34.500,0.7854,1.1546
1152,8.8402,6.9650,1.1737,393216,830.47,9.43,1955198,-195.000,-122.000,-34.500,0.7854,1.1546
1153,8.8472,7.5355,1.0650,393216,830.47,9.43,1955198,-195.000,-122.000,-34.500,0.7854,1.1546
1154,8.8546,6.9943,1.0601,393216,830.47,9.43,1955198,-195.000,-122.000,-34.500,0.7854,1.1546
1155,8.8620,7.3281,1.1983,393216,830.47,9.43,1955198,-195.000,-122.000,-34.500,0.7854,1.1546
1156,8.8693,7.4666,1.0581,393216,830.47,9.43,1955198,-195.000,-122.000,-34.500,0.7854,1.1546
1157,8.8763,7.2483,1.0302,393216,830.47,9.43,1955198,-195.000,-122.000,-34.500,0.7854,1.1546
1158,8.8844,7.0672,1.1485,393216,830.47,9.43,1955198,-195.000,-122.000,-34.500,0.7854,1.1546
1159,8.8919,8.0891,1.1847,393216,830.47,9.43,1955198,-195.000,-122.000,-34.500,0.7854,1.1546
1160,8.8995,7.4511,1.0617,393216,830.47,9.43,1955198,-195.000,-122.000,-34.500,0.7854,1.1546
1161,8.9069,7.5815,1.2644,393216,830.47,9.43,1955198,-195.000,-122.000,-34.500,0.7854,1.1546
1162,8.9145,7.4729,1.0940,393216,830.47,9.43,1955198,-195.000,-122.000,-34.500,0.7854,1.1546
1163,8.9219,7.5654,1.2065,393216,830.47,9.43,1955198,-195.000,-122.000,-34.500,0.7854,1.1546
1164,8.9300,7.4162,1.3987,393216,830.47,9.43,1955198,-195.000,-122.000,-34.500,0.7854,1.1546
1165,8.9372,8.0516,1.2925,393216,830.47,9.43,1955198,-195.000,-122.000,-34.500,0.7854,1.1546
1166,8.9451,7.2930,1.4139,393216,830.47,9.43,1955198,-195.000,-122.000,-34.500,0.7854,1.1546
1167,8.9522,7.8507,1.1435,393216,830.47,9.43,1955198,-195.000,-122.000,-34.500,0.7854,1.1546
1168,8.9595,7.0545,1.1796,393216,830.47,9.43,1955198,-195.000,-122.000,-34.500,0.7854,1.1546
1169,8.9669,7.3211,1.1252,393216,830.47,9.43,1955198,-195.000,-122.000,-34.500,0.7854,1.1546
1170,8.9735,7.4041,1.0755,393216,830.47,9.43,1955198,-195.000,-122.000,-34.500,0.7854,1.1546
1171,8.9812,6.6507,1.0668,393216,830.47,9.43,1955198,-195.000,-122.000,-34.500,0.7854,1.1546
1172,8.9880,7.6391,1.0656,393216,830.47,9.43,1955198,-195.000,-122.000,-34.500,0.7854,1.1546
1173,8.9957,6.7974,1.0595,393216,830.47,9.43,1955198,-195.000,-122.000,-34.500,0.7854,1.1546
1174,9.0028,7.6791,1.0841,393216,830.47,9.43,1955198,-195.000,-122.000,-34.500,0.7854,1.1546
1175,9.0103,7.1258,1.0527,393216,830.47,9.43,1955198,-195.000,-122.000,-34.500,0.7854,1.1546
1176,9.0176,7.5420,1.3565,393216,830.47,9.43,1955198,-195.000,-122.000,-34.500,0.7854,1.1546
1177,9.0252,7.2918,1.2265,393216,830.47,9.43,1955198,-195.000,-122.000,-34.500,0.7854,1.1546
1178,9.0320,7.6369,1.0954,393216,830.47,9.43,1955198,-195.000,-122.000,-34.500,0.7854,1.1546
1179,9.0396,6.7962,1.1642,393216,830.47,9.43,1955198,-195.000,-122.000,-34.500,0.7854,1.1546
1180,9.0467,7.5963,1.0734,393216,830.47,9.43,1955198,-195.000,-122.000,-34.500,0.7854,1.1546
1181,9.0538,7.0544,1.1188,393216,830.47,9.43,1955198,-195.000,-122.000,-34.500,0.7854,1.1546
1182,9.0612,7.1028,1.0620,393216,830.47,9.43,1955198,-195.000,-122.000,-34.500,0.7854,1.1546
1183,9.0683,7.3972,1.1152,393216,830.47,9.43,1955198,-195.000,-122.000,-34.500,0.7854,1.1546
1184,9.0759,7.0660,1.2727,393216,830.47,9.43,1955198,-195.000,-122.000,-34.500,0.7854,1.1546
1185,9.0832,7.6369,1.1246,393216,830.47,9.43,1955198,-195.000,-122.000,-34.500,0.7854,1.1546
1186,9.0901,7.3046,1.0243,393216,830.47,9.43,1955198,-195.000,-122.000,-34.500,0.7854,1.1546
1187,9.0971,6.9054,1.0326,393216,830.47,9.43,1955198,-195.000,-122.000,-34.500,0.7854,1.1546
1188,9.1047,7.1425,1.0988,393216,830.47,9.43,1955198,-195.000,-122.000,-34.500,0.7854,1.1546
1189,9.1117,7.4241,1.0492,393216,830.47,9.43,1955198,-195.000,-122.000,-34.500,0.7854,1.1546
1190,9.1195,7.0360,1.1789,393216,830.47,9.43,1955198,-195.000,-122.000,-34.500,0.7854,1.1546
1191,9.1265,7.7938,1.1312,393216,830.47,9.43,1955198,-195.000,-122.000,-34.500,0.7854,1.1546
1192,9.1339,6.9958,1.2918,393216,830.47,9.43,1955198,-195.000,-122.000,-34.500,0.7854,1.1546
1193,9.1408,7.3787,1.1616,393216,830.47,9.43,1955198,-195.000,-122.000,-34.500,0.7854,1.1546
1194,9.1477,6.9001,1.0652,393216,830.47,9.43,1955198,-195.000,-122.000,-34.500,0.7854,1.1546
1195,9.1552,6.9104,1.0553,393216,830.47,9.43,1955198,-195.000,-122.000,-34.500,0.7854,1.1546
1196,9.1621,7.5036,1.0292,393216,830.47,9.43,1955198,-195.000,-122.000,-34.500,0.7854,1.1546
1197,9.1698,6.9728,1.0517,393216,830.47,9.43,1955198,-195.000,-122.000,-34.500,0.7854,1.1546
1198,9.1769,7.6024,1.0571,393216,830.47,9.43,1955198,-195.000,-122.000,-34.500,0.7854,1.1546
1199,9.1845,7.1675,1.2905,393216,830.47,9.43,1955198,-195.000,-122.000,-34.500,0.7854,1.1546
1200,9.1916,7.6180,1.1172,393216,830.47,9.43,1955198,-195.000,-122.000,-34.500,0.7854,1.1546
1201,9.1993,7.0921,1.1351,393216,830.47,9.43,1955198,-195.000,-122.000,-34.500,0.7854,1.1546
1202,9.2060,7.6931,1.0481,393216,830.47,9.43,1955198,-195.000,-122.000,-34.500,0.7854,1.1546
1203,9.2139,6.6884,1.2584,393216,830.47,9.43,1955198,-195.000,-122.000,-34.500,0.7854,1.1546
1204,9.2210,7.8515,1.0874,393216,830.47,9.43,1955198,-195.000,-122.000,-34.500,0.7854,1.1546
1205,9.2280,7.1655,1.0271,393216,830.47,9.43,1955198,-195.000,-122.000,-34.500,0.7854,1.1546
1206,9.2354,6.9386,1.0518,393216,830.47,9.43,1955198,-195.000,-122.000,-34.500,0.7854,1.1546
1207,9.2424,7.4296,1.0433,393216,830.47,9.43,1955198,-195.000,-122.000,-34.500,0.7854,1.1546
1208,9.2505,7.0054,1.1774,393216,830.47,9.43,1955198,-195.000,-122.000,-34.500,0.7854,1.1546
1209,9.2573,8.0755,1.0883,393216,830.47,9.43,1955198,-195.000,-122.000,-34.500,0.7854,1.1546
1210,9.2647,6.7685,1.0022,393216,830.47,9.43,1955198,-195.000,-122.000,-34.500,0.7854,1.1546
1211,9.2717,7.4749,1.0405,393216,830.47,9.43,1955198,-195.000,-122.000,-34.500,0.7854,1.1546
1212,9.2793,6.9955,1.1254,393216,830.47,9.43,1955198,-195.000,-122.000,-34.500,0.7854,1.1546
1213,9.2863,7.5779,1.0531,393216,830.47,9.43,1955198,-195.000,-122.000,-34.500,0.7854,1.1546
1214,9.2939,6.9662,1.1608,393216,830.47,9.43,1955198,-195.000,-122.000,-34.500,0.7854,1.1546
1215,9.3012,7.6576,1.2034,393216,830.47,9.43,1955198,-195.000,-122.000,-34.500,0.7854,1.1546
1216,9.3081,7.3094,1.0523,393216,830.47,9.43,1955198,-195.000,-122.000,-34.500,0.7854,1.1546
1217,9.3153,6.8966,1.0147,393216,830.47,9.43,1955198,-195.000,-122.000,-34.500,0.7854,1.1546
1218,9.3221,7.1600,1.0572,393216,830.47,9.43,1955198,-195.000,-122.000,-34.500,0.7854,1.1546
1219,9.3294,6.8247,1.0067,393216,830.47,9.43,1955198,-195.000,-122.000,-34.500,0.7854,1.1546
1220,9.3364,7.3067,1.0090,393216,830.47,9.43,1955198,-195.000,-122.000,-34.500,0.7854,1.1546
1221,9.3439,6.9770,1.0217,393216,830.47,9.43,1955198,-195.000,-122.000,-34.500,0.7854,1.1546
1222,9.3508,7.4524,0.9617,393216,830.47,9.43,1955198,-195.000,-122.000,-34.500,0.7854,1.1546
1223,9.3585,6.8877,1.1190,393216,830.47,9.43,1955198,-195.000,-122.000,-34.500,0.7854,1.1546
1224,9.3655,7.7184,1.0989,393216,830.47,9.43,1955198,-195.000,-122.000,-34.500,0.7854,1.1546
1225,9.3728,7.0101,0.9977,393216,830.47,9.43,1955198,-195.000,-122.000,-34.500,0.7854,1.1546
1226,9.3799,7.3561,0.9956,393216,830.47,9.43,1955198,-195.000,-122.000,-34.500,0.7854,1.1546
1227,9.3871,7.0897,1.1882,393216,830.47,9.43,1955198,-195.000,-122.000,-34.500,0.7854,1.1546
1228,9.3943,7.2580,1.0117,393216,830.47,9.43,1955198,-195.000,-122.000,-34.500,0.7854,1.1546
1229,9.4011,7.0843,0.9763,393216,830.47,9.43,1955198,-195.000,-122.000,-34.500,0.7854,1.1546
1230,9.4088,6.9098,1.1086,393216,830.47,9.43,1955198,-195.000,-122.000,-34.500,0.7854,1.1546
1231,9.4157,7.6508,0.9804,393216,830.47,9.43,1955198,-195.000,-122.000,-34.500,0.7854,1.1546
1232,9.4231,6.8248,1.0381,393216,830.47,9.43,1955198,-195.000,-122.000,-34.500,0.7854,1.1546
1233,9.4301,7.4574,1.0479,393216,830.47,9.43,1955198,-195.000,-122.000,-34.500,0.7854,1.1546
1234,9.4374,7.0315,1.0812,393216,830.47,9.43,1955198,-195.000,-122.000,-34.500,0.7854,1.1546
1235,9.4443,7.2079,1.0666,393216,830.47,9.43,1955198,-195.000,-122.000,-34.500,0.7854,1.1546
1236,9.4518,6.9319,1.1355,393216,830.47,9.43,1955198,-195.000,-122.000,-34.500,0.7854,1.1546
1237,9.4590,7.5471,1.1718,393216,830.47,9.43,1955198,-195.000,-122.000,-34.500,0.7854,1.1546
1238,9.4660,7.1727,1.1755,393216,830.47,9.43,1955198,-195.000,-122.000,-34.500,0.7854,1.1546
1239,9.4732,7.0418,1.0365,393216,830.47,9.43,1955198,-195.000,-122.000,-34.500,0.7854,1.1546
1240,9.4801,7.1329,1.0487,393216,830.47,9.43,1955198,-195.000,-122.000,-34.500,0.7854,1.1546
1241,9.4875,6.9203,1.0421,393216,830.47,9.43,1955198,-195.000,-122.000,-34.500,0.7854,1.1546
1242,9.4945,7.3595,1.0864,393216,830.47,9.43,1955198,-195.000,-122.000,-34.500,0.7854,1.1546
1243,9.5022,7.0039,1.0354,393216,830.47,9.43,1955198,-195.000,-122.000,-34.500,0.7854,1.1546
1244,9.5093,7.7651,1.2015,393216,830.47,9.43,1955198,-195.000,-122.000,-34.500,0.7854,1.1546
1245,9.5167,7.0913,1.2171,393216,830.47,9.43,1955198,-195.000,-122.000,-34.500,0.7854,1.1546
1246,9.5236,7.4363,1.0667,393216,830.47,9.43,1955198,-195.000,-122.000,-34.500,0.7854,1.1546
1247,9.5311,6.8408,1.2316,393216,830.47,9.43,1955198,-195.000,-122.000,-34.500,0.7854,1.1546
1248,9.5379,7.5412,1.0796,393216,830.47,9.43,1955198,-195.000,-122.000,-34.500,0.7854,1.1546
1249,9.5450,6.7911,1.1299,393216,830.47,9.43,1955198,-195.000,-122.000,-34.500,0.7854,1.1546
1250,9.5520,7.1101,1.0241,393216,830.47,9.43,1955198,-195.000,-122.000,-34.500,0.7854,1.1546
1251,9.5590,6.9631,1.0707,393216,830.47,9.43,1955198,-195.000,-122.000,-34.500,0.7854,1.1546
1252,9.5664,7.0292,1.1206,393216,830.47,9.43,1955198,-195.000,-122.000,-34.500,0.7854,1.1546
1253,9.5734,7.3912,1.0387,393216,830.47,9.43,1955198,-195.000,-122.000,-34.500,0.7854,1.1546
1254,9.5808,6.9903,1.0651,393216,830.47,9.43,1955198,-195.000,-122.000,-34.500,0.7854,1.1546
1255,9.5879,7.4354,1.0976,393216,830.47,9.43,1955198,-195.000,-122.000,-34.500,0.7854,1.1546
1256,9.5954,7.0607,1.1490,393216,830.47,9.43,1955198,-195.000,-122.000,-34.500,0.7854,1.1546
1257,9.6025,7.4497,1.1226,393216,830.47,9.43,1955198,-195.000,-122.000,-34.500,0.7854,1.1546
1258,9.6097,7.1039,1.1165,393216,830.47,9.43,1955198,-195.000,-122.000,-34.500,0.7854,1.1546
1259,9.6166,7.2489,1.0839,393216,830.47,9.43,1955198,-195.000,-122.000,-34.500,0.7854,1.1546
1260,9.6236,6.9385,1.1024,393216,830.47,9.43,1955198,-195.000,-122.000,-34.500,0.7854,1.1546
1261,9.6309,7.0120,1.0803,393216,830.47,9.43,1955198,-195.000,-122.000,-34.500,0.7854,1.1546
1262,9.6379,7.2477,1.0713,393216,830.47,9.43,1955198,-195.000,-122.000,-34.500,0.7854,1.1546
1263,9.6453,7.0349,1.0606,393216,830.47,9.43,1955198,-195.000,-122.000,-34.500,0.7854,1.1546
1264,9.6523,7.3454,1.1035,393216,830.47,9.43,1955198,-195.000,-122.000,-34.500,0.7854,1.1546
1265,9.6597,6.9892,1.0599,393216,830.47,9.43,1955198,-195.000,-122.000,-34.500,0.7854,1.1546
1266,9.6665,7.4537,1.0805,393216,830.47,9.43,1955198,-195.000,-122.000,-34.500,0.7854,1.1546
1267,9.6741,6.7887,1.1995,393216,830.47,9.43,1955198,-195.000,-122.000,-34.500,0.7854,1.1546
1268,9.6809,7.5498,1.0452,393216,830.47,9.43,1955198,-195.000,-122.000,-34.500,0.7854,1.1546
1269,9.6886,6.8370,1.2382,393216,830.47,9.43,1955198,-195.000,-122.000,-34.500,0.7854,1.1546
1270,9.6955,7.7088,1.0831,393216,830.47,9.43,1955198,-195.000,-122.000,-34.500,0.7854,1.1546
1271,9.7024,6.8556,1.0662,393216,830.47,9.43,1955198,-195.000,-122.000,-34.500,0.7854,1.1546
1272,9.7098,6.9352,1.0601,393216,830.47,9.43,1955198,-195.000,-122.000,-34.500,0.7854,1.1546
1273,9.7171,7.4037,1.2886,393216,830.47,9.43,1955198,-195.000,-122.000,-34.500,0.7854,1.1546
1274,9.7246,7.3060,1.1568,393216,830.47,9.43,1955198,-195.000,-122.000,-34.500,0.7854,1.1546
1275,9.7313,7.4975,1.0742,393216,830.47,9.43,1955198,-195.000,-122.000,-34.500,0.7854,1.1546
1276,9.7391,6.6990,1.1415,393216,830.47,9.43,1955198,-195.000,-122.000,-34.500,0.7854,1.1546
1277,9.7460,7.7472,1.0901,393216,830.47,9.43,1955198,-195.000,-122.000,-34.500,0.7854,1.1546
1278,9.7535,6.9845,1.1175,393216,830.47,9.43,1955198,-195.000,-122.000,-34.500,0.7854,1.1546
1279,9.7604,7.4447,1.0992,393216,830.47,9.43,1955198,-195.000,-122.000,-34.500,0.7854,1.1546
1280,9.7685,6.9587,1.8090,393216,830.47,9.43,1955198,-195.000,-122.000,-34.500,0.7854,1.1546
1281,9.7748,8.0675,1.1197,393216,830.47,9.43,1955198,-195.000,-122.000,-34.500,0.7854,1.1546
1282,9.7814,6.2501,1.0177,393216,830.47,9.43,1955198,-195.000,-122.000,-34.500,0.7854,1.1546
1283,9.7888,6.6604,1.0198,393216,830.47,9.43,1955198,-195.000,-122.000,-34.500,0.7854,1.1546
1284,9.7958,7.4219,1.0509,393216,830.47,9.43,1955198,-195.000,-122.000,-34.500,0.7854,1.1546
1285,9.8035,6.9561,1.1151,393216,830.47,9.43,1955198,-195.000,-122.000,-34.500,0.7854,1.1546
1286,9.8103,7.6970,1.0291,393216,830.47,9.43,1955198,-195.000,-122.000,-34.500,0.7854,1.1546
1287,9.8178,6.8427,0.9908,393216,830.47,9.43,1955198,-195.000,-122.000,-34.500,0.7854,1.1546
1288,9.8248,7.4996,1.0487,393216,830.47,9.43,1955198,-195.000,-122.000,-34.500,0.7854,1.1546
1289,9.8324,6.9710,1.2436,393216,830.47,9.43,1955198,-195.000,-122.000,-34.500,0.7854,1.1546
1290,9.8392,7.6122,1.0417,393216,830.47,9.43,1955198,-195.000,-122.000,-34.500,0.7854,1.1546
1291,9.8467,6.8084,1.0878,393216,830.47,9.43,1955198,-195.000,-122.000,-34.500,0.7854,1.1546
1292,9.8537,7.4848,1.0166,393216,830.47,9.43,1955198,-195.000,-122.000,-34.500,0.7854,1.1546
1293,9.8610,6.9723,1.1387,393216,830.47,9.43,1955198,-195.000,-122.000,-34.500,0.7854,1.1546
1294,9.8683,7.2913,1.0543,393216,830.47,9.43,1955198,-195.000,-122.000,-34.500,0.7854,1.1546
1295,9.8752,7.2965,1.0042,393216,830.47,9.43,1955198,-195.000,-122.000,-34.500,0.7854,1.1546
1296,9.8828,6.9191,1.0922,393216,830.47,9.43,1955198,-195.000,-122.000,-34.500,0.7854,1.1546
1297,9.8897,7.6168,0.9996,393216,830.47,9.43,1955198,-195.000,-122.000,-34.500,0.7854,1.1546
1298,9.8969,6.8802,1.0181,393216,830.47,9.43,1955198,-195.000,-122.000,-34.500,0.7854,1.1546
1299,9.9044,7.2360,1.1191,393216,830.47,9.43,1955198,-195.000,-122.000,-34.500,0.7854,1.1546
1300,9.9119,7.4908,1.0492,393216,830.47,9.43,1955198,-195.000,-122.000,-34.500,0.7854,1.1546
1301,9.9190,7.5298,1.0189,393216,830.47,9.43,1955198,-195.000,-122.000,-34.500,0.7854,1.1546
1302,9.9264,7.0613,1.1263,393216,830.47,9.43,1955198,-195.000,-122.000,-34.500,0.7854,1.1546
1303,9.9333,7.3805,1.0236,393216,830.47,9.43,1955198,-195.000,-122.000,-34.500,0.7854,1.1546
1304,9.9403,6.9448,1.0548,393216,830.47,9.43,1955198,-195.000,-122.000,-34.500,0.7854,1.1546
1305,9.9478,6.9672,1.0745,393216,830.47,9.43,1955198,-195.000,-122.000,-34.500,0.7854,1.1546
1306,9.9547,7.5351,1.0322,393216,830.47,9.43,1955198,-195.000,-122.000,-34.500,0.7854,1.1546
1307,9.9621,6.9025,1.0643,393216,830.47,9.43,1955198,-195.000,-122.000,-34.500,0.7854,1.1546
1308,9.9692,7.3773,1.0637,393216,830.47,9.43,1955198,-195.000,-122.000,-34.500,0.7854,1.1546
1309,9.9767,7.1186,1.0495,393216,830.47,9.43,1955198,-195.000,-122.000,-34.500,0.7854,1.1546
1310,9.9838,7.4754,1.1981,393216,830.47,9.43,1955198,-195.000,-122.000,-34.500,0.7854,1.1546
1311,9.9913,7.1047,1.1555,393216,830.47,9.43,1955198,-195.000,-122.000,-34.500,0.7854,1.1546
1312,9.9980,7.4703,1.0008,393216,830.47,9.43,1955198,-195.000,-122.000,-34.500,0.7854,1.1546
1313,10.0055,6.6950,1.0837,393216,830.47,9.43,1955198,-195.000,-122.000,-34.500,0.7854,1.1546
1314,10.0123,7.5536,1.0412,393216,830.47,9.43,1955198,-195.000,-122.000,-34.500,0.7854,1.1546
1315,10.0192,6.7469,1.0327,393216,830.47,9.43,1955198,-195.000,-122.000,-34.500,0.7854,1.1546
1316,10.0266,6.9421,1.0326,393216,830.47,9.43,1955198,-195.000,-122.000,-34.500,0.7854,1.1546
1317,10.0338,7.4086,1.1817,393216,830.47,9.43,1955198,-195.000,-122.000,-34.500,0.7854,1.1546
1318,10.0414,7.1497,1.1211,393216,830.47,9.43,1955198,-195.000,-122.000,-34.500,0.7854,1.1546
1319,10.0481,7.5767,0.9885,393216,830.47,9.43,1955198,-195.000,-122.000,-34.500,0.7854,1.1546
1320,10.0558,6.8922,1.1328,393216,830.47,9.43,1955198,-195.000,-122.000,-34.500,0.7854,1.1546
1321,10.0627,7.5370,1.0183,393216,830.47,9.43,1955198,-195.000,-122.000,-34.500,0.7854,1.1546
1322,10.0702,6.8936,1.0885,393216,830.47,9.43,1955198,-195.000,-122.000,-34.500,0.7854,1.1546
1323,10.0772,7.5357,1.0947,393216,830.47,9.43,1955198,-195.000,-122.000,-34.500,0.7854,1.1546
1324,10.0846,6.9386,1.1552,393216,830.47,9.43,1955198,-195.000,-122.000,-34.500,0.7854,1.1546
1325,10.0916,7.4972,1.1659,393216,830.47,9.43,1955198,-195.000,-122.000,-34.500,0.7854,1.1546
1326,10.0985,6.9918,1.0382,393216,830.47,9.43,1955198,-195.000,-122.000,-34.500,0.7854,1.1546
1327,10.1057,6.8792,1.0228,393216,830.47,9.43,1955198,-195.000,-122.000,-34.500,0.7854,1.1546
1328,10.1131,7.2207,1.0586,393216,830.47,9.43,1955198,-195.000,-122.000,-34.500,0.7854,1.1546
1329,10.1206,7.3390,1.0458,393216,830.47,9.43,1955198,-195.000,-122.000,-34.500,0.7854,1.1546
1330,10.1277,7.4838,1.0375,393216,830.47,9.43,1955198,-195.000,-122.000,-34.500,0.7854,1.1546
1331,10.1351,7.1076,1.0137,393216,830.47,9.43,1955198,-195.000,-122.000,-34.500,0.7854,1.1546
1332,10.1423,7.4126,1.1700,393216,830.47,9.43,1955198,-195.000,-122.000,-34.500,0.7854,1.1546
1333,10.1497,7.2655,1.0915,393216,830.47,9.43,1955198,-195.000,-122.000,-34.500,0.7854,1.1546
1334,10.1567,7.3715,0.9848,393216,830.47,9.43,1955198,-195.000,-122.000,-34.500,0.7854,1.1546
1335,10.1643,6.9886,1.1400,393216,830.47,9.43,1955198,-195.000,-122.000,-34.500,0.7854,1.1546
1336,10.1715,7.5797,1.0485,393216,830.47,9.43,1955198,-195.000,-122.000,-34.500,0.7854,1.1546
1337,10.1787,7.2899,1.1875,393216,830.47,9.43,1955198,-195.000,-122.000,-34.500,0.7854,1.1546
1338,10.1859,7.0791,1.0796,393216,830.47,9.43,1955198,-195.000,-122.000,-34.500,0.7854,1.1546
1339,10.1929,7.2255,1.0149,393216,830.47,9.43,1955198,-195.000,-122.000,-34.500,0.7854,1.1546
1340,10.2013,7.0256,1.8543,393216,830.47,9.43,1955198,-195.000,-122.000,-34.500,0.7854,1.1546
1341,10.2075,8.3692,1.1946,393216,830.47,9.43,1955198,-195.000,-122.000,-34.500,0.7854,1.1546
1342,10.2149,6.2647,1.0301,393216,830.47,9.43,1955198,-195.000,-122.000,-34.500,0.7854,1.1546
1343,10.2223,7.3853,1.0730,393216,830.47,9.43,1955198,-195.000,-122.000,-34.500,0.7854,1.1546
1344,10.2300,7.4064,1.3234,393216,830.47,9.43,1955198,-195.000,-122.000,-34.500,0.7854,1.1546
1345,10.2369,7.7036,1.0743,393216,830.47,9.43,1955198,-195.000,-122.000,-34.500,0.7854,1.1546
1346,10.2444,6.8373,1.2320,393216,830.47,9.43,1955198,-195.000,-122.000,-34.500,0.7854,1.1546
1347,10.2512,7.4993,1.1015,393216,830.47,9.43,1955198,-195.000,-122.000,-34.500,0.7854,1.1546
1348,10.2581,6.8495,1.0521,393216,830.47,9.43,1955198,-195.000,-122.000,-34.500,0.7854,1.1546
1349,10.2654,6.9001,1.0354,393216,830.47,9.43,1955198,-195.000,-122.000,-34.500,0.7854,1.1546
1350,10.2725,7.3013,1.0384,393216,830.47,9.43,1955198,-195.000,-122.000,-34.500,0.7854,1.1546
1351,10.2799,7.0682,1.0275,393216,830.47,9.43,1955198,-195.000,-122.000,-34.500,0.7854,1.1546
1352,10.2869,7.4329,1.0714,393216,830.47,9.43,1955198,-195.000,-122.000,-34.500,0.7854,1.1546
1353,10.2949,6.9310,1.4389,393216,830.47,9.43,1955198,-195.000,-122.000,-34.500,0.7854,1.1546
1354,10.3016,8.0238,1.0590,393216,830.47,9.43,1955198,-195.000,-122.000,-34.500,0.7854,1.1546
1355,10.3095,6.6861,1.5132,393216,830.47,9.43,1955198,-195.000,-122.000,-34.500,0.7854,1.1546
1356,10.3160,7.9415,1.0497,393216,830.47,9.43,1955198,-195.000,-122.000,-34.500,0.7854,1.1546
1357,10.3239,6.5365,1.3424,393216,830.47,9.43,1955198,-195.000,-122.000,-34.500,0.7854,1.1546
1358,10.3306,7.8088,1.0340,393216,830.47,9.43,1955198,-195.000,-122.000,-34.500,0.7854,1.1546
1359,10.3377,6.7132,1.0844,393216,830.47,9.43,1955198,-195.000,-122.000,-34.500,0.7854,1.1546
1360,10.3450,7.1022,1.0367,393216,830.47,9.43,1955198,-195.000,-122.000,-34.500,0.7854,1.1546
1361,10.3519,7.3112,1.0371,393216,830.47,9.43,1955198,-195.000,-122.000,-34.500,0.7854,1.1546
1362,10.3593,6.9612,1.1454,393216,830.47,9.43,1955198,-195.000,-122.000,-34.500,0.7854,1.1546
1363,10.3661,7.3169,1.0689,393216,830.47,9.43,1955198,-195.000,-122.000,-34.500,0.7854,1.1546
1364,10.3735,6.8722,1.0247,393216,830.47,9.43,1955198,-195.000,-122.000,-34.500,0.7854,1.1546
1365,10.3807,7.4093,1.0710,393216,830.47,9.43,1955198,-195.000,-122.000,-34.500,0.7854,1.1546
1366,10.3882,7.1478,1.0811,393216,830.47,9.43,1955198,-195.000,-122.000,-34.500,0.7854,1.1546
1367,10.3951,7.4627,1.0516,393216,830.47,9.43,1955198,-195.000,-122.000,-34.500,0.7854,1.1546
1368,10.4027,6.9894,1.2042,393216,830.47,9.43,1955198,-195.000,-122.000,-34.500,0.7854,1.1546
1369,10.4095,7.5860,1.0541,393216,830.47,9.43,1955198,-195.000,-122.000,-34.500,0.7854,1.1546
1370,10.4165,6.7654,1.1250,393216,830.47,9.43,1955198,-195.000,-122.000,-34.500,0.7854,1.1546
1371,10.4244,7.0614,1.2470,393216,830.47,9.43,1955198,-195.000,-122.000,-34.500,0.7854,1.1546
1372,10.4312,7.8855,1.1124,393216,830.47,9.43,1955198,-195.000,-122.000,-34.500,0.7854,1.1546
1373,10.4383,6.7581,1.0157,393216,830.47,9.43,1955198,-195.000,-122.000,-34.500,0.7854,1.1546
1374,10.4453,7.0567,1.0904,393216,830.47,9.43,1955198,-195.000,-122.000,-34.500,0.7854,1.1546
1375,10.4528,7.0273,1.0647,393216,830.47,9.43,1955198,-195.000,-122.000,-34.500,0.7854,1.1546
1376,10.4598,7.4733,1.0914,393216,830.47,9.43,1955198,-195.000,-122.000,-34.500,0.7854,1.1546
1377,10.4673,7.0029,1.1737,393216,830.47,9.43,1955198,-195.000,-122.000,-34.500,0.7854,1.1546
1378,10.4740,7.5218,1.1015,393216,830.47,9.43,1955198,-195.000,-122.000,-34.500,0.7854,1.1546
1379,10.4814,6.7038,1.1253,393216,830.47,9.43,1955198,-195.000,-122.000,-34.500,0.7854,1.1546
1380,10.4884,7.4547,1.0788,393216,830.47,9.43,1955198,-195.000,-122.000,-34.500,0.7854,1.1546
1381,10.4954,6.9188,1.1528,393216,830.47,9.43,1955198,-195.000,-122.000,-34.500,0.7854,1.1546
1382,10.5027,7.0485,1.0664,393216,830.47,9.43,1955198,-195.000,-122.000,-34.500,0.7854,1.1546
1383,10.5098,7.2850,1.1893,393216,830.47,9.43,1955198,-195.000,-122.000,-34.500,0.7854,1.1546
1384,10.5171,7.1666,1.0933,393216,830.47,9.43,1955198,-195.000,-122.000,-34.500,0.7854,1.1546
1385,10.5245,7.2110,1.1625,393216,830.47,9.43,1955198,-195.000,-122.000,-34.500,0.7854,1.1546
1386,10.5319,7.4111,1.2084,393216,830.47,9.43,1955198,-195.000,-122.000,-34.500,0.7854,1.1546
1387,10.5386,7.4174,1.0621,393216,830.47,9.43,1955198,-195.000,-122.000,-34.500,0.7854,1.1546
1388,10.5460,6.6725,1.0893,393216,830.47,9.43,1955198,-195.000,-122.000,-34.500,0.7854,1.1546
1389,10.5531,7.4634,1.1255,393216,830.47,9.43,1955198,-195.000,-122.000,-34.500,0.7854,1.1546
1390,10.5606,7.0802,1.1444,393216,830.47,9.43,1955198,-195.000,-122.000,-34.500,0.7854,1.1546
1391,10.5676,7.4496,1.0946,393216,830.47,9.43,1955198,-195.000,-122.000,-34.500,0.7854,1.1546
1392,10.5749,7.0618,1.2623,393216,830.47,9.43,1955198,-195.000,-122.000,-34.500,0.7854,1.1546
1393,10.5819,7.2459,1.0493,393216,830.47,9.43,1955198,-195.000,-122.000,-34.500,0.7854,1.1546
1394,10.5886,7.0098,1.0157,393216,830.47,9.43,1955198,-195.000,-122.000,-34.500,0.7854,1.1546
1395,10.5961,6.7278,1.0695,393216,830.47,9.43,1955198,-195.000,-122.000,-34.500,0.7854,1.1546
1396,10.6032,7.4964,1.0545,393216,830.47,9.43,1955198,-195.000,-122.000,-34.500,0.7854,1.1546
1397,10.6106,7.0666,1.0226,393216,830.47,9.43,1955198,-195.000,-122.000,-34.500,0.7854,1.1546
1398,10.6178,7.4646,1.1649,393216,830.47,9.43,1955198,-195.000,-122.000,-34.500,0.7854,1.1546
1399,10.6254,7.1751,1.2481,393216,830.47,9.43,1955198,-195.000,-122.000,-34.500,0.7854,1.1546
1400,10.6325,7.6347,1.1220,393216,830.47,9.43,1955198,-195.000,-122.000,-34.500,0.7854,1.1546
1401,10.6399,7.0590,1.0987,393216,830.47,9.43,1955198,-195.000,-122.000,-34.500,0.7854,1.1546
1402,10.6470,7.3791,1.0160,393216,830.47,9.43,1955198,-195.000,-122.000,-34.500,0.7854,1.1546
1403,10.6542,7.0700,1.1124,393216,830.47,9.43,1955198,-195.000,-122.000,-34.500,0.7854,1.1546
1404,10.6617,7.2912,1.0814,393216,830.47,9.43,1955198,-195.000,-122.000,-34.500,0.7854,1.1546
1405,10.6686,7.4127,1.0744,393216,830.47,9.43,1955198,-195.000,-122.000,-34.500,0.7854,1.1546
1406,10.6761,6.9606,1.0628,393216,830.47,9.43,1955198,-195.000,-122.000,-34.500,0.7854,1.1546
1407,10.6830,7.4267,1.0542,393216,830.47,9.43,1955198,-195.000,-122.000,-34.500,0.7854,1.1546
1408,10.6907,6.9732,1.1414,393216,830.47,9.43,1955198,-195.000,-122.000,-34.500,0.7854,1.1546
1409,10.6976,7.6603,1.1410,393216,830.47,9.43,1955198,-195.000,-122.000,-34.500,0.7854,1.1546
1410,10.7047,6.8889,1.0905,393216,830.47,9.43,1955198,-195.000,-122.000,-34.500,0.7854,1.1546
1411,10.7118,7.1645,1.1009,393216,830.47,9.43,1955198,-195.000,-122.000,-34.500,0.7854,1.1546
1412,10.7193,7.0475,1.1508,393216,830.47,9.43,1955198,-195.000,-122.000,-34.500,0.7854,1.1546
1413,10.7262,7.4972,1.1128,393216,830.47,9.43,1955198,-195.000,-122.000,-34.500,0.7854,1.1546
1414,10.7333,6.8804,1.2369,393216,830.47,9.43,1955198,-195.000,-122.000,-34.500,0.7854,1.1546
1415,10.7405,7.1024,1.1771,393216,830.47,9.43,1955198,-195.000,-122.000,-34.500,0.7854,1.1546
1416,10.7478,7.2498,1.0965,393216,830.47,9.43,1955198,-195.000,-122.000,-34.500,0.7854,1.1546
1417,10.7547,7.2892,1.0769,393216,830.47,9.43,1955198,-195.000,-122.000,-34.500,0.7854,1.1546
1418,10.7617,6.9271,1.1299,393216,830.47,9.43,1955198,-195.000,-122.000,-34.500,0.7854,1.1546
1419,10.7692,7.0382,1.1840,393216,830.47,9.43,1955198,-195.000,-122.000,-34.500,0.7854,1.1546
1420,10.7761,7.3878,1.0791,393216,830.47,9.43,1955198,-195.000,-122.000,-34.500,0.7854,1.1546
1421,10.7837,6.9422,1.1395,393216,830.47,9.43,1955198,-195.000,-122.000,-34.500,0.7854,1.1546
1422,10.7908,7.6528,1.1567,393216,830.47,9.43,1955198,-195.000,-122.000,-34.500,0.7854,1.1546
1423,10.7982,7.0356,1.1235,393216,830.47,9.43,1955198,-195.000,-122.000,-34.500,0.7854,1.1546
1424,10.8052,7.4693,1.0555,393216,830.47,9.43,1955198,-195.000,-122.000,-34.500,0.7854,1.1546
1425,10.8122,6.9557,1.1710,393216,830.47,9.43,1955198,-195.000,-122.000,-34.500,0.7854,1.1546
1426,10.8193,6.9726,1.1498,393216,830.47,9.43,1955198,-195.000,-122.000,-34.500,0.7854,1.1546
1427,10.8265,7.1411,1.0184,393216,830.47,9.43,1955198,-195.000,-122.000,-34.500,0.7854,1.1546
1428,10.8341,7.1611,1.2339,393216,830.47,9.43,1955198,-195.000,-122.000,-34.500,0.7854,1.1546
1429,10.8413,7.6307,1.1830,393216,830.47,9.43,1955198,-195.000,-122.000,-34.500,0.7854,1.1546
1430,10.8491,7.1380,1.0874,393216,830.47,9.43,1955198,-195.000,-122.000,-34.500,0.7854,1.1546
1431,10.8558,7.9243,1.1313,393216,830.47,9.43,1955198,-195.000,-122.000,-34.500,0.7854,1.1546
1432,10.8632,6.6657,1.0512,393216,830.47,9.43,1955198,-195.000,-122.000,-34.500,0.7854,1.1546
1433,10.8702,7.3193,1.0293,393216,830.47,9.43,1955198,-195.000,-122.000,-34.500,0.7854,1.1546
1434,10.8778,7.0783,1.1644,393216,830.47,9.43,1955198,-195.000,-122.000,-34.500,0.7854,1.1546
1435,10.8848,7.5481,1.0616,393216,830.47,9.43,1955198,-195.000,-122.000,-34.500,0.7854,1.1546
1436,10.8924,6.9815,1.1672,393216,830.47,9.43,1955198,-195.000,-122.000,-34.500,0.7854,1.1546
1437,10.8993,7.6337,1.0937,393216,830.47,9.43,1955198,-195.000,-122.000,-34.500,0.7854,1.1546
1438,10.9069,6.8796,1.0500,393216,830.47,9.43,1955198,-195.000,-122.000,-34.500,0.7854,1.1546
1439,10.9136,7.5871,1.1092,393216,830.47,9.43,1955198,-195.000,-122.000,-34.500,0.7854,1.1546
1440,10.9206,6.7696,1.0974,393216,830.47,9.43,1955198,-195.000,-122.000,-34.500,0.7854,1.1546
1441,10.9280,6.9466,1.0878,393216,830.47,9.43,1955198,-195.000,-122.000,-34.500,0.7854,1.1546
1442,10.9348,7.4487,1.0535,393216,830.47,9.43,1955198,-195.000,-122.000,-34.500,0.7854,1.1546
1443,10.9422,6.7139,1.0974,393216,830.47,9.43,1955198,-195.000,-122.000,-34.500,0.7854,1.1546
1444,10.9490,7.4335,1.0312,393216,830.47,9.43,1955198,-195.000,-122.000,-34.500,0.7854,1.1546
1445,10.9565,6.8620,1.1255,393216,830.47,9.43,1955198,-195.000,-122.000,-34.500,0.7854,1.1546
1446,10.9639,7.4982,1.0907,393216,830.47,9.43,1955198,-195.000,-122.000,-34.500,0.7854,1.1546
1447,10.9713,7.3647,1.2669,393216,830.47,9.43,1955198,-195.000,-122.000,-34.500,0.7854,1.1546
1448,10.9782,7.4284,1.1712,393216,830.47,9.43,1955198,-195.000,-122.000,-34.500,0.7854,1.1546
1449,10.9851,6.8232,1.0761,393216,830.47,9.43,1955198,-195.000,-122.000,-34.500,0.7854,1.1546
1450,10.9925,6.9169,1.0966,393216,830.47,9.43,1955198,-195.000,-122.000,-34.500,0.7854,1.1546
1451,10.9994,7.4327,1.0754,393216,830.47,9.43,1955198,-195.000,-122.000,-34.500,0.7854,1.1546
1452,11.0069,6.8662,1.0990,393216,830.47,9.43,1955198,-195.000,-122.000,-34.500,0.7854,1.1546
1453,11.0138,7.4970,1.0564,393216,830.47,9.43,1955198,-195.000,-122.000,-34.500,0.7854,1.1546
1454,11.0212,6.8839,1.0261,393216,830.47,9.43,1955198,-195.000,-122.000,-34.500,0.7854,1.1546
1455,11.0282,7.4093,1.1139,393216,830.47,9.43,1955198,-195.000,-122.000,-34.500,0.7854,1.1546
1456,11.0363,7.0434,1.2302,393216,830.47,9.43,1955198,-195.000,-122.000,-34.500,0.7854,1.1546
1457,11.0428,8.0753,1.0702,393216,830.47,9.43,1955198,-195.000,-122.000,-34.500,0.7854,1.1546
1458,11.0498,6.5044,1.1950,393216,830.47,9.43,1955198,-195.000,-122.000,-34.500,0.7854,1.1546
1459,11.0570,6.9693,1.1051,393216,830.47,9.43,1955198,-195.000,-122.000,-34.500,0.7854,1.1546
1460,11.0639,7.2302,1.0263,393216,830.47,9.43,1955198,-195.000,-122.000,-34.500,0.7854,1.1546
1461,11.0712,6.9285,1.0661,393216,830.47,9.43,1955198,-195.000,-122.000,-34.500,0.7854,1.1546
1462,11.0782,7.3218,1.0455,393216,830.47,9.43,1955198,-195.000,-122.000,-34.500,0.7854,1.1546
1463,11.0856,6.9894,1.0426,393216,830.47,9.43,1955198,-195.000,-122.000,-34.500,0.7854,1.1546
1464,11.0929,7.3366,1.0734,393216,830.47,9.43,1955198,-195.000,-122.000,-34.500,0.7854,1.1546
1465,11.1003,7.2839,1.0941,393216,830.47,9.43,1955198,-195.000,-122.000,-34.500,0.7854,1.1546
1466,11.1074,7.4935,1.0967,393216,830.47,9.43,1955198,-195.000,-122.000,-34.500,0.7854,1.1546
1467,11.1151,7.0495,1.3129,393216,830.47,9.43,1955198,-195.000,-122.000,-34.500,0.7854,1.1546
1468,11.1219,7.6799,1.0983,393216,830.47,9.43,1955198,-195.000,-122.000,-34.500,0.7854,1.1546
1469,11.1289,6.8288,1.1416,393216,830.47,9.43,1955198,-195.000,-122.000,-34.500,0.7854,1.1546
1470,11.1364,6.9954,1.0471,393216,830.47,9.43,1955198,-195.000,-122.000,-34.500,0.7854,1.1546
1471,11.1437,7.4783,0.9665,393216,830.47,9.43,1955198,-195.000,-122.000,-34.500,0.7854,1.1546
1472,11.1511,7.2727,1.0011,393216,830.47,9.43,1955198,-195.000,-122.000,-34.500,0.7854,1.1546
1473,11.1582,7.4041,1.0217,393216,830.47,9.43,1955198,-195.000,-122.000,-34.500,0.7854,1.1546
1474,11.1656,7.1044,1.1922,393216,830.47,9.43,1955198,-195.000,-122.000,-34.500,0.7854,1.1546
1475,11.1724,7.4933,1.0182,393216,830.47,9.43,1955198,-195.000,-122.000,-34.500,0.7854,1.1546
1476,11.1801,6.7494,1.0886,393216,830.47,9.43,1955198,-195.000,-122.000,-34.500,0.7854,1.1546
1477,11.1872,7.7209,1.0606,393216,830.47,9.43,1955198,-195.000,-122.000,-34.500,0.7854,1.1546
1478,11.1947,7.0339,1.1122,393216,830.47,9.43,1955198,-195.000,-122.000,-34.500,0.7854,1.1546
1479,11.2019,7.5320,1.0896,393216,830.47,9.43,1955198,-195.000,-122.000,-34.500,0.7854,1.1546
1480,11.2094,7.2027,1.1856,393216,830.47,9.43,1955198,-195.000,-122.000,-34.500,0.7854,1.1546
1481,11.2167,7.5507,1.1296,393216,830.47,9.43,1955198,-195.000,-122.000,-34.500,0.7854,1.1546
1482,11.2239,7.2925,1.2566,393216,830.47,9.43,1955198,-195.000,-122.000,-34.500,0.7854,1.1546
1483,11.2309,7.2134,1.0405,393216,830.47,9.43,1955198,-195.000,-122.000,-34.500,0.7854,1.1546
1484,11.2378,6.9714,1.0397,393216,830.47,9.43,1955198,-195.000,-122.000,-34.500,0.7854,1.1546
1485,11.2453,6.9234,1.1368,393216,830.47,9.43,1955198,-195.000,-122.000,-34.500,0.7854,1.1546
1486,11.2524,7.4945,1.0517,393216,830.47,9.43,1955198,-195.000,-122.000,-34.500,0.7854,1.1546
1487,11.2598,7.1032,1.0144,393216,830.47,9.43,1955198,-195.000,-122.000,-34.500,0.7854,1.1546
1488,11.2670,7.3784,1.1777,393216,830.47,9.43,1955198,-195.000,-122.000,-34.500,0.7854,1.1546
1489,11.2744,7.1870,1.1603,393216,830.47,9.43,1955198,-195.000,-122.000,-34.500,0.7854,1.1546
1490,11.2811,7.4232,1.0219,393216,830.47,9.43,1955198,-195.000,-122.000,-34.500,0.7854,1.1546
1491,11.2886,6.6325,1.1612,393216,830.47,9.43,1955198,-195.000,-122.000,-34.500,0.7854,1.1546
1492,11.2955,7.5862,1.0625,393216,830.47,9.43,1955198,-195.000,-122.000,-34.500,0.7854,1.1546
1493,11.3026,6.8594,1.0842,393216,830.47,9.43,1955198,-195.000,-122.000,-34.500,0.7854,1.1546
1494,11.3100,7.1340,1.0821,393216,830.47,9.43,1955198,-195.000,-122.000,-34.500,0.7854,1.1546
1495,11.3170,7.3676,1.1858,393216,830.47,9.43,1955198,-195.000,-122.000,-34.500,0.7854,1.1546
1496,11.3244,7.0301,1.1729,393216,830.47,9.43,1955198,-195.000,-122.000,-34.500,0.7854,1.1546
1497,11.3315,7.3628,1.1380,393216,830.47,9.43,1955198,-195.000,-122.000,-34.500,0.7854,1.1546
1498,11.3389,7.2177,1.0634,393216,830.47,9.43,1955198,-195.000,-122.000,-34.500,0.7854,1.1546
1499,11.3461,7.3021,1.0671,393216,830.47,9.43,1955198,-195.000,-122.000,-34.500,0.7854,1.1546
1500,11.3534,7.1503,1.0455,393216,830.47,9.43,1955198,-195.000,-122.000,-34.500,0.7854,1.1546
1501,11.3604,7.3388,1.0488,393216,830.47,9.43,1955198,-195.000,-122.000,-34.500,0.7854,1.1546
1502,11.3679,6.9620,1.0943,393216,830.47,9.43,1955198,-195.000,-122.000,-34.500,0.7854,1.1546
1503,11.3750,7.5575,1.3045,393216,830.47,9.43,1955198,-195.000,-122.000,-34.500,0.7854,1.1546
1504,11.3818,7.0475,1.1210,393216,830.47,9.43,1955198,-195.000,-122.000,-34.500,0.7854,1.1546
1505,11.3889,6.7823,1.0717,393216,830.47,9.43,1955198,-195.000,-122.000,-34.500,0.7854,1.1546
1506,11.3958,7.1969,1.1490,393216,830.47,9.43,1955198,-195.000,-122.000,-34.500,0.7854,1.1546
1507,11.4032,6.8018,1.0897,393216,830.47,9.43,1955198,-195.000,-122.000,-34.500,0.7854,1.1546
1508,11.4103,7.4634,1.1612,393216,830.47,9.43,1955198,-195.000,-122.000,-34.500,0.7854,1.1546
1509,11.4176,7.0480,1.0440,393216,830.47,9.43,1955198,-195.000,-122.000,-34.500,0.7854,1.1546
1510,11.4251,7.3590,1.1776,393216,830.47,9.43,1955198,-195.000,-122.000,-34.500,0.7854,1.1546
1511,11.4324,7.4331,1.1269,393216,830.47,9.43,1955198,-195.000,-122.000,-34.500,0.7854,1.1546
1512,11.4392,7.4250,1.0705,393216,830.47,9.43,1955198,-195.000,-122.000,-34.500,0.7854,1.1546
1513,11.4471,6.6966,1.3467,393216,830.47,9.43,1955198,-195.000,-122.000,-34.500,0.7854,1.1546
1514,11.4539,7.9686,1.0635,393216,830.47,9.43,1955198,-195.000,-122.000,-34.500,0.7854,1.1546
1515,11.4610,6.7728,1.1919,393216,830.47,9.43,1955198,-195.000,-122.000,-34.500,0.7854,1.1546
1516,11.4683,7.1136,1.0957,393216,830.47,9.43,1955198,-195.000,-122.000,-34.500,0.7854,1.1546
1517,11.4753,7.2743,1.0938,393216,830.47,9.43,1955198,-195.000,-122.000,-34.500,0.7854,1.1546
1518,11.4829,6.9738,1.3087,393216,830.47,9.43,1955198,-195.000,-122.000,-34.500,0.7854,1.1546
1519,11.4898,7.6255,1.1022,393216,830.47,9.43,1955198,-195.000,-122.000,-34.500,0.7854,1.1546
1520,11.4971,6.8646,1.0858,393216,830.47,9.43,1955198,-195.000,-122.000,-34.500,0.7854,1.1546
1521,11.5042,7.3769,1.1385,393216,830.47,9.43,1955198,-195.000,-122.000,-34.500,0.7854,1.1546
1522,11.5116,7.0958,1.1302,393216,830.47,9.43,1955198,-195.000,-122.000,-34.500,0.7854,1.1546
1523,11.5185,7.3602,1.0553,393216,830.47,9.43,1955198,-195.000,-122.000,-34.500,0.7854,1.1546
1524,11.5260,6.8804,1.2099,393216,830.47,9.43,1955198,-195.000,-122.000,-34.500,0.7854,1.1546
1525,11.5330,7.5014,1.1555,393216,830.47,9.43,1955198,-195.000,-122.000,-34.500,0.7854,1.1546
1526,11.5402,6.9630,1.2614,393216,830.47,9.43,1955198,-195.000,-122.000,-34.500,0.7854,1.1546
1527,11.5474,7.2237,1.1259,393216,830.47,9.43,1955198,-195.000,-122.000,-34.500,0.7854,1.1546
1528,11.5545,7.2133,1.1027,393216,830.47,9.43,1955198,-195.000,-122.000,-34.500,0.7854,1.1546
1529,11.5618,7.0847,1.0708,393216,830.47,9.43,1955198,-195.000,-122.000,-34.500,0.7854,1.1546
1530,11.5689,7.3238,1.1403,393216,830.47,9.43,1955198,-195.000,-122.000,-34.500,0.7854,1.1546
1531,11.5764,7.1464,0.9413,393216,830.47,9.43,1955198,-195.000,-122.000,-34.500,0.7854,1.1546
1532,11.5834,7.4549,0.9603,393216,830.47,9.43,1955198,-195.000,-122.000,-34.500,0.7854,1.1546
1533,11.5910,7.0361,1.1532,393216,830.47,9.43,1955198,-195.000,-122.000,-34.500,0.7854,1.1546
1534,11.5978,7.5860,0.9063,393216,830.47,9.43,1955198,-195.000,-122.000,-34.500,0.7854,1.1546
1535,11.6053,6.7939,1.0791,393216,830.47,9.43,1955198,-195.000,-122.000,-34.500,0.7854,1.1546
1536,11.6122,7.4881,0.9694,393216,830.47,9.43,1955198,-195.000,-122.000,-34.500,0.7854,1.1546
1537,11.6192,6.8702,1.0214,393216,830.47,9.43,1955198,-195.000,-122.000,-34.500,0.7854,1.1546
1538,11.6264,7.0377,0.9470,393216,830.47,9.43,1955198,-195.000,-122.000,-34.500,0.7854,1.1546
1539,11.6335,7.1409,1.2669,393216,830.47,9.43,1955198,-195.000,-122.000,-34.500,0.7854,1.1546
1540,11.6407,7.1825,1.1232,393216,830.47,9.43,1955198,-195.000,-122.000,-34.500,0.7854,1.1546
1541,11.6475,7.2005,0.9250,393216,830.47,9.43,1955198,-195.000,-122.000,-34.500,0.7854,1.1546
1542,11.6550,6.7286,1.0475,393216,830.47,9.43,1955198,-195.000,-122.000,-34.500,0.7854,1.1546
1543,11.6619,7.4857,0.9742,393216,830.47,9.43,1955198,-195.000,-122.000,-34.500,0.7854,1.1546
1544,11.6692,6.9159,0.9347,393216,830.47,9.43,1955198,-195.000,-122.000,-34.500,0.7854,1.1546
1545,11.6765,7.3267,1.0709,393216,830.47,9.43,1955198,-195.000,-122.000,-34.500,0.7854,1.1546
1546,11.6834,7.2657,0.9124,393216,830.47,9.43,1955198,-195.000,-122.000,-34.500,0.7854,1.1546
1547,11.6902,6.8834,0.8501,393216,830.47,9.43,1955198,-195.000,-122.000,-34.500,0.7854,1.1546
1548,11.6972,6.8272,0.9268,393216,830.47,9.43,1955198,-195.000,-122.000,-34.500,0.7854,1.1546
1549,11.7047,7.0171,0.9195,393216,830.47,9.43,1955198,-195.000,-122.000,-34.500,0.7854,1.1546
1550,11.7117,7.5020,0.9477,393216,830.47,9.43,1955198,-195.000,-122.000,-34.500,0.7854,1.1546
1551,11.7189,7.0425,0.9230,393216,830.47,9.43,1955198,-195.000,-122.000,-34.500,0.7854,1.1546
1552,11.7258,7.1823,0.8902,393216,830.47,9.43,1955198,-195.000,-122.000,-34.500,0.7854,1.1546
1553,11.7334,6.9153,0.9414,393216,830.47,9.43,1955198,-195.000,-122.000,-34.500,0.7854,1.1546
1554,11.7403,7.5843,0.9884,393216,830.47,9.43,1955198,-195.000,-122.000,-34.500,0.7854,1.1546
1555,11.7478,6.8747,0.9849,393216,830.47,9.43,1955198,-195.000,-122.000,-34.500,0.7854,1.1546
1556,11.7549,7.5215,1.0385,393216,830.47,9.43,1955198,-195.000,-122.000,-34.500,0.7854,1.1546
1557,11.7625,7.0576,0.9689,393216,830.47,9.43,1955198,-195.000,-122.000,-34.500,0.7854,1.1546
1558,11.7701,7.5816,0.9097,393216,830.47,9.43,1955198,-195.000,-122.000,-34.500,0.7854,1.1546
1559,11.7767,7.6554,1.0469,393216,830.47,9.43,1955198,-195.000,-122.000,-34.500,0.7854,1.1546
1560,11.7838,6.5714,0.9055,393216,830.47,9.43,1955198,-195.000,-122.000,-34.500,0.7854,1.1546
1561,11.7910,7.1312,1.0646,393216,830.47,9.43,1955198,-195.000,-122.000,-34.500,0.7854,1.1546
1562,11.7983,7.2126,0.9289,393216,830.47,9.43,1955198,-195.000,-122.000,-34.500,0.7854,1.1546
1563,11.8052,7.3227,0.9387,393216,830.47,9.43,1955198,-195.000,-122.000,-34.500,0.7854,1.1546
1564,11.8127,6.8919,0.9252,393216,830.47,9.43,1955198,-195.000,-122.000,-34.500,0.7854,1.1546
1565,11.8201,7.4637,0.9413,393216,830.47,9.43,1955198,-195.000,-122.000,-34.500,0.7854,1.1546
1566,11.8270,7.3657,0.9457,393216,830.47,9.43,1955198,-195.000,-122.000,-34.500,0.7854,1.1546
1567,11.8340,6.9259,0.9659,393216,830.47,9.43,1955198,-195.000,-122.000,-34.500,0.7854,1.1546
1568,11.8421,6.9688,1.5441,393216,830.47,9.43,1955198,-195.000,-122.000,-34.500,0.7854,1.1546
1569,11.8482,8.1119,0.8398,393216,830.47,9.43,1955198,-195.000,-122.000,-34.500,0.7854,1.1546
1570,11.8550,6.1112,0.9082,393216,830.47,9.43,1955198,-195.000,-122.000,-34.500,0.7854,1.1546
1571,11.8624,6.7784,0.9993,393216,830.47,9.43,1955198,-195.000,-122.000,-34.500,0.7854,1.1546
1572,11.8692,7.4005,0.9192,393216,830.47,9.43,1955198,-195.000,-122.000,-34.500,0.7854,1.1546
1573,11.8767,6.8742,0.9754,393216,830.47,9.43,1955198,-195.000,-122.000,-34.500,0.7854,1.1546
1574,11.8838,7.4944,0.9361,393216,830.47,9.43,1955198,-195.000,-122.000,-34.500,0.7854,1.1546
1575,11.8917,7.0263,1.2429,393216,830.47,9.43,1955198,-195.000,-122.000,-34.500,0.7854,1.1546
1576,11.8987,7.9018,1.2994,393216,830.47,9.43,1955198,-195.000,-122.000,-34.500,0.7854,1.1546
1577,11.9056,7.0187,0.9322,393216,830.47,9.43,1955198,-195.000,-122.000,-34.500,0.7854,1.1546
1578,11.9126,6.9023,0.9615,393216,830.47,9.43,1955198,-195.000,-122.000,-34.500,0.7854,1.1546
1579,11.9196,6.9926,1.0028,393216,830.47,9.43,1955198,-195.000,-122.000,-34.500,0.7854,1.1546
1580,11.9270,7.0140,1.0674,393216,830.47,9.43,1955198,-195.000,-122.000,-34.500,0.7854,1.1546
1581,11.9338,7.4041,0.9735,393216,830.47,9.43,1955198,-195.000,-122.000,-34.500,0.7854,1.1546
1582,11.9413,6.7904,1.1214,393216,830.47,9.43,1955198,-195.000,-122.000,-34.500,0.7854,1.1546
1583,11.9482,7.4981,1.0099,393216,830.47,9.43,1955198,-195.000,-122.000,-34.500,0.7854,1.1546
1584,11.9557,6.8978,0.9455,393216,830.47,9.43,1955198,-195.000,-122.000,-34.500,0.7854,1.1546
1585,11.9627,7.4942,0.9403,393216,830.47,9.43,1955198,-195.000,-122.000,-34.500,0.7854,1.1546
1586,11.9700,7.0606,0.9835,393216,830.47,9.43,1955198,-195.000,-122.000,-34.500,0.7854,1.1546
1587,11.9770,7.2168,1.0217,393216,830.47,9.43,1955198,-195.000,-122.000,-34.500,0.7854,1.1546
1588,11.9846,7.0543,1.0580,393216,830.47,9.43,1955198,-195.000,-122.000,-34.500,0.7854,1.1546
1589,11.9916,7.6307,0.9967,393216,830.47,9.43,1955198,-195.000,-122.000,-34.500,0.7854,1.1546
1590,11.9986,6.9630,1.0002,393216,830.47,9.43,1955198,-195.000,-122.000,-34.500,0.7854,1.1546
1591,12.0058,6.9989,0.9858,393216,830.47,9.43,1955198,-195.000,-122.000,-34.500,0.7854,1.1546
1592,12.0130,7.2091,0.9691,393216,830.47,9.43,1955198,-195.000,-122.000,-34.500,0.7854,1.1546
1593,12.0204,7.1960,0.9541,393216,830.47,9.43,1955198,-195.000,-122.000,-34.500,0.7854,1.1546
1594,12.0274,7.3976,0.9509,393216,830.47,9.43,1955198,-195.000,-122.000,-34.500,0.7854,1.1546
1595,12.0348,6.9680,0.9607,393216,830.47,9.43,1955198,-195.000,-122.000,-34.500,0.7854,1.1546
1596,12.0419,7.4590,0.9853,393216,830.47,9.43,1955198,-195.000,-122.000,-34.500,0.7854,1.1546
1597,12.0496,7.1008,1.1985,393216,830.47,9.43,1955198,-195.000,-122.000,-34.500,0.7854,1.1546
1598,12.0566,7.7419,0.9537,393216,830.47,9.43,1955198,-195.000,-122.000,-34.500,0.7854,1.1546
1599,12.0643,6.8820,1.0687,393216,830.47,9.43,1955198,-195.000,-122.000,-34.500,0.7854,1.1546
1600,12.0713,7.7834,0.9131,393216,830.47,9.43,1955198,-195.000,-122.000,-34.500,0.7854,1.1546
1601,12.0789,6.9495,1.0390,393216,830.47,9.43,1955198,-195.000,-122.000,-34.500,0.7854,1.1546
1602,12.0857,7.5747,0.9387,393216,830.47,9.43,1955198,-195.000,-122.000,-34.500,0.7854,1.1546
1603,12.0931,6.8380,0.9947,393216,830.47,9.43,1955198,-195.000,-122.000,-34.500,0.7854,1.1546
1604,12.1007,7.4473,1.4314,393216,830.47,9.43,1955198,-195.000,-122.000,-34.500,0.7854,1.1546
1605,12.1074,7.5205,1.1517,393216,830.47,9.43,1955198,-195.000,-122.000,-34.500,0.7854,1.1546
1606,12.1150,6.7688,1.1589,393216,830.47,9.43,1955198,-195.000,-122.000,-34.500,0.7854,1.1546
1607,12.1220,7.5561,1.0295,393216,830.47,9.43,1955198,-195.000,-122.000,-34.500,0.7854,1.1546
1608,12.1298,7.0544,1.2132,393216,830.47,9.43,1955198,-195.000,-122.000,-34.500,0.7854,1.1546
1609,12.1368,7.7536,1.0841,393216,830.47,9.43,1955198,-195.000,-122.000,-34.500,0.7854,1.1546
1610,12.1445,7.0140,1.1989,393216,830.47,9.43,1955198,-195.000,-122.000,-34.500,0.7854,1.1546
1611,12.1514,7.7178,1.0429,393216,830.47,9.43,1955198,-195.000,-122.000,-34.500,0.7854,1.1546
1612,12.1591,6.8739,1.4222,393216,830.47,9.43,1955198,-195.000,-122.000,-34.500,0.7854,1.1546
1613,12.1663,7.6929,1.5522,393216,830.47,9.43,1955198,-195.000,-122.000,-34.500,0.7854,1.1546
1614,12.1731,7.2402,1.1110,393216,830.47,9.43,1955198,-195.000,-122.000,-34.500,0.7854,1.1546
1615,12.1811,6.7638,1.2728,393216,830.47,9.43,1955198,-195.000,-122.000,-34.500,0.7854,1.1546
1616,12.1876,8.0366,1.0265,393216,830.47,9.43,1955198,-195.000,-122.000,-34.500,0.7854,1.1546
1617,12.1950,6.4213,1.0644,393216,830.47,9.43,1955198,-195.000,-122.000,-34.500,0.7854,1.1546
1618,12.2018,7.4874,1.0028,393216,830.47,9.43,1955198,-195.000,-122.000,-34.500,0.7854,1.1546
1619,12.2094,6.7632,1.0268,393216,830.47,9.43,1955198,-195.000,-122.000,-34.500,0.7854,1.1546
1620,12.2164,7.5528,1.0096,393216,830.47,9.43,1955198,-195.000,-122.000,-34.500,0.7854,1.1546
1621,12.2240,7.0217,1.0598,393216,830.47,9.43,1955198,-195.000,-122.000,-34.500,0.7854,1.1546
1622,12.2311,7.6557,1.0059,393216,830.47,9.43,1955198,-195.000,-122.000,-34.500,0.7854,1.1546
1623,12.2386,7.0237,1.0636,393216,830.47,9.43,1955198,-195.000,-122.000,-34.500,0.7854,1.1546
1624,12.2457,7.5899,1.0587,393216,830.47,9.43,1955198,-195.000,-122.000,-34.500,0.7854,1.1546
1625,12.2533,7.0438,1.1538,393216,830.47,9.43,1955198,-195.000,-122.000,-34.500,0.7854,1.1546
1626,12.2605,7.6396,1.1607,393216,830.47,9.43,1955198,-195.000,-122.000,-34.500,0.7854,1.1546
1627,12.2678,7.1618,1.1376,393216,830.47,9.43,1955198,-195.000,-122.000,-34.500,0.7854,1.1546
1628,12.2754,7.3312,1.1815,393216,830.47,9.43,1955198,-195.000,-122.000,-34.500,0.7854,1.1546
1629,12.2823,7.6363,1.1589,393216,830.47,9.43,1955198,-195.000,-122.000,-34.500,0.7854,1.1546
1630,12.2897,6.8248,1.1124,393216,830.47,9.43,1955198,-195.000,-122.000,-34.500,0.7854,1.1546
1631,12.2969,7.4690,1.2219,393216,830.47,9.43,1955198,-195.000,-122.000,-34.500,0.7854,1.1546
1632,12.3043,7.1903,1.1245,393216,830.47,9.43,1955198,-195.000,-122.000,-34.500,0.7854,1.1546
1633,12.3114,7.3470,1.1462,393216,830.47,9.43,1955198,-195.000,-122.000,-34.500,0.7854,1.1546
1634,12.3185,7.1609,1.1022,393216,830.47,9.43,1955198,-195.000,-122.000,-34.500,0.7854,1.1546
1635,12.3255,7.0339,1.0976,393216,830.47,9.43,1955198,-195.000,-122.000,-34.500,0.7854,1.1546
1636,12.3331,7.0448,1.3094,393216,830.47,9.43,1955198,-195.000,-122.000,-34.500,0.7854,1.1546
1637,12.3399,7.6145,1.0917,393216,830.47,9.43,1955198,-195.000,-122.000,-34.500,0.7854,1.1546
1638,12.3470,6.7995,1.1566,393216,830.47,9.43,1955198,-195.000,-122.000,-34.500,0.7854,1.1546
1639,12.3544,7.0548,1.1304,393216,830.47,9.43,1955198,-195.000,-122.000,-34.500,0.7854,1.1546
1640,12.3616,7.4448,1.1704,393216,830.47,9.43,1955198,-195.000,-122.000,-34.500,0.7854,1.1546
1641,12.3692,7.1168,1.0849,393216,830.47,9.43,1955198,-195.000,-122.000,-34.500,0.7854,1.1546
1642,12.3763,7.6823,1.1532,393216,830.47,9.43,1955198,-195.000,-122.000,-34.500,0.7854,1.1546
1643,12.3838,7.0737,1.0794,393216,830.47,9.43,1955198,-195.000,-122.000,-34.500,0.7854,1.1546
1644,12.3909,7.4507,1.1442,393216,830.47,9.43,1955198,-195.000,-122.000,-34.500,0.7854,1.1546
1645,12.3985,7.1862,1.1000,393216,830.47,9.43,1955198,-195.000,-122.000,-34.500,0.7854,1.1546
1646,12.4054,7.5233,1.0515,393216,830.47,9.43,1955198,-195.000,-122.000,-34.500,0.7854,1.1546
1647,12.4131,6.9542,1.2043,393216,830.47,9.43,1955198,-195.000,-122.000,-34.500,0.7854,1.1546
1648,12.4201,7.7074,1.1038,393216,830.47,9.43,1955198,-195.000,-122.000,-34.500,0.7854,1.1546
1649,12.4277,6.9707,1.1286,393216,830.47,9.43,1955198,-195.000,-122.000,-34.500,0.7854,1.1546
1650,12.4344,7.5825,1.0450,393216,830.47,9.43,1955198,-195.000,-122.000,-34.500,0.7854,1.1546
1651,12.4416,6.7357,1.1477,393216,830.47,9.43,1955198,-195.000,-122.000,-34.500,0.7854,1.1546
1652,12.4491,7.1630,1.2302,393216,830.47,9.43,1955198,-195.000,-122.000,-34.500,0.7854,1.1546
1653,12.4559,7.5457,1.0749,393216,830.47,9.43,1955198,-195.000,-122.000,-34.500,0.7854,1.1546
1654,12.4634,6.7631,1.1105,393216,830.47,9.43,1955198,-195.000,-122.000,-34.500,0.7854,1.1546
1655,12.4704,7.4961,1.0555,393216,830.47,9.43,1955198,-195.000,-122.000,-34.500,0.7854,1.1546
1656,12.4782,6.9905,1.1777,393216,830.47,9.43,1955198,-195.000,-122.000,-34.500,0.7854,1.1546
1657,12.4850,7.7979,1.1005,393216,830.47,9.43,1955198,-195.000,-122.000,-34.500,0.7854,1.1546
1658,12.4927,6.8073,1.1555,393216,830.47,9.43,1955198,-195.000,-122.000,-34.500,0.7854,1.1546
1659,12.4999,7.6834,1.1020,393216,830.47,9.43,1955198,-195.000,-122.000,-34.500,0.7854,1.1546
1660,12.5076,7.2176,1.2751,393216,830.47,9.43,1955198,-195.000,-122.000,-34.500,0.7854,1.1546
1661,12.5146,7.6913,1.1751,393216,830.47,9.43,1955198,-195.000,-122.000,-34.500,0.7854,1.1546
1662,12.5223,7.0326,1.1405,393216,830.47,9.43,1955198,-195.000,-122.000,-34.500,0.7854,1.1546
1663,12.5292,7.6934,1.1559,393216,830.47,9.43,1955198,-195.000,-122.000,-34.500,0.7854,1.1546
1664,12.5363,6.8997,1.2005,393216,830.47,9.43,1955198,-195.000,-122.000,-34.500,0.7854,1.1546
1665,12.5436,7.1173,1.1818,393216,830.47,9.43,1955198,-195.000,-122.000,-34.500,0.7854,1.1546
1666,12.5504,7.3080,1.1373,393216,830.47,9.43,1955198,-195.000,-122.000,-34.500,0.7854,1.1546
1667,12.5579,6.7888,1.1264,393216,830.47,9.43,1955198,-195.000,-122.000,-34.500,0.7854,1.1546
1668,12.5653,7.4853,1.1070,393216,830.47,9.43,1955198,-195.000,-122.000,-34.500,0.7854,1.1546
1669,12.5726,7.4024,1.0880,393216,830.47,9.43,1955198,-195.000,-122.000,-34.500,0.7854,1.1546
1670,12.5795,7.2644,1.0446,393216,830.47,9.43,1955198,-195.000,-122.000,-34.500,0.7854,1.1546
1671,12.5870,6.8775,1.1047,393216,830.47,9.43,1955198,-195.000,-122.000,-34.500,0.7854,1.1546
1672,12.5939,7.5022,1.0446,393216,830.47,9.43,1955198,-195.000,-122.000,-34.500,0.7854,1.1546
1673,12.6014,6.9483,1.0701,393216,830.47,9.43,1955198,-195.000,-122.000,-34.500,0.7854,1.1546
1674,12.6084,7.4918,1.0425,393216,830.47,9.43,1955198,-195.000,-122.000,-34.500,0.7854,1.1546
1675,12.6155,6.9725,1.1371,393216,830.47,9.43,1955198,-195.000,-122.000,-34.500,0.7854,1.1546
1676,12.6226,7.1302,1.0512,393216,830.47,9.43,1955198,-195.000,-122.000,-34.500,0.7854,1.1546
1677,12.6298,7.1218,1.0225,393216,830.47,9.43,1955198,-195.000,-122.000,-34.500,0.7854,1.1546
1678,12.6370,7.1273,0.9879,393216,830.47,9.43,1955198,-195.000,-122.000,-34.500,0.7854,1.1546
1679,12.6440,7.2871,1.0757,393216,830.47,9.43,1955198,-195.000,-122.000,-34.500,0.7854,1.1546
1680,12.6514,6.9643,1.0450,393216,830.47,9.43,1955198,-195.000,-122.000,-34.500,0.7854,1.1546
1681,12.6583,7.3610,1.0166,393216,830.47,9.43,1955198,-195.000,-122.000,-34.500,0.7854,1.1546
1682,12.6656,6.9495,1.1305,393216,830.47,9.43,1955198,-195.000,-122.000,-34.500,0.7854,1.1546
1683,12.6731,7.3421,1.2325,393216,830.47,9.43,1955198,-195.000,-122.000,-34.500,0.7854,1.1546
1684,12.6797,7.4463,1.0700,393216,830.47,9.43,1955198,-195.000,-122.000,-34.500,0.7854,1.1546
1685,12.6872,6.6348,1.0084,393216,830.47,9.43,1955198,-195.000,-122.000,-34.500,0.7854,1.1546
1686,12.6943,7.5084,1.0171,393216,830.47,9.43,1955198,-195.000,-122.000,-34.500,0.7854,1.1546
1687,12.7017,7.0572,1.0125,393216,830.47,9.43,1955198,-195.000,-122.000,-34.500,0.7854,1.1546
1688,12.7086,7.4268,1.0025,393216,830.47,9.43,1955198,-195.000,-122.000,-34.500,0.7854,1.1546
1689,12.7162,6.8474,1.1268,393216,830.47,9.43,1955198,-195.000,-122.000,-34.500,0.7854,1.1546
1690,12.7232,7.6179,1.1044,393216,830.47,9.43,1955198,-195.000,-122.000,-34.500,0.7854,1.1546
1691,12.7305,7.0537,1.0464,393216,830.47,9.43,1955198,-195.000,-122.000,-34.500,0.7854,1.1546
1692,12.7375,7.2667,1.0544,393216,830.47,9.43,1955198,-195.000,-122.000,-34.500,0.7854,1.1546
1693,12.7450,6.9673,1.1011,393216,830.47,9.43,1955198,-195.000,-122.000,-34.500,0.7854,1.1546
1694,12.7520,7.5273,1.0545,393216,830.47,9.43,1955198,-195.000,-122.000,-34.500,0.7854,1.1546
1695,12.7589,7.0318,1.0038,393216,830.47,9.43,1955198,-195.000,-122.000,-34.500,0.7854,1.1546
1696,12.7664,6.8132,1.1675,393216,830.47,9.43,1955198,-195.000,-122.000,-34.500,0.7854,1.1546
1697,12.7732,7.5026,1.1077,393216,830.47,9.43,1955198,-195.000,-122.000,-34.500,0.7854,1.1546
1698,12.7803,6.8896,0.9834,393216,830.47,9.43,1955198,-195.000,-122.000,-34.500,0.7854,1.1546
1699,12.7872,7.0202,1.0151,393216,830.47,9.43,1955198,-195.000,-122.000,-34.500,0.7854,1.1546
1700,12.7945,6.9609,0.9744,393216,830.47,9.43,1955198,-195.000,-122.000,-34.500,0.7854,1.1546
1701,12.8016,7.3189,0.9936,393216,830.47,9.43,1955198,-195.000,-122.000,-34.500,0.7854,1.1546
1702,12.8094,7.0055,1.2783,393216,830.47,9.43,1955198,-195.000,-122.000,-34.500,0.7854,1.1546
1703,12.8162,7.8529,1.1730,393216,830.47,9.43,1955198,-195.000,-122.000,-34.500,0.7854,1.1546
1704,12.8237,6.8273,1.2530,393216,830.47,9.43,1955198,-195.000,-122.000,-34.500,0.7854,1.1546
1705,12.8305,7.4908,1.0464,393216,830.47,9.43,1955198,-195.000,-122.000,-34.500,0.7854,1.1546
1706,12.8378,6.7840,1.0005,393216,830.47,9.43,1955198,-195.000,-122.000,-34.500,0.7854,1.1546
1707,12.8446,7.2499,0.9848,393216,830.47,9.43,1955198,-195.000,-122.000,-34.500,0.7854,1.1546
1708,12.8517,6.8614,0.9653,393216,830.47,9.43,1955198,-195.000,-122.000,-34.500,0.7854,1.1546
1709,12.8593,7.0759,1.0434,393216,830.47,9.43,1955198,-195.000,-122.000,-34.500,0.7854,1.1546
1710,12.8662,7.5913,0.9863,393216,830.47,9.43,1955198,-195.000,-122.000,-34.500,0.7854,1.1546
1711,12.8740,6.8940,1.2007,393216,830.47,9.43,1955198,-195.000,-122.000,-34.500,0.7854,1.1546
1712,12.8811,7.7747,0.9648,393216,830.47,9.43,1955198,-195.000,-122.000,-34.500,0.7854,1.1546
1713,12.8888,7.1219,1.2261,393216,830.47,9.43,1955198,-195.000,-122.000,-34.500,0.7854,1.1546
1714,12.8954,7.7594,0.9909,393216,830.47,9.43,1955198,-195.000,-122.000,-34.500,0.7854,1.1546
1715,12.9029,6.5941,1.0547,393216,830.47,9.43,1955198,-195.000,-122.000,-34.500,0.7854,1.1546
1716,12.9103,7.5033,1.0542,393216,830.47,9.43,1955198,-195.000,-122.000,-34.500,0.7854,1.1546
1717,12.9171,7.3778,0.9652,393216,830.47,9.43,1955198,-195.000,-122.000,-34.500,0.7854,1.1546
1718,12.9246,6.8253,0.9936,393216,830.47,9.43,1955198,-195.000,-122.000,-34.500,0.7854,1.1546
1719,12.9314,7.4257,0.8466,393216,830.47,9.43,1955198,-195.000,-122.000,-34.500,0.7854,1.1546
1720,12.9393,6.8203,1.0333,393216,830.47,9.43,1955198,-195.000,-122.000,-34.500,0.7854,1.1546
1721,12.9462,7.9487,0.9710,393216,830.47,9.43,1955198,-195.000,-122.000,-34.500,0.7854,1.1546
1722,12.9537,6.9002,0.9734,393216,830.47,9.43,1955198,-195.000,-122.000,-34.500,0.7854,1.1546
1723,12.9608,7.4233,0.9979,393216,830.47,9.43,1955198,-195.000,-122.000,-34.500,0.7854,1.1546
1724,12.9680,7.1431,0.9694,393216,830.47,9.43,1955198,-195.000,-122.000,-34.500,0.7854,1.1546
1725,12.9750,7.2160,1.0058,393216,830.47,9.43,1955198,-195.000,-122.000,-34.500,0.7854,1.1546
1726,12.9828,7.0017,1.1845,393216,830.47,9.43,1955198,-195.000,-122.000,-34.500,0.7854,1.1546
1727,12.9900,7.7682,1.0882,393216,830.47,9.43,1955198,-195.000,-122.000,-34.500,0.7854,1.1546
1728,12.9973,7.2807,1.0398,393216,830.47,9.43,1955198,-195.000,-122.000,-34.500,0.7854,1.1546
1729,13.0045,7.2492,1.0778,393216,830.47,9.43,1955198,-195.000,-122.000,-34.500,0.7854,1.1546
1730,13.0112,7.1539,0.9874,393216,830.47,9.43,1955198,-195.000,-122.000,-34.500,0.7854,1.1546
1731,13.0186,6.6959,0.9866,393216,830.47,9.43,1955198,-195.000,-122.000,-34.500,0.7854,1.1546
1732,13.0256,7.4723,1.0141,393216,830.47,9.43,1955198,-195.000,-122.000,-34.500,0.7854,1.1546
1733,13.0332,6.9397,1.0431,393216,830.47,9.43,1955198,-195.000,-122.000,-34.500,0.7854,1.1546
1734,13.0399,7.5996,0.8878,393216,830.47,9.43,1955198,-195.000,-122.000,-34.500,0.7854,1.1546
1735,13.0476,6.7450,0.9780,393216,830.47,9.43,1955198,-195.000,-122.000,-34.500,0.7854,1.1546
1736,13.0546,7.7155,0.9737,393216,830.47,9.43,1955198,-195.000,-122.000,-34.500,0.7854,1.1546
1737,13.0622,6.9486,1.0254,393216,830.47,9.43,1955198,-195.000,-122.000,-34.500,0.7854,1.1546
1738,13.0694,7.7328,1.0363,393216,830.47,9.43,1955198,-195.000,-122.000,-34.500,0.7854,1.1546
1739,13.0769,7.1202,1.0834,393216,830.47,9.43,1955198,-195.000,-122.000,-34.500,0.7854,1.1546
1740,13.0838,7.5000,0.9998,393216,830.47,9.43,1955198,-195.000,-122.000,-34.500,0.7854,1.1546
1741,13.0909,6.8408,1.1840,393216,830.47,9.43,1955198,-195.000,-122.000,-34.500,0.7854,1.1546
1742,13.0984,7.1167,1.0825,393216,830.47,9.43,1955198,-195.000,-122.000,-34.500,0.7854,1.1546
1743,13.1053,7.4905,1.1105,393216,830.47,9.43,1955198,-195.000,-122.000,-34.500,0.7854,1.1546
1744,13.1127,6.9599,1.0579,393216,830.47,9.43,1955198,-195.000,-122.000,-34.500,0.7854,1.1546
1745,13.1197,7.3682,1.1103,393216,830.47,9.43,1955198,-195.000,-122.000,-34.500,0.7854,1.1546
1746,13.1268,6.9774,1.0821,393216,830.47,9.43,1955198,-195.000,-122.000,-34.500,0.7854,1.1546
1747,13.1338,7.1647,1.0670,393216,830.47,9.43,1955198,-195.000,-122.000,-34.500,0.7854,1.1546
1748,13.1414,6.9968,1.2702,393216,830.47,9.43,1955198,-195.000,-122.000,-34.500,0.7854,1.1546
1749,13.1484,7.5951,1.1512,393216,830.47,9.43,1955198,-195.000,-122.000,-34.500,0.7854,1.1546
1750,13.1558,7.0156,1.1236,393216,830.47,9.43,1955198,-195.000,-122.000,-34.500,0.7854,1.1546
1751,13.1628,7.3627,1.0676,393216,830.47,9.43,1955198,-195.000,-122.000,-34.500,0.7854,1.1546
1752,13.1699,6.9440,1.1482,393216,830.47,9.43,1955198,-195.000,-122.000,-34.500,0.7854,1.1546
1753,13.1772,7.1587,1.0581,393216,830.47,9.43,1955198,-195.000,-122.000,-34.500,0.7854,1.1546
1754,13.1843,7.2836,1.1064,393216,830.47,9.43,1955198,-195.000,-122.000,-34.500,0.7854,1.1546
1755,13.1921,7.0604,1.0738,393216,830.47,9.43,1955198,-195.000,-122.000,-34.500,0.7854,1.1546
1756,13.1992,7.8377,1.1693,393216,830.47,9.43,1955198,-195.000,-122.000,-34.500,0.7854,1.1546
1757,13.2069,7.1222,1.3194,393216,830.47,9.43,1955198,-195.000,-122.000,-34.500,0.7854,1.1546
1758,13.2136,7.7309,1.1059,393216,830.47,9.43,1955198,-195.000,-122.000,-34.500,0.7854,1.1546
1759,13.2211,6.6076,1.0884,393216,830.47,9.43,1955198,-195.000,-122.000,-34.500,0.7854,1.1546
1760,13.2280,7.4887,1.0667,393216,830.47,9.43,1955198,-195.000,-122.000,-34.500,0.7854,1.1546
1761,13.2356,6.9731,1.1322,393216,830.47,9.43,1955198,-195.000,-122.000,-34.500,0.7854,1.1546
1762,13.2423,7.6547,1.0481,393216,830.47,9.43,1955198,-195.000,-122.000,-34.500,0.7854,1.1546
1763,13.2494,6.6584,1.0643,393216,830.47,9.43,1955198,-195.000,-122.000,-34.500,0.7854,1.1546
1764,13.2569,7.0620,1.1692,393216,830.47,9.43,1955198,-195.000,-122.000,-34.500,0.7854,1.1546
1765,13.2638,7.5129,1.0325,393216,830.47,9.43,1955198,-195.000,-122.000,-34.500,0.7854,1.1546
1766,13.2713,6.8456,1.1254,393216,830.47,9.43,1955198,-195.000,-122.000,-34.500,0.7854,1.1546
1767,13.2785,7.5420,1.1488,393216,830.47,9.43,1955198,-195.000,-122.000,-34.500,0.7854,1.1546
1768,13.2859,7.2162,1.0519,393216,830.47,9.43,1955198,-195.000,-122.000,-34.500,0.7854,1.1546
1769,13.2931,7.4106,1.0840,393216,830.47,9.43,1955198,-195.000,-122.000,-34.500,0.7854,1.1546
1770,13.3006,7.1348,1.0870,393216,830.47,9.43,1955198,-195.000,-122.000,-34.500,0.7854,1.1546
1771,13.3077,7.5032,1.1116,393216,830.47,9.43,1955198,-195.000,-122.000,-34.500,0.7854,1.1546
1772,13.3152,7.0995,1.1689,393216,830.47,9.43,1955198,-195.000,-122.000,-34.500,0.7854,1.1546
1773,13.3224,7.5548,1.1342,393216,830.47,9.43,1955198,-195.000,-122.000,-34.500,0.7854,1.1546
1774,13.3291,7.1692,1.0481,393216,830.47,9.43,1955198,-195.000,-122.000,-34.500,0.7854,1.1546
1775,13.3366,6.6781,1.0810,393216,830.47,9.43,1955198,-195.000,-122.000,-34.500,0.7854,1.1546
1776,13.3436,7.5702,1.0795,393216,830.47,9.43,1955198,-195.000,-122.000,-34.500,0.7854,1.1546
1777,13.3510,6.9417,1.0463,393216,830.47,9.43,1955198,-195.000,-122.000,-34.500,0.7854,1.1546
1778,13.3579,7.4441,1.1215,393216,830.47,9.43,1955198,-195.000,-122.000,-34.500,0.7854,1.1546
1779,13.3656,6.8869,1.2922,393216,830.47,9.43,1955198,-195.000,-122.000,-34.500,0.7854,1.1546
1780,13.3723,7.6522,1.0470,393216,830.47,9.43,1955198,-195.000,-122.000,-34.500,0.7854,1.1546
1781,13.3798,6.7423,1.0643,393216,830.47,9.43,1955198,-195.000,-122.000,-34.500,0.7854,1.1546
1782,13.3868,7.4954,1.0223,393216,830.47,9.43,1955198,-195.000,-122.000,-34.500,0.7854,1.1546
1783,13.3944,6.9823,1.1547,393216,830.47,9.43,1955198,-195.000,-122.000,-34.500,0.7854,1.1546
1784,13.4015,7.6417,1.0777,393216,830.47,9.43,1955198,-195.000,-122.000,-34.500,0.7854,1.1546
1785,13.4085,7.0598,1.0435,393216,830.47,9.43,1955198,-195.000,-122.000,-34.500,0.7854,1.1546
1786,13.4166,6.9978,1.0951,393216,830.47,9.43,1955198,-195.000,-122.000,-34.500,0.7854,1.1546
1787,13.4234,8.1628,1.2561,393216,830.47,9.43,1955198,-195.000,-122.000,-34.500,0.7854,1.1546
1788,13.4309,6.7751,1.1485,393216,830.47,9.43,1955198,-195.000,-122.000,-34.500,0.7854,1.1546
1789,13.4385,7.4551,1.2338,393216,830.47,9.43,1955198,-195.000,-122.000,-34.500,0.7854,1.1546
1790,13.4454,7.5921,1.0721,393216,830.47,9.43,1955198,-195.000,-122.000,-34.500,0.7854,1.1546
1791,13.4523,6.8941,1.0469,393216,830.47,9.43,1955198,-195.000,-122.000,-34.500,0.7854,1.1546
1792,13.4600,6.9507,1.0267,393216,830.47,9.43,1955198,-195.000,-122.000,-34.500,0.7854,1.1546
1793,13.4670,7.7004,1.0386,393216,830.47,9.43,1955198,-195.000,-122.000,-34.500,0.7854,1.1546
1794,13.4745,6.9868,1.1670,393216,830.47,9.43,1955198,-195.000,-122.000,-34.500,0.7854,1.1546
1795,13.4814,7.4780,1.0728,393216,830.47,9.43,1955198,-195.000,-122.000,-34.500,0.7854,1.1546
1796,13.4889,6.9884,1.1230,393216,830.47,9.43,1955198,-195.000,-122.000,-34.500,0.7854,1.1546
1797,13.4960,7.4050,1.0332,393216,830.47,9.43,1955198,-195.000,-122.000,-34.500,0.7854,1.1546
1798,13.5031,7.1290,1.0615,393216,830.47,9.43,1955198,-195.000,-122.000,-34.500,0.7854,1.1546
1799,13.5106,7.1109,1.1413,393216,830.47,9.43,1955198,-195.000,-122.000,-34.500,0.7854,1.1546
1800,13.5176,7.4432,1.0373,393216,830.47,9.43,1955198,-195.000,-122.000,-34.500,0.7854,1.1546
1801,13.5250,7.0148,1.1504,393216,830.47,9.43,1955198,-195.000,-122.000,-34.500,0.7854,1.1546
1802,13.5321,7.4583,1.1808,393216,830.47,9.43,1955198,-195.000,-122.000,-34.500,0.7854,1.1546
1803,13.5396,7.0808,1.1195,393216,830.47,9.43,1955198,-195.000,-122.000,-34.500,0.7854,1.1546
1804,13.5465,7.5340,1.0342,393216,830.47,9.43,1955198,-195.000,-122.000,-34.500,0.7854,1.1546
1805,13.5542,6.8352,1.1502,393216,830.47,9.43,1955198,-195.000,-122.000,-34.500,0.7854,1.1546
1806,13.5615,7.7655,1.0401,393216,830.47,9.43,1955198,-195.000,-122.000,-34.500,0.7854,1.1546
1807,13.5688,7.2399,1.1587,393216,830.47,9.43,1955198,-195.000,-122.000,-34.500,0.7854,1.1546
1808,13.5757,7.3521,1.0248,393216,830.47,9.43,1955198,-195.000,-122.000,-34.500,0.7854,1.1546
1809,13.5835,6.8617,1.6744,393216,830.47,9.43,1955198,-195.000,-122.000,-34.500,0.7854,1.1546
1810,13.5904,7.7670,1.2928,393216,830.47,9.43,1955198,-195.000,-122.000,-34.500,0.7854,1.1546
1811,13.5975,6.9379,1.0961,393216,830.47,9.43,1955198,-195.000,-122.000,-34.500,0.7854,1.1546
1812,13.6049,7.1007,1.1520,393216,830.47,9.43,1955198,-195.000,-122.000,-34.500,0.7854,1.1546
1813,13.6119,7.3958,0.9058,393216,830.47,9.43,1955198,-195.000,-122.000,-34.500,0.7854,1.1546
1814,13.6196,6.9833,0.9652,393216,830.47,9.43,1955198,-195.000,-122.000,-34.500,0.7854,1.1546
1815,13.6267,7.7126,0.9044,393216,830.47,9.43,1955198,-195.000,-122.000,-34.500,0.7854,1.1546
1816,13.6341,7.0527,0.8817,393216,830.47,9.43,1955198,-195.000,-122.000,-34.500,0.7854,1.1546
1817,13.6413,7.4722,0.9172,393216,830.47,9.43,1955198,-195.000,-122.000,-34.500,0.7854,1.1546
1818,13.6490,7.1741,0.9592,393216,830.47,9.43,1955198,-195.000,-122.000,-34.500,0.7854,1.1546
1819,13.6558,7.6489,0.8130,393216,830.47,9.43,1955198,-195.000,-122.000,-34.500,0.7854,1.1546
1820,13.6633,6.8608,0.8881,393216,830.47,9.43,1955198,-195.000,-122.000,-34.500,0.7854,1.1546
1821,13.6704,7.5048,0.8808,393216,830.47,9.43,1955198,-195.000,-122.000,-34.500,0.7854,1.1546
1822,13.6775,7.1067,0.9176,393216,830.47,9.43,1955198,-195.000,-122.000,-34.500,0.7854,1.1546
1823,13.6850,7.0988,0.9298,393216,830.47,9.43,1955198,-195.000,-122.000,-34.500,0.7854,1.1546
1824,13.6919,7.4373,0.9226,393216,830.47,9.43,1955198,-195.000,-122.000,-34.500,0.7854,1.1546
1825,13.6996,6.9582,0.9165,393216,830.47,9.43,1955198,-195.000,-122.000,-34.500,0.7854,1.1546
1826,13.7062,7.6341,0.9398,393216,830.47,9.43,1955198,-195.000,-122.000,-34.500,0.7854,1.1546
1827,13.7139,6.6556,1.0082,393216,830.47,9.43,1955198,-195.000,-122.000,-34.500,0.7854,1.1546
1828,13.7207,7.6951,0.8851,393216,830.47,9.43,1955198,-195.000,-122.000,-34.500,0.7854,1.1546
1829,13.7282,6.7699,0.9274,393216,830.47,9.43,1955198,-195.000,-122.000,-34.500,0.7854,1.1546
1830,13.7355,7.5738,0.9306,393216,830.47,9.43,1955198,-195.000,-122.000,-34.500,0.7854,1.1546
1831,13.7431,7.2727,0.9929,393216,830.47,9.43,1955198,-195.000,-122.000,-34.500,0.7854,1.1546
1832,13.7499,7.5574,0.9678,393216,830.47,9.43,1955198,-195.000,-122.000,-34.500,0.7854,1.1546
1833,13.7569,6.8668,0.9495,393216,830.47,9.43,1955198,-195.000,-122.000,-34.500,0.7854,1.1546
1834,13.7644,6.9834,0.8974,393216,830.47,9.43,1955198,-195.000,-122.000,-34.500,0.7854,1.1546
1835,13.7715,7.4517,0.8956,393216,830.47,9.43,1955198,-195.000,-122.000,-34.500,0.7854,1.1546
1836,13.7785,7.0927,0.8356,393216,830.47,9.43,1955198,-195.000,-122.000,-34.500,0.7854,1.1546
1837,13.7857,6.9965,0.9726,393216,830.47,9.43,1955198,-195.000,-122.000,-34.500,0.7854,1.1546
1838,13.7930,7.1917,0.8705,393216,830.47,9.43,1955198,-195.000,-122.000,-34.500,0.7854,1.1546
1839,13.8001,7.3790,0.8786,393216,830.47,9.43,1955198,-195.000,-122.000,-34.500,0.7854,1.1546
1840,13.8078,7.0540,0.8787,393216,830.47,9.43,1955198,-195.000,-122.000,-34.500,0.7854,1.1546
1841,13.8150,7.7245,1.0096,393216,830.47,9.43,1955198,-195.000,-122.000,-34.500,0.7854,1.1546
1842,13.8221,7.2031,0.8599,393216,830.47,9.43,1955198,-195.000,-122.000,-34.500,0.7854,1.1546
1843,13.8293,7.0833,0.8839,393216,830.47,9.43,1955198,-195.000,-122.000,-34.500,0.7854,1.1546
1844,13.8369,7.2161,0.9255,393216,830.47,9.43,1955198,-195.000,-122.000,-34.500,0.7854,1.1546
1845,13.8440,7.6225,0.8996,393216,830.47,9.43,1955198,-195.000,-122.000,-34.500,0.7854,1.1546
1846,13.8509,7.0611,0.8501,393216,830.47,9.43,1955198,-195.000,-122.000,-34.500,0.7854,1.1546
1847,13.8583,6.9195,0.8309,393216,830.47,9.43,1955198,-195.000,-122.000,-34.500,0.7854,1.1546
1848,13.8655,7.3325,0.8514,393216,830.47,9.43,1955198,-195.000,-122.000,-34.500,0.7854,1.1546
1849,13.8730,7.2662,0.9190,393216,830.47,9.43,1955198,-195.000,-122.000,-34.500,0.7854,1.1546
1850,13.8800,7.4758,0.8414,393216,830.47,9.43,1955198,-195.000,-122.000,-34.500,0.7854,1.1546
1851,13.8875,7.0021,0.8701,393216,830.47,9.43,1955198,-195.000,-122.000,-34.500,0.7854,1.1546
1852,13.8945,7.5246,0.8742,393216,830.47,9.43,1955198,-195.000,-122.000,-34.500,0.7854,1.1546
1853,13.9021,7.0069,0.9482,393216,830.47,9.43,1955198,-195.000,-122.000,-34.500,0.7854,1.1546
1854,13.9092,7.5612,0.8719,393216,830.47,9.43,1955198,-195.000,-122.000,-34.500,0.7854,1.1546
1855,13.9173,7.1298,0.9353,393216,830.47,9.43,1955198,-195.000,-122.000,-34.500,0.7854,1.1546
1856,13.9240,8.0499,0.9303,393216,830.47,9.43,1955198,-195.000,-122.000,-34.500,0.7854,1.1546
1857,13.9311,6.6908,0.9260,393216,830.47,9.43,1955198,-195.000,-122.000,-34.500,0.7854,1.1546
1858,13.9380,7.1304,0.8651,393216,830.47,9.43,1955198,-195.000,-122.000,-34.500,0.7854,1.1546
1859,13.9450,6.9226,0.9046,393216,830.47,9.43,1955198,-195.000,-122.000,-34.500,0.7854,1.1546
1860,13.9523,6.9940,0.8795,393216,830.47,9.43,1955198,-195.000,-122.000,-34.500,0.7854,1.1546
1861,13.9594,7.3258,0.8542,393216,830.47,9.43,1955198,-195.000,-122.000,-34.500,0.7854,1.1546
1862,13.9669,7.0268,0.8711,393216,830.47,9.43,1955198,-195.000,-122.000,-34.500,0.7854,1.1546
1863,13.9741,7.5844,0.9196,393216,830.47,9.43,1955198,-195.000,-122.000,-34.500,0.7854,1.1546
1864,13.9816,7.1744,1.0024,393216,830.47,9.43,1955198,-195.000,-122.000,-34.500,0.7854,1.1546
1865,13.9886,7.4569,0.9023,393216,830.47,9.43,1955198,-195.000,-122.000,-34.500,0.7854,1.1546
1866,13.9962,6.9738,0.9167,393216,830.47,9.43,1955198,-195.000,-122.000,-34.500,0.7854,1.1546
1867,14.0031,7.6786,0.8593,393216,830.47,9.43,1955198,-195.000,-122.000,-34.500,0.7854,1.1546
1868,14.0100,6.8543,0.8129,393216,830.47,9.43,1955198,-195.000,-122.000,-34.500,0.7854,1.1546
1869,14.0175,6.9226,0.9217,393216,830.47,9.43,1955198,-195.000,-122.000,-34.500,0.7854,1.1546
1870,14.0246,7.4887,0.9734,393216,830.47,9.43,1955198,-195.000,-122.000,-34.500,0.7854,1.1546
1871,14.0320,7.1280,0.9125,393216,830.47,9.43,1955198,-195.000,-122.000,-34.500,0.7854,1.1546
1872,14.0390,7.3533,0.8727,393216,830.47,9.43,1955198,-195.000,-122.000,-34.500,0.7854,1.1546
1873,14.0467,7.2125,1.1596,393216,830.47,9.43,1955198,-195.000,-122.000,-34.500,0.7854,1.1546
1874,14.0533,7.4904,0.8654,393216,830.47,9.43,1955198,-195.000,-122.000,-34.500,0.7854,1.1546
1875,14.0607,6.5663,0.8682,393216,830.47,9.43,1955198,-195.000,-122.000,-34.500,0.7854,1.1546
1876,14.0675,7.4353,0.8389,393216,830.47,9.43,1955198,-195.000,-122.000,-34.500,0.7854,1.1546
1877,14.0752,6.8501,0.9210,393216,830.47,9.43,1955198,-195.000,-122.000,-34.500,0.7854,1.1546
1878,14.0822,7.7196,0.9419,393216,830.47,9.43,1955198,-195.000,-122.000,-34.500,0.7854,1.1546
1879,14.0889,6.9033,0.8734,393216,830.47,9.43,1955198,-195.000,-122.000,-34.500,0.7854,1.1546
1880,14.0961,6.7720,0.9289,393216,830.47,9.43,1955198,-195.000,-122.000,-34.500,0.7854,1.1546
1881,14.1030,7.2065,0.8544,393216,830.47,9.43,1955198,-195.000,-122.000,-34.500,0.7854,1.1546
1882,14.1104,6.8436,0.8828,393216,830.47,9.43,1955198,-195.000,-122.000,-34.500,0.7854,1.1546
1883,14.1177,7.4498,0.9366,393216,830.47,9.43,1955198,-195.000,-122.000,-34.500,0.7854,1.1546
1884,14.1251,7.2956,0.8641,393216,830.47,9.43,1955198,-195.000,-122.000,-34.500,0.7854,1.1546
1885,14.1321,7.3744,0.9425,393216,830.47,9.43,1955198,-195.000,-122.000,-34.500,0.7854,1.1546
1886,14.1395,6.9860,0.9427,393216,830.47,9.43,1955198,-195.000,-122.000,-34.500,0.7854,1.1546
1887,14.1463,7.4313,0.8512,393216,830.47,9.43,1955198,-195.000,-122.000,-34.500,0.7854,1.1546
1888,14.1538,6.7831,0.9080,393216,830.47,9.43,1955198,-195.000,-122.000,-34.500,0.7854,1.1546
1889,14.1608,7.4612,0.8130,393216,830.47,9.43,1955198,-195.000,-122.000,-34.500,0.7854,1.1546
1890,14.1675,6.9959,0.8743,393216,830.47,9.43,1955198,-195.000,-122.000,-34.500,0.7854,1.1546
1891,14.1749,6.7398,0.8631,393216,830.47,9.43,1955198,-195.000,-122.000,-34.500,0.7854,1.1546
1892,14.1817,7.3835,0.8757,393216,830.47,9.43,1955198,-195.000,-122.000,-34.500,0.7854,1.1546
1893,14.1892,6.8062,0.9154,393216,830.47,9.43,1955198,-195.000,-122.000,-34.500,0.7854,1.1546
1894,14.1963,7.5164,0.8456,393216,830.47,9.43,1955198,-195.000,-122.000,-34.500,0.7854,1.1546
1895,14.2036,7.0859,0.8509,393216,830.47,9.43,1955198,-195.000,-122.000,-34.500,0.7854,1.1546
1896,14.2106,7.3170,0.8539,393216,830.47,9.43,1955198,-195.000,-122.000,-34.500,0.7854,1.1546
1897,14.2181,6.9707,0.8791,393216,830.47,9.43,1955198,-195.000,-122.000,-34.500,0.7854,1.1546
1898,14.2250,7.5002,0.8469,393216,830.47,9.43,1955198,-195.000,-122.000,-34.500,0.7854,1.1546
1899,14.2319,6.9102,0.8749,393216,830.47,9.43,1955198,-195.000,-122.000,-34.500,0.7854,1.1546
1900,14.2392,6.8950,0.8998,393216,830.47,9.43,1955198,-195.000,-122.000,-34.500,0.7854,1.1546
1901,14.2460,7.3384,0.8858,393216,830.47,9.43,1955198,-195.000,-122.000,-34.500,0.7854,1.1546
1902,14.2534,6.8202,0.9322,393216,830.47,9.43,1955198,-195.000,-122.000,-34.500,0.7854,1.1546
1903,14.2603,7.3785,0.8383,393216,830.47,9.43,1955198,-195.000,-122.000,-34.500,0.7854,1.1546
1904,14.2677,6.9011,0.8623,393216,830.47,9.43,1955198,-195.000,-122.000,-34.500,0.7854,1.1546
1905,14.2748,7.3705,0.9385,393216,830.47,9.43,1955198,-195.000,-122.000,-34.500,0.7854,1.1546
1906,14.2824,7.1324,1.1812,393216,830.47,9.43,1955198,-195.000,-122.000,-34.500,0.7854,1.1546
1907,14.2894,7.5956,1.1336,393216,830.47,9.43,1955198,-195.000,-122.000,-34.500,0.7854,1.1546
1908,14.2965,6.9491,0.9139,393216,830.47,9.43,1955198,-195.000,-122.000,-34.500,0.7854,1.1546
1909,14.3036,7.2166,0.8589,393216,830.47,9.43,1955198,-195.000,-122.000,-34.500,0.7854,1.1546
1910,14.3106,6.9974,0.8516,393216,830.47,9.43,1955198,-195.000,-122.000,-34.500,0.7854,1.1546
1911,14.3180,7.0086,0.8564,393216,830.47,9.43,1955198,-195.000,-122.000,-34.500,0.7854,1.1546
1912,14.3251,7.3631,0.8433,393216,830.47,9.43,1955198,-195.000,-122.000,-34.500,0.7854,1.1546
1913,14.3327,7.1481,0.8767,393216,830.47,9.43,1955198,-195.000,-122.000,-34.500,0.7854,1.1546
1914,14.3397,7.6169,0.8967,393216,830.47,9.43,1955198,-195.000,-122.000,-34.500,0.7854,1.1546
1915,14.3472,7.0982,0.8946,393216,830.47,9.43,1955198,-195.000,-122.000,-34.500,0.7854,1.1546
1916,14.3544,7.4009,0.8954,393216,830.47,9.43,1955198,-195.000,-122.000,-34.500,0.7854,1.1546
1917,14.3618,7.1715,0.8576,393216,830.47,9.43,1955198,-195.000,-122.000,-34.500,0.7854,1.1546
1918,14.3689,7.4172,0.8526,393216,830.47,9.43,1955198,-195.000,-122.000,-34.500,0.7854,1.1546
1919,14.3764,7.0965,0.9026,393216,830.47,9.43,1955198,-195.000,-122.000,-34.500,0.7854,1.1546
1920,14.3833,7.5299,0.8143,393216,830.47,9.43,1955198,-195.000,-122.000,-34.500,0.7854,1.1546
1921,14.3904,6.8826,0.8407,393216,830.47,9.43,1955198,-195.000,-122.000,-34.500,0.7854,1.1546
1922,14.3978,7.0621,1.0094,393216,830.47,9.43,1955198,-195.000,-122.000,-34.500,0.7854,1.1546
1923,14.4045,7.3905,0.8412,393216,830.47,9.43,1955198,-195.000,-122.000,-34.500,0.7854,1.1546
1924,14.4121,6.7637,0.8337,393216,830.47,9.43,1955198,-195.000,-122.000,-34.500,0.7854,1.1546
1925,14.4190,7.5643,0.8503,393216,830.47,9.43,1955198,-195.000,-122.000,-34.500,0.7854,1.1546
1926,14.4263,6.8727,0.8381,393216,830.47,9.43,1955198,-195.000,-122.000,-34.500,0.7854,1.1546
1927,14.4334,7.2945,0.8388,393216,830.47,9.43,1955198,-195.000,-122.000,-34.500,0.7854,1.1546
1928,14.4408,7.0928,0.8566,393216,830.47,9.43,1955198,-195.000,-122.000,-34.500,0.7854,1.1546
1929,14.4478,7.4319,0.9011,393216,830.47,9.43,1955198,-195.000,-122.000,-34.500,0.7854,1.1546
1930,14.4553,7.0604,0.9494,393216,830.47,9.43,1955198,-195.000,-122.000,-34.500,0.7854,1.1546
1931,14.4622,7.4506,0.8435,393216,830.47,9.43,1955198,-195.000,-122.000,-34.500,0.7854,1.1546
1932,14.4692,6.9273,0.8285,393216,830.47,9.43,1955198,-195.000,-122.000,-34.500,0.7854,1.1546
1933,14.4767,7.0211,0.8259,393216,830.47,9.43,1955198,-195.000,-122.000,-34.500,0.7854,1.1546
1934,14.4837,7.4833,0.8028,393216,830.47,9.43,1955198,-195.000,-122.000,-34.500,0.7854,1.1546
1935,14.4913,6.9738,0.8840,393216,830.47,9.43,1955198,-195.000,-122.000,-34.500,0.7854,1.1546
1936,14.4981,7.7678,0.8972,393216,830.47,9.43,1955198,-195.000,-122.000,-34.500,0.7854,1.1546
1937,14.5056,6.6308,0.9016,393216,830.47,9.43,1955198,-195.000,-122.000,-34.500,0.7854,1.1546
1938,14.5123,7.4680,0.8194,393216,830.47,9.43,1955198,-195.000,-122.000,-34.500,0.7854,1.1546
1939,14.5201,6.6863,0.9243,393216,830.47,9.43,1955198,-195.000,-122.000,-34.500,0.7854,1.1546
1940,14.5271,7.8496,0.8429,393216,830.47,9.43,1955198,-195.000,-122.000,-34.500,0.7854,1.1546
1941,14.5347,6.9384,0.9037,393216,830.47,9.43,1955198,-195.000,-122.000,-34.500,0.7854,1.1546
1942,14.5416,7.6445,0.8252,393216,830.47,9.43,1955198,-195.000,-122.000,-34.500,0.7854,1.1546
1943,14.5492,6.8892,0.9260,393216,830.47,9.43,1955198,-195.000,-122.000,-34.500,0.7854,1.1546
1944,14.5561,7.5897,0.9288,393216,830.47,9.43,1955198,-195.000,-122.000,-34.500,0.7854,1.1546
1945,14.5630,6.9190,0.8413,393216,830.47,9.43,1955198,-195.000,-122.000,-34.500,0.7854,1.1546
1946,14.5703,6.9568,0.8446,393216,830.47,9.43,1955198,-195.000,-122.000,-34.500,0.7854,1.1546
1947,14.5772,7.2710,0.8293,393216,830.47,9.43,1955198,-195.000,-122.000,-34.500,0.7854,1.1546
1948,14.5847,6.9186,0.8333,393216,830.47,9.43,1955198,-195.000,-122.000,-34.500,0.7854,1.1546
1949,14.5917,7.4211,0.8215,393216,830.47,9.43,1955198,-195.000,-122.000,-34.500,0.7854,1.1546
1950,14.5992,7.0563,0.8407,393216,830.47,9.43,1955198,-195.000,-122.000,-34.500,0.7854,1.1546
1951,14.6069,7.4389,1.1718,393216,830.47,9.43,1955198,-195.000,-122.000,-34.500,0.7854,1.1546
1952,14.6136,7.7887,0.9459,393216,830.47,9.43,1955198,-195.000,-122.000,-34.500,0.7854,1.1546
1953,14.6204,6.6696,0.8548,393216,830.47,9.43,1955198,-195.000,-122.000,-34.500,0.7854,1.1546
1954,14.6272,6.8066,0.8397,393216,830.47,9.43,1955198,-195.000,-122.000,-34.500,0.7854,1.1546
1955,14.6344,6.7551,0.8494,393216,830.47,9.43,1955198,-195.000,-122.000,-34.500,0.7854,1.1546
1956,14.6414,7.2448,0.8573,393216,830.47,9.43,1955198,-195.000,-122.000,-34.500,0.7854,1.1546
1957,14.6491,6.9677,1.0952,393216,830.47,9.43,1955198,-195.000,-122.000,-34.500,0.7854,1.1546
1958,14.6562,7.6977,0.8735,393216,830.47,9.43,1955198,-195.000,-122.000,-34.500,0.7854,1.1546
1959,14.6634,7.1641,0.8492,393216,830.47,9.43,1955198,-195.000,-122.000,-34.500,0.7854,1.1546
1960,14.6703,7.1627,0.8756,393216,830.47,9.43,1955198,-195.000,-122.000,-34.500,0.7854,1.1546
1961,14.6778,7.2084,0.9378,393216,830.47,9.43,1955198,-195.000,-122.000,-34.500,0.7854,1.1546
1962,14.6847,7.1731,0.8350,393216,830.47,9.43,1955198,-195.000,-122.000,-34.500,0.7854,1.1546
1963,14.6917,6.8785,0.8998,393216,830.47,9.43,1955198,-195.000,-122.000,-34.500,0.7854,1.1546
1964,14.6990,7.0070,0.8585,393216,830.47,9.43,1955198,-195.000,-122.000,-34.500,0.7854,1.1546
1965,14.7060,7.3489,0.9474,393216,830.47,9.43,1955198,-195.000,-122.000,-34.500,0.7854,1.1546
1966,14.7134,6.9991,0.9418,393216,830.47,9.43,1955198,-195.000,-122.000,-34.500,0.7854,1.1546
1967,14.7203,7.4086,0.9369,393216,830.47,9.43,1955198,-195.000,-122.000,-34.500,0.7854,1.1546
1968,14.7280,6.8751,0.8883,393216,830.47,9.43,1955198,-195.000,-122.000,-34.500,0.7854,1.1546
1969,14.7350,7.6795,0.9087,393216,830.47,9.43,1955198,-195.000,-122.000,-34.500,0.7854,1.1546
1970,14.7422,7.0091,0.9124,393216,830.47,9.43,1955198,-195.000,-122.000,-34.500,0.7854,1.1546
1971,14.7491,7.1749,0.9207,393216,830.47,9.43,1955198,-195.000,-122.000,-34.500,0.7854,1.1546
1972,14.7567,6.9063,0.9735,393216,830.47,9.43,1955198,-195.000,-122.000,-34.500,0.7854,1.1546
1973,14.7636,7.6475,0.8729,393216,830.47,9.43,1955198,-195.000,-122.000,-34.500,0.7854,1.1546
1974,14.7705,6.8916,0.8783,393216,830.47,9.43,1955198,-195.000,-122.000,-34.500,0.7854,1.1546
1975,14.7780,6.8722,1.0312,393216,830.47,9.43,1955198,-195.000,-122.000,-34.500,0.7854,1.1546
1976,14.7851,7.4667,0.9507,393216,830.47,9.43,1955198,-195.000,-122.000,-34.500,0.7854,1.1546
1977,14.7924,7.1929,1.0055,393216,830.47,9.43,1955198,-195.000,-122.000,-34.500,0.7854,1.1546
1978,14.7993,7.2906,0.8965,393216,830.47,9.43,1955198,-195.000,-122.000,-34.500,0.7854,1.1546
1979,14.8069,6.8546,0.9766,393216,830.47,9.43,1955198,-195.000,-122.000,-34.500,0.7854,1.1546
1980,14.8139,7.6217,0.9650,393216,830.47,9.43,1955198,-195.000,-122.000,-34.500,0.7854,1.1546
1981,14.8214,6.9961,0.8980,393216,830.47,9.43,1955198,-195.000,-122.000,-34.500,0.7854,1.1546
1982,14.8285,7.4786,0.9547,393216,830.47,9.43,1955198,-195.000,-122.000,-34.500,0.7854,1.1546
1983,14.8362,7.1039,0.9719,393216,830.47,9.43,1955198,-195.000,-122.000,-34.500,0.7854,1.1546
1984,14.8431,7.7470,0.9165,393216,830.47,9.43,1955198,-195.000,-122.000,-34.500,0.7854,1.1546
1985,14.8500,6.8527,0.9086,393216,830.47,9.43,1955198,-195.000,-122.000,-34.500,0.7854,1.1546
1986,14.8572,6.9363,0.8991,393216,830.47,9.43,1955198,-195.000,-122.000,-34.500,0.7854,1.1546
1987,14.8641,7.1774,0.9044,393216,830.47,9.43,1955198,-195.000,-122.000,-34.500,0.7854,1.1546
1988,14.8716,6.9066,0.9457,393216,830.47,9.43,1955198,-195.000,-122.000,-34.500,0.7854,1.1546
1989,14.8785,7.4559,0.9116,393216,830.47,9.43,1955198,-195.000,-122.000,-34.500,0.7854,1.1546
1990,14.8861,6.9380,0.8909,393216,830.47,9.43,1955198,-195.000,-122.000,-34.500,0.7854,1.1546
1991,14.8934,7.6057,0.9962,393216,830.47,9.43,1955198,-195.000,-122.000,-34.500,0.7854,1.1546
1992,14.9007,7.2791,0.9582,393216,830.47,9.43,1955198,-195.000,-122.000,-34.500,0.7854,1.1546
1993,14.9078,7.2676,0.9267,393216,830.47,9.43,1955198,-195.000,-122.000,-34.500,0.7854,1.1546
1994,14.9151,7.1326,0.9964,393216,830.47,9.43,1955198,-195.000,-122.000,-34.500,0.7854,1.1546
1995,14.9220,7.3280,0.9274,393216,830.47,9.43,1955198,-195.000,-122.000,-34.500,0.7854,1.1546
1996,14.9290,6.9081,0.9078,393216,830.47,9.43,1955198,-195.000,-122.000,-34.500,0.7854,1.1546
1997,14.9361,6.9224,0.9103,393216,830.47,9.43,1955198,-195.000,-122.000,-34.500,0.7854,1.1546
1998,14.9433,7.1554,0.9294,393216,830.47,9.43,1955198,-195.000,-122.000,-34.500,0.7854,1.1546
1999,14.9508,7.1767,0.9177,393216,830.47,9.43,1955198,-195.000,-122.000,-34.500,0.7854,1.1546
2000,14.9577,7.4681,0.9337,393216,830.47,9.43,1955198,-195.000,-122.000,-34.500,0.7854,1.1546
2001,14.9652,6.9400,0.9703,393216,830.47,9.43,1955198,-195.000,-122.000,-34.500,0.7854,1.1546
2002,14.9719,7.4627,0.9351,393216,830.47,9.43,1955198,-195.000,-122.000,-34.500,0.7854,1.1546
2003,14.9793,6.7687,0.9568,393216,830.47,9.43,1955198,-195.000,-122.000,-34.500,0.7854,1.1546
2004,14.9863,7.3565,0.9181,393216,830.47,9.43,1955198,-195.000,-122.000,-34.500,0.7854,1.1546
2005,14.9934,6.9852,0.9022,393216,830.47,9.43,1955198,-195.000,-122.000,-34.500,0.7854,1.1546
2006,15.0007,7.1009,0.8809,393216,830.47,9.43,1955198,-195.000,-122.000,-34.500,0.7854,1.1546
2007,15.0076,7.3289,0.8873,393216,830.47,9.43,1955198,-195.000,-122.000,-34.500,0.7854,1.1546
2008,15.0152,6.9504,0.9687,393216,830.47,9.43,1955198,-195.000,-122.000,-34.500,0.7854,1.1546
2009,15.0221,7.5099,0.9711,393216,830.47,9.43,1955198,-195.000,-122.000,-34.500,0.7854,1.1546
2010,15.0294,7.0073,0.8931,393216,830.47,9.43,1955198,-195.000,-122.000,-34.500,0.7854,1.1546
2011,15.0368,7.2735,0.9230,393216,830.47,9.43,1955198,-195.000,-122.000,-34.500,0.7854,1.1546
2012,15.0442,7.4075,0.9293,393216,830.47,9.43,1955198,-195.000,-122.000,-34.500,0.7854,1.1546
2013,15.0513,7.4025,0.9080,393216,830.47,9.43,1955198,-195.000,-122.000,-34.500,0.7854,1.1546
2014,15.0588,7.1002,0.9718,393216,830.47,9.43,1955198,-195.000,-122.000,-34.500,0.7854,1.1546
2015,15.0658,7.4858,0.9096,393216,830.47,9.43,1955198,-195.000,-122.000,-34.500,0.7854,1.1546
2016,15.0731,6.9837,0.9435,393216,830.47,9.43,1955198,-195.000,-122.000,-34.500,0.7854,1.1546
2017,15.0803,7.3318,0.8917,393216,830.47,9.43,1955198,-195.000,-122.000,-34.500,0.7854,1.1546
2018,15.0871,7.1558,0.8702,393216,830.47,9.43,1955198,-195.000,-122.000,-34.500,0.7854,1.1546
2019,15.0946,6.7496,0.9161,393216,830.47,9.43,1955198,-195.000,-122.000,-34.500,0.7854,1.1546
2020,15.1015,7.5238,0.9211,393216,830.47,9.43,1955198,-195.000,-122.000,-34.500,0.7854,1.1546
2021,15.1090,6.9229,0.8965,393216,830.47,9.43,1955198,-195.000,-122.000,-34.500,0.7854,1.1546
2022,15.1161,7.5391,0.9219,393216,830.47,9.43,1955198,-195.000,-122.000,-34.500,0.7854,1.1546
2023,15.1238,7.0446,1.0747,393216,830.47,9.43,1955198,-195.000,-122.000,-34.500,0.7854,1.1546
2024,15.1306,7.7096,0.8535,393216,830.47,9.43,1955198,-195.000,-122.000,-34.500,0.7854,1.1546
2025,15.1382,6.8084,0.8882,393216,830.47,9.43,1955198,-195.000,-122.000,-34.500,0.7854,1.1546
2026,15.1453,7.6266,0.9458,393216,830.47,9.43,1955198,-195.000,-122.000,-34.500,0.7854,1.1546
2027,15.1528,7.0854,0.9370,393216,830.47,9.43,1955198,-195.000,-122.000,-34.500,0.7854,1.1546
2028,15.1597,7.5204,0.8927,393216,830.47,9.43,1955198,-195.000,-122.000,-34.500,0.7854,1.1546
2029,15.1667,6.9251,0.8789,393216,830.47,9.43,1955198,-195.000,-122.000,-34.500,0.7854,1.1546
2030,15.1740,6.9053,0.8730,393216,830.47,9.43,1955198,-195.000,-122.000,-34.500,0.7854,1.1546
2031,15.1809,7.3708,0.8612,393216,830.47,9.43,1955198,-195.000,-122.000,-34.500,0.7854,1.1546
2032,15.1887,6.8926,1.0468,393216,830.47,9.43,1955198,-195.000,-122.000,-34.500,0.7854,1.1546
2033,15.1953,7.7752,0.8906,393216,830.47,9.43,1955198,-195.000,-122.000,-34.500,0.7854,1.1546
2034,15.2025,6.5770,0.9222,393216,830.47,9.43,1955198,-195.000,-122.000,-34.500,0.7854,1.1546
2035,15.2095,7.2690,0.9047,393216,830.47,9.43,1955198,-195.000,-122.000,-34.500,0.7854,1.1546
2036,15.2171,6.9606,1.0393,393216,830.47,9.43,1955198,-195.000,-122.000,-34.500,0.7854,1.1546
2037,15.2238,7.6477,0.9557,393216,830.47,9.43,1955198,-195.000,-122.000,-34.500,0.7854,1.1546
2038,15.2309,6.6515,1.0720,393216,830.47,9.43,1955198,-195.000,-122.000,-34.500,0.7854,1.1546
2039,15.2378,7.0958,0.8688,393216,830.47,9.43,1955198,-195.000,-122.000,-34.500,0.7854,1.1546
2040,15.2448,6.8907,0.8985,393216,830.47,9.43,1955198,-195.000,-122.000,-34.500,0.7854,1.1546
2041,15.2523,7.0417,0.9081,393216,830.47,9.43,1955198,-195.000,-122.000,-34.500,0.7854,1.1546
2042,15.2594,7.4590,0.9409,393216,830.47,9.43,1955198,-195.000,-122.000,-34.500,0.7854,1.1546
2043,15.2668,7.1277,0.8891,393216,830.47,9.43,1955198,-195.000,-122.000,-34.500,0.7854,1.1546
2044,15.2739,7.3646,0.9644,393216,830.47,9.43,1955198,-195.000,-122.000,-34.500,0.7854,1.1546
2045,15.2813,7.0883,1.0482,393216,830.47,9.43,1955198,-195.000,-122.000,-34.500,0.7854,1.1546
2046,15.2881,7.4442,0.8760,393216,830.47,9.43,1955198,-195.000,-122.000,-34.500,0.7854,1.1546
2047,15.2957,6.7617,0.9870,393216,830.47,9.43,1955198,-195.000,-122.000,-34.500,0.7854,1.1546
2048,15.3026,7.5865,0.9304,393216,830.47,9.43,1955198,-195.000,-122.000,-34.500,0.7854,1.1546
2049,15.3095,6.9586,0.9134,393216,830.47,9.43,1955198,-195.000,-122.000,-34.500,0.7854,1.1546
2050,15.3167,6.8417,0.9301,393216,830.47,9.43,1955198,-195.000,-122.000,-34.500,0.7854,1.1546
2051,15.3235,7.1999,0.9511,393216,830.47,9.43,1955198,-195.000,-122.000,-34.500,0.7854,1.1546
2052,15.3311,6.8648,1.0314,393216,830.47,9.43,1955198,-195.000,-122.000,-34.500,0.7854,1.1546
2053,15.3379,7.5749,0.8764,393216,830.47,9.43,1955198,-195.000,-122.000,-34.500,0.7854,1.1546
2054,15.3455,6.8032,0.9045,393216,830.47,9.43,1955198,-195.000,-122.000,-34.500,0.7854,1.1546
2055,15.3524,7.5858,0.9142,393216,830.47,9.43,1955198,-195.000,-122.000,-34.500,0.7854,1.1546
2056,15.3600,6.8810,0.9970,393216,830.47,9.43,1955198,-195.000,-122.000,-34.500,0.7854,1.1546
2057,15.3669,7.5972,0.8826,393216,830.47,9.43,1955198,-195.000,-122.000,-34.500,0.7854,1.1546
2058,15.3744,6.8890,0.9870,393216,830.47,9.43,1955198,-195.000,-122.000,-34.500,0.7854,1.1546
2059,15.3814,7.5225,1.0242,393216,830.47,9.43,1955198,-195.000,-122.000,-34.500,0.7854,1.1546
2060,15.3881,7.0320,0.8703,393216,830.47,9.43,1955198,-195.000,-122.000,-34.500,0.7854,1.1546
2061,15.3959,6.7279,0.9009,393216,830.47,9.43,1955198,-195.000,-122.000,-34.500,0.7854,1.1546
2062,15.4027,7.7440,0.8904,393216,830.47,9.43,1955198,-195.000,-122.000,-34.500,0.7854,1.1546
2063,15.4100,6.8184,0.9418,393216,830.47,9.43,1955198,-195.000,-122.000,-34.500,0.7854,1.1546
2064,15.4169,7.2717,0.9117,393216,830.47,9.43,1955198,-195.000,-122.000,-34.500,0.7854,1.1546
2065,15.4243,6.8720,0.9302,393216,830.47,9.43,1955198,-195.000,-122.000,-34.500,0.7854,1.1546
2066,15.4315,7.4624,1.0144,393216,830.47,9.43,1955198,-195.000,-122.000,-34.500,0.7854,1.1546
2067,15.4390,7.2683,1.1956,393216,830.47,9.43,1955198,-195.000,-122.000,-34.500,0.7854,1.1546
2068,15.4456,7.4582,0.8904,393216,830.47,9.43,1955198,-195.000,-122.000,-34.500,0.7854,1.1546
2069,15.4533,6.5817,0.9589,393216,830.47,9.43,1955198,-195.000,-122.000,-34.500,0.7854,1.1546
2070,15.4603,7.7199,0.8879,393216,830.47,9.43,1955198,-195.000,-122.000,-34.500,0.7854,1.1546
2071,15.4675,6.9670,0.8978,393216,830.47,9.43,1955198,-195.000,-122.000,-34.500,0.7854,1.1546
2072,15.4748,7.1958,0.8742,393216,830.47,9.43,1955198,-195.000,-122.000,-34.500,0.7854,1.1546
2073,15.4820,7.3499,0.9423,393216,830.47,9.43,1955198,-195.000,-122.000,-34.500,0.7854,1.1546
2074,15.4895,7.1353,1.0345,393216,830.47,9.43,1955198,-195.000,-122.000,-34.500,0.7854,1.1546
2075,15.4963,7.4615,0.9976,393216,830.47,9.43,1955198,-195.000,-122.000,-34.500,0.7854,1.1546
2076,15.5037,6.8310,0.9069,393216,830.47,9.43,1955198,-195.000,-122.000,-34.500,0.7854,1.1546
2077,15.5107,7.4086,0.8930,393216,830.47,9.43,1955198,-195.000,-122.000,-34.500,0.7854,1.1546
2078,15.5182,6.9775,0.9835,393216,830.47,9.43,1955198,-195.000,-122.000,-34.500,0.7854,1.1546
2079,15.5251,7.5301,0.9038,393216,830.47,9.43,1955198,-195.000,-122.000,-34.500,0.7854,1.1546
2080,15.5320,6.9358,0.9683,393216,830.47,9.43,1955198,-195.000,-122.000,-34.500,0.7854,1.1546
2081,15.5396,6.9018,1.0354,393216,830.47,9.43,1955198,-195.000,-122.000,-34.500,0.7854,1.1546
2082,15.5461,7.5338,0.8927,393216,830.47,9.43,1955198,-195.000,-122.000,-34.500,0.7854,1.1546
2083,15.5535,6.5720,0.8820,393216,830.47,9.43,1955198,-195.000,-122.000,-34.500,0.7854,1.1546
2084,15.5604,7.3890,0.8957,393216,830.47,9.43,1955198,-195.000,-122.000,-34.500,0.7854,1.1546
2085,15.5676,6.8865,0.8567,393216,830.47,9.43,1955198,-195.000,-122.000,-34.500,0.7854,1.1546
2086,15.5747,7.1945,0.8390,393216,830.47,9.43,1955198,-195.000,-122.000,-34.500,0.7854,1.1546
2087,15.5823,7.0509,1.0063,393216,830.47,9.43,1955198,-195.000,-122.000,-34.500,0.7854,1.1546
2088,15.5890,7.5992,0.9246,393216,830.47,9.43,1955198,-195.000,-122.000,-34.500,0.7854,1.1546
2089,15.5964,6.7516,0.9117,393216,830.47,9.43,1955198,-195.000,-122.000,-34.500,0.7854,1.1546
2090,15.6034,7.3693,0.9194,393216,830.47,9.43,1955198,-195.000,-122.000,-34.500,0.7854,1.1546
2091,15.6103,7.0002,0.9010,393216,830.47,9.43,1955198,-195.000,-122.000,-34.500,0.7854,1.1546
2092,15.6176,6.9317,0.9229,393216,830.47,9.43,1955198,-195.000,-122.000,-34.500,0.7854,1.1546
2093,15.6245,7.3194,0.8406,393216,830.47,9.43,1955198,-195.000,-122.000,-34.500,0.7854,1.1546
2094,15.6319,6.8342,0.9319,393216,830.47,9.43,1955198,-195.000,-122.000,-34.500,0.7854,1.1546
2095,15.6388,7.4750,0.9523,393216,830.47,9.43,1955198,-195.000,-122.000,-34.500,0.7854,1.1546
2096,15.6467,6.8289,1.0041,393216,830.47,9.43,1955198,-195.000,-122.000,-34.500,0.7854,1.1546
2097,15.6534,7.9680,0.8675,393216,830.47,9.43,1955198,-195.000,-122.000,-34.500,0.7854,1.1546
2098,15.6608,6.7054,0.9451,393216,830.47,9.43,1955198,-195.000,-122.000,-34.500,0.7854,1.1546
2099,15.6677,7.3421,0.8691,393216,830.47,9.43,1955198,-195.000,-122.000,-34.500,0.7854,1.1546
2100,15.6753,7.0462,0.9741,393216,830.47,9.43,1955198,-195.000,-122.000,-34.500,0.7854,1.1546
2101,15.6822,7.4486,0.9032,393216,830.47,9.43,1955198,-195.000,-122.000,-34.500,0.7854,1.1546
2102,15.6892,6.9413,0.9172,393216,830.47,9.43,1955198,-195.000,-122.000,-34.500,0.7854,1.1546
2103,15.6967,6.9891,0.9285,393216,830.47,9.43,1955198,-195.000,-122.000,-34.500,0.7854,1.1546
2104,15.7038,7.6103,0.8694,393216,830.47,9.43,1955198,-195.000,-122.000,-34.500,0.7854,1.1546
2105,15.7113,6.9731,0.9340,393216,830.47,9.43,1955198,-195.000,-122.000,-34.500,0.7854,1.1546
2106,15.7183,7.4918,0.8977,393216,830.47,9.43,1955198,-195.000,-122.000,-34.500,0.7854,1.1546
2107,15.7257,7.0464,0.8820,393216,830.47,9.43,1955198,-195.000,-122.000,-34.500,0.7854,1.1546
2108,15.7327,7.3376,0.8758,393216,830.47,9.43,1955198,-195.000,-122.000,-34.500,0.7854,1.1546
2109,15.7402,7.0628,0.9188,393216,830.47,9.43,1955198,-195.000,-122.000,-34.500,0.7854,1.1546
2110,15.7474,7.4304,1.0136,393216,830.47,9.43,1955198,-195.000,-122.000,-34.500,0.7854,1.1546
2111,15.7554,7.2552,0.9812,393216,830.47,9.43,1955198,-195.000,-122.000,-34.500,0.7854,1.1546
2112,15.7622,8.0541,0.9043,393216,830.47,9.43,1955198,-195.000,-122.000,-34.500,0.7854,1.1546
2113,15.7693,6.6976,0.9654,393216,830.47,9.43,1955198,-195.000,-122.000,-34.500,0.7854,1.1546
2114,15.7764,7.1248,0.8693,393216,830.47,9.43,1955198,-195.000,-122.000,-34.500,0.7854,1.1546
2115,15.7834,7.0640,0.8821,393216,830.47,9.43,1955198,-195.000,-122.000,-34.500,0.7854,1.1546
2116,15.7908,7.0729,0.8915,393216,830.47,9.43,1955198,-195.000,-122.000,-34.500,0.7854,1.1546
2117,15.7978,7.3897,0.8909,393216,830.47,9.43,1955198,-195.000,-122.000,-34.500,0.7854,1.1546
2118,15.8057,6.9595,0.9696,393216,830.47,9.43,1955198,-195.000,-122.000,-34.500,0.7854,1.1546
2119,15.8124,7.8944,0.8739,393216,830.47,9.43,1955198,-195.000,-122.000,-34.500,0.7854,1.1546
2120,15.8198,6.6879,0.8710,393216,830.47,9.43,1955198,-195.000,-122.000,-34.500,0.7854,1.1546
2121,15.8271,7.4142,0.8763,393216,830.47,9.43,1955198,-195.000,-122.000,-34.500,0.7854,1.1546
2122,15.8347,7.2986,1.0047,393216,830.47,9.43,1955198,-195.000,-122.000,-34.500,0.7854,1.1546
2123,15.8417,7.6517,0.9232,393216,830.47,9.43,1955198,-195.000,-122.000,-34.500,0.7854,1.1546
2124,15.8491,6.9250,0.9347,393216,830.47,9.43,1955198,-195.000,-122.000,-34.500,0.7854,1.1546
2125,15.8563,7.5845,0.9771,393216,830.47,9.43,1955198,-195.000,-122.000,-34.500,0.7854,1.1546
2126,15.8633,7.0192,0.9072,393216,830.47,9.43,1955198,-195.000,-122.000,-34.500,0.7854,1.1546
2127,15.8707,7.0661,0.8500,393216,830.47,9.43,1955198,-195.000,-122.000,-34.500,0.7854,1.1546
2128,15.8778,7.3804,0.8994,393216,830.47,9.43,1955198,-195.000,-122.000,-34.500,0.7854,1.1546
2129,15.8852,7.0882,0.9267,393216,830.47,9.43,1955198,-195.000,-122.000,-34.500,0.7854,1.1546
2130,15.8919,7.4398,0.8655,393216,830.47,9.43,1955198,-195.000,-122.000,-34.500,0.7854,1.1546
2131,15.8994,6.6773,0.8575,393216,830.47,9.43,1955198,-195.000,-122.000,-34.500,0.7854,1.1546
2132,15.9064,7.4417,0.9803,393216,830.47,9.43,1955198,-195.000,-122.000,-34.500,0.7854,1.1546
2133,15.9140,7.0761,0.9637,393216,830.47,9.43,1955198,-195.000,-122.000,-34.500,0.7854,1.1546
2134,15.9208,7.5576,0.8178,393216,830.47,9.43,1955198,-195.000,-122.000,-34.500,0.7854,1.1546
2135,15.9286,6.8598,1.0054,393216,830.47,9.43,1955198,-195.000,-122.000,-34.500,0.7854,1.1546
2136,15.9355,7.7077,0.8785,393216,830.47,9.43,1955198,-195.000,-122.000,-34.500,0.7854,1.1546
2137,15.9426,6.9533,0.8439,393216,830.47,9.43,1955198,-195.000,-122.000,-34.500,0.7854,1.1546
2138,15.9501,7.0625,0.8890,393216,830.47,9.43,1955198,-195.000,-122.000,-34.500,0.7854,1.1546
2139,15.9574,7.4810,0.8726,393216,830.47,9.43,1955198,-195.000,-122.000,-34.500,0.7854,1.1546
2140,15.9648,7.4014,0.9034,393216,830.47,9.43,1955198,-195.000,-122.000,-34.500,0.7854,1.1546
2141,15.9718,7.3262,0.8627,393216,830.47,9.43,1955198,-195.000,-122.000,-34.500,0.7854,1.1546
2142,15.9792,6.9717,0.8004,393216,830.47,9.43,1955198,-195.000,-122.000,-34.500,0.7854,1.1546
2143,15.9862,7.4531,0.8277,393216,830.47,9.43,1955198,-195.000,-122.000,-34.500,0.7854,1.1546
2144,15.9937,6.9960,0.8487,393216,830.47,9.43,1955198,-195.000,-122.000,-34.500,0.7854,1.1546
2145,16.0007,7.5115,0.8520,393216,830.47,9.43,1955198,-195.000,-122.000,-34.500,0.7854,1.1546
2146,16.0890,7.0312,81.6854,393216,830.47,9.43,1955198,-195.000,-122.000,-34.500,0.7854,1.1546
2147,16.0901,88.2697,0.9083,393216,830.47,9.43,1955198,-195.000,-122.000,-34.500,0.7854,1.1546
2148,16.0910,1.0896,0.7366,393216,830.47,9.43,1955198,-195.000,-122.000,-34.500,0.7854,1.1546
2149,16.0975,0.8506,0.9775,393216,830.47,9.43,1955198,-195.000,-122.000,-34.500,0.7854,1.1546
2150,16.1044,6.5183,0.9365,393216,830.47,9.43,1955198,-195.000,-122.000,-34.500,0.7854,1.1546
2151,16.1117,6.9434,0.9227,393216,830.47,9.43,1955198,-195.000,-122.000,-34.500,0.7854,1.1546
2152,16.1187,7.3747,0.8872,393216,830.47,9.43,1955198,-195.000,-122.000,-34.500,0.7854,1.1546
2153,16.1263,6.8645,0.8723,393216,830.47,9.43,1955198,-195.000,-122.000,-34.500,0.7854,1.1546
2154,16.1332,7.6380,0.9026,393216,830.47,9.43,1955198,-195.000,-122.000,-34.500,0.7854,1.1546
2155,16.1406,6.9931,0.8771,393216,830.47,9.43,1955198,-195.000,-122.000,-34.500,0.7854,1.1546
2156,16.1477,7.3531,0.9103,393216,830.47,9.43,1955198,-195.000,-122.000,-34.500,0.7854,1.1546
2157,16.1552,7.0305,0.9677,393216,830.47,9.43,1955198,-195.000,-122.000,-34.500,0.7854,1.1546
2158,16.1621,7.5315,0.8817,393216,830.47,9.43,1955198,-195.000,-122.000,-34.500,0.7854,1.1546
2159,16.1696,6.8500,0.8878,393216,830.47,9.43,1955198,-195.000,-122.000,-34.500,0.7854,1.1546
2160,16.1766,7.5736,0.9152,393216,830.47,9.43,1955198,-195.000,-122.000,-34.500,0.7854,1.1546
2161,16.1835,7.0232,0.8021,393216,830.47,9.43,1955198,-195.000,-122.000,-34.500,0.7854,1.1546
2162,16.1907,6.8292,0.8486,393216,830.47,9.43,1955198,-195.000,-122.000,-34.500,0.7854,1.1546
2163,16.1978,7.2069,0.9516,393216,830.47,9.43,1955198,-195.000,-122.000,-34.500,0.7854,1.1546
2164,16.2053,7.0885,1.0231,393216,830.47,9.43,1955198,-195.000,-122.000,-34.500,0.7854,1.1546
2165,16.2122,7.5038,0.9638,393216,830.47,9.43,1955198,-195.000,-122.000,-34.500,0.7854,1.1546
2166,16.2196,6.9212,0.8406,393216,830.47,9.43,1955198,-195.000,-122.000,-34.500,0.7854,1.1546
2167,16.2266,7.3687,0.9466,393216,830.47,9.43,1955198,-195.000,-122.000,-34.500,0.7854,1.1546
2168,16.2342,7.0818,0.9090,393216,830.47,9.43,1955198,-195.000,-122.000,-34.500,0.7854,1.1546
2169,16.2411,7.5354,0.7981,393216,830.47,9.43,1955198,-195.000,-122.000,-34.500,0.7854,1.1546
2170,16.2489,6.9386,0.9229,393216,830.47,9.43,1955198,-195.000,-122.000,-34.500,0.7854,1.1546
2171,16.2560,7.7716,0.9311,393216,830.47,9.43,1955198,-195.000,-122.000,-34.500,0.7854,1.1546
2172,16.2631,7.1128,0.8561,393216,830.47,9.43,1955198,-195.000,-122.000,-34.500,0.7854,1.1546
2173,16.2704,7.1267,0.8843,393216,830.47,9.43,1955198,-195.000,-122.000,-34.500,0.7854,1.1546
2174,16.2773,7.3148,0.7490,393216,830.47,9.43,1955198,-195.000,-122.000,-34.500,0.7854,1.1546
2175,16.2847,6.8320,0.7578,393216,830.47,9.43,1955198,-195.000,-122.000,-34.500,0.7854,1.1546
2176,16.2919,7.4479,0.7922,393216,830.47,9.43,1955198,-195.000,-122.000,-34.500,0.7854,1.1546
2177,16.2994,7.1220,0.7966,393216,830.47,9.43,1955198,-195.000,-122.000,-34.500,0.7854,1.1546
2178,16.3063,7.5306,0.9363,393216,830.47,9.43,1955198,-195.000,-122.000,-34.500,0.7854,1.1546
2179,16.3138,6.9338,1.0092,393216,830.47,9.43,1955198,-195.000,-122.000,-34.500,0.7854,1.1546
2180,16.3205,7.5022,0.7722,393216,830.47,9.43,1955198,-195.000,-122.000,-34.500,0.7854,1.1546
2181,16.3282,6.7122,0.8374,393216,830.47,9.43,1955198,-195.000,-122.000,-34.500,0.7854,1.1546
2182,16.3353,7.7078,0.8132,393216,830.47,9.43,1955198,-195.000,-122.000,-34.500,0.7854,1.1546
2183,16.3424,7.0555,0.8849,393216,830.47,9.43,1955198,-195.000,-122.000,-34.500,0.7854,1.1546
2184,16.3498,7.0821,0.7927,393216,830.47,9.43,1955198,-195.000,-122.000,-34.500,0.7854,1.1546
2185,16.3567,7.3816,0.8181,393216,830.47,9.43,1955198,-195.000,-122.000,-34.500,0.7854,1.1546
2186,16.3645,6.9842,0.9898,393216,830.47,9.43,1955198,-195.000,-122.000,-34.500,0.7854,1.1546
2187,16.3716,7.7148,0.9857,393216,830.47,9.43,1955198,-195.000,-122.000,-34.500,0.7854,1.1546
2188,16.3788,7.1847,0.8160,393216,830.47,9.43,1955198,-195.000,-122.000,-34.500,0.7854,1.1546
2189,16.3860,7.1226,0.9075,393216,830.47,9.43,1955198,-195.000,-122.000,-34.500,0.7854,1.1546
2190,16.3934,7.2629,0.7289,393216,830.47,9.43,1955198,-195.000,-122.000,-34.500,0.7854,1.1546
2191,16.4005,7.4164,0.7792,393216,830.47,9.43,1955198,-195.000,-122.000,-34.500,0.7854,1.1546
2192,16.4080,7.0514,0.8305,393216,830.47,9.43,1955198,-195.000,-122.000,-34.500,0.7854,1.1546
2193,16.4152,7.4951,0.8855,393216,830.47,9.43,1955198,-195.000,-122.000,-34.500,0.7854,1.1546
2194,16.4222,7.1769,0.8577,393216,830.47,9.43,1955198,-195.000,-122.000,-34.500,0.7854,1.1546
2195,16.4296,7.0493,0.8914,393216,830.47,9.43,1955198,-195.000,-122.000,-34.500,0.7854,1.1546
2196,16.4365,7.3690,0.8017,393216,830.47,9.43,1955198,-195.000,-122.000,-34.500,0.7854,1.1546
2197,16.4441,6.9532,0.7946,393216,830.47,9.43,1955198,-195.000,-122.000,-34.500,0.7854,1.1546
2198,16.4512,7.6083,0.7931,393216,830.47,9.43,1955198,-195.000,-122.000,-34.500,0.7854,1.1546
2199,16.4587,7.0406,0.7854,393216,830.47,9.43,1955198,-195.000,-122.000,-34.500,0.7854,1.1546
2200,16.4658,7.5364,0.8472,393216,830.47,9.43,1955198,-195.000,-122.000,-34.500,0.7854,1.1546
2201,16.4735,7.0952,0.7832,393216,830.47,9.43,1955198,-195.000,-122.000,-34.500,0.7854,1.1546
2202,16.4806,7.6369,0.9672,393216,830.47,9.43,1955198,-195.000,-122.000,-34.500,0.7854,1.1546
2203,16.4881,7.2255,0.8964,393216,830.47,9.43,1955198,-195.000,-122.000,-34.500,0.7854,1.1546
2204,16.4951,7.4154,0.7455,393216,830.47,9.43,1955198,-195.000,-122.000,-34.500,0.7854,1.1546
2205,16.5027,6.9946,0.8400,393216,830.47,9.43,1955198,-195.000,-122.000,-34.500,0.7854,1.1546
2206,16.5098,7.6506,0.7892,393216,830.47,9.43,1955198,-195.000,-122.000,-34.500,0.7854,1.1546
2207,16.5173,7.0791,0.8403,393216,830.47,9.43,1955198,-195.000,-122.000,-34.500,0.7854,1.1546
2208,16.5242,7.5289,0.7263,393216,830.47,9.43,1955198,-195.000,-122.000,-34.500,0.7854,1.1546
2209,16.5313,6.8721,0.7266,393216,830.47,9.43,1955198,-195.000,-122.000,-34.500,0.7854,1.1546
2210,16.5387,7.0397,0.9053,393216,830.47,9.43,1955198,-195.000,-122.000,-34.500,0.7854,1.1546
2211,16.5455,7.4584,0.7937,393216,830.47,9.43,1955198,-195.000,-122.000,-34.500,0.7854,1.1546
2212,16.5531,6.8313,0.7602,393216,830.47,9.43,1955198,-195.000,-122.000,-34.500,0.7854,1.1546
2213,16.5602,7.5606,0.7804,393216,830.47,9.43,1955198,-195.000,-122.000,-34.500,0.7854,1.1546
2214,16.5679,7.0640,0.7603,393216,830.47,9.43,1955198,-195.000,-122.000,-34.500,0.7854,1.1546
2215,16.5749,7.7132,0.7194,393216,830.47,9.43,1955198,-195.000,-122.000,-34.500,0.7854,1.1546
2216,16.5824,7.0347,0.7865,393216,830.47,9.43,1955198,-195.000,-122.000,-34.500,0.7854,1.1546
2217,16.5893,7.4319,0.7886,393216,830.47,9.43,1955198,-195.000,-122.000,-34.500,0.7854,1.1546
2218,16.5974,6.9932,1.3606,393216,830.47,9.43,1955198,-195.000,-122.000,-34.500,0.7854,1.1546
2219,16.6037,8.0081,0.7889,393216,830.47,9.43,1955198,-195.000,-122.000,-34.500,0.7854,1.1546
2220,16.6107,6.3000,0.7842,393216,830.47,9.43,1955198,-195.000,-122.000,-34.500,0.7854,1.1546
2221,16.6180,7.0048,0.8142,393216,830.47,9.43,1955198,-195.000,-122.000,-34.500,0.7854,1.1546
2222,16.6250,7.3594,0.8062,393216,830.47,9.43,1955198,-195.000,-122.000,-34.500,0.7854,1.1546
2223,16.6324,6.9361,0.7847,393216,830.47,9.43,1955198,-195.000,-122.000,-34.500,0.7854,1.1546
2224,16.6397,7.4076,0.8039,393216,830.47,9.43,1955198,-195.000,-122.000,-34.500,0.7854,1.1546
2225,16.6474,7.3365,0.9323,393216,830.47,9.43,1955198,-195.000,-122.000,-34.500,0.7854,1.1546
2226,16.6540,7.6752,0.7438,393216,830.47,9.43,1955198,-195.000,-122.000,-34.500,0.7854,1.1546
2227,16.6613,6.5968,0.8108,393216,830.47,9.43,1955198,-195.000,-122.000,-34.500,0.7854,1.1546
2228,16.6685,7.3652,0.7628,393216,830.47,9.43,1955198,-195.000,-122.000,-34.500,0.7854,1.1546
2229,16.6759,7.1460,0.7798,393216,830.47,9.43,1955198,-195.000,-122.000,-34.500,0.7854,1.1546
2230,16.6829,7.4036,0.7487,393216,830.47,9.43,1955198,-195.000,-122.000,-34.500,0.7854,1.1546
2231,16.6898,7.0142,0.7614,393216,830.47,9.43,1955198,-195.000,-122.000,-34.500,0.7854,1.1546
2232,16.6975,6.8706,0.8885,393216,830.47,9.43,1955198,-195.000,-122.000,-34.500,0.7854,1.1546
2233,16.7044,7.7705,0.7984,393216,830.47,9.43,1955198,-195.000,-122.000,-34.500,0.7854,1.1546
2234,16.7118,6.8430,0.8376,393216,830.47,9.43,1955198,-195.000,-122.000,-34.500,0.7854,1.1546
2235,16.7188,7.3880,0.8406,393216,830.47,9.43,1955198,-195.000,-122.000,-34.500,0.7854,1.1546
2236,16.7263,7.0840,0.7781,393216,830.47,9.43,1955198,-195.000,-122.000,-34.500,0.7854,1.1546
2237,16.7332,7.3998,0.7572,393216,830.47,9.43,1955198,-195.000,-122.000,-34.500,0.7854,1.1546
2238,16.7407,6.9193,0.8069,393216,830.47,9.43,1955198,-195.000,-122.000,-34.500,0.7854,1.1546
2239,16.7479,7.5163,0.7606,393216,830.47,9.43,1955198,-195.000,-122.000,-34.500,0.7854,1.1546
2240,16.7555,7.1762,0.9064,393216,830.47,9.43,1955198,-195.000,-122.000,-34.500,0.7854,1.1546
2241,16.7623,7.6517,0.6987,393216,830.47,9.43,1955198,-195.000,-122.000,-34.500,0.7854,1.1546
2242,16.7692,6.7738,0.7838,393216,830.47,9.43,1955198,-195.000,-122.000,-34.500,0.7854,1.1546
2243,16.7764,6.8618,0.7534,393216,830.47,9.43,1955198,-195.000,-122.000,-34.500,0.7854,1.1546
2244,16.7835,7.2646,0.7618,393216,830.47,9.43,1955198,-195.000,-122.000,-34.500,0.7854,1.1546
2245,16.7909,7.1004,0.7903,393216,830.47,9.43,1955198,-195.000,-122.000,-34.500,0.7854,1.1546
2246,16.7978,7.3981,0.7748,393216,830.47,9.43,1955198,-195.000,-122.000,-34.500,0.7854,1.1546
2247,16.8060,6.9001,1.2316,393216,830.47,9.43,1955198,-195.000,-122.000,-34.500,0.7854,1.1546
2248,16.8123,8.1331,0.7193,393216,830.47,9.43,1955198,-195.000,-122.000,-34.500,0.7854,1.1546
2249,16.8201,6.3494,0.9026,393216,830.47,9.43,1955198,-195.000,-122.000,-34.500,0.7854,1.1546
2250,16.8270,7.8396,0.8072,393216,830.47,9.43,1955198,-195.000,-122.000,-34.500,0.7854,1.1546
2251,16.8346,6.8671,0.9710,393216,830.47,9.43,1955198,-195.000,-122.000,-34.500,0.7854,1.1546
2252,16.8416,7.5679,0.8025,393216,830.47,9.43,1955198,-195.000,-122.000,-34.500,0.7854,1.1546
2253,16.8485,6.9852,0.8194,393216,830.47,9.43,1955198,-195.000,-122.000,-34.500,0.7854,1.1546
2254,16.8560,6.9352,0.8990,393216,830.47,9.43,1955198,-195.000,-122.000,-34.500,0.7854,1.1546
2255,16.8628,7.4623,0.7776,393216,830.47,9.43,1955198,-195.000,-122.000,-34.500,0.7854,1.1546
2256,16.8702,6.8143,0.7823,393216,830.47,9.43,1955198,-195.000,-122.000,-34.500,0.7854,1.1546
2257,16.8772,7.4183,0.8189,393216,830.47,9.43,1955198,-195.000,-122.000,-34.500,0.7854,1.1546
2258,16.8846,7.0482,0.9311,393216,830.47,9.43,1955198,-195.000,-122.000,-34.500,0.7854,1.1546
2259,16.8915,7.3917,0.7665,393216,830.47,9.43,1955198,-195.000,-122.000,-34.500,0.7854,1.1546
2260,16.8988,6.8866,0.8608,393216,830.47,9.43,1955198,-195.000,-122.000,-34.500,0.7854,1.1546
2261,16.9059,7.2630,0.7626,393216,830.47,9.43,1955198,-195.000,-122.000,-34.500,0.7854,1.1546
2262,16.9136,7.0717,0.8973,393216,830.47,9.43,1955198,-195.000,-122.000,-34.500,0.7854,1.1546
2263,16.9204,7.7073,0.7558,393216,830.47,9.43,1955198,-195.000,-122.000,-34.500,0.7854,1.1546
2264,16.9276,6.8529,0.7513,393216,830.47,9.43,1955198,-195.000,-122.000,-34.500,0.7854,1.1546
2265,16.9349,7.1589,0.7695,393216,830.47,9.43,1955198,-195.000,-122.000,-34.500,0.7854,1.1546
2266,16.9420,7.3538,0.7938,393216,830.47,9.43,1955198,-195.000,-122.000,-34.500,0.7854,1.1546
2267,16.9496,7.0956,0.7738,393216,830.47,9.43,1955198,-195.000,-122.000,-34.500,0.7854,1.1546
2268,16.9566,7.6242,0.7893,393216,830.47,9.43,1955198,-195.000,-122.000,-34.500,0.7854,1.1546
2269,16.9642,6.9968,0.8407,393216,830.47,9.43,1955198,-195.000,-122.000,-34.500,0.7854,1.1546
2270,16.9710,7.5461,0.7714,393216,830.47,9.43,1955198,-195.000,-122.000,-34.500,0.7854,1.1546
2271,16.9783,6.8496,0.7076,393216,830.47,9.43,1955198,-195.000,-122.000,-34.500,0.7854,1.1546
2272,16.9854,7.3026,0.7530,393216,830.47,9.43,1955198,-195.000,-122.000,-34.500,0.7854,1.1546
2273,16.9931,7.0945,0.8571,393216,830.47,9.43,1955198,-195.000,-122.000,-34.500,0.7854,1.1546
2274,16.9998,7.6272,0.7832,393216,830.47,9.43,1955198,-195.000,-122.000,-34.500,0.7854,1.1546
2275,17.0069,6.6902,0.7606,393216,830.47,9.43,1955198,-195.000,-122.000,-34.500,0.7854,1.1546
2276,17.0143,7.1046,0.8739,393216,830.47,9.43,1955198,-195.000,-122.000,-34.500,0.7854,1.1546
2277,17.0212,7.4111,0.8140,393216,830.47,9.43,1955198,-195.000,-122.000,-34.500,0.7854,1.1546
2278,17.0286,6.9059,0.7779,393216,830.47,9.43,1955198,-195.000,-122.000,-34.500,0.7854,1.1546
2279,17.0359,7.4416,0.9360,393216,830.47,9.43,1955198,-195.000,-122.000,-34.500,0.7854,1.1546
2280,17.0432,7.2339,0.7482,393216,830.47,9.43,1955198,-195.000,-122.000,-34.500,0.7854,1.1546
2281,17.0504,7.3726,0.7473,393216,830.47,9.43,1955198,-195.000,-122.000,-34.500,0.7854,1.1546
2282,17.0578,7.1250,0.7928,393216,830.47,9.43,1955198,-195.000,-122.000,-34.500,0.7854,1.1546
2283,17.0647,7.4577,0.7075,393216,830.47,9.43,1955198,-195.000,-122.000,-34.500,0.7854,1.1546
2284,17.0721,6.8434,0.8320,393216,830.47,9.43,1955198,-195.000,-122.000,-34.500,0.7854,1.1546
2285,17.0789,7.4150,0.7318,393216,830.47,9.43,1955198,-195.000,-122.000,-34.500,0.7854,1.1546
2286,17.0859,6.8619,0.7550,393216,830.47,9.43,1955198,-195.000,-122.000,-34.500,0.7854,1.1546
2287,17.0933,6.9445,0.8049,393216,830.47,9.43,1955198,-195.000,-122.000,-34.500,0.7854,1.1546
2288,17.1002,7.4553,0.7158,393216,830.47,9.43,1955198,-195.000,-122.000,-34.500,0.7854,1.1546
2289,17.1077,6.8875,0.7281,393216,830.47,9.43,1955198,-195.000,-122.000,-34.500,0.7854,1.1546
2290,17.1145,7.4868,0.8084,393216,830.47,9.43,1955198,-195.000,-122.000,-34.500,0.7854,1.1546
2291,17.1219,6.8284,0.8489,393216,830.47,9.43,1955198,-195.000,-122.000,-34.500,0.7854,1.1546
2292,17.1289,7.3443,0.8342,393216,830.47,9.43,1955198,-195.000,-122.000,-34.500,0.7854,1.1546
2293,17.1364,7.0974,0.7994,393216,830.47,9.43,1955198,-195.000,-122.000,-34.500,0.7854,1.1546
2294,17.1435,7.4622,0.8412,393216,830.47,9.43,1955198,-195.000,-122.000,-34.500,0.7854,1.1546
2295,17.1511,7.0694,0.9218,393216,830.47,9.43,1955198,-195.000,-122.000,-34.500,0.7854,1.1546
2296,17.1583,7.5595,0.7952,393216,830.47,9.43,1955198,-195.000,-122.000,-34.500,0.7854,1.1546
2297,17.1651,7.2793,0.7689,393216,830.47,9.43,1955198,-195.000,-122.000,-34.500,0.7854,1.1546
2298,17.1726,6.7970,0.8076,393216,830.47,9.43,1955198,-195.000,-122.000,-34.500,0.7854,1.1546
2299,17.1795,7.4676,0.7164,393216,830.47,9.43,1955198,-195.000,-122.000,-34.500,0.7854,1.1546
2300,17.1873,6.9305,0.8009,393216,830.47,9.43,1955198,-195.000,-122.000,-34.500,0.7854,1.1546
2301,17.1944,7.7916,0.8006,393216,830.47,9.43,1955198,-195.000,-122.000,-34.500,0.7854,1.1546
2302,17.2019,7.0404,0.8381,393216,830.47,9.43,1955198,-195.000,-122.000,-34.500,0.7854,1.1546
2303,17.2088,7.4929,0.7411,393216,830.47,9.43,1955198,-195.000,-122.000,-34.500,0.7854,1.1546
2304,17.2164,6.9416,0.7267,393216,830.47,9.43,1955198,-195.000,-122.000,-34.500,0.7854,1.1546
2305,17.2235,7.5575,0.7715,393216,830.47,9.43,1955198,-195.000,-122.000,-34.500,0.7854,1.1546
2306,17.2305,7.1528,0.7897,393216,830.47,9.43,1955198,-195.000,-122.000,-34.500,0.7854,1.1546
2307,17.2375,7.0296,0.8667,393216,830.47,9.43,1955198,-195.000,-122.000,-34.500,0.7854,1.1546
2308,17.2444,7.0286,0.6460,393216,830.47,9.43,1955198,-195.000,-122.000,-34.500,0.7854,1.1546
2309,17.2521,6.8229,0.8233,393216,830.47,9.43,1955198,-195.000,-122.000,-34.500,0.7854,1.1546
2310,17.2589,7.6646,0.7672,393216,830.47,9.43,1955198,-195.000,-122.000,-34.500,0.7854,1.1546
2311,17.2663,6.8480,0.7667,393216,830.47,9.43,1955198,-195.000,-122.000,-34.500,0.7854,1.1546
2312,17.2733,7.3536,0.7188,393216,830.47,9.43,1955198,-195.000,-122.000,-34.500,0.7854,1.1546
2313,17.2807,7.0088,0.7665,393216,830.47,9.43,1955198,-195.000,-122.000,-34.500,0.7854,1.1546
2314,17.2877,7.4751,0.8097,393216,830.47,9.43,1955198,-195.000,-122.000,-34.500,0.7854,1.1546
2315,17.2950,6.9497,0.7293,393216,830.47,9.43,1955198,-195.000,-122.000,-34.500,0.7854,1.1546
2316,17.3020,7.2702,0.7674,393216,830.47,9.43,1955198,-195.000,-122.000,-34.500,0.7854,1.1546
2317,17.3096,7.0417,0.7694,393216,830.47,9.43,1955198,-195.000,-122.000,-34.500,0.7854,1.1546
2318,17.3165,7.6414,0.6833,393216,830.47,9.43,1955198,-195.000,-122.000,-34.500,0.7854,1.1546
2319,17.3236,6.8600,0.8411,393216,830.47,9.43,1955198,-195.000,-122.000,-34.500,0.7854,1.1546
2320,17.3310,7.0556,0.9315,393216,830.47,9.43,1955198,-195.000,-122.000,-34.500,0.7854,1.1546
2321,17.3378,7.4344,0.8253,393216,830.47,9.43,1955198,-195.000,-122.000,-34.500,0.7854,1.1546
2322,17.3450,6.8426,0.8201,393216,830.47,9.43,1955198,-195.000,-122.000,-34.500,0.7854,1.1546
2323,17.3522,7.1580,0.7939,393216,830.47,9.43,1955198,-195.000,-122.000,-34.500,0.7854,1.1546
2324,17.3598,7.2465,0.8091,393216,830.47,9.43,1955198,-195.000,-122.000,-34.500,0.7854,1.1546
2325,17.3670,7.5680,0.8601,393216,830.47,9.43,1955198,-195.000,-122.000,-34.500,0.7854,1.1546
2326,17.3743,7.2350,0.7669,393216,830.47,9.43,1955198,-195.000,-122.000,-34.500,0.7854,1.1546
2327,17.3813,7.2353,0.7586,393216,830.47,9.43,1955198,-195.000,-122.000,-34.500,0.7854,1.1546
2328,17.3888,7.0104,0.8975,393216,830.47,9.43,1955198,-195.000,-122.000,-34.500,0.7854,1.1546
2329,17.3957,7.5164,0.8297,393216,830.47,9.43,1955198,-195.000,-122.000,-34.500,0.7854,1.1546
2330,17.4027,6.9339,0.7741,393216,830.47,9.43,1955198,-195.000,-122.000,-34.500,0.7854,1.1546
2331,17.4101,6.9400,0.8486,393216,830.47,9.43,1955198,-195.000,-122.000,-34.500,0.7854,1.1546
2332,17.4171,7.3957,0.8081,393216,830.47,9.43,1955198,-195.000,-122.000,-34.500,0.7854,1.1546
2333,17.4245,7.0048,0.8055,393216,830.47,9.43,1955198,-195.000,-122.000,-34.500,0.7854,1.1546
2334,17.4314,7.4398,0.7916,393216,830.47,9.43,1955198,-195.000,-122.000,-34.500,0.7854,1.1546
2335,17.4388,6.8336,0.8762,393216,830.47,9.43,1955198,-195.000,-122.000,-34.500,0.7854,1.1546
2336,17.4459,7.4739,0.8150,393216,830.47,9.43,1955198,-195.000,-122.000,-34.500,0.7854,1.1546
2337,17.4531,7.1035,0.7864,393216,830.47,9.43,1955198,-195.000,-122.000,-34.500,0.7854,1.1546
2338,17.4600,7.1696,0.8645,393216,830.47,9.43,1955198,-195.000,-122.000,-34.500,0.7854,1.1546
2339,17.4674,6.8618,0.8707,393216,830.47,9.43,1955198,-195.000,-122.000,-34.500,0.7854,1.1546
2340,17.4743,7.4087,0.7810,393216,830.47,9.43,1955198,-195.000,-122.000,-34.500,0.7854,1.1546
2341,17.4813,6.9688,0.7436,393216,830.47,9.43,1955198,-195.000,-122.000,-34.500,0.7854,1.1546
2342,17.4889,6.9337,0.8493,393216,830.47,9.43,1955198,-195.000,-122.000,-34.500,0.7854,1.1546
2343,17.4959,7.5846,0.9252,393216,830.47,9.43,1955198,-195.000,-122.000,-34.500,0.7854,1.1546
2344,17.5030,7.0573,0.7905,393216,830.47,9.43,1955198,-195.000,-122.000,-34.500,0.7854,1.1546
2345,17.5100,7.1016,0.8091,393216,830.47,9.43,1955198,-195.000,-122.000,-34.500,0.7854,1.1546
2346,17.5174,6.9831,0.7521,393216,830.47,9.43,1955198,-195.000,-122.000,-34.500,0.7854,1.1546
2347,17.5244,7.3882,0.7536,393216,830.47,9.43,1955198,-195.000,-122.000,-34.500,0.7854,1.1546
2348,17.5317,7.0419,0.7093,393216,830.47,9.43,1955198,-195.000,-122.000,-34.500,0.7854,1.1546
2349,17.5387,7.2458,0.8235,393216,830.47,9.43,1955198,-195.000,-122.000,-34.500,0.7854,1.1546
2350,17.5463,6.9871,1.0267,393216,830.47,9.43,1955198,-195.000,-122.000,-34.500,0.7854,1.1546
2351,17.5529,7.6218,0.6805,393216,830.47,9.43,1955198,-195.000,-122.000,-34.500,0.7854,1.1546
2352,17.5603,6.6201,0.7219,393216,830.47,9.43,1955198,-195.000,-122.000,-34.500,0.7854,1.1546
2353,17.5677,7.3463,0.8200,393216,830.47,9.43,1955198,-195.000,-122.000,-34.500,0.7854,1.1546
2354,17.5743,7.4115,0.7232,393216,830.47,9.43,1955198,-195.000,-122.000,-34.500,0.7854,1.1546
2355,17.5818,6.6436,0.7682,393216,830.47,9.43,1955198,-195.000,-122.000,-34.500,0.7854,1.1546
2356,17.5887,7.4562,0.7273,393216,830.47,9.43,1955198,-195.000,-122.000,-34.500,0.7854,1.1546
2357,17.5963,6.9566,0.8162,393216,830.47,9.43,1955198,-195.000,-122.000,-34.500,0.7854,1.1546
2358,17.6032,7.5952,0.6980,393216,830.47,9.43,1955198,-195.000,-122.000,-34.500,0.7854,1.1546
2359,17.6106,6.8414,0.7479,393216,830.47,9.43,1955198,-195.000,-122.000,-34.500,0.7854,1.1546
2360,17.6178,7.4272,0.7593,393216,830.47,9.43,1955198,-195.000,-122.000,-34.500,0.7854,1.1546
2361,17.6252,7.2466,0.8087,393216,830.47,9.43,1955198,-195.000,-122.000,-34.500,0.7854,1.1546
2362,17.6322,7.3922,0.6995,393216,830.47,9.43,1955198,-195.000,-122.000,-34.500,0.7854,1.1546
2363,17.6391,6.9663,0.6710,393216,830.47,9.43,1955198,-195.000,-122.000,-34.500,0.7854,1.1546
2364,17.6468,6.8722,0.9605,393216,830.47,9.43,1955198,-195.000,-122.000,-34.500,0.7854,1.1546
2365,17.6533,7.7160,0.6551,393216,830.47,9.43,1955198,-195.000,-122.000,-34.500,0.7854,1.1546
2366,17.6610,6.5613,0.7202,393216,830.47,9.43,1955198,-195.000,-122.000,-34.500,0.7854,1.1546
2367,17.6682,7.6777,0.7325,393216,830.47,9.43,1955198,-195.000,-122.000,-34.500,0.7854,1.1546
2368,17.6758,7.1970,0.7625,393216,830.47,9.43,1955198,-195.000,-122.000,-34.500,0.7854,1.1546
2369,17.6828,7.5549,0.7385,393216,830.47,9.43,1955198,-195.000,-122.000,-34.500,0.7854,1.1546
2370,17.6900,7.0456,0.7440,393216,830.47,9.43,1955198,-195.000,-122.000,-34.500,0.7854,1.1546
2371,17.6970,7.1384,0.8153,393216,830.47,9.43,1955198,-195.000,-122.000,-34.500,0.7854,1.1546
2372,17.7045,7.0874,0.9818,393216,830.47,9.43,1955198,-195.000,-122.000,-34.500,0.7854,1.1546
2373,17.7112,7.4781,0.6477,393216,830.47,9.43,1955198,-195.000,-122.000,-34.500,0.7854,1.1546
2374,17.7182,6.6682,0.6951,393216,830.47,9.43,1955198,-195.000,-122.000,-34.500,0.7854,1.1546
2375,17.7256,6.9982,0.6912,393216,830.47,9.43,1955198,-195.000,-122.000,-34.500,0.7854,1.1546
2376,17.7326,7.4047,0.6878,393216,830.47,9.43,1955198,-195.000,-122.000,-34.500,0.7854,1.1546
2377,17.7402,6.9821,0.7167,393216,830.47,9.43,1955198,-195.000,-122.000,-34.500,0.7854,1.1546
2378,17.7472,7.6889,0.7141,393216,830.47,9.43,1955198,-195.000,-122.000,-34.500,0.7854,1.1546
2379,17.7551,6.9567,1.0592,393216,830.47,9.43,1955198,-195.000,-122.000,-34.500,0.7854,1.1546
2380,17.7617,7.8910,0.7836,393216,830.47,9.43,1955198,-195.000,-122.000,-34.500,0.7854,1.1546
2381,17.7692,6.6310,0.8797,393216,830.47,9.43,1955198,-195.000,-122.000,-34.500,0.7854,1.1546
2382,17.7763,7.5018,0.7683,393216,830.47,9.43,1955198,-195.000,-122.000,-34.500,0.7854,1.1546
2383,17.7836,7.0371,0.7629,393216,830.47,9.43,1955198,-195.000,-122.000,-34.500,0.7854,1.1546
2384,17.7907,7.3262,0.7427,393216,830.47,9.43,1955198,-195.000,-122.000,-34.500,0.7854,1.1546
2385,17.7975,7.0805,0.6675,393216,830.47,9.43,1955198,-195.000,-122.000,-34.500,0.7854,1.1546
2386,17.8047,6.7861,0.7629,393216,830.47,9.43,1955198,-195.000,-122.000,-34.500,0.7854,1.1546
2387,17.8115,7.1953,0.6095,393216,830.47,9.43,1955198,-195.000,-122.000,-34.500,0.7854,1.1546
2388,17.8191,6.7766,0.7347,393216,830.47,9.43,1955198,-195.000,-122.000,-34.500,0.7854,1.1546
2389,17.8261,7.6382,0.6956,393216,830.47,9.43,1955198,-195.000,-122.000,-34.500,0.7854,1.1546
2390,17.8335,6.9683,0.7227,393216,830.47,9.43,1955198,-195.000,-122.000,-34.500,0.7854,1.1546
2391,17.8404,7.4872,0.6708,393216,830.47,9.43,1955198,-195.000,-122.000,-34.500,0.7854,1.1546
2392,17.8478,6.8395,0.7953,393216,830.47,9.43,1955198,-195.000,-122.000,-34.500,0.7854,1.1546
2393,17.8547,7.3725,0.8477,393216,830.47,9.43,1955198,-195.000,-122.000,-34.500,0.7854,1.1546
2394,17.8615,6.9743,0.6293,393216,830.47,9.43,1955198,-195.000,-122.000,-34.500,0.7854,1.1546
2395,17.8693,6.8086,0.7314,393216,830.47,9.43,1955198,-195.000,-122.000,-34.500,0.7854,1.1546
2396,17.8762,7.8063,0.7270,393216,830.47,9.43,1955198,-195.000,-122.000,-34.500,0.7854,1.1546
2397,17.8836,6.9024,0.7168,393216,830.47,9.43,1955198,-195.000,-122.000,-34.500,0.7854,1.1546
2398,17.8906,7.3890,0.7269,393216,830.47,9.43,1955198,-195.000,-122.000,-34.500,0.7854,1.1546
2399,17.8981,6.9483,0.7231,393216,830.47,9.43,1955198,-195.000,-122.000,-34.500,0.7854,1.1546
2400,17.9050,7.4958,0.6730,393216,830.47,9.43,1955198,-195.000,-122.000,-34.500,0.7854,1.1546
2401,17.9133,6.9502,1.0211,393216,830.47,9.43,1955198,-195.000,-122.000,-34.500,0.7854,1.1546
2402,17.9194,8.2361,0.5925,393216,830.47,9.43,1955198,-195.000,-122.000,-34.500,0.7854,1.1546
2403,17.9271,6.1112,0.8259,393216,830.47,9.43,1955198,-195.000,-122.000,-34.500,0.7854,1.1546
2404,17.9341,7.7644,0.6707,393216,830.47,9.43,1955198,-195.000,-122.000,-34.500,0.7854,1.1546
2405,17.9416,6.9626,0.7550,393216,830.47,9.43,1955198,-195.000,-122.000,-34.500,0.7854,1.1546
2406,17.9486,7.5318,0.6768,393216,830.47,9.43,1955198,-195.000,-122.000,-34.500,0.7854,1.1546
2407,17.9558,6.9956,0.6667,393216,830.47,9.43,1955198,-195.000,-122.000,-34.500,0.7854,1.1546
2408,17.9634,7.1200,0.8585,393216,830.47,9.43,1955198,-195.000,-122.000,-34.500,0.7854,1.1546
2409,17.9703,7.6633,0.6963,393216,830.47,9.43,1955198,-195.000,-122.000,-34.500,0.7854,1.1546
2410,17.9778,6.9079,0.7330,393216,830.47,9.43,1955198,-195.000,-122.000,-34.500,0.7854,1.1546
2411,17.9848,7.4902,0.7220,393216,830.47,9.43,1955198,-195.000,-122.000,-34.500,0.7854,1.1546
2412,17.9922,6.9691,0.7217,393216,830.47,9.43,1955198,-195.000,-122.000,-34.500,0.7854,1.1546
2413,17.9993,7.4617,0.7410,393216,830.47,9.43,1955198,-195.000,-122.000,-34.500,0.7854,1.1546
2414,18.0067,7.0911,0.7279,393216,830.47,9.43,1955198,-195.000,-122.000,-34.500,0.7854,1.1546
